"replication","n","kappa","tau","estimator","alpha","W","critical_value","accepted","status"
1,500,0.1,0.1,"Oracle-GMM",-3,0.471694853274669,5.99146454710798,TRUE,"OK"
1,500,0.1,0.1,"Oracle-GMM",-2.8,0.267315940340881,5.99146454710798,TRUE,"OK"
1,500,0.1,0.1,"Oracle-GMM",-2.6,0.565864563731006,5.99146454710798,TRUE,"OK"
1,500,0.1,0.1,"Oracle-GMM",-2.4,0.13023294538343,5.99146454710798,TRUE,"OK"
1,500,0.1,0.1,"Oracle-GMM",-2.2,0.44806358523165,5.99146454710798,TRUE,"OK"
1,500,0.1,0.1,"Oracle-GMM",-2,0.845521319445427,5.99146454710798,TRUE,"OK"
1,500,0.1,0.1,"Oracle-GMM",-1.8,0.489423506558242,5.99146454710798,TRUE,"OK"
1,500,0.1,0.1,"Oracle-GMM",-1.6,0.389011830987182,5.99146454710798,TRUE,"OK"
1,500,0.1,0.1,"Oracle-GMM",-1.4,1.6838087358168,5.99146454710798,TRUE,"OK"
1,500,0.1,0.1,"Oracle-GMM",-1.2,1.24846080951992,5.99146454710798,TRUE,"OK"
1,500,0.1,0.1,"Oracle-GMM",-1,0.337696575405052,5.99146454710798,TRUE,"OK"
1,500,0.1,0.1,"Oracle-GMM",-0.8,0.0602144698414019,5.99146454710798,TRUE,"OK"
1,500,0.1,0.1,"Oracle-GMM",-0.6,1.35437954140206,5.99146454710798,TRUE,"OK"
1,500,0.1,0.1,"Oracle-GMM",-0.4,0.148635012990539,5.99146454710798,TRUE,"OK"
1,500,0.1,0.1,"Oracle-GMM",-0.2,0.763326698935311,5.99146454710798,TRUE,"OK"
1,500,0.1,0.1,"Oracle-GMM",0,0.60864341197421,5.99146454710798,TRUE,"OK"
1,500,0.1,0.1,"Oracle-GMM",0.2,0.695135199160652,5.99146454710798,TRUE,"OK"
1,500,0.1,0.1,"Oracle-GMM",0.4,0.814471123878718,5.99146454710798,TRUE,"OK"
1,500,0.1,0.1,"Oracle-GMM",0.6,2.77689689125276,5.99146454710798,TRUE,"OK"
1,500,0.1,0.1,"Oracle-GMM",0.8,1.09668377991159,5.99146454710798,TRUE,"OK"
1,500,0.1,0.1,"Oracle-GMM",1,2.01869159608906,5.99146454710798,TRUE,"OK"
1,500,0.1,0.1,"Oracle-GMM",1.2,0.31200665787607,5.99146454710798,TRUE,"OK"
1,500,0.1,0.1,"Oracle-GMM",1.4,2.28610394088575,5.99146454710798,TRUE,"OK"
1,500,0.1,0.1,"Oracle-GMM",1.6,2.68312175287234,5.99146454710798,TRUE,"OK"
1,500,0.1,0.1,"Oracle-GMM",1.8,0.729639780011245,5.99146454710798,TRUE,"OK"
1,500,0.1,0.1,"Oracle-GMM",2,1.20269434544754,5.99146454710798,TRUE,"OK"
1,500,0.1,0.1,"Oracle-GMM",2.2,0.351365038376636,5.99146454710798,TRUE,"OK"
1,500,0.1,0.1,"Oracle-GMM",2.4,2.78457645519718,5.99146454710798,TRUE,"OK"
1,500,0.1,0.1,"Oracle-GMM",2.6,0.536606334429546,5.99146454710798,TRUE,"OK"
1,500,0.1,0.1,"Oracle-GMM",2.8,0.967313638611364,5.99146454710798,TRUE,"OK"
1,500,0.1,0.1,"Oracle-GMM",3,0.748261337908659,5.99146454710798,TRUE,"OK"
1,500,0.1,0.1,"Oracle-GMM",3.2,1.27336735285468,5.99146454710798,TRUE,"OK"
1,500,0.1,0.1,"Oracle-GMM",3.4,1.57516779970941,5.99146454710798,TRUE,"OK"
1,500,0.1,0.1,"Oracle-GMM",3.6,1.249395976272,5.99146454710798,TRUE,"OK"
1,500,0.1,0.1,"Oracle-GMM",3.8,1.94483916793344,5.99146454710798,TRUE,"OK"
1,500,0.1,0.1,"Oracle-GMM",4,2.00752967008451,5.99146454710798,TRUE,"OK"
1,500,0.1,0.1,"Oracle-GMM",4.2,2.81989060132489,5.99146454710798,TRUE,"OK"
1,500,0.1,0.1,"Oracle-GMM",4.4,3.60558063466878,5.99146454710798,TRUE,"OK"
1,500,0.1,0.1,"Oracle-GMM",4.6,1.25531140831858,5.99146454710798,TRUE,"OK"
1,500,0.1,0.1,"Oracle-GMM",4.8,1.04371650233101,5.99146454710798,TRUE,"OK"
1,500,0.1,0.1,"Oracle-GMM",5,0.860655731868955,5.99146454710798,TRUE,"OK"
1,500,0.1,0.1,"Full-GMM",-3,10.287821775981,5.99146454710798,FALSE,"OK"
1,500,0.1,0.1,"Full-GMM",-2.8,5.36245795064116,5.99146454710798,TRUE,"OK"
1,500,0.1,0.1,"Full-GMM",-2.6,4.09424450202739,5.99146454710798,TRUE,"OK"
1,500,0.1,0.1,"Full-GMM",-2.4,3.74876376008509,5.99146454710798,TRUE,"OK"
1,500,0.1,0.1,"Full-GMM",-2.2,3.70371390378577,5.99146454710798,TRUE,"OK"
1,500,0.1,0.1,"Full-GMM",-2,0.977844084102988,5.99146454710798,TRUE,"OK"
1,500,0.1,0.1,"Full-GMM",-1.8,10.742286706172,5.99146454710798,FALSE,"OK"
1,500,0.1,0.1,"Full-GMM",-1.6,8.71530583974819,5.99146454710798,FALSE,"OK"
1,500,0.1,0.1,"Full-GMM",-1.4,4.12056685439469,5.99146454710798,TRUE,"OK"
1,500,0.1,0.1,"Full-GMM",-1.2,2.87075772839103,5.99146454710798,TRUE,"OK"
1,500,0.1,0.1,"Full-GMM",-1,3.14026268620017,5.99146454710798,TRUE,"OK"
1,500,0.1,0.1,"Full-GMM",-0.8,1.09863626221255,5.99146454710798,TRUE,"OK"
1,500,0.1,0.1,"Full-GMM",-0.6,4.75624171148431,5.99146454710798,TRUE,"OK"
1,500,0.1,0.1,"Full-GMM",-0.4,0.800437422048949,5.99146454710798,TRUE,"OK"
1,500,0.1,0.1,"Full-GMM",-0.2,3.08898927829869,5.99146454710798,TRUE,"OK"
1,500,0.1,0.1,"Full-GMM",0,0.527070219887521,5.99146454710798,TRUE,"OK"
1,500,0.1,0.1,"Full-GMM",0.2,3.64142739539181,5.99146454710798,TRUE,"OK"
1,500,0.1,0.1,"Full-GMM",0.4,2.29175631673068,5.99146454710798,TRUE,"OK"
1,500,0.1,0.1,"Full-GMM",0.6,1.0610425067333,5.99146454710798,TRUE,"OK"
1,500,0.1,0.1,"Full-GMM",0.8,2.05766805444621,5.99146454710798,TRUE,"OK"
1,500,0.1,0.1,"Full-GMM",1,0.924262740689869,5.99146454710798,TRUE,"OK"
1,500,0.1,0.1,"Full-GMM",1.2,0.170839178481114,5.99146454710798,TRUE,"OK"
1,500,0.1,0.1,"Full-GMM",1.4,0.147496086779187,5.99146454710798,TRUE,"OK"
1,500,0.1,0.1,"Full-GMM",1.6,1.45738856582158,5.99146454710798,TRUE,"OK"
1,500,0.1,0.1,"Full-GMM",1.8,2.55240318759737,5.99146454710798,TRUE,"OK"
1,500,0.1,0.1,"Full-GMM",2,0.533859439006774,5.99146454710798,TRUE,"OK"
1,500,0.1,0.1,"Full-GMM",2.2,0.273653429940622,5.99146454710798,TRUE,"OK"
1,500,0.1,0.1,"Full-GMM",2.4,0.60688573320158,5.99146454710798,TRUE,"OK"
1,500,0.1,0.1,"Full-GMM",2.6,0.752142334330693,5.99146454710798,TRUE,"OK"
1,500,0.1,0.1,"Full-GMM",2.8,1.74056450618588,5.99146454710798,TRUE,"OK"
1,500,0.1,0.1,"Full-GMM",3,1.30047030560315,5.99146454710798,TRUE,"OK"
1,500,0.1,0.1,"Full-GMM",3.2,0.0339931353822378,5.99146454710798,TRUE,"OK"
1,500,0.1,0.1,"Full-GMM",3.4,2.62643775831658,5.99146454710798,TRUE,"OK"
1,500,0.1,0.1,"Full-GMM",3.6,0.928403092645004,5.99146454710798,TRUE,"OK"
1,500,0.1,0.1,"Full-GMM",3.8,0.824449419910487,5.99146454710798,TRUE,"OK"
1,500,0.1,0.1,"Full-GMM",4,1.07629092135166,5.99146454710798,TRUE,"OK"
1,500,0.1,0.1,"Full-GMM",4.2,0.0895849016941752,5.99146454710798,TRUE,"OK"
1,500,0.1,0.1,"Full-GMM",4.4,0.160440009319145,5.99146454710798,TRUE,"OK"
1,500,0.1,0.1,"Full-GMM",4.6,0.119663602118116,5.99146454710798,TRUE,"OK"
1,500,0.1,0.1,"Full-GMM",4.8,0.324970691736248,5.99146454710798,TRUE,"OK"
1,500,0.1,0.1,"Full-GMM",5,1.34515487792191,5.99146454710798,TRUE,"OK"
1,500,0.1,0.1,"DML-IVQR",-3,3.83820619463321,5.99146454710798,TRUE,"OK"
1,500,0.1,0.1,"DML-IVQR",-2.8,3.59759496512867,5.99146454710798,TRUE,"OK"
1,500,0.1,0.1,"DML-IVQR",-2.6,3.5637703727473,5.99146454710798,TRUE,"OK"
1,500,0.1,0.1,"DML-IVQR",-2.4,6.20133861034166,5.99146454710798,FALSE,"OK"
1,500,0.1,0.1,"DML-IVQR",-2.2,4.02635587222428,5.99146454710798,TRUE,"OK"
1,500,0.1,0.1,"DML-IVQR",-2,5.14393157835275,5.99146454710798,TRUE,"OK"
1,500,0.1,0.1,"DML-IVQR",-1.8,3.84364429915732,5.99146454710798,TRUE,"OK"
1,500,0.1,0.1,"DML-IVQR",-1.6,4.29148544201414,5.99146454710798,TRUE,"OK"
1,500,0.1,0.1,"DML-IVQR",-1.4,3.61900501573111,5.99146454710798,TRUE,"OK"
1,500,0.1,0.1,"DML-IVQR",-1.2,0.716879713725334,5.99146454710798,TRUE,"OK"
1,500,0.1,0.1,"DML-IVQR",-1,0.135215068611733,5.99146454710798,TRUE,"OK"
1,500,0.1,0.1,"DML-IVQR",-0.8,0.520957002466707,5.99146454710798,TRUE,"OK"
1,500,0.1,0.1,"DML-IVQR",-0.6,0.790858367409624,5.99146454710798,TRUE,"OK"
1,500,0.1,0.1,"DML-IVQR",-0.4,0.410025389583484,5.99146454710798,TRUE,"OK"
1,500,0.1,0.1,"DML-IVQR",-0.2,2.5248194233034,5.99146454710798,TRUE,"OK"
1,500,0.1,0.1,"DML-IVQR",0,2.24735258613538,5.99146454710798,TRUE,"OK"
1,500,0.1,0.1,"DML-IVQR",0.2,3.36455127202309,5.99146454710798,TRUE,"OK"
1,500,0.1,0.1,"DML-IVQR",0.4,2.54027477963231,5.99146454710798,TRUE,"OK"
1,500,0.1,0.1,"DML-IVQR",0.6,1.44914774741985,5.99146454710798,TRUE,"OK"
1,500,0.1,0.1,"DML-IVQR",0.8,1.36460779072189,5.99146454710798,TRUE,"OK"
1,500,0.1,0.1,"DML-IVQR",1,2.31885877633148,5.99146454710798,TRUE,"OK"
1,500,0.1,0.1,"DML-IVQR",1.2,3.08906848463365,5.99146454710798,TRUE,"OK"
1,500,0.1,0.1,"DML-IVQR",1.4,1.09393558626183,5.99146454710798,TRUE,"OK"
1,500,0.1,0.1,"DML-IVQR",1.6,0.0312848348210717,5.99146454710798,TRUE,"OK"
1,500,0.1,0.1,"DML-IVQR",1.8,0.0755121257096068,5.99146454710798,TRUE,"OK"
1,500,0.1,0.1,"DML-IVQR",2,0.152020149910207,5.99146454710798,TRUE,"OK"
1,500,0.1,0.1,"DML-IVQR",2.2,0.0087406158658723,5.99146454710798,TRUE,"OK"
1,500,0.1,0.1,"DML-IVQR",2.4,0.00242760911151908,5.99146454710798,TRUE,"OK"
1,500,0.1,0.1,"DML-IVQR",2.6,0.0503862902749921,5.99146454710798,TRUE,"OK"
1,500,0.1,0.1,"DML-IVQR",2.8,0.388526023094918,5.99146454710798,TRUE,"OK"
1,500,0.1,0.1,"DML-IVQR",3,0.172501984751836,5.99146454710798,TRUE,"OK"
1,500,0.1,0.1,"DML-IVQR",3.2,0.0376967086400152,5.99146454710798,TRUE,"OK"
1,500,0.1,0.1,"DML-IVQR",3.4,0.901475558040245,5.99146454710798,TRUE,"OK"
1,500,0.1,0.1,"DML-IVQR",3.6,0.113930050412411,5.99146454710798,TRUE,"OK"
1,500,0.1,0.1,"DML-IVQR",3.8,0.502643489314488,5.99146454710798,TRUE,"OK"
1,500,0.1,0.1,"DML-IVQR",4,0.0158412977932585,5.99146454710798,TRUE,"OK"
1,500,0.1,0.1,"DML-IVQR",4.2,0.0267606395909641,5.99146454710798,TRUE,"OK"
1,500,0.1,0.1,"DML-IVQR",4.4,1.06266044442784,5.99146454710798,TRUE,"OK"
1,500,0.1,0.1,"DML-IVQR",4.6,1.00919828369296,5.99146454710798,TRUE,"OK"
1,500,0.1,0.1,"DML-IVQR",4.8,1.04439753959583,5.99146454710798,TRUE,"OK"
1,500,0.1,0.1,"DML-IVQR",5,1.11683329009453,5.99146454710798,TRUE,"OK"
1,500,0.1,0.5,"Oracle-GMM",-3,4.1069440129501,5.99146454710798,TRUE,"OK"
1,500,0.1,0.5,"Oracle-GMM",-2.8,3.48338262183291,5.99146454710798,TRUE,"OK"
1,500,0.1,0.5,"Oracle-GMM",-2.6,3.153854482615,5.99146454710798,TRUE,"OK"
1,500,0.1,0.5,"Oracle-GMM",-2.4,3.37602347139758,5.99146454710798,TRUE,"OK"
1,500,0.1,0.5,"Oracle-GMM",-2.2,3.34377318798312,5.99146454710798,TRUE,"OK"
1,500,0.1,0.5,"Oracle-GMM",-2,4.33067052726007,5.99146454710798,TRUE,"OK"
1,500,0.1,0.5,"Oracle-GMM",-1.8,5.46286271815308,5.99146454710798,TRUE,"OK"
1,500,0.1,0.5,"Oracle-GMM",-1.6,5.32308708406598,5.99146454710798,TRUE,"OK"
1,500,0.1,0.5,"Oracle-GMM",-1.4,5.57143017060069,5.99146454710798,TRUE,"OK"
1,500,0.1,0.5,"Oracle-GMM",-1.2,6.19228079084239,5.99146454710798,FALSE,"OK"
1,500,0.1,0.5,"Oracle-GMM",-1,4.37451397000845,5.99146454710798,TRUE,"OK"
1,500,0.1,0.5,"Oracle-GMM",-0.8,4.04544723681778,5.99146454710798,TRUE,"OK"
1,500,0.1,0.5,"Oracle-GMM",-0.6,6.98522445652791,5.99146454710798,FALSE,"OK"
1,500,0.1,0.5,"Oracle-GMM",-0.4,4.83505502724579,5.99146454710798,TRUE,"OK"
1,500,0.1,0.5,"Oracle-GMM",-0.2,6.88526554723952,5.99146454710798,FALSE,"OK"
1,500,0.1,0.5,"Oracle-GMM",0,5.19986426868484,5.99146454710798,TRUE,"OK"
1,500,0.1,0.5,"Oracle-GMM",0.2,4.05453641206836,5.99146454710798,TRUE,"OK"
1,500,0.1,0.5,"Oracle-GMM",0.4,2.47583010193921,5.99146454710798,TRUE,"OK"
1,500,0.1,0.5,"Oracle-GMM",0.6,1.45208611186306,5.99146454710798,TRUE,"OK"
1,500,0.1,0.5,"Oracle-GMM",0.8,1.5413137658049,5.99146454710798,TRUE,"OK"
1,500,0.1,0.5,"Oracle-GMM",1,2.93001028076291,5.99146454710798,TRUE,"OK"
1,500,0.1,0.5,"Oracle-GMM",1.2,2.50450390729042,5.99146454710798,TRUE,"OK"
1,500,0.1,0.5,"Oracle-GMM",1.4,0.242233799645487,5.99146454710798,TRUE,"OK"
1,500,0.1,0.5,"Oracle-GMM",1.6,1.15272661914565,5.99146454710798,TRUE,"OK"
1,500,0.1,0.5,"Oracle-GMM",1.8,2.01333452725351,5.99146454710798,TRUE,"OK"
1,500,0.1,0.5,"Oracle-GMM",2,1.0683297498107,5.99146454710798,TRUE,"OK"
1,500,0.1,0.5,"Oracle-GMM",2.2,1.5837040393879,5.99146454710798,TRUE,"OK"
1,500,0.1,0.5,"Oracle-GMM",2.4,1.20639484850992,5.99146454710798,TRUE,"OK"
1,500,0.1,0.5,"Oracle-GMM",2.6,0.935435858956353,5.99146454710798,TRUE,"OK"
1,500,0.1,0.5,"Oracle-GMM",2.8,1.13895510044816,5.99146454710798,TRUE,"OK"
1,500,0.1,0.5,"Oracle-GMM",3,2.62520810841583,5.99146454710798,TRUE,"OK"
1,500,0.1,0.5,"Oracle-GMM",3.2,2.73512160503399,5.99146454710798,TRUE,"OK"
1,500,0.1,0.5,"Oracle-GMM",3.4,2.49717728853521,5.99146454710798,TRUE,"OK"
1,500,0.1,0.5,"Oracle-GMM",3.6,3.20227713221965,5.99146454710798,TRUE,"OK"
1,500,0.1,0.5,"Oracle-GMM",3.8,3.11849871451046,5.99146454710798,TRUE,"OK"
1,500,0.1,0.5,"Oracle-GMM",4,4.59352408603828,5.99146454710798,TRUE,"OK"
1,500,0.1,0.5,"Oracle-GMM",4.2,5.05714471500917,5.99146454710798,TRUE,"OK"
1,500,0.1,0.5,"Oracle-GMM",4.4,6.99636839267394,5.99146454710798,FALSE,"OK"
1,500,0.1,0.5,"Oracle-GMM",4.6,4.2682023513577,5.99146454710798,TRUE,"OK"
1,500,0.1,0.5,"Oracle-GMM",4.8,6.04469582207706,5.99146454710798,FALSE,"OK"
1,500,0.1,0.5,"Oracle-GMM",5,5.40444178795643,5.99146454710798,TRUE,"OK"
1,500,0.1,0.5,"Full-GMM",-3,10.4688619915409,5.99146454710798,FALSE,"OK"
1,500,0.1,0.5,"Full-GMM",-2.8,7.63299755578012,5.99146454710798,FALSE,"OK"
1,500,0.1,0.5,"Full-GMM",-2.6,9.0576718457912,5.99146454710798,FALSE,"OK"
1,500,0.1,0.5,"Full-GMM",-2.4,8.11078667086305,5.99146454710798,FALSE,"OK"
1,500,0.1,0.5,"Full-GMM",-2.2,5.05767916704517,5.99146454710798,TRUE,"OK"
1,500,0.1,0.5,"Full-GMM",-2,8.22515163689671,5.99146454710798,FALSE,"OK"
1,500,0.1,0.5,"Full-GMM",-1.8,10.0089978888723,5.99146454710798,FALSE,"OK"
1,500,0.1,0.5,"Full-GMM",-1.6,8.91796369370578,5.99146454710798,FALSE,"OK"
1,500,0.1,0.5,"Full-GMM",-1.4,11.5378377410647,5.99146454710798,FALSE,"OK"
1,500,0.1,0.5,"Full-GMM",-1.2,8.35559783228737,5.99146454710798,FALSE,"OK"
1,500,0.1,0.5,"Full-GMM",-1,13.0997247645913,5.99146454710798,FALSE,"OK"
1,500,0.1,0.5,"Full-GMM",-0.8,13.253555514793,5.99146454710798,FALSE,"OK"
1,500,0.1,0.5,"Full-GMM",-0.6,8.206861017492,5.99146454710798,FALSE,"OK"
1,500,0.1,0.5,"Full-GMM",-0.4,9.75813186302449,5.99146454710798,FALSE,"OK"
1,500,0.1,0.5,"Full-GMM",-0.2,8.36648024763828,5.99146454710798,FALSE,"OK"
1,500,0.1,0.5,"Full-GMM",0,5.48373406925128,5.99146454710798,TRUE,"OK"
1,500,0.1,0.5,"Full-GMM",0.2,8.24484950745887,5.99146454710798,FALSE,"OK"
1,500,0.1,0.5,"Full-GMM",0.4,3.38610435679161,5.99146454710798,TRUE,"OK"
1,500,0.1,0.5,"Full-GMM",0.6,6.56303923085305,5.99146454710798,FALSE,"OK"
1,500,0.1,0.5,"Full-GMM",0.8,1.39816467376248,5.99146454710798,TRUE,"OK"
1,500,0.1,0.5,"Full-GMM",1,0.471105655466637,5.99146454710798,TRUE,"OK"
1,500,0.1,0.5,"Full-GMM",1.2,0.395894640971109,5.99146454710798,TRUE,"OK"
1,500,0.1,0.5,"Full-GMM",1.4,0.225887856515188,5.99146454710798,TRUE,"OK"
1,500,0.1,0.5,"Full-GMM",1.6,0.408751803731939,5.99146454710798,TRUE,"OK"
1,500,0.1,0.5,"Full-GMM",1.8,0.170355412340135,5.99146454710798,TRUE,"OK"
1,500,0.1,0.5,"Full-GMM",2,2.89856922824428,5.99146454710798,TRUE,"OK"
1,500,0.1,0.5,"Full-GMM",2.2,0.902298858262262,5.99146454710798,TRUE,"OK"
1,500,0.1,0.5,"Full-GMM",2.4,2.66454217504152,5.99146454710798,TRUE,"OK"
1,500,0.1,0.5,"Full-GMM",2.6,1.32193413812687,5.99146454710798,TRUE,"OK"
1,500,0.1,0.5,"Full-GMM",2.8,2.9296772568615,5.99146454710798,TRUE,"OK"
1,500,0.1,0.5,"Full-GMM",3,5.34363207669081,5.99146454710798,TRUE,"OK"
1,500,0.1,0.5,"Full-GMM",3.2,5.9073423856779,5.99146454710798,TRUE,"OK"
1,500,0.1,0.5,"Full-GMM",3.4,3.64730365810954,5.99146454710798,TRUE,"OK"
1,500,0.1,0.5,"Full-GMM",3.6,6.20755103503383,5.99146454710798,FALSE,"OK"
1,500,0.1,0.5,"Full-GMM",3.8,6.45494509369005,5.99146454710798,FALSE,"OK"
1,500,0.1,0.5,"Full-GMM",4,4.53086276990028,5.99146454710798,TRUE,"OK"
1,500,0.1,0.5,"Full-GMM",4.2,3.37416789828752,5.99146454710798,TRUE,"OK"
1,500,0.1,0.5,"Full-GMM",4.4,5.00290030959352,5.99146454710798,TRUE,"OK"
1,500,0.1,0.5,"Full-GMM",4.6,3.40337771142935,5.99146454710798,TRUE,"OK"
1,500,0.1,0.5,"Full-GMM",4.8,4.32784999464113,5.99146454710798,TRUE,"OK"
1,500,0.1,0.5,"Full-GMM",5,5.21044855532868,5.99146454710798,TRUE,"OK"
1,500,0.1,0.5,"DML-IVQR",-3,9.20599236549336,5.99146454710798,FALSE,"OK"
1,500,0.1,0.5,"DML-IVQR",-2.8,9.13999449973646,5.99146454710798,FALSE,"OK"
1,500,0.1,0.5,"DML-IVQR",-2.6,7.10842577222758,5.99146454710798,FALSE,"OK"
1,500,0.1,0.5,"DML-IVQR",-2.4,9.34056731804188,5.99146454710798,FALSE,"OK"
1,500,0.1,0.5,"DML-IVQR",-2.2,8.60254236966554,5.99146454710798,FALSE,"OK"
1,500,0.1,0.5,"DML-IVQR",-2,10.6909326346666,5.99146454710798,FALSE,"OK"
1,500,0.1,0.5,"DML-IVQR",-1.8,10.3429097744459,5.99146454710798,FALSE,"OK"
1,500,0.1,0.5,"DML-IVQR",-1.6,9.36346858729951,5.99146454710798,FALSE,"OK"
1,500,0.1,0.5,"DML-IVQR",-1.4,9.42330750974762,5.99146454710798,FALSE,"OK"
1,500,0.1,0.5,"DML-IVQR",-1.2,11.0791006915714,5.99146454710798,FALSE,"OK"
1,500,0.1,0.5,"DML-IVQR",-1,10.2005416698338,5.99146454710798,FALSE,"OK"
1,500,0.1,0.5,"DML-IVQR",-0.8,8.66488028039005,5.99146454710798,FALSE,"OK"
1,500,0.1,0.5,"DML-IVQR",-0.6,9.57569476614054,5.99146454710798,FALSE,"OK"
1,500,0.1,0.5,"DML-IVQR",-0.4,7.52635965620685,5.99146454710798,FALSE,"OK"
1,500,0.1,0.5,"DML-IVQR",-0.2,7.34510841813371,5.99146454710798,FALSE,"OK"
1,500,0.1,0.5,"DML-IVQR",0,7.36306834244516,5.99146454710798,FALSE,"OK"
1,500,0.1,0.5,"DML-IVQR",0.2,3.33481588922401,5.99146454710798,TRUE,"OK"
1,500,0.1,0.5,"DML-IVQR",0.4,1.988994494418,5.99146454710798,TRUE,"OK"
1,500,0.1,0.5,"DML-IVQR",0.6,2.31203575413496,5.99146454710798,TRUE,"OK"
1,500,0.1,0.5,"DML-IVQR",0.8,1.67081016071251,5.99146454710798,TRUE,"OK"
1,500,0.1,0.5,"DML-IVQR",1,1.62493097613433,5.99146454710798,TRUE,"OK"
1,500,0.1,0.5,"DML-IVQR",1.2,0.425938820182447,5.99146454710798,TRUE,"OK"
1,500,0.1,0.5,"DML-IVQR",1.4,0.129423695936292,5.99146454710798,TRUE,"OK"
1,500,0.1,0.5,"DML-IVQR",1.6,0.213627944828125,5.99146454710798,TRUE,"OK"
1,500,0.1,0.5,"DML-IVQR",1.8,0.000830224415283301,5.99146454710798,TRUE,"OK"
1,500,0.1,0.5,"DML-IVQR",2,0.551922536906496,5.99146454710798,TRUE,"OK"
1,500,0.1,0.5,"DML-IVQR",2.2,0.625458642518304,5.99146454710798,TRUE,"OK"
1,500,0.1,0.5,"DML-IVQR",2.4,1.32161647306594,5.99146454710798,TRUE,"OK"
1,500,0.1,0.5,"DML-IVQR",2.6,1.62895884316175,5.99146454710798,TRUE,"OK"
1,500,0.1,0.5,"DML-IVQR",2.8,0.605218987913289,5.99146454710798,TRUE,"OK"
1,500,0.1,0.5,"DML-IVQR",3,0.405148147684331,5.99146454710798,TRUE,"OK"
1,500,0.1,0.5,"DML-IVQR",3.2,1.58365080889016,5.99146454710798,TRUE,"OK"
1,500,0.1,0.5,"DML-IVQR",3.4,1.01812604835237,5.99146454710798,TRUE,"OK"
1,500,0.1,0.5,"DML-IVQR",3.6,1.64034344085829,5.99146454710798,TRUE,"OK"
1,500,0.1,0.5,"DML-IVQR",3.8,2.69478286866093,5.99146454710798,TRUE,"OK"
1,500,0.1,0.5,"DML-IVQR",4,3.78331026953856,5.99146454710798,TRUE,"OK"
1,500,0.1,0.5,"DML-IVQR",4.2,4.01668412057029,5.99146454710798,TRUE,"OK"
1,500,0.1,0.5,"DML-IVQR",4.4,4.75915763037787,5.99146454710798,TRUE,"OK"
1,500,0.1,0.5,"DML-IVQR",4.6,5.28816401282287,5.99146454710798,TRUE,"OK"
1,500,0.1,0.5,"DML-IVQR",4.8,6.42664983271117,5.99146454710798,FALSE,"OK"
1,500,0.1,0.5,"DML-IVQR",5,5.30488421758437,5.99146454710798,TRUE,"OK"
1,500,0.1,0.9,"Oracle-GMM",-3,8.98156191973135,5.99146454710798,FALSE,"OK"
1,500,0.1,0.9,"Oracle-GMM",-2.8,10.0103182838395,5.99146454710798,FALSE,"OK"
1,500,0.1,0.9,"Oracle-GMM",-2.6,11.5567142286298,5.99146454710798,FALSE,"OK"
1,500,0.1,0.9,"Oracle-GMM",-2.4,11.528782100928,5.99146454710798,FALSE,"OK"
1,500,0.1,0.9,"Oracle-GMM",-2.2,8.71879431017546,5.99146454710798,FALSE,"OK"
1,500,0.1,0.9,"Oracle-GMM",-2,11.4099929024612,5.99146454710798,FALSE,"OK"
1,500,0.1,0.9,"Oracle-GMM",-1.8,10.2404676280573,5.99146454710798,FALSE,"OK"
1,500,0.1,0.9,"Oracle-GMM",-1.6,9.40916667760586,5.99146454710798,FALSE,"OK"
1,500,0.1,0.9,"Oracle-GMM",-1.4,9.05012915870006,5.99146454710798,FALSE,"OK"
1,500,0.1,0.9,"Oracle-GMM",-1.2,12.2459861057956,5.99146454710798,FALSE,"OK"
1,500,0.1,0.9,"Oracle-GMM",-1,8.52953253565805,5.99146454710798,FALSE,"OK"
1,500,0.1,0.9,"Oracle-GMM",-0.8,6.25233728512594,5.99146454710798,FALSE,"OK"
1,500,0.1,0.9,"Oracle-GMM",-0.6,6.07673613816627,5.99146454710798,FALSE,"OK"
1,500,0.1,0.9,"Oracle-GMM",-0.4,4.12165260598555,5.99146454710798,TRUE,"OK"
1,500,0.1,0.9,"Oracle-GMM",-0.2,5.05783809868687,5.99146454710798,TRUE,"OK"
1,500,0.1,0.9,"Oracle-GMM",0,7.75222149069407,5.99146454710798,FALSE,"OK"
1,500,0.1,0.9,"Oracle-GMM",0.2,7.00326217592335,5.99146454710798,FALSE,"OK"
1,500,0.1,0.9,"Oracle-GMM",0.4,7.43424470195932,5.99146454710798,FALSE,"OK"
1,500,0.1,0.9,"Oracle-GMM",0.6,6.75740610794212,5.99146454710798,FALSE,"OK"
1,500,0.1,0.9,"Oracle-GMM",0.8,7.75584042224037,5.99146454710798,FALSE,"OK"
1,500,0.1,0.9,"Oracle-GMM",1,7.38812421872425,5.99146454710798,FALSE,"OK"
1,500,0.1,0.9,"Oracle-GMM",1.2,7.10127748884095,5.99146454710798,FALSE,"OK"
1,500,0.1,0.9,"Oracle-GMM",1.4,8.989669564515,5.99146454710798,FALSE,"OK"
1,500,0.1,0.9,"Oracle-GMM",1.6,5.45833767423302,5.99146454710798,TRUE,"OK"
1,500,0.1,0.9,"Oracle-GMM",1.8,4.75779455894051,5.99146454710798,TRUE,"OK"
1,500,0.1,0.9,"Oracle-GMM",2,3.45338602988271,5.99146454710798,TRUE,"OK"
1,500,0.1,0.9,"Oracle-GMM",2.2,1.92403145642683,5.99146454710798,TRUE,"OK"
1,500,0.1,0.9,"Oracle-GMM",2.4,0.0944870956441394,5.99146454710798,TRUE,"OK"
1,500,0.1,0.9,"Oracle-GMM",2.6,0.0907735162395869,5.99146454710798,TRUE,"OK"
1,500,0.1,0.9,"Oracle-GMM",2.8,2.03001626050477,5.99146454710798,TRUE,"OK"
1,500,0.1,0.9,"Oracle-GMM",3,1.72368199053562,5.99146454710798,TRUE,"OK"
1,500,0.1,0.9,"Oracle-GMM",3.2,0.511275000464692,5.99146454710798,TRUE,"OK"
1,500,0.1,0.9,"Oracle-GMM",3.4,0.0526399244472877,5.99146454710798,TRUE,"OK"
1,500,0.1,0.9,"Oracle-GMM",3.6,0.158663242963348,5.99146454710798,TRUE,"OK"
1,500,0.1,0.9,"Oracle-GMM",3.8,1.13343394971866,5.99146454710798,TRUE,"OK"
1,500,0.1,0.9,"Oracle-GMM",4,2.11274632297446,5.99146454710798,TRUE,"OK"
1,500,0.1,0.9,"Oracle-GMM",4.2,1.11554926928844,5.99146454710798,TRUE,"OK"
1,500,0.1,0.9,"Oracle-GMM",4.4,0.878040163695833,5.99146454710798,TRUE,"OK"
1,500,0.1,0.9,"Oracle-GMM",4.6,1.63567232809341,5.99146454710798,TRUE,"OK"
1,500,0.1,0.9,"Oracle-GMM",4.8,3.75365702476997,5.99146454710798,TRUE,"OK"
1,500,0.1,0.9,"Oracle-GMM",5,0.983045237362771,5.99146454710798,TRUE,"OK"
1,500,0.1,0.9,"Full-GMM",-3,2.35226114283627,5.99146454710798,TRUE,"OK"
1,500,0.1,0.9,"Full-GMM",-2.8,3.18439286170162,5.99146454710798,TRUE,"OK"
1,500,0.1,0.9,"Full-GMM",-2.6,7.18598230470261,5.99146454710798,FALSE,"OK"
1,500,0.1,0.9,"Full-GMM",-2.4,1.66137663202706,5.99146454710798,TRUE,"OK"
1,500,0.1,0.9,"Full-GMM",-2.2,3.02929331876883,5.99146454710798,TRUE,"OK"
1,500,0.1,0.9,"Full-GMM",-2,2.41036991186225,5.99146454710798,TRUE,"OK"
1,500,0.1,0.9,"Full-GMM",-1.8,3.20396106826216,5.99146454710798,TRUE,"OK"
1,500,0.1,0.9,"Full-GMM",-1.6,3.37162571874305,5.99146454710798,TRUE,"OK"
1,500,0.1,0.9,"Full-GMM",-1.4,0.902789448514728,5.99146454710798,TRUE,"OK"
1,500,0.1,0.9,"Full-GMM",-1.2,0.329022712607389,5.99146454710798,TRUE,"OK"
1,500,0.1,0.9,"Full-GMM",-1,0.250957912993126,5.99146454710798,TRUE,"OK"
1,500,0.1,0.9,"Full-GMM",-0.8,0.698512133666989,5.99146454710798,TRUE,"OK"
1,500,0.1,0.9,"Full-GMM",-0.6,3.11133295048306,5.99146454710798,TRUE,"OK"
1,500,0.1,0.9,"Full-GMM",-0.4,4.30526024480991,5.99146454710798,TRUE,"OK"
1,500,0.1,0.9,"Full-GMM",-0.2,1.47939083900447,5.99146454710798,TRUE,"OK"
1,500,0.1,0.9,"Full-GMM",0,0.778908210665505,5.99146454710798,TRUE,"OK"
1,500,0.1,0.9,"Full-GMM",0.2,1.75432881295733,5.99146454710798,TRUE,"OK"
1,500,0.1,0.9,"Full-GMM",0.4,1.85774074908329,5.99146454710798,TRUE,"OK"
1,500,0.1,0.9,"Full-GMM",0.6,0.117208414820273,5.99146454710798,TRUE,"OK"
1,500,0.1,0.9,"Full-GMM",0.8,4.70546038535548,5.99146454710798,TRUE,"OK"
1,500,0.1,0.9,"Full-GMM",1,6.31763139356937,5.99146454710798,FALSE,"OK"
1,500,0.1,0.9,"Full-GMM",1.2,10.5430641337924,5.99146454710798,FALSE,"OK"
1,500,0.1,0.9,"Full-GMM",1.4,11.6417097947678,5.99146454710798,FALSE,"OK"
1,500,0.1,0.9,"Full-GMM",1.6,4.90623561673736,5.99146454710798,TRUE,"OK"
1,500,0.1,0.9,"Full-GMM",1.8,2.80078190843004,5.99146454710798,TRUE,"OK"
1,500,0.1,0.9,"Full-GMM",2,2.27105608646624,5.99146454710798,TRUE,"OK"
1,500,0.1,0.9,"Full-GMM",2.2,0.820606343415896,5.99146454710798,TRUE,"OK"
1,500,0.1,0.9,"Full-GMM",2.4,1.48096139064063,5.99146454710798,TRUE,"OK"
1,500,0.1,0.9,"Full-GMM",2.6,3.65880134325881,5.99146454710798,TRUE,"OK"
1,500,0.1,0.9,"Full-GMM",2.8,2.01251295142611,5.99146454710798,TRUE,"OK"
1,500,0.1,0.9,"Full-GMM",3,7.3485977604637,5.99146454710798,FALSE,"OK"
1,500,0.1,0.9,"Full-GMM",3.2,2.5076538479305,5.99146454710798,TRUE,"OK"
1,500,0.1,0.9,"Full-GMM",3.4,2.03973903167378,5.99146454710798,TRUE,"OK"
1,500,0.1,0.9,"Full-GMM",3.6,1.35936473517195,5.99146454710798,TRUE,"OK"
1,500,0.1,0.9,"Full-GMM",3.8,2.78057072243585,5.99146454710798,TRUE,"OK"
1,500,0.1,0.9,"Full-GMM",4,3.73534480034533,5.99146454710798,TRUE,"OK"
1,500,0.1,0.9,"Full-GMM",4.2,5.55919927932263,5.99146454710798,TRUE,"OK"
1,500,0.1,0.9,"Full-GMM",4.4,3.65371306905968,5.99146454710798,TRUE,"OK"
1,500,0.1,0.9,"Full-GMM",4.6,3.24534011882182,5.99146454710798,TRUE,"OK"
1,500,0.1,0.9,"Full-GMM",4.8,3.72848856826907,5.99146454710798,TRUE,"OK"
1,500,0.1,0.9,"Full-GMM",5,3.50919619730655,5.99146454710798,TRUE,"OK"
1,500,0.1,0.9,"DML-IVQR",-3,11.4965173859481,5.99146454710798,FALSE,"OK"
1,500,0.1,0.9,"DML-IVQR",-2.8,9.61257245275295,5.99146454710798,FALSE,"OK"
1,500,0.1,0.9,"DML-IVQR",-2.6,9.46535100641312,5.99146454710798,FALSE,"OK"
1,500,0.1,0.9,"DML-IVQR",-2.4,6.45863438090334,5.99146454710798,FALSE,"OK"
1,500,0.1,0.9,"DML-IVQR",-2.2,6.60747718641758,5.99146454710798,FALSE,"OK"
1,500,0.1,0.9,"DML-IVQR",-2,9.15788072179612,5.99146454710798,FALSE,"OK"
1,500,0.1,0.9,"DML-IVQR",-1.8,9.83091123035699,5.99146454710798,FALSE,"OK"
1,500,0.1,0.9,"DML-IVQR",-1.6,9.6074460379395,5.99146454710798,FALSE,"OK"
1,500,0.1,0.9,"DML-IVQR",-1.4,8.4095833248948,5.99146454710798,FALSE,"OK"
1,500,0.1,0.9,"DML-IVQR",-1.2,8.35622817717265,5.99146454710798,FALSE,"OK"
1,500,0.1,0.9,"DML-IVQR",-1,8.33225046360597,5.99146454710798,FALSE,"OK"
1,500,0.1,0.9,"DML-IVQR",-0.8,7.76821583108877,5.99146454710798,FALSE,"OK"
1,500,0.1,0.9,"DML-IVQR",-0.6,8.07986582711981,5.99146454710798,FALSE,"OK"
1,500,0.1,0.9,"DML-IVQR",-0.4,7.97236439287785,5.99146454710798,FALSE,"OK"
1,500,0.1,0.9,"DML-IVQR",-0.2,7.89256122891637,5.99146454710798,FALSE,"OK"
1,500,0.1,0.9,"DML-IVQR",0,8.08864347245595,5.99146454710798,FALSE,"OK"
1,500,0.1,0.9,"DML-IVQR",0.2,6.85768804527782,5.99146454710798,FALSE,"OK"
1,500,0.1,0.9,"DML-IVQR",0.4,7.69606935831737,5.99146454710798,FALSE,"OK"
1,500,0.1,0.9,"DML-IVQR",0.6,7.91813424820654,5.99146454710798,FALSE,"OK"
1,500,0.1,0.9,"DML-IVQR",0.8,9.21867325007251,5.99146454710798,FALSE,"OK"
1,500,0.1,0.9,"DML-IVQR",1,8.91904367013914,5.99146454710798,FALSE,"OK"
1,500,0.1,0.9,"DML-IVQR",1.2,7.36160595956417,5.99146454710798,FALSE,"OK"
1,500,0.1,0.9,"DML-IVQR",1.4,9.35898198484346,5.99146454710798,FALSE,"OK"
1,500,0.1,0.9,"DML-IVQR",1.6,9.54886955791118,5.99146454710798,FALSE,"OK"
1,500,0.1,0.9,"DML-IVQR",1.8,5.80940454332948,5.99146454710798,TRUE,"OK"
1,500,0.1,0.9,"DML-IVQR",2,5.58962988512632,5.99146454710798,TRUE,"OK"
1,500,0.1,0.9,"DML-IVQR",2.2,6.42615000296892,5.99146454710798,FALSE,"OK"
1,500,0.1,0.9,"DML-IVQR",2.4,2.97082715496598,5.99146454710798,TRUE,"OK"
1,500,0.1,0.9,"DML-IVQR",2.6,0.318775755346929,5.99146454710798,TRUE,"OK"
1,500,0.1,0.9,"DML-IVQR",2.8,1.77740865549599,5.99146454710798,TRUE,"OK"
1,500,0.1,0.9,"DML-IVQR",3,2.40575386624199,5.99146454710798,TRUE,"OK"
1,500,0.1,0.9,"DML-IVQR",3.2,2.87718006396258,5.99146454710798,TRUE,"OK"
1,500,0.1,0.9,"DML-IVQR",3.4,4.74599086830251,5.99146454710798,TRUE,"OK"
1,500,0.1,0.9,"DML-IVQR",3.6,0.991984608294941,5.99146454710798,TRUE,"OK"
1,500,0.1,0.9,"DML-IVQR",3.8,0.926045816912764,5.99146454710798,TRUE,"OK"
1,500,0.1,0.9,"DML-IVQR",4,2.84595769895727,5.99146454710798,TRUE,"OK"
1,500,0.1,0.9,"DML-IVQR",4.2,0.758613464786544,5.99146454710798,TRUE,"OK"
1,500,0.1,0.9,"DML-IVQR",4.4,1.93305906935109,5.99146454710798,TRUE,"OK"
1,500,0.1,0.9,"DML-IVQR",4.6,1.24606133406472,5.99146454710798,TRUE,"OK"
1,500,0.1,0.9,"DML-IVQR",4.8,1.44506327538642,5.99146454710798,TRUE,"OK"
1,500,0.1,0.9,"DML-IVQR",5,1.33340440112908,5.99146454710798,TRUE,"OK"
2,500,0.1,0.1,"Oracle-GMM",-3,1.16746104270997,5.99146454710798,TRUE,"OK"
2,500,0.1,0.1,"Oracle-GMM",-2.8,3.07180939681973,5.99146454710798,TRUE,"OK"
2,500,0.1,0.1,"Oracle-GMM",-2.6,2.96417550187243,5.99146454710798,TRUE,"OK"
2,500,0.1,0.1,"Oracle-GMM",-2.4,3.86376568925544,5.99146454710798,TRUE,"OK"
2,500,0.1,0.1,"Oracle-GMM",-2.2,2.88133818627134,5.99146454710798,TRUE,"OK"
2,500,0.1,0.1,"Oracle-GMM",-2,2.19290001167856,5.99146454710798,TRUE,"OK"
2,500,0.1,0.1,"Oracle-GMM",-1.8,2.09345173376982,5.99146454710798,TRUE,"OK"
2,500,0.1,0.1,"Oracle-GMM",-1.6,2.98008449597106,5.99146454710798,TRUE,"OK"
2,500,0.1,0.1,"Oracle-GMM",-1.4,1.27727790588227,5.99146454710798,TRUE,"OK"
2,500,0.1,0.1,"Oracle-GMM",-1.2,0.646452422359589,5.99146454710798,TRUE,"OK"
2,500,0.1,0.1,"Oracle-GMM",-1,0.0320148616438612,5.99146454710798,TRUE,"OK"
2,500,0.1,0.1,"Oracle-GMM",-0.8,0.417960331949121,5.99146454710798,TRUE,"OK"
2,500,0.1,0.1,"Oracle-GMM",-0.6,0.283676618775292,5.99146454710798,TRUE,"OK"
2,500,0.1,0.1,"Oracle-GMM",-0.4,0.199397270136947,5.99146454710798,TRUE,"OK"
2,500,0.1,0.1,"Oracle-GMM",-0.2,0.825625936590918,5.99146454710798,TRUE,"OK"
2,500,0.1,0.1,"Oracle-GMM",0,1.01157342907324,5.99146454710798,TRUE,"OK"
2,500,0.1,0.1,"Oracle-GMM",0.2,2.49438010266077,5.99146454710798,TRUE,"OK"
2,500,0.1,0.1,"Oracle-GMM",0.4,0.122091867511963,5.99146454710798,TRUE,"OK"
2,500,0.1,0.1,"Oracle-GMM",0.6,0.413521451419294,5.99146454710798,TRUE,"OK"
2,500,0.1,0.1,"Oracle-GMM",0.8,0.180348317645058,5.99146454710798,TRUE,"OK"
2,500,0.1,0.1,"Oracle-GMM",1,0.947260837547502,5.99146454710798,TRUE,"OK"
2,500,0.1,0.1,"Oracle-GMM",1.2,0.867967491811062,5.99146454710798,TRUE,"OK"
2,500,0.1,0.1,"Oracle-GMM",1.4,1.47004047779434,5.99146454710798,TRUE,"OK"
2,500,0.1,0.1,"Oracle-GMM",1.6,0.878097438408248,5.99146454710798,TRUE,"OK"
2,500,0.1,0.1,"Oracle-GMM",1.8,0.951282342351969,5.99146454710798,TRUE,"OK"
2,500,0.1,0.1,"Oracle-GMM",2,0.978049002175374,5.99146454710798,TRUE,"OK"
2,500,0.1,0.1,"Oracle-GMM",2.2,0.864884020717485,5.99146454710798,TRUE,"OK"
2,500,0.1,0.1,"Oracle-GMM",2.4,2.25953820047701,5.99146454710798,TRUE,"OK"
2,500,0.1,0.1,"Oracle-GMM",2.6,3.01371236286403,5.99146454710798,TRUE,"OK"
2,500,0.1,0.1,"Oracle-GMM",2.8,1.62463385067469,5.99146454710798,TRUE,"OK"
2,500,0.1,0.1,"Oracle-GMM",3,3.17394867864187,5.99146454710798,TRUE,"OK"
2,500,0.1,0.1,"Oracle-GMM",3.2,0.814607611057076,5.99146454710798,TRUE,"OK"
2,500,0.1,0.1,"Oracle-GMM",3.4,3.18341208727904,5.99146454710798,TRUE,"OK"
2,500,0.1,0.1,"Oracle-GMM",3.6,2.57646173723125,5.99146454710798,TRUE,"OK"
2,500,0.1,0.1,"Oracle-GMM",3.8,2.36757407324648,5.99146454710798,TRUE,"OK"
2,500,0.1,0.1,"Oracle-GMM",4,2.50493172509369,5.99146454710798,TRUE,"OK"
2,500,0.1,0.1,"Oracle-GMM",4.2,3.22772676091365,5.99146454710798,TRUE,"OK"
2,500,0.1,0.1,"Oracle-GMM",4.4,1.4070384358667,5.99146454710798,TRUE,"OK"
2,500,0.1,0.1,"Oracle-GMM",4.6,0.840738155313129,5.99146454710798,TRUE,"OK"
2,500,0.1,0.1,"Oracle-GMM",4.8,2.48554585192731,5.99146454710798,TRUE,"OK"
2,500,0.1,0.1,"Oracle-GMM",5,1.09638818878945,5.99146454710798,TRUE,"OK"
2,500,0.1,0.1,"Full-GMM",-3,1.13068226204847,5.99146454710798,TRUE,"OK"
2,500,0.1,0.1,"Full-GMM",-2.8,1.27080705423028,5.99146454710798,TRUE,"OK"
2,500,0.1,0.1,"Full-GMM",-2.6,2.90593138526598,5.99146454710798,TRUE,"OK"
2,500,0.1,0.1,"Full-GMM",-2.4,1.20584448780472,5.99146454710798,TRUE,"OK"
2,500,0.1,0.1,"Full-GMM",-2.2,0.244918333303424,5.99146454710798,TRUE,"OK"
2,500,0.1,0.1,"Full-GMM",-2,0.885501172315295,5.99146454710798,TRUE,"OK"
2,500,0.1,0.1,"Full-GMM",-1.8,0.266897937279007,5.99146454710798,TRUE,"OK"
2,500,0.1,0.1,"Full-GMM",-1.6,0.982458839101263,5.99146454710798,TRUE,"OK"
2,500,0.1,0.1,"Full-GMM",-1.4,1.13639547887509,5.99146454710798,TRUE,"OK"
2,500,0.1,0.1,"Full-GMM",-1.2,4.33308852377552,5.99146454710798,TRUE,"OK"
2,500,0.1,0.1,"Full-GMM",-1,2.84061907364734,5.99146454710798,TRUE,"OK"
2,500,0.1,0.1,"Full-GMM",-0.8,1.45755447331998,5.99146454710798,TRUE,"OK"
2,500,0.1,0.1,"Full-GMM",-0.6,0.504900790916732,5.99146454710798,TRUE,"OK"
2,500,0.1,0.1,"Full-GMM",-0.4,0.407072088122497,5.99146454710798,TRUE,"OK"
2,500,0.1,0.1,"Full-GMM",-0.2,0.558188202361415,5.99146454710798,TRUE,"OK"
2,500,0.1,0.1,"Full-GMM",0,0.958262435520292,5.99146454710798,TRUE,"OK"
2,500,0.1,0.1,"Full-GMM",0.2,1.45700704980381,5.99146454710798,TRUE,"OK"
2,500,0.1,0.1,"Full-GMM",0.4,4.88599514216058,5.99146454710798,TRUE,"OK"
2,500,0.1,0.1,"Full-GMM",0.6,0.74610925812439,5.99146454710798,TRUE,"OK"
2,500,0.1,0.1,"Full-GMM",0.8,0.179004840673671,5.99146454710798,TRUE,"OK"
2,500,0.1,0.1,"Full-GMM",1,0.147454197598095,5.99146454710798,TRUE,"OK"
2,500,0.1,0.1,"Full-GMM",1.2,3.52706931181604,5.99146454710798,TRUE,"OK"
2,500,0.1,0.1,"Full-GMM",1.4,0.0312017059108477,5.99146454710798,TRUE,"OK"
2,500,0.1,0.1,"Full-GMM",1.6,0.453920035701722,5.99146454710798,TRUE,"OK"
2,500,0.1,0.1,"Full-GMM",1.8,0.366913338066854,5.99146454710798,TRUE,"OK"
2,500,0.1,0.1,"Full-GMM",2,3.27460055902381,5.99146454710798,TRUE,"OK"
2,500,0.1,0.1,"Full-GMM",2.2,1.85253211112609,5.99146454710798,TRUE,"OK"
2,500,0.1,0.1,"Full-GMM",2.4,2.21315501105626,5.99146454710798,TRUE,"OK"
2,500,0.1,0.1,"Full-GMM",2.6,1.15345436894475,5.99146454710798,TRUE,"OK"
2,500,0.1,0.1,"Full-GMM",2.8,2.92921468070092,5.99146454710798,TRUE,"OK"
2,500,0.1,0.1,"Full-GMM",3,0.371959263219765,5.99146454710798,TRUE,"OK"
2,500,0.1,0.1,"Full-GMM",3.2,0.239613596939299,5.99146454710798,TRUE,"OK"
2,500,0.1,0.1,"Full-GMM",3.4,0.676307940638732,5.99146454710798,TRUE,"OK"
2,500,0.1,0.1,"Full-GMM",3.6,0.428882054583747,5.99146454710798,TRUE,"OK"
2,500,0.1,0.1,"Full-GMM",3.8,3.01590806074517,5.99146454710798,TRUE,"OK"
2,500,0.1,0.1,"Full-GMM",4,0.154541359877396,5.99146454710798,TRUE,"OK"
2,500,0.1,0.1,"Full-GMM",4.2,0.62352446143536,5.99146454710798,TRUE,"OK"
2,500,0.1,0.1,"Full-GMM",4.4,0.322559018536422,5.99146454710798,TRUE,"OK"
2,500,0.1,0.1,"Full-GMM",4.6,0.429135230925825,5.99146454710798,TRUE,"OK"
2,500,0.1,0.1,"Full-GMM",4.8,1.46582726393407,5.99146454710798,TRUE,"OK"
2,500,0.1,0.1,"Full-GMM",5,0.210690347111409,5.99146454710798,TRUE,"OK"
2,500,0.1,0.1,"DML-IVQR",-3,10.8810333579481,5.99146454710798,FALSE,"OK"
2,500,0.1,0.1,"DML-IVQR",-2.8,11.0662454552881,5.99146454710798,FALSE,"OK"
2,500,0.1,0.1,"DML-IVQR",-2.6,10.5797474991163,5.99146454710798,FALSE,"OK"
2,500,0.1,0.1,"DML-IVQR",-2.4,9.39673799671201,5.99146454710798,FALSE,"OK"
2,500,0.1,0.1,"DML-IVQR",-2.2,9.79393575182846,5.99146454710798,FALSE,"OK"
2,500,0.1,0.1,"DML-IVQR",-2,7.66019755956212,5.99146454710798,FALSE,"OK"
2,500,0.1,0.1,"DML-IVQR",-1.8,7.75525354337932,5.99146454710798,FALSE,"OK"
2,500,0.1,0.1,"DML-IVQR",-1.6,6.41350950415953,5.99146454710798,FALSE,"OK"
2,500,0.1,0.1,"DML-IVQR",-1.4,8.22273658459694,5.99146454710798,FALSE,"OK"
2,500,0.1,0.1,"DML-IVQR",-1.2,4.82870351401289,5.99146454710798,TRUE,"OK"
2,500,0.1,0.1,"DML-IVQR",-1,0.122614835596632,5.99146454710798,TRUE,"OK"
2,500,0.1,0.1,"DML-IVQR",-0.8,0.349028856728289,5.99146454710798,TRUE,"OK"
2,500,0.1,0.1,"DML-IVQR",-0.6,0.132459259519918,5.99146454710798,TRUE,"OK"
2,500,0.1,0.1,"DML-IVQR",-0.4,0.380284951792779,5.99146454710798,TRUE,"OK"
2,500,0.1,0.1,"DML-IVQR",-0.2,0.54666390022091,5.99146454710798,TRUE,"OK"
2,500,0.1,0.1,"DML-IVQR",0,0.210341889227975,5.99146454710798,TRUE,"OK"
2,500,0.1,0.1,"DML-IVQR",0.2,0.0529524594230477,5.99146454710798,TRUE,"OK"
2,500,0.1,0.1,"DML-IVQR",0.4,0.351878490603092,5.99146454710798,TRUE,"OK"
2,500,0.1,0.1,"DML-IVQR",0.6,1.03235738368299,5.99146454710798,TRUE,"OK"
2,500,0.1,0.1,"DML-IVQR",0.8,0.576327008733331,5.99146454710798,TRUE,"OK"
2,500,0.1,0.1,"DML-IVQR",1,0.80657451325243,5.99146454710798,TRUE,"OK"
2,500,0.1,0.1,"DML-IVQR",1.2,1.23679896762288,5.99146454710798,TRUE,"OK"
2,500,0.1,0.1,"DML-IVQR",1.4,1.05401556373069,5.99146454710798,TRUE,"OK"
2,500,0.1,0.1,"DML-IVQR",1.6,0.723429569053395,5.99146454710798,TRUE,"OK"
2,500,0.1,0.1,"DML-IVQR",1.8,0.959150803751195,5.99146454710798,TRUE,"OK"
2,500,0.1,0.1,"DML-IVQR",2,2.83973344432497,5.99146454710798,TRUE,"OK"
2,500,0.1,0.1,"DML-IVQR",2.2,2.91224754142001,5.99146454710798,TRUE,"OK"
2,500,0.1,0.1,"DML-IVQR",2.4,3.05073714524598,5.99146454710798,TRUE,"OK"
2,500,0.1,0.1,"DML-IVQR",2.6,3.17133488460836,5.99146454710798,TRUE,"OK"
2,500,0.1,0.1,"DML-IVQR",2.8,2.82326023223219,5.99146454710798,TRUE,"OK"
2,500,0.1,0.1,"DML-IVQR",3,3.27129222746631,5.99146454710798,TRUE,"OK"
2,500,0.1,0.1,"DML-IVQR",3.2,2.65482740950509,5.99146454710798,TRUE,"OK"
2,500,0.1,0.1,"DML-IVQR",3.4,5.48928630562979,5.99146454710798,TRUE,"OK"
2,500,0.1,0.1,"DML-IVQR",3.6,4.62129488269319,5.99146454710798,TRUE,"OK"
2,500,0.1,0.1,"DML-IVQR",3.8,6.56113440232694,5.99146454710798,FALSE,"OK"
2,500,0.1,0.1,"DML-IVQR",4,6.00126746482197,5.99146454710798,FALSE,"OK"
2,500,0.1,0.1,"DML-IVQR",4.2,5.92032254130761,5.99146454710798,TRUE,"OK"
2,500,0.1,0.1,"DML-IVQR",4.4,4.30937013317505,5.99146454710798,TRUE,"OK"
2,500,0.1,0.1,"DML-IVQR",4.6,5.56783496532025,5.99146454710798,TRUE,"OK"
2,500,0.1,0.1,"DML-IVQR",4.8,4.66151092280156,5.99146454710798,TRUE,"OK"
2,500,0.1,0.1,"DML-IVQR",5,7.261342846146,5.99146454710798,FALSE,"OK"
2,500,0.1,0.5,"Oracle-GMM",-3,2.87702820834358,5.99146454710798,TRUE,"OK"
2,500,0.1,0.5,"Oracle-GMM",-2.8,1.56045953870972,5.99146454710798,TRUE,"OK"
2,500,0.1,0.5,"Oracle-GMM",-2.6,4.00501077701498,5.99146454710798,TRUE,"OK"
2,500,0.1,0.5,"Oracle-GMM",-2.4,3.6510423678886,5.99146454710798,TRUE,"OK"
2,500,0.1,0.5,"Oracle-GMM",-2.2,2.75223575181133,5.99146454710798,TRUE,"OK"
2,500,0.1,0.5,"Oracle-GMM",-2,3.57575610540182,5.99146454710798,TRUE,"OK"
2,500,0.1,0.5,"Oracle-GMM",-1.8,2.63115274869345,5.99146454710798,TRUE,"OK"
2,500,0.1,0.5,"Oracle-GMM",-1.6,2.22956574568923,5.99146454710798,TRUE,"OK"
2,500,0.1,0.5,"Oracle-GMM",-1.4,2.96310689727976,5.99146454710798,TRUE,"OK"
2,500,0.1,0.5,"Oracle-GMM",-1.2,2.48458859494206,5.99146454710798,TRUE,"OK"
2,500,0.1,0.5,"Oracle-GMM",-1,2.32533606270888,5.99146454710798,TRUE,"OK"
2,500,0.1,0.5,"Oracle-GMM",-0.8,1.81603918065434,5.99146454710798,TRUE,"OK"
2,500,0.1,0.5,"Oracle-GMM",-0.6,2.54165379974367,5.99146454710798,TRUE,"OK"
2,500,0.1,0.5,"Oracle-GMM",-0.4,2.82232816422357,5.99146454710798,TRUE,"OK"
2,500,0.1,0.5,"Oracle-GMM",-0.2,1.21751546917302,5.99146454710798,TRUE,"OK"
2,500,0.1,0.5,"Oracle-GMM",0,0.674420987914604,5.99146454710798,TRUE,"OK"
2,500,0.1,0.5,"Oracle-GMM",0.2,0.213560323629104,5.99146454710798,TRUE,"OK"
2,500,0.1,0.5,"Oracle-GMM",0.4,0.19257317188233,5.99146454710798,TRUE,"OK"
2,500,0.1,0.5,"Oracle-GMM",0.6,0.193729460285844,5.99146454710798,TRUE,"OK"
2,500,0.1,0.5,"Oracle-GMM",0.8,0.674306131196073,5.99146454710798,TRUE,"OK"
2,500,0.1,0.5,"Oracle-GMM",1,0.235912385247958,5.99146454710798,TRUE,"OK"
2,500,0.1,0.5,"Oracle-GMM",1.2,0.726611905933318,5.99146454710798,TRUE,"OK"
2,500,0.1,0.5,"Oracle-GMM",1.4,1.25356821892452,5.99146454710798,TRUE,"OK"
2,500,0.1,0.5,"Oracle-GMM",1.6,0.82860598293881,5.99146454710798,TRUE,"OK"
2,500,0.1,0.5,"Oracle-GMM",1.8,3.33206700740967,5.99146454710798,TRUE,"OK"
2,500,0.1,0.5,"Oracle-GMM",2,3.95785164740095,5.99146454710798,TRUE,"OK"
2,500,0.1,0.5,"Oracle-GMM",2.2,2.36762976216526,5.99146454710798,TRUE,"OK"
2,500,0.1,0.5,"Oracle-GMM",2.4,2.23417377894042,5.99146454710798,TRUE,"OK"
2,500,0.1,0.5,"Oracle-GMM",2.6,1.20643193722156,5.99146454710798,TRUE,"OK"
2,500,0.1,0.5,"Oracle-GMM",2.8,2.01286261576316,5.99146454710798,TRUE,"OK"
2,500,0.1,0.5,"Oracle-GMM",3,1.95734560460924,5.99146454710798,TRUE,"OK"
2,500,0.1,0.5,"Oracle-GMM",3.2,1.44841413048722,5.99146454710798,TRUE,"OK"
2,500,0.1,0.5,"Oracle-GMM",3.4,2.54744614698005,5.99146454710798,TRUE,"OK"
2,500,0.1,0.5,"Oracle-GMM",3.6,1.57709438328028,5.99146454710798,TRUE,"OK"
2,500,0.1,0.5,"Oracle-GMM",3.8,2.21665694419118,5.99146454710798,TRUE,"OK"
2,500,0.1,0.5,"Oracle-GMM",4,1.42231020273566,5.99146454710798,TRUE,"OK"
2,500,0.1,0.5,"Oracle-GMM",4.2,1.84033858911184,5.99146454710798,TRUE,"OK"
2,500,0.1,0.5,"Oracle-GMM",4.4,2.63113237206057,5.99146454710798,TRUE,"OK"
2,500,0.1,0.5,"Oracle-GMM",4.6,2.98020084124956,5.99146454710798,TRUE,"OK"
2,500,0.1,0.5,"Oracle-GMM",4.8,3.81040920810823,5.99146454710798,TRUE,"OK"
2,500,0.1,0.5,"Oracle-GMM",5,4.4247579271345,5.99146454710798,TRUE,"OK"
2,500,0.1,0.5,"Full-GMM",-3,2.21263256653632,5.99146454710798,TRUE,"OK"
2,500,0.1,0.5,"Full-GMM",-2.8,3.6950620871882,5.99146454710798,TRUE,"OK"
2,500,0.1,0.5,"Full-GMM",-2.6,3.74203629153471,5.99146454710798,TRUE,"OK"
2,500,0.1,0.5,"Full-GMM",-2.4,2.21866219344832,5.99146454710798,TRUE,"OK"
2,500,0.1,0.5,"Full-GMM",-2.2,2.78894275660971,5.99146454710798,TRUE,"OK"
2,500,0.1,0.5,"Full-GMM",-2,1.12908898414746,5.99146454710798,TRUE,"OK"
2,500,0.1,0.5,"Full-GMM",-1.8,0.336998407248158,5.99146454710798,TRUE,"OK"
2,500,0.1,0.5,"Full-GMM",-1.6,2.87013081641566,5.99146454710798,TRUE,"OK"
2,500,0.1,0.5,"Full-GMM",-1.4,0.563844926097301,5.99146454710798,TRUE,"OK"
2,500,0.1,0.5,"Full-GMM",-1.2,0.413668776050858,5.99146454710798,TRUE,"OK"
2,500,0.1,0.5,"Full-GMM",-1,3.08342113355382,5.99146454710798,TRUE,"OK"
2,500,0.1,0.5,"Full-GMM",-0.8,0.942222289239425,5.99146454710798,TRUE,"OK"
2,500,0.1,0.5,"Full-GMM",-0.6,0.44360942084308,5.99146454710798,TRUE,"OK"
2,500,0.1,0.5,"Full-GMM",-0.4,0.671353141658638,5.99146454710798,TRUE,"OK"
2,500,0.1,0.5,"Full-GMM",-0.2,0.589728546403732,5.99146454710798,TRUE,"OK"
2,500,0.1,0.5,"Full-GMM",0,0.0501529758079216,5.99146454710798,TRUE,"OK"
2,500,0.1,0.5,"Full-GMM",0.2,0.710812756665034,5.99146454710798,TRUE,"OK"
2,500,0.1,0.5,"Full-GMM",0.4,0.584122562087554,5.99146454710798,TRUE,"OK"
2,500,0.1,0.5,"Full-GMM",0.6,2.11542367187573,5.99146454710798,TRUE,"OK"
2,500,0.1,0.5,"Full-GMM",0.8,0.263776095116424,5.99146454710798,TRUE,"OK"
2,500,0.1,0.5,"Full-GMM",1,0.178555389402204,5.99146454710798,TRUE,"OK"
2,500,0.1,0.5,"Full-GMM",1.2,0.024961617272933,5.99146454710798,TRUE,"OK"
2,500,0.1,0.5,"Full-GMM",1.4,1.48255588663607,5.99146454710798,TRUE,"OK"
2,500,0.1,0.5,"Full-GMM",1.6,2.47039791955773,5.99146454710798,TRUE,"OK"
2,500,0.1,0.5,"Full-GMM",1.8,4.35091217193378,5.99146454710798,TRUE,"OK"
2,500,0.1,0.5,"Full-GMM",2,7.76250437441511,5.99146454710798,FALSE,"OK"
2,500,0.1,0.5,"Full-GMM",2.2,4.18475918412501,5.99146454710798,TRUE,"OK"
2,500,0.1,0.5,"Full-GMM",2.4,2.92981541373645,5.99146454710798,TRUE,"OK"
2,500,0.1,0.5,"Full-GMM",2.6,7.4075629231991,5.99146454710798,FALSE,"OK"
2,500,0.1,0.5,"Full-GMM",2.8,5.18479540816786,5.99146454710798,TRUE,"OK"
2,500,0.1,0.5,"Full-GMM",3,5.00823665035971,5.99146454710798,TRUE,"OK"
2,500,0.1,0.5,"Full-GMM",3.2,7.01667383625476,5.99146454710798,FALSE,"OK"
2,500,0.1,0.5,"Full-GMM",3.4,4.77688811924639,5.99146454710798,TRUE,"OK"
2,500,0.1,0.5,"Full-GMM",3.6,4.8626850182601,5.99146454710798,TRUE,"OK"
2,500,0.1,0.5,"Full-GMM",3.8,8.42074544361934,5.99146454710798,FALSE,"OK"
2,500,0.1,0.5,"Full-GMM",4,5.30224456180181,5.99146454710798,TRUE,"OK"
2,500,0.1,0.5,"Full-GMM",4.2,4.15997434172926,5.99146454710798,TRUE,"OK"
2,500,0.1,0.5,"Full-GMM",4.4,4.33719489427026,5.99146454710798,TRUE,"OK"
2,500,0.1,0.5,"Full-GMM",4.6,4.06570489006556,5.99146454710798,TRUE,"OK"
2,500,0.1,0.5,"Full-GMM",4.8,8.4171000878983,5.99146454710798,FALSE,"OK"
2,500,0.1,0.5,"Full-GMM",5,8.08579705894519,5.99146454710798,FALSE,"OK"
2,500,0.1,0.5,"DML-IVQR",-3,5.24998052604003,5.99146454710798,TRUE,"OK"
2,500,0.1,0.5,"DML-IVQR",-2.8,4.59664321662663,5.99146454710798,TRUE,"OK"
2,500,0.1,0.5,"DML-IVQR",-2.6,5.46018464846523,5.99146454710798,TRUE,"OK"
2,500,0.1,0.5,"DML-IVQR",-2.4,3.02089259686012,5.99146454710798,TRUE,"OK"
2,500,0.1,0.5,"DML-IVQR",-2.2,3.33213310646088,5.99146454710798,TRUE,"OK"
2,500,0.1,0.5,"DML-IVQR",-2,3.61511662010692,5.99146454710798,TRUE,"OK"
2,500,0.1,0.5,"DML-IVQR",-1.8,2.22951935902024,5.99146454710798,TRUE,"OK"
2,500,0.1,0.5,"DML-IVQR",-1.6,3.20968024784715,5.99146454710798,TRUE,"OK"
2,500,0.1,0.5,"DML-IVQR",-1.4,2.35071335374733,5.99146454710798,TRUE,"OK"
2,500,0.1,0.5,"DML-IVQR",-1.2,3.27925966298112,5.99146454710798,TRUE,"OK"
2,500,0.1,0.5,"DML-IVQR",-1,2.10097745319627,5.99146454710798,TRUE,"OK"
2,500,0.1,0.5,"DML-IVQR",-0.8,1.94881089201963,5.99146454710798,TRUE,"OK"
2,500,0.1,0.5,"DML-IVQR",-0.6,1.86189462374943,5.99146454710798,TRUE,"OK"
2,500,0.1,0.5,"DML-IVQR",-0.4,0.578941052715983,5.99146454710798,TRUE,"OK"
2,500,0.1,0.5,"DML-IVQR",-0.2,0.944093644680747,5.99146454710798,TRUE,"OK"
2,500,0.1,0.5,"DML-IVQR",0,0.58151429220602,5.99146454710798,TRUE,"OK"
2,500,0.1,0.5,"DML-IVQR",0.2,0.0972429902385383,5.99146454710798,TRUE,"OK"
2,500,0.1,0.5,"DML-IVQR",0.4,0.319378560129807,5.99146454710798,TRUE,"OK"
2,500,0.1,0.5,"DML-IVQR",0.6,0.206768860898409,5.99146454710798,TRUE,"OK"
2,500,0.1,0.5,"DML-IVQR",0.8,0.219660273317866,5.99146454710798,TRUE,"OK"
2,500,0.1,0.5,"DML-IVQR",1,0.385523646408752,5.99146454710798,TRUE,"OK"
2,500,0.1,0.5,"DML-IVQR",1.2,0.11523371975139,5.99146454710798,TRUE,"OK"
2,500,0.1,0.5,"DML-IVQR",1.4,0.131624715190903,5.99146454710798,TRUE,"OK"
2,500,0.1,0.5,"DML-IVQR",1.6,0.761122647270831,5.99146454710798,TRUE,"OK"
2,500,0.1,0.5,"DML-IVQR",1.8,0.549670961584588,5.99146454710798,TRUE,"OK"
2,500,0.1,0.5,"DML-IVQR",2,0.548779819560666,5.99146454710798,TRUE,"OK"
2,500,0.1,0.5,"DML-IVQR",2.2,0.45211450360072,5.99146454710798,TRUE,"OK"
2,500,0.1,0.5,"DML-IVQR",2.4,0.61300863314828,5.99146454710798,TRUE,"OK"
2,500,0.1,0.5,"DML-IVQR",2.6,1.25792132009206,5.99146454710798,TRUE,"OK"
2,500,0.1,0.5,"DML-IVQR",2.8,1.17636339393626,5.99146454710798,TRUE,"OK"
2,500,0.1,0.5,"DML-IVQR",3,1.63737598328226,5.99146454710798,TRUE,"OK"
2,500,0.1,0.5,"DML-IVQR",3.2,1.41881240553589,5.99146454710798,TRUE,"OK"
2,500,0.1,0.5,"DML-IVQR",3.4,0.775477292758959,5.99146454710798,TRUE,"OK"
2,500,0.1,0.5,"DML-IVQR",3.6,0.479024036300823,5.99146454710798,TRUE,"OK"
2,500,0.1,0.5,"DML-IVQR",3.8,0.534968804489365,5.99146454710798,TRUE,"OK"
2,500,0.1,0.5,"DML-IVQR",4,0.56278635028929,5.99146454710798,TRUE,"OK"
2,500,0.1,0.5,"DML-IVQR",4.2,0.146217872198038,5.99146454710798,TRUE,"OK"
2,500,0.1,0.5,"DML-IVQR",4.4,0.464381355611047,5.99146454710798,TRUE,"OK"
2,500,0.1,0.5,"DML-IVQR",4.6,0.586178901540055,5.99146454710798,TRUE,"OK"
2,500,0.1,0.5,"DML-IVQR",4.8,0.365217106793138,5.99146454710798,TRUE,"OK"
2,500,0.1,0.5,"DML-IVQR",5,0.834946596823393,5.99146454710798,TRUE,"OK"
2,500,0.1,0.9,"Oracle-GMM",-3,3.67705297392287,5.99146454710798,TRUE,"OK"
2,500,0.1,0.9,"Oracle-GMM",-2.8,2.32201597918679,5.99146454710798,TRUE,"OK"
2,500,0.1,0.9,"Oracle-GMM",-2.6,3.78512252325926,5.99146454710798,TRUE,"OK"
2,500,0.1,0.9,"Oracle-GMM",-2.4,2.12030788122598,5.99146454710798,TRUE,"OK"
2,500,0.1,0.9,"Oracle-GMM",-2.2,4.22155815602443,5.99146454710798,TRUE,"OK"
2,500,0.1,0.9,"Oracle-GMM",-2,1.97458353773989,5.99146454710798,TRUE,"OK"
2,500,0.1,0.9,"Oracle-GMM",-1.8,4.23666005528252,5.99146454710798,TRUE,"OK"
2,500,0.1,0.9,"Oracle-GMM",-1.6,4.65678212282454,5.99146454710798,TRUE,"OK"
2,500,0.1,0.9,"Oracle-GMM",-1.4,3.66207501737281,5.99146454710798,TRUE,"OK"
2,500,0.1,0.9,"Oracle-GMM",-1.2,2.18355067841471,5.99146454710798,TRUE,"OK"
2,500,0.1,0.9,"Oracle-GMM",-1,2.49726200075392,5.99146454710798,TRUE,"OK"
2,500,0.1,0.9,"Oracle-GMM",-0.8,2.9423781048924,5.99146454710798,TRUE,"OK"
2,500,0.1,0.9,"Oracle-GMM",-0.6,2.43455594046464,5.99146454710798,TRUE,"OK"
2,500,0.1,0.9,"Oracle-GMM",-0.4,2.20829831246037,5.99146454710798,TRUE,"OK"
2,500,0.1,0.9,"Oracle-GMM",-0.2,3.96316869033338,5.99146454710798,TRUE,"OK"
2,500,0.1,0.9,"Oracle-GMM",0,1.50156588884177,5.99146454710798,TRUE,"OK"
2,500,0.1,0.9,"Oracle-GMM",0.2,2.72949150832777,5.99146454710798,TRUE,"OK"
2,500,0.1,0.9,"Oracle-GMM",0.4,1.35399313747514,5.99146454710798,TRUE,"OK"
2,500,0.1,0.9,"Oracle-GMM",0.6,2.89277774519136,5.99146454710798,TRUE,"OK"
2,500,0.1,0.9,"Oracle-GMM",0.8,0.697274070314859,5.99146454710798,TRUE,"OK"
2,500,0.1,0.9,"Oracle-GMM",1,1.25827505108487,5.99146454710798,TRUE,"OK"
2,500,0.1,0.9,"Oracle-GMM",1.2,1.31242002558292,5.99146454710798,TRUE,"OK"
2,500,0.1,0.9,"Oracle-GMM",1.4,2.09497689980349,5.99146454710798,TRUE,"OK"
2,500,0.1,0.9,"Oracle-GMM",1.6,2.07386009116369,5.99146454710798,TRUE,"OK"
2,500,0.1,0.9,"Oracle-GMM",1.8,1.74998185345176,5.99146454710798,TRUE,"OK"
2,500,0.1,0.9,"Oracle-GMM",2,1.44424183335871,5.99146454710798,TRUE,"OK"
2,500,0.1,0.9,"Oracle-GMM",2.2,0.759147234757876,5.99146454710798,TRUE,"OK"
2,500,0.1,0.9,"Oracle-GMM",2.4,2.53564299245419,5.99146454710798,TRUE,"OK"
2,500,0.1,0.9,"Oracle-GMM",2.6,3.21947814604878,5.99146454710798,TRUE,"OK"
2,500,0.1,0.9,"Oracle-GMM",2.8,2.41745986952048,5.99146454710798,TRUE,"OK"
2,500,0.1,0.9,"Oracle-GMM",3,0.0412325203425919,5.99146454710798,TRUE,"OK"
2,500,0.1,0.9,"Oracle-GMM",3.2,0.454653757873323,5.99146454710798,TRUE,"OK"
2,500,0.1,0.9,"Oracle-GMM",3.4,0.852782207940455,5.99146454710798,TRUE,"OK"
2,500,0.1,0.9,"Oracle-GMM",3.6,0.436567837350145,5.99146454710798,TRUE,"OK"
2,500,0.1,0.9,"Oracle-GMM",3.8,1.43659855273438,5.99146454710798,TRUE,"OK"
2,500,0.1,0.9,"Oracle-GMM",4,0.739138190242284,5.99146454710798,TRUE,"OK"
2,500,0.1,0.9,"Oracle-GMM",4.2,1.6241754417969,5.99146454710798,TRUE,"OK"
2,500,0.1,0.9,"Oracle-GMM",4.4,1.01887294045442,5.99146454710798,TRUE,"OK"
2,500,0.1,0.9,"Oracle-GMM",4.6,1.9770535433418,5.99146454710798,TRUE,"OK"
2,500,0.1,0.9,"Oracle-GMM",4.8,1.32940417505465,5.99146454710798,TRUE,"OK"
2,500,0.1,0.9,"Oracle-GMM",5,1.75003547591809,5.99146454710798,TRUE,"OK"
2,500,0.1,0.9,"Full-GMM",-3,1.15077768734836,5.99146454710798,TRUE,"OK"
2,500,0.1,0.9,"Full-GMM",-2.8,0.296158147552159,5.99146454710798,TRUE,"OK"
2,500,0.1,0.9,"Full-GMM",-2.6,0.091759832758605,5.99146454710798,TRUE,"OK"
2,500,0.1,0.9,"Full-GMM",-2.4,2.52004906353738,5.99146454710798,TRUE,"OK"
2,500,0.1,0.9,"Full-GMM",-2.2,2.65638127823691,5.99146454710798,TRUE,"OK"
2,500,0.1,0.9,"Full-GMM",-2,3.48499670850603,5.99146454710798,TRUE,"OK"
2,500,0.1,0.9,"Full-GMM",-1.8,3.57858909714756,5.99146454710798,TRUE,"OK"
2,500,0.1,0.9,"Full-GMM",-1.6,0.735349797905664,5.99146454710798,TRUE,"OK"
2,500,0.1,0.9,"Full-GMM",-1.4,2.66289457597162,5.99146454710798,TRUE,"OK"
2,500,0.1,0.9,"Full-GMM",-1.2,1.23427334361019,5.99146454710798,TRUE,"OK"
2,500,0.1,0.9,"Full-GMM",-1,2.39392264953069,5.99146454710798,TRUE,"OK"
2,500,0.1,0.9,"Full-GMM",-0.8,4.73384471237108,5.99146454710798,TRUE,"OK"
2,500,0.1,0.9,"Full-GMM",-0.6,2.60722365377047,5.99146454710798,TRUE,"OK"
2,500,0.1,0.9,"Full-GMM",-0.4,0.912751470764661,5.99146454710798,TRUE,"OK"
2,500,0.1,0.9,"Full-GMM",-0.2,1.51499903294875,5.99146454710798,TRUE,"OK"
2,500,0.1,0.9,"Full-GMM",0,1.58321133133533,5.99146454710798,TRUE,"OK"
2,500,0.1,0.9,"Full-GMM",0.2,0.523773835872839,5.99146454710798,TRUE,"OK"
2,500,0.1,0.9,"Full-GMM",0.4,2.13704725648112,5.99146454710798,TRUE,"OK"
2,500,0.1,0.9,"Full-GMM",0.6,1.33123819955318,5.99146454710798,TRUE,"OK"
2,500,0.1,0.9,"Full-GMM",0.8,1.79254460581697,5.99146454710798,TRUE,"OK"
2,500,0.1,0.9,"Full-GMM",1,1.43635211481356,5.99146454710798,TRUE,"OK"
2,500,0.1,0.9,"Full-GMM",1.2,3.94250019184154,5.99146454710798,TRUE,"OK"
2,500,0.1,0.9,"Full-GMM",1.4,2.4201179449662,5.99146454710798,TRUE,"OK"
2,500,0.1,0.9,"Full-GMM",1.6,1.25463836234339,5.99146454710798,TRUE,"OK"
2,500,0.1,0.9,"Full-GMM",1.8,1.90895788137561,5.99146454710798,TRUE,"OK"
2,500,0.1,0.9,"Full-GMM",2,2.43970795356574,5.99146454710798,TRUE,"OK"
2,500,0.1,0.9,"Full-GMM",2.2,0.82053271318105,5.99146454710798,TRUE,"OK"
2,500,0.1,0.9,"Full-GMM",2.4,3.46120601089638,5.99146454710798,TRUE,"OK"
2,500,0.1,0.9,"Full-GMM",2.6,2.79098322892334,5.99146454710798,TRUE,"OK"
2,500,0.1,0.9,"Full-GMM",2.8,3.92551258415557,5.99146454710798,TRUE,"OK"
2,500,0.1,0.9,"Full-GMM",3,1.89413006134458,5.99146454710798,TRUE,"OK"
2,500,0.1,0.9,"Full-GMM",3.2,0.728857133135846,5.99146454710798,TRUE,"OK"
2,500,0.1,0.9,"Full-GMM",3.4,1.21438193435835,5.99146454710798,TRUE,"OK"
2,500,0.1,0.9,"Full-GMM",3.6,1.17153642430505,5.99146454710798,TRUE,"OK"
2,500,0.1,0.9,"Full-GMM",3.8,0.229144404890869,5.99146454710798,TRUE,"OK"
2,500,0.1,0.9,"Full-GMM",4,4.72322454128882,5.99146454710798,TRUE,"OK"
2,500,0.1,0.9,"Full-GMM",4.2,4.65075828024481,5.99146454710798,TRUE,"OK"
2,500,0.1,0.9,"Full-GMM",4.4,5.2257703948972,5.99146454710798,TRUE,"OK"
2,500,0.1,0.9,"Full-GMM",4.6,0.481529888216653,5.99146454710798,TRUE,"OK"
2,500,0.1,0.9,"Full-GMM",4.8,1.38651574861237,5.99146454710798,TRUE,"OK"
2,500,0.1,0.9,"Full-GMM",5,3.37603003235388,5.99146454710798,TRUE,"OK"
2,500,0.1,0.9,"DML-IVQR",-3,1.76153602750508,5.99146454710798,TRUE,"OK"
2,500,0.1,0.9,"DML-IVQR",-2.8,1.3690875390218,5.99146454710798,TRUE,"OK"
2,500,0.1,0.9,"DML-IVQR",-2.6,1.25085234553303,5.99146454710798,TRUE,"OK"
2,500,0.1,0.9,"DML-IVQR",-2.4,1.64274252810313,5.99146454710798,TRUE,"OK"
2,500,0.1,0.9,"DML-IVQR",-2.2,1.03032403890373,5.99146454710798,TRUE,"OK"
2,500,0.1,0.9,"DML-IVQR",-2,0.795497951230819,5.99146454710798,TRUE,"OK"
2,500,0.1,0.9,"DML-IVQR",-1.8,1.42611538431941,5.99146454710798,TRUE,"OK"
2,500,0.1,0.9,"DML-IVQR",-1.6,1.39285638686489,5.99146454710798,TRUE,"OK"
2,500,0.1,0.9,"DML-IVQR",-1.4,1.40059011845771,5.99146454710798,TRUE,"OK"
2,500,0.1,0.9,"DML-IVQR",-1.2,1.29724490981409,5.99146454710798,TRUE,"OK"
2,500,0.1,0.9,"DML-IVQR",-1,1.0415198256588,5.99146454710798,TRUE,"OK"
2,500,0.1,0.9,"DML-IVQR",-0.8,1.91624119489619,5.99146454710798,TRUE,"OK"
2,500,0.1,0.9,"DML-IVQR",-0.6,1.88643731627456,5.99146454710798,TRUE,"OK"
2,500,0.1,0.9,"DML-IVQR",-0.4,1.34973387092688,5.99146454710798,TRUE,"OK"
2,500,0.1,0.9,"DML-IVQR",-0.2,1.43290979273325,5.99146454710798,TRUE,"OK"
2,500,0.1,0.9,"DML-IVQR",0,0.499713074237957,5.99146454710798,TRUE,"OK"
2,500,0.1,0.9,"DML-IVQR",0.2,1.42450964649665,5.99146454710798,TRUE,"OK"
2,500,0.1,0.9,"DML-IVQR",0.4,0.549492691027436,5.99146454710798,TRUE,"OK"
2,500,0.1,0.9,"DML-IVQR",0.6,0.722109154286704,5.99146454710798,TRUE,"OK"
2,500,0.1,0.9,"DML-IVQR",0.8,1.09428886247872,5.99146454710798,TRUE,"OK"
2,500,0.1,0.9,"DML-IVQR",1,0.514282466378937,5.99146454710798,TRUE,"OK"
2,500,0.1,0.9,"DML-IVQR",1.2,0.737025650609014,5.99146454710798,TRUE,"OK"
2,500,0.1,0.9,"DML-IVQR",1.4,0.540871906032699,5.99146454710798,TRUE,"OK"
2,500,0.1,0.9,"DML-IVQR",1.6,1.7083519782164,5.99146454710798,TRUE,"OK"
2,500,0.1,0.9,"DML-IVQR",1.8,4.48455687255597,5.99146454710798,TRUE,"OK"
2,500,0.1,0.9,"DML-IVQR",2,3.90951794201167,5.99146454710798,TRUE,"OK"
2,500,0.1,0.9,"DML-IVQR",2.2,2.99868772278036,5.99146454710798,TRUE,"OK"
2,500,0.1,0.9,"DML-IVQR",2.4,4.28931872834724,5.99146454710798,TRUE,"OK"
2,500,0.1,0.9,"DML-IVQR",2.6,0.433592440818261,5.99146454710798,TRUE,"OK"
2,500,0.1,0.9,"DML-IVQR",2.8,0.368409370030089,5.99146454710798,TRUE,"OK"
2,500,0.1,0.9,"DML-IVQR",3,0.646861319053371,5.99146454710798,TRUE,"OK"
2,500,0.1,0.9,"DML-IVQR",3.2,1.19458275346015,5.99146454710798,TRUE,"OK"
2,500,0.1,0.9,"DML-IVQR",3.4,1.26464612433945,5.99146454710798,TRUE,"OK"
2,500,0.1,0.9,"DML-IVQR",3.6,0.369379599223005,5.99146454710798,TRUE,"OK"
2,500,0.1,0.9,"DML-IVQR",3.8,0.45899485772122,5.99146454710798,TRUE,"OK"
2,500,0.1,0.9,"DML-IVQR",4,0.355785675998331,5.99146454710798,TRUE,"OK"
2,500,0.1,0.9,"DML-IVQR",4.2,0.35510342741183,5.99146454710798,TRUE,"OK"
2,500,0.1,0.9,"DML-IVQR",4.4,1.04601934147348,5.99146454710798,TRUE,"OK"
2,500,0.1,0.9,"DML-IVQR",4.6,0.657499106534784,5.99146454710798,TRUE,"OK"
2,500,0.1,0.9,"DML-IVQR",4.8,0.277412378924576,5.99146454710798,TRUE,"OK"
2,500,0.1,0.9,"DML-IVQR",5,0.174801010609243,5.99146454710798,TRUE,"OK"
3,500,0.1,0.1,"Oracle-GMM",-3,0.0332941693711651,5.99146454710798,TRUE,"OK"
3,500,0.1,0.1,"Oracle-GMM",-2.8,0.312586698833531,5.99146454710798,TRUE,"OK"
3,500,0.1,0.1,"Oracle-GMM",-2.6,0.232583117772091,5.99146454710798,TRUE,"OK"
3,500,0.1,0.1,"Oracle-GMM",-2.4,0.123862791902831,5.99146454710798,TRUE,"OK"
3,500,0.1,0.1,"Oracle-GMM",-2.2,0.109295200258585,5.99146454710798,TRUE,"OK"
3,500,0.1,0.1,"Oracle-GMM",-2,0.427244978656064,5.99146454710798,TRUE,"OK"
3,500,0.1,0.1,"Oracle-GMM",-1.8,0.224387110100562,5.99146454710798,TRUE,"OK"
3,500,0.1,0.1,"Oracle-GMM",-1.6,0.278894786563366,5.99146454710798,TRUE,"OK"
3,500,0.1,0.1,"Oracle-GMM",-1.4,0.966665846596227,5.99146454710798,TRUE,"OK"
3,500,0.1,0.1,"Oracle-GMM",-1.2,1.22810904301687,5.99146454710798,TRUE,"OK"
3,500,0.1,0.1,"Oracle-GMM",-1,1.52261136785144,5.99146454710798,TRUE,"OK"
3,500,0.1,0.1,"Oracle-GMM",-0.8,1.35356141259791,5.99146454710798,TRUE,"OK"
3,500,0.1,0.1,"Oracle-GMM",-0.6,5.30797602703636,5.99146454710798,TRUE,"OK"
3,500,0.1,0.1,"Oracle-GMM",-0.4,4.59417633107182,5.99146454710798,TRUE,"OK"
3,500,0.1,0.1,"Oracle-GMM",-0.2,3.63944686862732,5.99146454710798,TRUE,"OK"
3,500,0.1,0.1,"Oracle-GMM",0,2.02987495048932,5.99146454710798,TRUE,"OK"
3,500,0.1,0.1,"Oracle-GMM",0.2,3.24120008550725,5.99146454710798,TRUE,"OK"
3,500,0.1,0.1,"Oracle-GMM",0.4,5.45787710990171,5.99146454710798,TRUE,"OK"
3,500,0.1,0.1,"Oracle-GMM",0.6,6.42693313893225,5.99146454710798,FALSE,"OK"
3,500,0.1,0.1,"Oracle-GMM",0.8,8.19868510222158,5.99146454710798,FALSE,"OK"
3,500,0.1,0.1,"Oracle-GMM",1,8.03761688562868,5.99146454710798,FALSE,"OK"
3,500,0.1,0.1,"Oracle-GMM",1.2,6.66211779993335,5.99146454710798,FALSE,"OK"
3,500,0.1,0.1,"Oracle-GMM",1.4,1.25875424983156,5.99146454710798,TRUE,"OK"
3,500,0.1,0.1,"Oracle-GMM",1.6,4.06532792600195,5.99146454710798,TRUE,"OK"
3,500,0.1,0.1,"Oracle-GMM",1.8,1.68127485511921,5.99146454710798,TRUE,"OK"
3,500,0.1,0.1,"Oracle-GMM",2,2.74691720668238,5.99146454710798,TRUE,"OK"
3,500,0.1,0.1,"Oracle-GMM",2.2,1.85573859706364,5.99146454710798,TRUE,"OK"
3,500,0.1,0.1,"Oracle-GMM",2.4,1.65271570428574,5.99146454710798,TRUE,"OK"
3,500,0.1,0.1,"Oracle-GMM",2.6,1.40645523923377,5.99146454710798,TRUE,"OK"
3,500,0.1,0.1,"Oracle-GMM",2.8,0.784756876951146,5.99146454710798,TRUE,"OK"
3,500,0.1,0.1,"Oracle-GMM",3,1.42370725646367,5.99146454710798,TRUE,"OK"
3,500,0.1,0.1,"Oracle-GMM",3.2,0.7331476057028,5.99146454710798,TRUE,"OK"
3,500,0.1,0.1,"Oracle-GMM",3.4,0.628291161849794,5.99146454710798,TRUE,"OK"
3,500,0.1,0.1,"Oracle-GMM",3.6,0.137260732986787,5.99146454710798,TRUE,"OK"
3,500,0.1,0.1,"Oracle-GMM",3.8,0.0464285002194437,5.99146454710798,TRUE,"OK"
3,500,0.1,0.1,"Oracle-GMM",4,0.282426984494561,5.99146454710798,TRUE,"OK"
3,500,0.1,0.1,"Oracle-GMM",4.2,0.732267087266371,5.99146454710798,TRUE,"OK"
3,500,0.1,0.1,"Oracle-GMM",4.4,0.0500311027175906,5.99146454710798,TRUE,"OK"
3,500,0.1,0.1,"Oracle-GMM",4.6,0.0516485384777439,5.99146454710798,TRUE,"OK"
3,500,0.1,0.1,"Oracle-GMM",4.8,1.11787382082493,5.99146454710798,TRUE,"OK"
3,500,0.1,0.1,"Oracle-GMM",5,0.738500842937152,5.99146454710798,TRUE,"OK"
3,500,0.1,0.1,"Full-GMM",-3,3.37411558732255,5.99146454710798,TRUE,"OK"
3,500,0.1,0.1,"Full-GMM",-2.8,3.48857070872285,5.99146454710798,TRUE,"OK"
3,500,0.1,0.1,"Full-GMM",-2.6,1.56251275211772,5.99146454710798,TRUE,"OK"
3,500,0.1,0.1,"Full-GMM",-2.4,3.77401978351108,5.99146454710798,TRUE,"OK"
3,500,0.1,0.1,"Full-GMM",-2.2,1.45508373019839,5.99146454710798,TRUE,"OK"
3,500,0.1,0.1,"Full-GMM",-2,2.62755077361422,5.99146454710798,TRUE,"OK"
3,500,0.1,0.1,"Full-GMM",-1.8,5.50438438507144,5.99146454710798,TRUE,"OK"
3,500,0.1,0.1,"Full-GMM",-1.6,0.686743703200344,5.99146454710798,TRUE,"OK"
3,500,0.1,0.1,"Full-GMM",-1.4,7.33902927098789,5.99146454710798,FALSE,"OK"
3,500,0.1,0.1,"Full-GMM",-1.2,6.77987398280307,5.99146454710798,FALSE,"OK"
3,500,0.1,0.1,"Full-GMM",-1,2.81158459376684,5.99146454710798,TRUE,"OK"
3,500,0.1,0.1,"Full-GMM",-0.8,0.68259739488289,5.99146454710798,TRUE,"OK"
3,500,0.1,0.1,"Full-GMM",-0.6,2.47244541364784,5.99146454710798,TRUE,"OK"
3,500,0.1,0.1,"Full-GMM",-0.4,1.05560070016208,5.99146454710798,TRUE,"OK"
3,500,0.1,0.1,"Full-GMM",-0.2,0.339236897461101,5.99146454710798,TRUE,"OK"
3,500,0.1,0.1,"Full-GMM",0,0.968642482340951,5.99146454710798,TRUE,"OK"
3,500,0.1,0.1,"Full-GMM",0.2,1.13698046388863,5.99146454710798,TRUE,"OK"
3,500,0.1,0.1,"Full-GMM",0.4,1.99369971134968,5.99146454710798,TRUE,"OK"
3,500,0.1,0.1,"Full-GMM",0.6,1.97429292440688,5.99146454710798,TRUE,"OK"
3,500,0.1,0.1,"Full-GMM",0.8,1.65073806463422,5.99146454710798,TRUE,"OK"
3,500,0.1,0.1,"Full-GMM",1,2.68110521288721,5.99146454710798,TRUE,"OK"
3,500,0.1,0.1,"Full-GMM",1.2,0.421697180670324,5.99146454710798,TRUE,"OK"
3,500,0.1,0.1,"Full-GMM",1.4,1.36034737106884,5.99146454710798,TRUE,"OK"
3,500,0.1,0.1,"Full-GMM",1.6,0.699563399795168,5.99146454710798,TRUE,"OK"
3,500,0.1,0.1,"Full-GMM",1.8,0.600798540656936,5.99146454710798,TRUE,"OK"
3,500,0.1,0.1,"Full-GMM",2,0.537419419607576,5.99146454710798,TRUE,"OK"
3,500,0.1,0.1,"Full-GMM",2.2,0.498185997911565,5.99146454710798,TRUE,"OK"
3,500,0.1,0.1,"Full-GMM",2.4,3.09042983363195,5.99146454710798,TRUE,"OK"
3,500,0.1,0.1,"Full-GMM",2.6,1.19986770035421,5.99146454710798,TRUE,"OK"
3,500,0.1,0.1,"Full-GMM",2.8,1.22430752664092,5.99146454710798,TRUE,"OK"
3,500,0.1,0.1,"Full-GMM",3,2.65917301267396,5.99146454710798,TRUE,"OK"
3,500,0.1,0.1,"Full-GMM",3.2,0.366946538329098,5.99146454710798,TRUE,"OK"
3,500,0.1,0.1,"Full-GMM",3.4,1.75476375989147,5.99146454710798,TRUE,"OK"
3,500,0.1,0.1,"Full-GMM",3.6,2.15574779657431,5.99146454710798,TRUE,"OK"
3,500,0.1,0.1,"Full-GMM",3.8,0.400682215220609,5.99146454710798,TRUE,"OK"
3,500,0.1,0.1,"Full-GMM",4,0.0688159629334429,5.99146454710798,TRUE,"OK"
3,500,0.1,0.1,"Full-GMM",4.2,0.127534042740603,5.99146454710798,TRUE,"OK"
3,500,0.1,0.1,"Full-GMM",4.4,0.941884339264033,5.99146454710798,TRUE,"OK"
3,500,0.1,0.1,"Full-GMM",4.6,0.944995786838188,5.99146454710798,TRUE,"OK"
3,500,0.1,0.1,"Full-GMM",4.8,1.2109063041842,5.99146454710798,TRUE,"OK"
3,500,0.1,0.1,"Full-GMM",5,3.77841072646128,5.99146454710798,TRUE,"OK"
3,500,0.1,0.1,"DML-IVQR",-3,3.9884709331489,5.99146454710798,TRUE,"OK"
3,500,0.1,0.1,"DML-IVQR",-2.8,3.80823582945997,5.99146454710798,TRUE,"OK"
3,500,0.1,0.1,"DML-IVQR",-2.6,3.78549652870687,5.99146454710798,TRUE,"OK"
3,500,0.1,0.1,"DML-IVQR",-2.4,4.06430625506419,5.99146454710798,TRUE,"OK"
3,500,0.1,0.1,"DML-IVQR",-2.2,2.01371743503072,5.99146454710798,TRUE,"OK"
3,500,0.1,0.1,"DML-IVQR",-2,2.09467051699344,5.99146454710798,TRUE,"OK"
3,500,0.1,0.1,"DML-IVQR",-1.8,1.93229182956947,5.99146454710798,TRUE,"OK"
3,500,0.1,0.1,"DML-IVQR",-1.6,1.28399428380003,5.99146454710798,TRUE,"OK"
3,500,0.1,0.1,"DML-IVQR",-1.4,4.41101522070509,5.99146454710798,TRUE,"OK"
3,500,0.1,0.1,"DML-IVQR",-1.2,6.58325918270642,5.99146454710798,FALSE,"OK"
3,500,0.1,0.1,"DML-IVQR",-1,5.67821010444106,5.99146454710798,TRUE,"OK"
3,500,0.1,0.1,"DML-IVQR",-0.8,7.43340056158074,5.99146454710798,FALSE,"OK"
3,500,0.1,0.1,"DML-IVQR",-0.6,20.2154462526444,5.99146454710798,FALSE,"OK"
3,500,0.1,0.1,"DML-IVQR",-0.4,13.1589701245729,5.99146454710798,FALSE,"OK"
3,500,0.1,0.1,"DML-IVQR",-0.2,4.11164475312779,5.99146454710798,TRUE,"OK"
3,500,0.1,0.1,"DML-IVQR",0,4.15585487709298,5.99146454710798,TRUE,"OK"
3,500,0.1,0.1,"DML-IVQR",0.2,4.40635308042523,5.99146454710798,TRUE,"OK"
3,500,0.1,0.1,"DML-IVQR",0.4,5.68972931374514,5.99146454710798,TRUE,"OK"
3,500,0.1,0.1,"DML-IVQR",0.6,6.16735970934044,5.99146454710798,FALSE,"OK"
3,500,0.1,0.1,"DML-IVQR",0.8,5.53770631665394,5.99146454710798,TRUE,"OK"
3,500,0.1,0.1,"DML-IVQR",1,4.49891184184652,5.99146454710798,TRUE,"OK"
3,500,0.1,0.1,"DML-IVQR",1.2,4.96015402605899,5.99146454710798,TRUE,"OK"
3,500,0.1,0.1,"DML-IVQR",1.4,4.71530651385092,5.99146454710798,TRUE,"OK"
3,500,0.1,0.1,"DML-IVQR",1.6,4.73886117191001,5.99146454710798,TRUE,"OK"
3,500,0.1,0.1,"DML-IVQR",1.8,3.27115141004708,5.99146454710798,TRUE,"OK"
3,500,0.1,0.1,"DML-IVQR",2,4.58666040730248,5.99146454710798,TRUE,"OK"
3,500,0.1,0.1,"DML-IVQR",2.2,4.07059634896936,5.99146454710798,TRUE,"OK"
3,500,0.1,0.1,"DML-IVQR",2.4,2.6514366467837,5.99146454710798,TRUE,"OK"
3,500,0.1,0.1,"DML-IVQR",2.6,1.67620880077951,5.99146454710798,TRUE,"OK"
3,500,0.1,0.1,"DML-IVQR",2.8,4.30798719582186,5.99146454710798,TRUE,"OK"
3,500,0.1,0.1,"DML-IVQR",3,2.41791299331841,5.99146454710798,TRUE,"OK"
3,500,0.1,0.1,"DML-IVQR",3.2,1.67555486538336,5.99146454710798,TRUE,"OK"
3,500,0.1,0.1,"DML-IVQR",3.4,1.89223026749955,5.99146454710798,TRUE,"OK"
3,500,0.1,0.1,"DML-IVQR",3.6,1.95615429782871,5.99146454710798,TRUE,"OK"
3,500,0.1,0.1,"DML-IVQR",3.8,3.46647267860119,5.99146454710798,TRUE,"OK"
3,500,0.1,0.1,"DML-IVQR",4,3.22189772007874,5.99146454710798,TRUE,"OK"
3,500,0.1,0.1,"DML-IVQR",4.2,4.90649753842997,5.99146454710798,TRUE,"OK"
3,500,0.1,0.1,"DML-IVQR",4.4,3.49293223963276,5.99146454710798,TRUE,"OK"
3,500,0.1,0.1,"DML-IVQR",4.6,5.1793679970594,5.99146454710798,TRUE,"OK"
3,500,0.1,0.1,"DML-IVQR",4.8,5.14455787304593,5.99146454710798,TRUE,"OK"
3,500,0.1,0.1,"DML-IVQR",5,5.07663604040722,5.99146454710798,TRUE,"OK"
3,500,0.1,0.5,"Oracle-GMM",-3,3.10788796855954,5.99146454710798,TRUE,"OK"
3,500,0.1,0.5,"Oracle-GMM",-2.8,3.0991100182892,5.99146454710798,TRUE,"OK"
3,500,0.1,0.5,"Oracle-GMM",-2.6,3.62070812145204,5.99146454710798,TRUE,"OK"
3,500,0.1,0.5,"Oracle-GMM",-2.4,2.54341160678795,5.99146454710798,TRUE,"OK"
3,500,0.1,0.5,"Oracle-GMM",-2.2,4.11575467774474,5.99146454710798,TRUE,"OK"
3,500,0.1,0.5,"Oracle-GMM",-2,2.65565680736157,5.99146454710798,TRUE,"OK"
3,500,0.1,0.5,"Oracle-GMM",-1.8,3.21257027331419,5.99146454710798,TRUE,"OK"
3,500,0.1,0.5,"Oracle-GMM",-1.6,2.95019642848601,5.99146454710798,TRUE,"OK"
3,500,0.1,0.5,"Oracle-GMM",-1.4,3.17827745255504,5.99146454710798,TRUE,"OK"
3,500,0.1,0.5,"Oracle-GMM",-1.2,3.13261049958834,5.99146454710798,TRUE,"OK"
3,500,0.1,0.5,"Oracle-GMM",-1,2.27881609585785,5.99146454710798,TRUE,"OK"
3,500,0.1,0.5,"Oracle-GMM",-0.8,2.36922776230705,5.99146454710798,TRUE,"OK"
3,500,0.1,0.5,"Oracle-GMM",-0.6,3.80716898469783,5.99146454710798,TRUE,"OK"
3,500,0.1,0.5,"Oracle-GMM",-0.4,4.70757455379845,5.99146454710798,TRUE,"OK"
3,500,0.1,0.5,"Oracle-GMM",-0.2,3.56654289725722,5.99146454710798,TRUE,"OK"
3,500,0.1,0.5,"Oracle-GMM",0,1.80927091705582,5.99146454710798,TRUE,"OK"
3,500,0.1,0.5,"Oracle-GMM",0.2,1.88636031144146,5.99146454710798,TRUE,"OK"
3,500,0.1,0.5,"Oracle-GMM",0.4,0.00327661514184944,5.99146454710798,TRUE,"OK"
3,500,0.1,0.5,"Oracle-GMM",0.6,0.286572283329829,5.99146454710798,TRUE,"OK"
3,500,0.1,0.5,"Oracle-GMM",0.8,0.885940790068368,5.99146454710798,TRUE,"OK"
3,500,0.1,0.5,"Oracle-GMM",1,0.439767491758726,5.99146454710798,TRUE,"OK"
3,500,0.1,0.5,"Oracle-GMM",1.2,0.392816645617767,5.99146454710798,TRUE,"OK"
3,500,0.1,0.5,"Oracle-GMM",1.4,1.38787996822773,5.99146454710798,TRUE,"OK"
3,500,0.1,0.5,"Oracle-GMM",1.6,2.07873379174924,5.99146454710798,TRUE,"OK"
3,500,0.1,0.5,"Oracle-GMM",1.8,1.93545026107933,5.99146454710798,TRUE,"OK"
3,500,0.1,0.5,"Oracle-GMM",2,1.34665243614295,5.99146454710798,TRUE,"OK"
3,500,0.1,0.5,"Oracle-GMM",2.2,2.07385069680597,5.99146454710798,TRUE,"OK"
3,500,0.1,0.5,"Oracle-GMM",2.4,3.65870863525118,5.99146454710798,TRUE,"OK"
3,500,0.1,0.5,"Oracle-GMM",2.6,1.25310257488402,5.99146454710798,TRUE,"OK"
3,500,0.1,0.5,"Oracle-GMM",2.8,0.770556779941208,5.99146454710798,TRUE,"OK"
3,500,0.1,0.5,"Oracle-GMM",3,1.55133618583165,5.99146454710798,TRUE,"OK"
3,500,0.1,0.5,"Oracle-GMM",3.2,0.82149109300409,5.99146454710798,TRUE,"OK"
3,500,0.1,0.5,"Oracle-GMM",3.4,0.886106137626159,5.99146454710798,TRUE,"OK"
3,500,0.1,0.5,"Oracle-GMM",3.6,0.61735528387775,5.99146454710798,TRUE,"OK"
3,500,0.1,0.5,"Oracle-GMM",3.8,0.340944091352442,5.99146454710798,TRUE,"OK"
3,500,0.1,0.5,"Oracle-GMM",4,0.786396757697466,5.99146454710798,TRUE,"OK"
3,500,0.1,0.5,"Oracle-GMM",4.2,0.663955555549366,5.99146454710798,TRUE,"OK"
3,500,0.1,0.5,"Oracle-GMM",4.4,0.610903842705373,5.99146454710798,TRUE,"OK"
3,500,0.1,0.5,"Oracle-GMM",4.6,0.487106730728847,5.99146454710798,TRUE,"OK"
3,500,0.1,0.5,"Oracle-GMM",4.8,0.896862519081394,5.99146454710798,TRUE,"OK"
3,500,0.1,0.5,"Oracle-GMM",5,0.758135475283418,5.99146454710798,TRUE,"OK"
3,500,0.1,0.5,"Full-GMM",-3,6.23720378086989,5.99146454710798,FALSE,"OK"
3,500,0.1,0.5,"Full-GMM",-2.8,6.02934848778039,5.99146454710798,FALSE,"OK"
3,500,0.1,0.5,"Full-GMM",-2.6,6.82196463758724,5.99146454710798,FALSE,"OK"
3,500,0.1,0.5,"Full-GMM",-2.4,7.43517630348994,5.99146454710798,FALSE,"OK"
3,500,0.1,0.5,"Full-GMM",-2.2,6.32319153776123,5.99146454710798,FALSE,"OK"
3,500,0.1,0.5,"Full-GMM",-2,5.06423870260784,5.99146454710798,TRUE,"OK"
3,500,0.1,0.5,"Full-GMM",-1.8,8.58050302321622,5.99146454710798,FALSE,"OK"
3,500,0.1,0.5,"Full-GMM",-1.6,7.52404131663263,5.99146454710798,FALSE,"OK"
3,500,0.1,0.5,"Full-GMM",-1.4,5.42234131875845,5.99146454710798,TRUE,"OK"
3,500,0.1,0.5,"Full-GMM",-1.2,9.91067088368339,5.99146454710798,FALSE,"OK"
3,500,0.1,0.5,"Full-GMM",-1,3.74338703900645,5.99146454710798,TRUE,"OK"
3,500,0.1,0.5,"Full-GMM",-0.8,7.04187957142961,5.99146454710798,FALSE,"OK"
3,500,0.1,0.5,"Full-GMM",-0.6,2.83420218362252,5.99146454710798,TRUE,"OK"
3,500,0.1,0.5,"Full-GMM",-0.4,6.8129316590775,5.99146454710798,FALSE,"OK"
3,500,0.1,0.5,"Full-GMM",-0.2,8.01702431333267,5.99146454710798,FALSE,"OK"
3,500,0.1,0.5,"Full-GMM",0,3.14567688467972,5.99146454710798,TRUE,"OK"
3,500,0.1,0.5,"Full-GMM",0.2,3.66911891401594,5.99146454710798,TRUE,"OK"
3,500,0.1,0.5,"Full-GMM",0.4,2.00292385515347,5.99146454710798,TRUE,"OK"
3,500,0.1,0.5,"Full-GMM",0.6,3.9350742837034,5.99146454710798,TRUE,"OK"
3,500,0.1,0.5,"Full-GMM",0.8,0.746972509376648,5.99146454710798,TRUE,"OK"
3,500,0.1,0.5,"Full-GMM",1,0.215914127678183,5.99146454710798,TRUE,"OK"
3,500,0.1,0.5,"Full-GMM",1.2,0.87675206217378,5.99146454710798,TRUE,"OK"
3,500,0.1,0.5,"Full-GMM",1.4,0.0185698398253614,5.99146454710798,TRUE,"OK"
3,500,0.1,0.5,"Full-GMM",1.6,0.389814117762167,5.99146454710798,TRUE,"OK"
3,500,0.1,0.5,"Full-GMM",1.8,1.5764954169212,5.99146454710798,TRUE,"OK"
3,500,0.1,0.5,"Full-GMM",2,1.53125645457536,5.99146454710798,TRUE,"OK"
3,500,0.1,0.5,"Full-GMM",2.2,0.168067015971687,5.99146454710798,TRUE,"OK"
3,500,0.1,0.5,"Full-GMM",2.4,0.234363521535718,5.99146454710798,TRUE,"OK"
3,500,0.1,0.5,"Full-GMM",2.6,0.405385946150095,5.99146454710798,TRUE,"OK"
3,500,0.1,0.5,"Full-GMM",2.8,0.349302396043524,5.99146454710798,TRUE,"OK"
3,500,0.1,0.5,"Full-GMM",3,0.289539231255768,5.99146454710798,TRUE,"OK"
3,500,0.1,0.5,"Full-GMM",3.2,1.36339010706362,5.99146454710798,TRUE,"OK"
3,500,0.1,0.5,"Full-GMM",3.4,2.21195095715317,5.99146454710798,TRUE,"OK"
3,500,0.1,0.5,"Full-GMM",3.6,2.62029220211909,5.99146454710798,TRUE,"OK"
3,500,0.1,0.5,"Full-GMM",3.8,2.64213448246984,5.99146454710798,TRUE,"OK"
3,500,0.1,0.5,"Full-GMM",4,2.62959678098259,5.99146454710798,TRUE,"OK"
3,500,0.1,0.5,"Full-GMM",4.2,3.09229355785253,5.99146454710798,TRUE,"OK"
3,500,0.1,0.5,"Full-GMM",4.4,3.45364304492827,5.99146454710798,TRUE,"OK"
3,500,0.1,0.5,"Full-GMM",4.6,6.28699814307271,5.99146454710798,FALSE,"OK"
3,500,0.1,0.5,"Full-GMM",4.8,4.1330894987432,5.99146454710798,TRUE,"OK"
3,500,0.1,0.5,"Full-GMM",5,2.81205996517197,5.99146454710798,TRUE,"OK"
3,500,0.1,0.5,"DML-IVQR",-3,9.42672184801465,5.99146454710798,FALSE,"OK"
3,500,0.1,0.5,"DML-IVQR",-2.8,10.6993175669591,5.99146454710798,FALSE,"OK"
3,500,0.1,0.5,"DML-IVQR",-2.6,7.97009968341267,5.99146454710798,FALSE,"OK"
3,500,0.1,0.5,"DML-IVQR",-2.4,7.43260812231911,5.99146454710798,FALSE,"OK"
3,500,0.1,0.5,"DML-IVQR",-2.2,7.79534665499103,5.99146454710798,FALSE,"OK"
3,500,0.1,0.5,"DML-IVQR",-2,7.95963562020465,5.99146454710798,FALSE,"OK"
3,500,0.1,0.5,"DML-IVQR",-1.8,7.53163600263298,5.99146454710798,FALSE,"OK"
3,500,0.1,0.5,"DML-IVQR",-1.6,7.40574640375253,5.99146454710798,FALSE,"OK"
3,500,0.1,0.5,"DML-IVQR",-1.4,6.7537967800812,5.99146454710798,FALSE,"OK"
3,500,0.1,0.5,"DML-IVQR",-1.2,6.56153868844255,5.99146454710798,FALSE,"OK"
3,500,0.1,0.5,"DML-IVQR",-1,5.85483248260911,5.99146454710798,TRUE,"OK"
3,500,0.1,0.5,"DML-IVQR",-0.8,5.52791010700004,5.99146454710798,TRUE,"OK"
3,500,0.1,0.5,"DML-IVQR",-0.6,3.24114796999786,5.99146454710798,TRUE,"OK"
3,500,0.1,0.5,"DML-IVQR",-0.4,3.76218403192508,5.99146454710798,TRUE,"OK"
3,500,0.1,0.5,"DML-IVQR",-0.2,3.35889742978024,5.99146454710798,TRUE,"OK"
3,500,0.1,0.5,"DML-IVQR",0,5.55129170960891,5.99146454710798,TRUE,"OK"
3,500,0.1,0.5,"DML-IVQR",0.2,2.47539448208292,5.99146454710798,TRUE,"OK"
3,500,0.1,0.5,"DML-IVQR",0.4,2.79938827294801,5.99146454710798,TRUE,"OK"
3,500,0.1,0.5,"DML-IVQR",0.6,1.7730278917959,5.99146454710798,TRUE,"OK"
3,500,0.1,0.5,"DML-IVQR",0.8,1.69077612461075,5.99146454710798,TRUE,"OK"
3,500,0.1,0.5,"DML-IVQR",1,0.5243788921727,5.99146454710798,TRUE,"OK"
3,500,0.1,0.5,"DML-IVQR",1.2,2.27264282872934,5.99146454710798,TRUE,"OK"
3,500,0.1,0.5,"DML-IVQR",1.4,1.42534698631892,5.99146454710798,TRUE,"OK"
3,500,0.1,0.5,"DML-IVQR",1.6,1.49834437677437,5.99146454710798,TRUE,"OK"
3,500,0.1,0.5,"DML-IVQR",1.8,1.5717000132318,5.99146454710798,TRUE,"OK"
3,500,0.1,0.5,"DML-IVQR",2,0.565555487696815,5.99146454710798,TRUE,"OK"
3,500,0.1,0.5,"DML-IVQR",2.2,0.245673928626107,5.99146454710798,TRUE,"OK"
3,500,0.1,0.5,"DML-IVQR",2.4,0.239877375839122,5.99146454710798,TRUE,"OK"
3,500,0.1,0.5,"DML-IVQR",2.6,0.0464388119223133,5.99146454710798,TRUE,"OK"
3,500,0.1,0.5,"DML-IVQR",2.8,0.506708422726576,5.99146454710798,TRUE,"OK"
3,500,0.1,0.5,"DML-IVQR",3,0.323358555699349,5.99146454710798,TRUE,"OK"
3,500,0.1,0.5,"DML-IVQR",3.2,0.307526051337169,5.99146454710798,TRUE,"OK"
3,500,0.1,0.5,"DML-IVQR",3.4,0.227781596573498,5.99146454710798,TRUE,"OK"
3,500,0.1,0.5,"DML-IVQR",3.6,0.25241884936309,5.99146454710798,TRUE,"OK"
3,500,0.1,0.5,"DML-IVQR",3.8,0.716285308925279,5.99146454710798,TRUE,"OK"
3,500,0.1,0.5,"DML-IVQR",4,0.291471305744504,5.99146454710798,TRUE,"OK"
3,500,0.1,0.5,"DML-IVQR",4.2,0.413711033343371,5.99146454710798,TRUE,"OK"
3,500,0.1,0.5,"DML-IVQR",4.4,1.28370923701023,5.99146454710798,TRUE,"OK"
3,500,0.1,0.5,"DML-IVQR",4.6,0.991876749954453,5.99146454710798,TRUE,"OK"
3,500,0.1,0.5,"DML-IVQR",4.8,1.01513817158634,5.99146454710798,TRUE,"OK"
3,500,0.1,0.5,"DML-IVQR",5,0.989433564334177,5.99146454710798,TRUE,"OK"
3,500,0.1,0.9,"Oracle-GMM",-3,2.29060162736851,5.99146454710798,TRUE,"OK"
3,500,0.1,0.9,"Oracle-GMM",-2.8,1.09012784482319,5.99146454710798,TRUE,"OK"
3,500,0.1,0.9,"Oracle-GMM",-2.6,2.08659752924414,5.99146454710798,TRUE,"OK"
3,500,0.1,0.9,"Oracle-GMM",-2.4,2.92756920376034,5.99146454710798,TRUE,"OK"
3,500,0.1,0.9,"Oracle-GMM",-2.2,3.09101734272281,5.99146454710798,TRUE,"OK"
3,500,0.1,0.9,"Oracle-GMM",-2,1.54316262360996,5.99146454710798,TRUE,"OK"
3,500,0.1,0.9,"Oracle-GMM",-1.8,3.76900659888515,5.99146454710798,TRUE,"OK"
3,500,0.1,0.9,"Oracle-GMM",-1.6,1.45790012163506,5.99146454710798,TRUE,"OK"
3,500,0.1,0.9,"Oracle-GMM",-1.4,2.44882635483564,5.99146454710798,TRUE,"OK"
3,500,0.1,0.9,"Oracle-GMM",-1.2,0.449662691170855,5.99146454710798,TRUE,"OK"
3,500,0.1,0.9,"Oracle-GMM",-1,1.2864318973535,5.99146454710798,TRUE,"OK"
3,500,0.1,0.9,"Oracle-GMM",-0.8,1.94732108990832,5.99146454710798,TRUE,"OK"
3,500,0.1,0.9,"Oracle-GMM",-0.6,0.692781797484252,5.99146454710798,TRUE,"OK"
3,500,0.1,0.9,"Oracle-GMM",-0.4,2.8765630487884,5.99146454710798,TRUE,"OK"
3,500,0.1,0.9,"Oracle-GMM",-0.2,2.79693267534121,5.99146454710798,TRUE,"OK"
3,500,0.1,0.9,"Oracle-GMM",0,3.4863636417217,5.99146454710798,TRUE,"OK"
3,500,0.1,0.9,"Oracle-GMM",0.2,1.72480066940174,5.99146454710798,TRUE,"OK"
3,500,0.1,0.9,"Oracle-GMM",0.4,5.05006076487417,5.99146454710798,TRUE,"OK"
3,500,0.1,0.9,"Oracle-GMM",0.6,3.92290981400854,5.99146454710798,TRUE,"OK"
3,500,0.1,0.9,"Oracle-GMM",0.8,3.66735936982506,5.99146454710798,TRUE,"OK"
3,500,0.1,0.9,"Oracle-GMM",1,0.724089649838589,5.99146454710798,TRUE,"OK"
3,500,0.1,0.9,"Oracle-GMM",1.2,1.5330990437172,5.99146454710798,TRUE,"OK"
3,500,0.1,0.9,"Oracle-GMM",1.4,0.279207788874746,5.99146454710798,TRUE,"OK"
3,500,0.1,0.9,"Oracle-GMM",1.6,1.13425144077808,5.99146454710798,TRUE,"OK"
3,500,0.1,0.9,"Oracle-GMM",1.8,0.820822814699202,5.99146454710798,TRUE,"OK"
3,500,0.1,0.9,"Oracle-GMM",2,1.22762215209311,5.99146454710798,TRUE,"OK"
3,500,0.1,0.9,"Oracle-GMM",2.2,1.28934410915358,5.99146454710798,TRUE,"OK"
3,500,0.1,0.9,"Oracle-GMM",2.4,0.936246640656967,5.99146454710798,TRUE,"OK"
3,500,0.1,0.9,"Oracle-GMM",2.6,2.38814005778599,5.99146454710798,TRUE,"OK"
3,500,0.1,0.9,"Oracle-GMM",2.8,3.26204990789996,5.99146454710798,TRUE,"OK"
3,500,0.1,0.9,"Oracle-GMM",3,0.752211221277815,5.99146454710798,TRUE,"OK"
3,500,0.1,0.9,"Oracle-GMM",3.2,2.70365696882249,5.99146454710798,TRUE,"OK"
3,500,0.1,0.9,"Oracle-GMM",3.4,0.37978250920902,5.99146454710798,TRUE,"OK"
3,500,0.1,0.9,"Oracle-GMM",3.6,0.50260484118017,5.99146454710798,TRUE,"OK"
3,500,0.1,0.9,"Oracle-GMM",3.8,0.58196648048934,5.99146454710798,TRUE,"OK"
3,500,0.1,0.9,"Oracle-GMM",4,0.924800632401449,5.99146454710798,TRUE,"OK"
3,500,0.1,0.9,"Oracle-GMM",4.2,0.341284753696857,5.99146454710798,TRUE,"OK"
3,500,0.1,0.9,"Oracle-GMM",4.4,0.0585234724823777,5.99146454710798,TRUE,"OK"
3,500,0.1,0.9,"Oracle-GMM",4.6,0.0911534402098591,5.99146454710798,TRUE,"OK"
3,500,0.1,0.9,"Oracle-GMM",4.8,0.22931464515424,5.99146454710798,TRUE,"OK"
3,500,0.1,0.9,"Oracle-GMM",5,0.103106768044742,5.99146454710798,TRUE,"OK"
3,500,0.1,0.9,"Full-GMM",-3,2.35619290486196,5.99146454710798,TRUE,"OK"
3,500,0.1,0.9,"Full-GMM",-2.8,1.51419333083141,5.99146454710798,TRUE,"OK"
3,500,0.1,0.9,"Full-GMM",-2.6,1.69991592468709,5.99146454710798,TRUE,"OK"
3,500,0.1,0.9,"Full-GMM",-2.4,1.69906307167716,5.99146454710798,TRUE,"OK"
3,500,0.1,0.9,"Full-GMM",-2.2,1.04539739804378,5.99146454710798,TRUE,"OK"
3,500,0.1,0.9,"Full-GMM",-2,4.25609300327033,5.99146454710798,TRUE,"OK"
3,500,0.1,0.9,"Full-GMM",-1.8,0.168884205257162,5.99146454710798,TRUE,"OK"
3,500,0.1,0.9,"Full-GMM",-1.6,3.54794256637747,5.99146454710798,TRUE,"OK"
3,500,0.1,0.9,"Full-GMM",-1.4,2.9184574685909,5.99146454710798,TRUE,"OK"
3,500,0.1,0.9,"Full-GMM",-1.2,2.40130968582781,5.99146454710798,TRUE,"OK"
3,500,0.1,0.9,"Full-GMM",-1,2.00571633522165,5.99146454710798,TRUE,"OK"
3,500,0.1,0.9,"Full-GMM",-0.8,0.342885835987448,5.99146454710798,TRUE,"OK"
3,500,0.1,0.9,"Full-GMM",-0.6,0.822511610736186,5.99146454710798,TRUE,"OK"
3,500,0.1,0.9,"Full-GMM",-0.4,0.430515393951536,5.99146454710798,TRUE,"OK"
3,500,0.1,0.9,"Full-GMM",-0.2,0.341191635111028,5.99146454710798,TRUE,"OK"
3,500,0.1,0.9,"Full-GMM",0,0.852304872077799,5.99146454710798,TRUE,"OK"
3,500,0.1,0.9,"Full-GMM",0.2,4.09385619799525,5.99146454710798,TRUE,"OK"
3,500,0.1,0.9,"Full-GMM",0.4,6.5889607333393,5.99146454710798,FALSE,"OK"
3,500,0.1,0.9,"Full-GMM",0.6,1.41551710405472,5.99146454710798,TRUE,"OK"
3,500,0.1,0.9,"Full-GMM",0.8,5.94963635371422,5.99146454710798,TRUE,"OK"
3,500,0.1,0.9,"Full-GMM",1,2.61510488311185,5.99146454710798,TRUE,"OK"
3,500,0.1,0.9,"Full-GMM",1.2,1.11935853463246,5.99146454710798,TRUE,"OK"
3,500,0.1,0.9,"Full-GMM",1.4,0.435870324041964,5.99146454710798,TRUE,"OK"
3,500,0.1,0.9,"Full-GMM",1.6,0.183534172631964,5.99146454710798,TRUE,"OK"
3,500,0.1,0.9,"Full-GMM",1.8,0.260521647081886,5.99146454710798,TRUE,"OK"
3,500,0.1,0.9,"Full-GMM",2,1.65742703328858,5.99146454710798,TRUE,"OK"
3,500,0.1,0.9,"Full-GMM",2.2,3.59200166902425,5.99146454710798,TRUE,"OK"
3,500,0.1,0.9,"Full-GMM",2.4,0.61166004622414,5.99146454710798,TRUE,"OK"
3,500,0.1,0.9,"Full-GMM",2.6,1.79145969305333,5.99146454710798,TRUE,"OK"
3,500,0.1,0.9,"Full-GMM",2.8,1.21210384893048,5.99146454710798,TRUE,"OK"
3,500,0.1,0.9,"Full-GMM",3,1.51910970136613,5.99146454710798,TRUE,"OK"
3,500,0.1,0.9,"Full-GMM",3.2,1.02407372630195,5.99146454710798,TRUE,"OK"
3,500,0.1,0.9,"Full-GMM",3.4,0.927994119198647,5.99146454710798,TRUE,"OK"
3,500,0.1,0.9,"Full-GMM",3.6,0.681631305369617,5.99146454710798,TRUE,"OK"
3,500,0.1,0.9,"Full-GMM",3.8,3.46809850887294,5.99146454710798,TRUE,"OK"
3,500,0.1,0.9,"Full-GMM",4,7.10545693712801,5.99146454710798,FALSE,"OK"
3,500,0.1,0.9,"Full-GMM",4.2,1.37718079265468,5.99146454710798,TRUE,"OK"
3,500,0.1,0.9,"Full-GMM",4.4,0.411953425044469,5.99146454710798,TRUE,"OK"
3,500,0.1,0.9,"Full-GMM",4.6,1.76570436278157,5.99146454710798,TRUE,"OK"
3,500,0.1,0.9,"Full-GMM",4.8,1.11540983125542,5.99146454710798,TRUE,"OK"
3,500,0.1,0.9,"Full-GMM",5,3.18616780314523,5.99146454710798,TRUE,"OK"
3,500,0.1,0.9,"DML-IVQR",-3,2.60902145287224,5.99146454710798,TRUE,"OK"
3,500,0.1,0.9,"DML-IVQR",-2.8,1.28887419758537,5.99146454710798,TRUE,"OK"
3,500,0.1,0.9,"DML-IVQR",-2.6,2.42262245172331,5.99146454710798,TRUE,"OK"
3,500,0.1,0.9,"DML-IVQR",-2.4,2.01981179238775,5.99146454710798,TRUE,"OK"
3,500,0.1,0.9,"DML-IVQR",-2.2,1.7572689016321,5.99146454710798,TRUE,"OK"
3,500,0.1,0.9,"DML-IVQR",-2,2.67384195492566,5.99146454710798,TRUE,"OK"
3,500,0.1,0.9,"DML-IVQR",-1.8,1.78879661262011,5.99146454710798,TRUE,"OK"
3,500,0.1,0.9,"DML-IVQR",-1.6,1.44127298905774,5.99146454710798,TRUE,"OK"
3,500,0.1,0.9,"DML-IVQR",-1.4,1.51035222250005,5.99146454710798,TRUE,"OK"
3,500,0.1,0.9,"DML-IVQR",-1.2,1.75694839708097,5.99146454710798,TRUE,"OK"
3,500,0.1,0.9,"DML-IVQR",-1,1.25596460527052,5.99146454710798,TRUE,"OK"
3,500,0.1,0.9,"DML-IVQR",-0.8,1.45855390695394,5.99146454710798,TRUE,"OK"
3,500,0.1,0.9,"DML-IVQR",-0.6,1.3805276455082,5.99146454710798,TRUE,"OK"
3,500,0.1,0.9,"DML-IVQR",-0.4,1.53846225050902,5.99146454710798,TRUE,"OK"
3,500,0.1,0.9,"DML-IVQR",-0.2,2.14713437518936,5.99146454710798,TRUE,"OK"
3,500,0.1,0.9,"DML-IVQR",0,2.29154384893779,5.99146454710798,TRUE,"OK"
3,500,0.1,0.9,"DML-IVQR",0.2,3.10322422426282,5.99146454710798,TRUE,"OK"
3,500,0.1,0.9,"DML-IVQR",0.4,1.73394156124165,5.99146454710798,TRUE,"OK"
3,500,0.1,0.9,"DML-IVQR",0.6,1.65836298760854,5.99146454710798,TRUE,"OK"
3,500,0.1,0.9,"DML-IVQR",0.8,2.85566005634339,5.99146454710798,TRUE,"OK"
3,500,0.1,0.9,"DML-IVQR",1,2.16668417575271,5.99146454710798,TRUE,"OK"
3,500,0.1,0.9,"DML-IVQR",1.2,1.77787566569852,5.99146454710798,TRUE,"OK"
3,500,0.1,0.9,"DML-IVQR",1.4,0.938235918794332,5.99146454710798,TRUE,"OK"
3,500,0.1,0.9,"DML-IVQR",1.6,0.753063767295304,5.99146454710798,TRUE,"OK"
3,500,0.1,0.9,"DML-IVQR",1.8,0.241064151654855,5.99146454710798,TRUE,"OK"
3,500,0.1,0.9,"DML-IVQR",2,0.0813667066042142,5.99146454710798,TRUE,"OK"
3,500,0.1,0.9,"DML-IVQR",2.2,0.347562317568591,5.99146454710798,TRUE,"OK"
3,500,0.1,0.9,"DML-IVQR",2.4,0.880699172780625,5.99146454710798,TRUE,"OK"
3,500,0.1,0.9,"DML-IVQR",2.6,2.4539030469985,5.99146454710798,TRUE,"OK"
3,500,0.1,0.9,"DML-IVQR",2.8,0.403549816522415,5.99146454710798,TRUE,"OK"
3,500,0.1,0.9,"DML-IVQR",3,2.86400992248475,5.99146454710798,TRUE,"OK"
3,500,0.1,0.9,"DML-IVQR",3.2,1.85334182584911,5.99146454710798,TRUE,"OK"
3,500,0.1,0.9,"DML-IVQR",3.4,3.19687942256976,5.99146454710798,TRUE,"OK"
3,500,0.1,0.9,"DML-IVQR",3.6,2.32213392490488,5.99146454710798,TRUE,"OK"
3,500,0.1,0.9,"DML-IVQR",3.8,1.6944642238237,5.99146454710798,TRUE,"OK"
3,500,0.1,0.9,"DML-IVQR",4,3.23640299634704,5.99146454710798,TRUE,"OK"
3,500,0.1,0.9,"DML-IVQR",4.2,2.71546382754474,5.99146454710798,TRUE,"OK"
3,500,0.1,0.9,"DML-IVQR",4.4,1.84375636589174,5.99146454710798,TRUE,"OK"
3,500,0.1,0.9,"DML-IVQR",4.6,2.85012995158278,5.99146454710798,TRUE,"OK"
3,500,0.1,0.9,"DML-IVQR",4.8,2.15614722004895,5.99146454710798,TRUE,"OK"
3,500,0.1,0.9,"DML-IVQR",5,3.65736168667156,5.99146454710798,TRUE,"OK"
4,500,0.1,0.1,"Oracle-GMM",-3,3.61842805192392,5.99146454710798,TRUE,"OK"
4,500,0.1,0.1,"Oracle-GMM",-2.8,2.25648751984739,5.99146454710798,TRUE,"OK"
4,500,0.1,0.1,"Oracle-GMM",-2.6,2.24263402150285,5.99146454710798,TRUE,"OK"
4,500,0.1,0.1,"Oracle-GMM",-2.4,2.50989337881012,5.99146454710798,TRUE,"OK"
4,500,0.1,0.1,"Oracle-GMM",-2.2,4.53610857192294,5.99146454710798,TRUE,"OK"
4,500,0.1,0.1,"Oracle-GMM",-2,2.1335095166273,5.99146454710798,TRUE,"OK"
4,500,0.1,0.1,"Oracle-GMM",-1.8,2.70883778607553,5.99146454710798,TRUE,"OK"
4,500,0.1,0.1,"Oracle-GMM",-1.6,2.03488769324509,5.99146454710798,TRUE,"OK"
4,500,0.1,0.1,"Oracle-GMM",-1.4,1.62694953922551,5.99146454710798,TRUE,"OK"
4,500,0.1,0.1,"Oracle-GMM",-1.2,1.24006999108165,5.99146454710798,TRUE,"OK"
4,500,0.1,0.1,"Oracle-GMM",-1,1.34030083550809,5.99146454710798,TRUE,"OK"
4,500,0.1,0.1,"Oracle-GMM",-0.8,2.43863407011214,5.99146454710798,TRUE,"OK"
4,500,0.1,0.1,"Oracle-GMM",-0.6,1.87962545256893,5.99146454710798,TRUE,"OK"
4,500,0.1,0.1,"Oracle-GMM",-0.4,1.10722201250708,5.99146454710798,TRUE,"OK"
4,500,0.1,0.1,"Oracle-GMM",-0.2,0.206501041557763,5.99146454710798,TRUE,"OK"
4,500,0.1,0.1,"Oracle-GMM",0,1.89092237814075,5.99146454710798,TRUE,"OK"
4,500,0.1,0.1,"Oracle-GMM",0.2,2.44665866278495,5.99146454710798,TRUE,"OK"
4,500,0.1,0.1,"Oracle-GMM",0.4,2.91352725139173,5.99146454710798,TRUE,"OK"
4,500,0.1,0.1,"Oracle-GMM",0.6,3.11612529461047,5.99146454710798,TRUE,"OK"
4,500,0.1,0.1,"Oracle-GMM",0.8,2.21883810803576,5.99146454710798,TRUE,"OK"
4,500,0.1,0.1,"Oracle-GMM",1,2.10664788609325,5.99146454710798,TRUE,"OK"
4,500,0.1,0.1,"Oracle-GMM",1.2,1.81537645334987,5.99146454710798,TRUE,"OK"
4,500,0.1,0.1,"Oracle-GMM",1.4,2.44932384872773,5.99146454710798,TRUE,"OK"
4,500,0.1,0.1,"Oracle-GMM",1.6,0.917820166819919,5.99146454710798,TRUE,"OK"
4,500,0.1,0.1,"Oracle-GMM",1.8,1.58212790061508,5.99146454710798,TRUE,"OK"
4,500,0.1,0.1,"Oracle-GMM",2,4.34621406020538,5.99146454710798,TRUE,"OK"
4,500,0.1,0.1,"Oracle-GMM",2.2,3.83738924752453,5.99146454710798,TRUE,"OK"
4,500,0.1,0.1,"Oracle-GMM",2.4,4.12192902936399,5.99146454710798,TRUE,"OK"
4,500,0.1,0.1,"Oracle-GMM",2.6,3.36068280374705,5.99146454710798,TRUE,"OK"
4,500,0.1,0.1,"Oracle-GMM",2.8,4.90889639174948,5.99146454710798,TRUE,"OK"
4,500,0.1,0.1,"Oracle-GMM",3,3.13664204286708,5.99146454710798,TRUE,"OK"
4,500,0.1,0.1,"Oracle-GMM",3.2,3.72289123768525,5.99146454710798,TRUE,"OK"
4,500,0.1,0.1,"Oracle-GMM",3.4,6.07563299595959,5.99146454710798,FALSE,"OK"
4,500,0.1,0.1,"Oracle-GMM",3.6,5.69268337713155,5.99146454710798,TRUE,"OK"
4,500,0.1,0.1,"Oracle-GMM",3.8,5.69595509011937,5.99146454710798,TRUE,"OK"
4,500,0.1,0.1,"Oracle-GMM",4,4.23667950059678,5.99146454710798,TRUE,"OK"
4,500,0.1,0.1,"Oracle-GMM",4.2,6.52515961519259,5.99146454710798,FALSE,"OK"
4,500,0.1,0.1,"Oracle-GMM",4.4,7.9211340799081,5.99146454710798,FALSE,"OK"
4,500,0.1,0.1,"Oracle-GMM",4.6,5.68951822264405,5.99146454710798,TRUE,"OK"
4,500,0.1,0.1,"Oracle-GMM",4.8,5.58419324719719,5.99146454710798,TRUE,"OK"
4,500,0.1,0.1,"Oracle-GMM",5,3.86052038456775,5.99146454710798,TRUE,"OK"
4,500,0.1,0.1,"Full-GMM",-3,8.79555081240544,5.99146454710798,FALSE,"OK"
4,500,0.1,0.1,"Full-GMM",-2.8,7.69456051742821,5.99146454710798,FALSE,"OK"
4,500,0.1,0.1,"Full-GMM",-2.6,6.77827863054643,5.99146454710798,FALSE,"OK"
4,500,0.1,0.1,"Full-GMM",-2.4,4.84076171266006,5.99146454710798,TRUE,"OK"
4,500,0.1,0.1,"Full-GMM",-2.2,5.99330068234755,5.99146454710798,FALSE,"OK"
4,500,0.1,0.1,"Full-GMM",-2,1.25996910271757,5.99146454710798,TRUE,"OK"
4,500,0.1,0.1,"Full-GMM",-1.8,3.63855698411834,5.99146454710798,TRUE,"OK"
4,500,0.1,0.1,"Full-GMM",-1.6,2.67895023408391,5.99146454710798,TRUE,"OK"
4,500,0.1,0.1,"Full-GMM",-1.4,0.913050007496945,5.99146454710798,TRUE,"OK"
4,500,0.1,0.1,"Full-GMM",-1.2,1.2423131298307,5.99146454710798,TRUE,"OK"
4,500,0.1,0.1,"Full-GMM",-1,7.04582884006039,5.99146454710798,FALSE,"OK"
4,500,0.1,0.1,"Full-GMM",-0.8,2.52624468709695,5.99146454710798,TRUE,"OK"
4,500,0.1,0.1,"Full-GMM",-0.6,2.25830417696309,5.99146454710798,TRUE,"OK"
4,500,0.1,0.1,"Full-GMM",-0.4,4.92304256118283,5.99146454710798,TRUE,"OK"
4,500,0.1,0.1,"Full-GMM",-0.2,2.75845769512331,5.99146454710798,TRUE,"OK"
4,500,0.1,0.1,"Full-GMM",0,1.16630343493971,5.99146454710798,TRUE,"OK"
4,500,0.1,0.1,"Full-GMM",0.2,0.285298071691302,5.99146454710798,TRUE,"OK"
4,500,0.1,0.1,"Full-GMM",0.4,2.22473616739768,5.99146454710798,TRUE,"OK"
4,500,0.1,0.1,"Full-GMM",0.6,4.97703020500231,5.99146454710798,TRUE,"OK"
4,500,0.1,0.1,"Full-GMM",0.8,10.6588515161807,5.99146454710798,FALSE,"OK"
4,500,0.1,0.1,"Full-GMM",1,1.52546414663782,5.99146454710798,TRUE,"OK"
4,500,0.1,0.1,"Full-GMM",1.2,0.718749310818599,5.99146454710798,TRUE,"OK"
4,500,0.1,0.1,"Full-GMM",1.4,0.476442675319889,5.99146454710798,TRUE,"OK"
4,500,0.1,0.1,"Full-GMM",1.6,0.418830639823455,5.99146454710798,TRUE,"OK"
4,500,0.1,0.1,"Full-GMM",1.8,1.13504653290513,5.99146454710798,TRUE,"OK"
4,500,0.1,0.1,"Full-GMM",2,0.258542366936225,5.99146454710798,TRUE,"OK"
4,500,0.1,0.1,"Full-GMM",2.2,0.404823592669204,5.99146454710798,TRUE,"OK"
4,500,0.1,0.1,"Full-GMM",2.4,0.57393634504005,5.99146454710798,TRUE,"OK"
4,500,0.1,0.1,"Full-GMM",2.6,0.452275520194727,5.99146454710798,TRUE,"OK"
4,500,0.1,0.1,"Full-GMM",2.8,1.30770356135769,5.99146454710798,TRUE,"OK"
4,500,0.1,0.1,"Full-GMM",3,0.969709347296797,5.99146454710798,TRUE,"OK"
4,500,0.1,0.1,"Full-GMM",3.2,0.541471092120538,5.99146454710798,TRUE,"OK"
4,500,0.1,0.1,"Full-GMM",3.4,1.76539117675026,5.99146454710798,TRUE,"OK"
4,500,0.1,0.1,"Full-GMM",3.6,0.0964897845644775,5.99146454710798,TRUE,"OK"
4,500,0.1,0.1,"Full-GMM",3.8,0.0763687870663181,5.99146454710798,TRUE,"OK"
4,500,0.1,0.1,"Full-GMM",4,0.825838418290076,5.99146454710798,TRUE,"OK"
4,500,0.1,0.1,"Full-GMM",4.2,4.78564390340846,5.99146454710798,TRUE,"OK"
4,500,0.1,0.1,"Full-GMM",4.4,0.126775084040345,5.99146454710798,TRUE,"OK"
4,500,0.1,0.1,"Full-GMM",4.6,2.40857002091826,5.99146454710798,TRUE,"OK"
4,500,0.1,0.1,"Full-GMM",4.8,1.55967137077668,5.99146454710798,TRUE,"OK"
4,500,0.1,0.1,"Full-GMM",5,4.36413641289394,5.99146454710798,TRUE,"OK"
4,500,0.1,0.1,"DML-IVQR",-3,13.4501899114468,5.99146454710798,FALSE,"OK"
4,500,0.1,0.1,"DML-IVQR",-2.8,10.0101564240312,5.99146454710798,FALSE,"OK"
4,500,0.1,0.1,"DML-IVQR",-2.6,12.6252023342324,5.99146454710798,FALSE,"OK"
4,500,0.1,0.1,"DML-IVQR",-2.4,12.1778668965627,5.99146454710798,FALSE,"OK"
4,500,0.1,0.1,"DML-IVQR",-2.2,11.460522330241,5.99146454710798,FALSE,"OK"
4,500,0.1,0.1,"DML-IVQR",-2,10.3819599002101,5.99146454710798,FALSE,"OK"
4,500,0.1,0.1,"DML-IVQR",-1.8,8.49540073901702,5.99146454710798,FALSE,"OK"
4,500,0.1,0.1,"DML-IVQR",-1.6,7.15561138490581,5.99146454710798,FALSE,"OK"
4,500,0.1,0.1,"DML-IVQR",-1.4,8.40344342682543,5.99146454710798,FALSE,"OK"
4,500,0.1,0.1,"DML-IVQR",-1.2,8.61360504797913,5.99146454710798,FALSE,"OK"
4,500,0.1,0.1,"DML-IVQR",-1,14.1689796378069,5.99146454710798,FALSE,"OK"
4,500,0.1,0.1,"DML-IVQR",-0.8,9.54857815105057,5.99146454710798,FALSE,"OK"
4,500,0.1,0.1,"DML-IVQR",-0.6,5.76438843823163,5.99146454710798,TRUE,"OK"
4,500,0.1,0.1,"DML-IVQR",-0.4,7.80035099812318,5.99146454710798,FALSE,"OK"
4,500,0.1,0.1,"DML-IVQR",-0.2,3.73796133133164,5.99146454710798,TRUE,"OK"
4,500,0.1,0.1,"DML-IVQR",0,4.99335369915536,5.99146454710798,TRUE,"OK"
4,500,0.1,0.1,"DML-IVQR",0.2,3.63833331847329,5.99146454710798,TRUE,"OK"
4,500,0.1,0.1,"DML-IVQR",0.4,3.84039691006056,5.99146454710798,TRUE,"OK"
4,500,0.1,0.1,"DML-IVQR",0.6,4.72520092160115,5.99146454710798,TRUE,"OK"
4,500,0.1,0.1,"DML-IVQR",0.8,3.98582193795973,5.99146454710798,TRUE,"OK"
4,500,0.1,0.1,"DML-IVQR",1,3.78286471301917,5.99146454710798,TRUE,"OK"
4,500,0.1,0.1,"DML-IVQR",1.2,1.46040520789672,5.99146454710798,TRUE,"OK"
4,500,0.1,0.1,"DML-IVQR",1.4,4.2906501064805,5.99146454710798,TRUE,"OK"
4,500,0.1,0.1,"DML-IVQR",1.6,1.50351169200028,5.99146454710798,TRUE,"OK"
4,500,0.1,0.1,"DML-IVQR",1.8,1.87025703403367,5.99146454710798,TRUE,"OK"
4,500,0.1,0.1,"DML-IVQR",2,0.888378887264389,5.99146454710798,TRUE,"OK"
4,500,0.1,0.1,"DML-IVQR",2.2,0.627389526173687,5.99146454710798,TRUE,"OK"
4,500,0.1,0.1,"DML-IVQR",2.4,1.65521298659921,5.99146454710798,TRUE,"OK"
4,500,0.1,0.1,"DML-IVQR",2.6,2.13699126383351,5.99146454710798,TRUE,"OK"
4,500,0.1,0.1,"DML-IVQR",2.8,1.66357041910453,5.99146454710798,TRUE,"OK"
4,500,0.1,0.1,"DML-IVQR",3,2.41311220154896,5.99146454710798,TRUE,"OK"
4,500,0.1,0.1,"DML-IVQR",3.2,3.20091028471098,5.99146454710798,TRUE,"OK"
4,500,0.1,0.1,"DML-IVQR",3.4,4.28898529957516,5.99146454710798,TRUE,"OK"
4,500,0.1,0.1,"DML-IVQR",3.6,2.9141695115443,5.99146454710798,TRUE,"OK"
4,500,0.1,0.1,"DML-IVQR",3.8,3.47571359506854,5.99146454710798,TRUE,"OK"
4,500,0.1,0.1,"DML-IVQR",4,4.54646955328087,5.99146454710798,TRUE,"OK"
4,500,0.1,0.1,"DML-IVQR",4.2,3.787951651847,5.99146454710798,TRUE,"OK"
4,500,0.1,0.1,"DML-IVQR",4.4,2.52742294690944,5.99146454710798,TRUE,"OK"
4,500,0.1,0.1,"DML-IVQR",4.6,2.74571478388435,5.99146454710798,TRUE,"OK"
4,500,0.1,0.1,"DML-IVQR",4.8,2.95783621492219,5.99146454710798,TRUE,"OK"
4,500,0.1,0.1,"DML-IVQR",5,3.24424957663629,5.99146454710798,TRUE,"OK"
4,500,0.1,0.5,"Oracle-GMM",-3,0.756387692871504,5.99146454710798,TRUE,"OK"
4,500,0.1,0.5,"Oracle-GMM",-2.8,0.384212730725477,5.99146454710798,TRUE,"OK"
4,500,0.1,0.5,"Oracle-GMM",-2.6,0.3119176438314,5.99146454710798,TRUE,"OK"
4,500,0.1,0.5,"Oracle-GMM",-2.4,0.106776901779159,5.99146454710798,TRUE,"OK"
4,500,0.1,0.5,"Oracle-GMM",-2.2,0.300641202796152,5.99146454710798,TRUE,"OK"
4,500,0.1,0.5,"Oracle-GMM",-2,0.252326940057878,5.99146454710798,TRUE,"OK"
4,500,0.1,0.5,"Oracle-GMM",-1.8,0.0511492484895843,5.99146454710798,TRUE,"OK"
4,500,0.1,0.5,"Oracle-GMM",-1.6,0.316830925257792,5.99146454710798,TRUE,"OK"
4,500,0.1,0.5,"Oracle-GMM",-1.4,0.62979286014087,5.99146454710798,TRUE,"OK"
4,500,0.1,0.5,"Oracle-GMM",-1.2,0.544974871515442,5.99146454710798,TRUE,"OK"
4,500,0.1,0.5,"Oracle-GMM",-1,0.368191586861024,5.99146454710798,TRUE,"OK"
4,500,0.1,0.5,"Oracle-GMM",-0.8,1.14067751380197,5.99146454710798,TRUE,"OK"
4,500,0.1,0.5,"Oracle-GMM",-0.6,0.877887825043625,5.99146454710798,TRUE,"OK"
4,500,0.1,0.5,"Oracle-GMM",-0.4,1.61660949135855,5.99146454710798,TRUE,"OK"
4,500,0.1,0.5,"Oracle-GMM",-0.2,1.85476513115209,5.99146454710798,TRUE,"OK"
4,500,0.1,0.5,"Oracle-GMM",0,0.693204772681947,5.99146454710798,TRUE,"OK"
4,500,0.1,0.5,"Oracle-GMM",0.2,0.664443656317189,5.99146454710798,TRUE,"OK"
4,500,0.1,0.5,"Oracle-GMM",0.4,0.569784708498373,5.99146454710798,TRUE,"OK"
4,500,0.1,0.5,"Oracle-GMM",0.6,2.00002494219724,5.99146454710798,TRUE,"OK"
4,500,0.1,0.5,"Oracle-GMM",0.8,1.35493655618535,5.99146454710798,TRUE,"OK"
4,500,0.1,0.5,"Oracle-GMM",1,1.2237092307606,5.99146454710798,TRUE,"OK"
4,500,0.1,0.5,"Oracle-GMM",1.2,2.66711397517123,5.99146454710798,TRUE,"OK"
4,500,0.1,0.5,"Oracle-GMM",1.4,3.27422060330845,5.99146454710798,TRUE,"OK"
4,500,0.1,0.5,"Oracle-GMM",1.6,5.3837658009083,5.99146454710798,TRUE,"OK"
4,500,0.1,0.5,"Oracle-GMM",1.8,5.61003195688401,5.99146454710798,TRUE,"OK"
4,500,0.1,0.5,"Oracle-GMM",2,6.80922739061902,5.99146454710798,FALSE,"OK"
4,500,0.1,0.5,"Oracle-GMM",2.2,6.62167226710308,5.99146454710798,FALSE,"OK"
4,500,0.1,0.5,"Oracle-GMM",2.4,5.54034902128202,5.99146454710798,TRUE,"OK"
4,500,0.1,0.5,"Oracle-GMM",2.6,5.22596823366641,5.99146454710798,TRUE,"OK"
4,500,0.1,0.5,"Oracle-GMM",2.8,5.72693334725877,5.99146454710798,TRUE,"OK"
4,500,0.1,0.5,"Oracle-GMM",3,5.23546475663146,5.99146454710798,TRUE,"OK"
4,500,0.1,0.5,"Oracle-GMM",3.2,7.4109444441321,5.99146454710798,FALSE,"OK"
4,500,0.1,0.5,"Oracle-GMM",3.4,5.43513351801792,5.99146454710798,TRUE,"OK"
4,500,0.1,0.5,"Oracle-GMM",3.6,4.54123247840978,5.99146454710798,TRUE,"OK"
4,500,0.1,0.5,"Oracle-GMM",3.8,3.30319869903482,5.99146454710798,TRUE,"OK"
4,500,0.1,0.5,"Oracle-GMM",4,3.52349530611164,5.99146454710798,TRUE,"OK"
4,500,0.1,0.5,"Oracle-GMM",4.2,4.89568771135554,5.99146454710798,TRUE,"OK"
4,500,0.1,0.5,"Oracle-GMM",4.4,2.95459219494238,5.99146454710798,TRUE,"OK"
4,500,0.1,0.5,"Oracle-GMM",4.6,3.43263968607284,5.99146454710798,TRUE,"OK"
4,500,0.1,0.5,"Oracle-GMM",4.8,2.11685989742947,5.99146454710798,TRUE,"OK"
4,500,0.1,0.5,"Oracle-GMM",5,3.8512132872805,5.99146454710798,TRUE,"OK"
4,500,0.1,0.5,"Full-GMM",-3,2.56923241965728,5.99146454710798,TRUE,"OK"
4,500,0.1,0.5,"Full-GMM",-2.8,3.47649092141518,5.99146454710798,TRUE,"OK"
4,500,0.1,0.5,"Full-GMM",-2.6,8.18258543487316,5.99146454710798,FALSE,"OK"
4,500,0.1,0.5,"Full-GMM",-2.4,2.33547609521717,5.99146454710798,TRUE,"OK"
4,500,0.1,0.5,"Full-GMM",-2.2,6.67307630919795,5.99146454710798,FALSE,"OK"
4,500,0.1,0.5,"Full-GMM",-2,6.15555702406524,5.99146454710798,FALSE,"OK"
4,500,0.1,0.5,"Full-GMM",-1.8,2.68224999423382,5.99146454710798,TRUE,"OK"
4,500,0.1,0.5,"Full-GMM",-1.6,2.95084085810938,5.99146454710798,TRUE,"OK"
4,500,0.1,0.5,"Full-GMM",-1.4,3.58653676084778,5.99146454710798,TRUE,"OK"
4,500,0.1,0.5,"Full-GMM",-1.2,5.68447038330958,5.99146454710798,TRUE,"OK"
4,500,0.1,0.5,"Full-GMM",-1,3.87478568670335,5.99146454710798,TRUE,"OK"
4,500,0.1,0.5,"Full-GMM",-0.8,3.13193255637581,5.99146454710798,TRUE,"OK"
4,500,0.1,0.5,"Full-GMM",-0.6,2.43462474536744,5.99146454710798,TRUE,"OK"
4,500,0.1,0.5,"Full-GMM",-0.4,3.5124202544147,5.99146454710798,TRUE,"OK"
4,500,0.1,0.5,"Full-GMM",-0.2,2.48710720727889,5.99146454710798,TRUE,"OK"
4,500,0.1,0.5,"Full-GMM",0,1.13203904091929,5.99146454710798,TRUE,"OK"
4,500,0.1,0.5,"Full-GMM",0.2,3.14114348370064,5.99146454710798,TRUE,"OK"
4,500,0.1,0.5,"Full-GMM",0.4,1.58906934202555,5.99146454710798,TRUE,"OK"
4,500,0.1,0.5,"Full-GMM",0.6,2.32304834665165,5.99146454710798,TRUE,"OK"
4,500,0.1,0.5,"Full-GMM",0.8,0.57760989919919,5.99146454710798,TRUE,"OK"
4,500,0.1,0.5,"Full-GMM",1,0.799532960015241,5.99146454710798,TRUE,"OK"
4,500,0.1,0.5,"Full-GMM",1.2,0.491499407849424,5.99146454710798,TRUE,"OK"
4,500,0.1,0.5,"Full-GMM",1.4,2.60160144509535,5.99146454710798,TRUE,"OK"
4,500,0.1,0.5,"Full-GMM",1.6,0.900636925730374,5.99146454710798,TRUE,"OK"
4,500,0.1,0.5,"Full-GMM",1.8,2.19736914822745,5.99146454710798,TRUE,"OK"
4,500,0.1,0.5,"Full-GMM",2,7.81357782463958,5.99146454710798,FALSE,"OK"
4,500,0.1,0.5,"Full-GMM",2.2,4.86307646999944,5.99146454710798,TRUE,"OK"
4,500,0.1,0.5,"Full-GMM",2.4,9.27634478912996,5.99146454710798,FALSE,"OK"
4,500,0.1,0.5,"Full-GMM",2.6,2.88899231199524,5.99146454710798,TRUE,"OK"
4,500,0.1,0.5,"Full-GMM",2.8,5.14905948498225,5.99146454710798,TRUE,"OK"
4,500,0.1,0.5,"Full-GMM",3,4.40242065317599,5.99146454710798,TRUE,"OK"
4,500,0.1,0.5,"Full-GMM",3.2,4.60235040176981,5.99146454710798,TRUE,"OK"
4,500,0.1,0.5,"Full-GMM",3.4,4.96837624104197,5.99146454710798,TRUE,"OK"
4,500,0.1,0.5,"Full-GMM",3.6,3.04156347854068,5.99146454710798,TRUE,"OK"
4,500,0.1,0.5,"Full-GMM",3.8,7.86947491044045,5.99146454710798,FALSE,"OK"
4,500,0.1,0.5,"Full-GMM",4,5.53936270319653,5.99146454710798,TRUE,"OK"
4,500,0.1,0.5,"Full-GMM",4.2,5.12440640048287,5.99146454710798,TRUE,"OK"
4,500,0.1,0.5,"Full-GMM",4.4,2.96250375433836,5.99146454710798,TRUE,"OK"
4,500,0.1,0.5,"Full-GMM",4.6,6.2846587406011,5.99146454710798,FALSE,"OK"
4,500,0.1,0.5,"Full-GMM",4.8,3.39387307582052,5.99146454710798,TRUE,"OK"
4,500,0.1,0.5,"Full-GMM",5,6.47265857913185,5.99146454710798,FALSE,"OK"
4,500,0.1,0.5,"DML-IVQR",-3,5.40031153082265,5.99146454710798,TRUE,"OK"
4,500,0.1,0.5,"DML-IVQR",-2.8,3.60551545407324,5.99146454710798,TRUE,"OK"
4,500,0.1,0.5,"DML-IVQR",-2.6,4.47165702087505,5.99146454710798,TRUE,"OK"
4,500,0.1,0.5,"DML-IVQR",-2.4,3.42726266250998,5.99146454710798,TRUE,"OK"
4,500,0.1,0.5,"DML-IVQR",-2.2,3.38641518437464,5.99146454710798,TRUE,"OK"
4,500,0.1,0.5,"DML-IVQR",-2,3.47995384669868,5.99146454710798,TRUE,"OK"
4,500,0.1,0.5,"DML-IVQR",-1.8,3.00955803916669,5.99146454710798,TRUE,"OK"
4,500,0.1,0.5,"DML-IVQR",-1.6,2.00212775032892,5.99146454710798,TRUE,"OK"
4,500,0.1,0.5,"DML-IVQR",-1.4,2.76260365332866,5.99146454710798,TRUE,"OK"
4,500,0.1,0.5,"DML-IVQR",-1.2,4.14261046290207,5.99146454710798,TRUE,"OK"
4,500,0.1,0.5,"DML-IVQR",-1,4.95771831515319,5.99146454710798,TRUE,"OK"
4,500,0.1,0.5,"DML-IVQR",-0.8,2.51785317767184,5.99146454710798,TRUE,"OK"
4,500,0.1,0.5,"DML-IVQR",-0.6,3.73730591920611,5.99146454710798,TRUE,"OK"
4,500,0.1,0.5,"DML-IVQR",-0.4,3.27407441705182,5.99146454710798,TRUE,"OK"
4,500,0.1,0.5,"DML-IVQR",-0.2,2.04377286356629,5.99146454710798,TRUE,"OK"
4,500,0.1,0.5,"DML-IVQR",0,1.68459196510675,5.99146454710798,TRUE,"OK"
4,500,0.1,0.5,"DML-IVQR",0.2,0.673950384509093,5.99146454710798,TRUE,"OK"
4,500,0.1,0.5,"DML-IVQR",0.4,0.767999149384027,5.99146454710798,TRUE,"OK"
4,500,0.1,0.5,"DML-IVQR",0.6,2.28181252692165,5.99146454710798,TRUE,"OK"
4,500,0.1,0.5,"DML-IVQR",0.8,3.44086449041557,5.99146454710798,TRUE,"OK"
4,500,0.1,0.5,"DML-IVQR",1,1.18849566841557,5.99146454710798,TRUE,"OK"
4,500,0.1,0.5,"DML-IVQR",1.2,1.94560985954791,5.99146454710798,TRUE,"OK"
4,500,0.1,0.5,"DML-IVQR",1.4,2.58794900308477,5.99146454710798,TRUE,"OK"
4,500,0.1,0.5,"DML-IVQR",1.6,4.60993800247013,5.99146454710798,TRUE,"OK"
4,500,0.1,0.5,"DML-IVQR",1.8,5.64823942137973,5.99146454710798,TRUE,"OK"
4,500,0.1,0.5,"DML-IVQR",2,6.4121409852267,5.99146454710798,FALSE,"OK"
4,500,0.1,0.5,"DML-IVQR",2.2,7.85303354753162,5.99146454710798,FALSE,"OK"
4,500,0.1,0.5,"DML-IVQR",2.4,6.70501901575536,5.99146454710798,FALSE,"OK"
4,500,0.1,0.5,"DML-IVQR",2.6,4.05868338798531,5.99146454710798,TRUE,"OK"
4,500,0.1,0.5,"DML-IVQR",2.8,3.69570566075941,5.99146454710798,TRUE,"OK"
4,500,0.1,0.5,"DML-IVQR",3,2.95518736735842,5.99146454710798,TRUE,"OK"
4,500,0.1,0.5,"DML-IVQR",3.2,3.94618259051638,5.99146454710798,TRUE,"OK"
4,500,0.1,0.5,"DML-IVQR",3.4,3.62981165815664,5.99146454710798,TRUE,"OK"
4,500,0.1,0.5,"DML-IVQR",3.6,3.58071779365885,5.99146454710798,TRUE,"OK"
4,500,0.1,0.5,"DML-IVQR",3.8,3.22411292137691,5.99146454710798,TRUE,"OK"
4,500,0.1,0.5,"DML-IVQR",4,2.9196714590091,5.99146454710798,TRUE,"OK"
4,500,0.1,0.5,"DML-IVQR",4.2,3.15519625046144,5.99146454710798,TRUE,"OK"
4,500,0.1,0.5,"DML-IVQR",4.4,3.77951377519144,5.99146454710798,TRUE,"OK"
4,500,0.1,0.5,"DML-IVQR",4.6,3.09561201671377,5.99146454710798,TRUE,"OK"
4,500,0.1,0.5,"DML-IVQR",4.8,5.62680268763695,5.99146454710798,TRUE,"OK"
4,500,0.1,0.5,"DML-IVQR",5,5.71862547895074,5.99146454710798,TRUE,"OK"
4,500,0.1,0.9,"Oracle-GMM",-3,6.47163211108924,5.99146454710798,FALSE,"OK"
4,500,0.1,0.9,"Oracle-GMM",-2.8,3.88584552898343,5.99146454710798,TRUE,"OK"
4,500,0.1,0.9,"Oracle-GMM",-2.6,5.82102641710034,5.99146454710798,TRUE,"OK"
4,500,0.1,0.9,"Oracle-GMM",-2.4,5.92489385863315,5.99146454710798,TRUE,"OK"
4,500,0.1,0.9,"Oracle-GMM",-2.2,3.00693485739019,5.99146454710798,TRUE,"OK"
4,500,0.1,0.9,"Oracle-GMM",-2,2.13702598660324,5.99146454710798,TRUE,"OK"
4,500,0.1,0.9,"Oracle-GMM",-1.8,2.77612774810169,5.99146454710798,TRUE,"OK"
4,500,0.1,0.9,"Oracle-GMM",-1.6,3.12111280101613,5.99146454710798,TRUE,"OK"
4,500,0.1,0.9,"Oracle-GMM",-1.4,2.62459554368256,5.99146454710798,TRUE,"OK"
4,500,0.1,0.9,"Oracle-GMM",-1.2,2.94276373160839,5.99146454710798,TRUE,"OK"
4,500,0.1,0.9,"Oracle-GMM",-1,2.70250261313884,5.99146454710798,TRUE,"OK"
4,500,0.1,0.9,"Oracle-GMM",-0.8,2.33774209125046,5.99146454710798,TRUE,"OK"
4,500,0.1,0.9,"Oracle-GMM",-0.6,1.18033165754355,5.99146454710798,TRUE,"OK"
4,500,0.1,0.9,"Oracle-GMM",-0.4,3.06193380786648,5.99146454710798,TRUE,"OK"
4,500,0.1,0.9,"Oracle-GMM",-0.2,3.47953163376465,5.99146454710798,TRUE,"OK"
4,500,0.1,0.9,"Oracle-GMM",0,2.07081606225323,5.99146454710798,TRUE,"OK"
4,500,0.1,0.9,"Oracle-GMM",0.2,2.2983300861984,5.99146454710798,TRUE,"OK"
4,500,0.1,0.9,"Oracle-GMM",0.4,3.08106592324244,5.99146454710798,TRUE,"OK"
4,500,0.1,0.9,"Oracle-GMM",0.6,3.7850144472366,5.99146454710798,TRUE,"OK"
4,500,0.1,0.9,"Oracle-GMM",0.8,3.91363413455111,5.99146454710798,TRUE,"OK"
4,500,0.1,0.9,"Oracle-GMM",1,3.32809203101374,5.99146454710798,TRUE,"OK"
4,500,0.1,0.9,"Oracle-GMM",1.2,2.90994036822392,5.99146454710798,TRUE,"OK"
4,500,0.1,0.9,"Oracle-GMM",1.4,2.51981482022223,5.99146454710798,TRUE,"OK"
4,500,0.1,0.9,"Oracle-GMM",1.6,3.42325009944273,5.99146454710798,TRUE,"OK"
4,500,0.1,0.9,"Oracle-GMM",1.8,1.01943311655728,5.99146454710798,TRUE,"OK"
4,500,0.1,0.9,"Oracle-GMM",2,0.546374255334842,5.99146454710798,TRUE,"OK"
4,500,0.1,0.9,"Oracle-GMM",2.2,1.32659578298891,5.99146454710798,TRUE,"OK"
4,500,0.1,0.9,"Oracle-GMM",2.4,0.909068589015991,5.99146454710798,TRUE,"OK"
4,500,0.1,0.9,"Oracle-GMM",2.6,1.81164768838183,5.99146454710798,TRUE,"OK"
4,500,0.1,0.9,"Oracle-GMM",2.8,0.382372220082102,5.99146454710798,TRUE,"OK"
4,500,0.1,0.9,"Oracle-GMM",3,2.1098277705815,5.99146454710798,TRUE,"OK"
4,500,0.1,0.9,"Oracle-GMM",3.2,2.43453222052111,5.99146454710798,TRUE,"OK"
4,500,0.1,0.9,"Oracle-GMM",3.4,3.29848624808341,5.99146454710798,TRUE,"OK"
4,500,0.1,0.9,"Oracle-GMM",3.6,2.54623690903674,5.99146454710798,TRUE,"OK"
4,500,0.1,0.9,"Oracle-GMM",3.8,1.90220325255259,5.99146454710798,TRUE,"OK"
4,500,0.1,0.9,"Oracle-GMM",4,1.0888762530745,5.99146454710798,TRUE,"OK"
4,500,0.1,0.9,"Oracle-GMM",4.2,1.80565886616448,5.99146454710798,TRUE,"OK"
4,500,0.1,0.9,"Oracle-GMM",4.4,0.655829585061978,5.99146454710798,TRUE,"OK"
4,500,0.1,0.9,"Oracle-GMM",4.6,1.89931021991998,5.99146454710798,TRUE,"OK"
4,500,0.1,0.9,"Oracle-GMM",4.8,1.84286314961867,5.99146454710798,TRUE,"OK"
4,500,0.1,0.9,"Oracle-GMM",5,2.04054994774616,5.99146454710798,TRUE,"OK"
4,500,0.1,0.9,"Full-GMM",-3,8.35940884316076,5.99146454710798,FALSE,"OK"
4,500,0.1,0.9,"Full-GMM",-2.8,0.431452778364716,5.99146454710798,TRUE,"OK"
4,500,0.1,0.9,"Full-GMM",-2.6,7.12062064001276,5.99146454710798,FALSE,"OK"
4,500,0.1,0.9,"Full-GMM",-2.4,7.24794956371661,5.99146454710798,FALSE,"OK"
4,500,0.1,0.9,"Full-GMM",-2.2,7.47604379563613,5.99146454710798,FALSE,"OK"
4,500,0.1,0.9,"Full-GMM",-2,6.01625405209435,5.99146454710798,FALSE,"OK"
4,500,0.1,0.9,"Full-GMM",-1.8,1.56968748273686,5.99146454710798,TRUE,"OK"
4,500,0.1,0.9,"Full-GMM",-1.6,2.2839346904402,5.99146454710798,TRUE,"OK"
4,500,0.1,0.9,"Full-GMM",-1.4,1.95937503231593,5.99146454710798,TRUE,"OK"
4,500,0.1,0.9,"Full-GMM",-1.2,6.72986967190391,5.99146454710798,FALSE,"OK"
4,500,0.1,0.9,"Full-GMM",-1,6.34146765747603,5.99146454710798,FALSE,"OK"
4,500,0.1,0.9,"Full-GMM",-0.8,0.144836684837813,5.99146454710798,TRUE,"OK"
4,500,0.1,0.9,"Full-GMM",-0.6,5.32051114055657,5.99146454710798,TRUE,"OK"
4,500,0.1,0.9,"Full-GMM",-0.4,5.60281747274779,5.99146454710798,TRUE,"OK"
4,500,0.1,0.9,"Full-GMM",-0.2,4.02279502340726,5.99146454710798,TRUE,"OK"
4,500,0.1,0.9,"Full-GMM",0,1.61402377896979,5.99146454710798,TRUE,"OK"
4,500,0.1,0.9,"Full-GMM",0.2,2.7166187679286,5.99146454710798,TRUE,"OK"
4,500,0.1,0.9,"Full-GMM",0.4,1.3838814512214,5.99146454710798,TRUE,"OK"
4,500,0.1,0.9,"Full-GMM",0.6,4.61170821230013,5.99146454710798,TRUE,"OK"
4,500,0.1,0.9,"Full-GMM",0.8,1.82193976349513,5.99146454710798,TRUE,"OK"
4,500,0.1,0.9,"Full-GMM",1,3.30213103315999,5.99146454710798,TRUE,"OK"
4,500,0.1,0.9,"Full-GMM",1.2,0.900427717529109,5.99146454710798,TRUE,"OK"
4,500,0.1,0.9,"Full-GMM",1.4,2.7244042951526,5.99146454710798,TRUE,"OK"
4,500,0.1,0.9,"Full-GMM",1.6,1.90201138329734,5.99146454710798,TRUE,"OK"
4,500,0.1,0.9,"Full-GMM",1.8,1.30526386727542,5.99146454710798,TRUE,"OK"
4,500,0.1,0.9,"Full-GMM",2,1.33696577812054,5.99146454710798,TRUE,"OK"
4,500,0.1,0.9,"Full-GMM",2.2,1.83752460884674,5.99146454710798,TRUE,"OK"
4,500,0.1,0.9,"Full-GMM",2.4,3.85027154817458,5.99146454710798,TRUE,"OK"
4,500,0.1,0.9,"Full-GMM",2.6,1.54701222425034,5.99146454710798,TRUE,"OK"
4,500,0.1,0.9,"Full-GMM",2.8,0.972404134942744,5.99146454710798,TRUE,"OK"
4,500,0.1,0.9,"Full-GMM",3,1.70591321503418,5.99146454710798,TRUE,"OK"
4,500,0.1,0.9,"Full-GMM",3.2,0.848943823101283,5.99146454710798,TRUE,"OK"
4,500,0.1,0.9,"Full-GMM",3.4,2.99865274305041,5.99146454710798,TRUE,"OK"
4,500,0.1,0.9,"Full-GMM",3.6,0.240292688698854,5.99146454710798,TRUE,"OK"
4,500,0.1,0.9,"Full-GMM",3.8,2.97680855179844,5.99146454710798,TRUE,"OK"
4,500,0.1,0.9,"Full-GMM",4,1.02704410389014,5.99146454710798,TRUE,"OK"
4,500,0.1,0.9,"Full-GMM",4.2,1.21273178269412,5.99146454710798,TRUE,"OK"
4,500,0.1,0.9,"Full-GMM",4.4,9.73222451596034,5.99146454710798,FALSE,"OK"
4,500,0.1,0.9,"Full-GMM",4.6,6.63151711578486,5.99146454710798,FALSE,"OK"
4,500,0.1,0.9,"Full-GMM",4.8,2.47552160317414,5.99146454710798,TRUE,"OK"
4,500,0.1,0.9,"Full-GMM",5,5.98247246994434,5.99146454710798,TRUE,"OK"
4,500,0.1,0.9,"DML-IVQR",-3,2.66858604111572,5.99146454710798,TRUE,"OK"
4,500,0.1,0.9,"DML-IVQR",-2.8,2.99108816262556,5.99146454710798,TRUE,"OK"
4,500,0.1,0.9,"DML-IVQR",-2.6,2.97771535432612,5.99146454710798,TRUE,"OK"
4,500,0.1,0.9,"DML-IVQR",-2.4,4.22946644649965,5.99146454710798,TRUE,"OK"
4,500,0.1,0.9,"DML-IVQR",-2.2,3.5491844261201,5.99146454710798,TRUE,"OK"
4,500,0.1,0.9,"DML-IVQR",-2,1.58903362262809,5.99146454710798,TRUE,"OK"
4,500,0.1,0.9,"DML-IVQR",-1.8,3.08974772870347,5.99146454710798,TRUE,"OK"
4,500,0.1,0.9,"DML-IVQR",-1.6,3.38954080510255,5.99146454710798,TRUE,"OK"
4,500,0.1,0.9,"DML-IVQR",-1.4,2.67174522025418,5.99146454710798,TRUE,"OK"
4,500,0.1,0.9,"DML-IVQR",-1.2,3.29864662422076,5.99146454710798,TRUE,"OK"
4,500,0.1,0.9,"DML-IVQR",-1,2.54465765452595,5.99146454710798,TRUE,"OK"
4,500,0.1,0.9,"DML-IVQR",-0.8,1.83821018885713,5.99146454710798,TRUE,"OK"
4,500,0.1,0.9,"DML-IVQR",-0.6,2.50547405852918,5.99146454710798,TRUE,"OK"
4,500,0.1,0.9,"DML-IVQR",-0.4,2.06967844409602,5.99146454710798,TRUE,"OK"
4,500,0.1,0.9,"DML-IVQR",-0.2,4.02092362912591,5.99146454710798,TRUE,"OK"
4,500,0.1,0.9,"DML-IVQR",0,3.37746598691474,5.99146454710798,TRUE,"OK"
4,500,0.1,0.9,"DML-IVQR",0.2,5.58949596494805,5.99146454710798,TRUE,"OK"
4,500,0.1,0.9,"DML-IVQR",0.4,8.03014453883319,5.99146454710798,FALSE,"OK"
4,500,0.1,0.9,"DML-IVQR",0.6,4.26979015309613,5.99146454710798,TRUE,"OK"
4,500,0.1,0.9,"DML-IVQR",0.8,2.31990759686406,5.99146454710798,TRUE,"OK"
4,500,0.1,0.9,"DML-IVQR",1,2.21611858825916,5.99146454710798,TRUE,"OK"
4,500,0.1,0.9,"DML-IVQR",1.2,1.42180596379654,5.99146454710798,TRUE,"OK"
4,500,0.1,0.9,"DML-IVQR",1.4,0.856052778658742,5.99146454710798,TRUE,"OK"
4,500,0.1,0.9,"DML-IVQR",1.6,0.963402589947234,5.99146454710798,TRUE,"OK"
4,500,0.1,0.9,"DML-IVQR",1.8,1.24567250375761,5.99146454710798,TRUE,"OK"
4,500,0.1,0.9,"DML-IVQR",2,2.88347062387766,5.99146454710798,TRUE,"OK"
4,500,0.1,0.9,"DML-IVQR",2.2,1.06454855650909,5.99146454710798,TRUE,"OK"
4,500,0.1,0.9,"DML-IVQR",2.4,1.22988912439363,5.99146454710798,TRUE,"OK"
4,500,0.1,0.9,"DML-IVQR",2.6,2.58472045751771,5.99146454710798,TRUE,"OK"
4,500,0.1,0.9,"DML-IVQR",2.8,0.744886792651736,5.99146454710798,TRUE,"OK"
4,500,0.1,0.9,"DML-IVQR",3,0.308834116331789,5.99146454710798,TRUE,"OK"
4,500,0.1,0.9,"DML-IVQR",3.2,1.21350426174367,5.99146454710798,TRUE,"OK"
4,500,0.1,0.9,"DML-IVQR",3.4,2.17587137779283,5.99146454710798,TRUE,"OK"
4,500,0.1,0.9,"DML-IVQR",3.6,1.18229393725425,5.99146454710798,TRUE,"OK"
4,500,0.1,0.9,"DML-IVQR",3.8,0.644225068139065,5.99146454710798,TRUE,"OK"
4,500,0.1,0.9,"DML-IVQR",4,1.01953404775201,5.99146454710798,TRUE,"OK"
4,500,0.1,0.9,"DML-IVQR",4.2,1.10012297499695,5.99146454710798,TRUE,"OK"
4,500,0.1,0.9,"DML-IVQR",4.4,1.88122730506835,5.99146454710798,TRUE,"OK"
4,500,0.1,0.9,"DML-IVQR",4.6,1.15076344228293,5.99146454710798,TRUE,"OK"
4,500,0.1,0.9,"DML-IVQR",4.8,0.804074002647321,5.99146454710798,TRUE,"OK"
4,500,0.1,0.9,"DML-IVQR",5,0.973248247190461,5.99146454710798,TRUE,"OK"
5,500,0.1,0.1,"Oracle-GMM",-3,0.835136318348872,5.99146454710798,TRUE,"OK"
5,500,0.1,0.1,"Oracle-GMM",-2.8,0.127859807402278,5.99146454710798,TRUE,"OK"
5,500,0.1,0.1,"Oracle-GMM",-2.6,0.620727436552072,5.99146454710798,TRUE,"OK"
5,500,0.1,0.1,"Oracle-GMM",-2.4,0.140532029443121,5.99146454710798,TRUE,"OK"
5,500,0.1,0.1,"Oracle-GMM",-2.2,0.0978563022071847,5.99146454710798,TRUE,"OK"
5,500,0.1,0.1,"Oracle-GMM",-2,0.067192512575534,5.99146454710798,TRUE,"OK"
5,500,0.1,0.1,"Oracle-GMM",-1.8,0.297933057231394,5.99146454710798,TRUE,"OK"
5,500,0.1,0.1,"Oracle-GMM",-1.6,0.0178694864022092,5.99146454710798,TRUE,"OK"
5,500,0.1,0.1,"Oracle-GMM",-1.4,0.00226190424011651,5.99146454710798,TRUE,"OK"
5,500,0.1,0.1,"Oracle-GMM",-1.2,0.283681151642743,5.99146454710798,TRUE,"OK"
5,500,0.1,0.1,"Oracle-GMM",-1,0.852939428646977,5.99146454710798,TRUE,"OK"
5,500,0.1,0.1,"Oracle-GMM",-0.8,1.3601909883059,5.99146454710798,TRUE,"OK"
5,500,0.1,0.1,"Oracle-GMM",-0.6,4.32572404022611,5.99146454710798,TRUE,"OK"
5,500,0.1,0.1,"Oracle-GMM",-0.4,0.740721759028219,5.99146454710798,TRUE,"OK"
5,500,0.1,0.1,"Oracle-GMM",-0.2,1.29970609056961,5.99146454710798,TRUE,"OK"
5,500,0.1,0.1,"Oracle-GMM",0,2.09439357118487,5.99146454710798,TRUE,"OK"
5,500,0.1,0.1,"Oracle-GMM",0.2,0.467744329380031,5.99146454710798,TRUE,"OK"
5,500,0.1,0.1,"Oracle-GMM",0.4,1.04664058097296,5.99146454710798,TRUE,"OK"
5,500,0.1,0.1,"Oracle-GMM",0.6,0.793386175462858,5.99146454710798,TRUE,"OK"
5,500,0.1,0.1,"Oracle-GMM",0.8,0.170276151786764,5.99146454710798,TRUE,"OK"
5,500,0.1,0.1,"Oracle-GMM",1,0.110456678068844,5.99146454710798,TRUE,"OK"
5,500,0.1,0.1,"Oracle-GMM",1.2,0.436904899322617,5.99146454710798,TRUE,"OK"
5,500,0.1,0.1,"Oracle-GMM",1.4,0.752135610594224,5.99146454710798,TRUE,"OK"
5,500,0.1,0.1,"Oracle-GMM",1.6,0.337146725625714,5.99146454710798,TRUE,"OK"
5,500,0.1,0.1,"Oracle-GMM",1.8,1.39669553343767,5.99146454710798,TRUE,"OK"
5,500,0.1,0.1,"Oracle-GMM",2,0.629610407266463,5.99146454710798,TRUE,"OK"
5,500,0.1,0.1,"Oracle-GMM",2.2,0.239676480345965,5.99146454710798,TRUE,"OK"
5,500,0.1,0.1,"Oracle-GMM",2.4,1.15603093830671,5.99146454710798,TRUE,"OK"
5,500,0.1,0.1,"Oracle-GMM",2.6,0.988292373111077,5.99146454710798,TRUE,"OK"
5,500,0.1,0.1,"Oracle-GMM",2.8,0.835752278620932,5.99146454710798,TRUE,"OK"
5,500,0.1,0.1,"Oracle-GMM",3,1.1520519496982,5.99146454710798,TRUE,"OK"
5,500,0.1,0.1,"Oracle-GMM",3.2,1.23121267219146,5.99146454710798,TRUE,"OK"
5,500,0.1,0.1,"Oracle-GMM",3.4,1.30543450138109,5.99146454710798,TRUE,"OK"
5,500,0.1,0.1,"Oracle-GMM",3.6,0.119203514258964,5.99146454710798,TRUE,"OK"
5,500,0.1,0.1,"Oracle-GMM",3.8,0.98307945819762,5.99146454710798,TRUE,"OK"
5,500,0.1,0.1,"Oracle-GMM",4,0.742774506164997,5.99146454710798,TRUE,"OK"
5,500,0.1,0.1,"Oracle-GMM",4.2,0.691089327182528,5.99146454710798,TRUE,"OK"
5,500,0.1,0.1,"Oracle-GMM",4.4,0.788242750610365,5.99146454710798,TRUE,"OK"
5,500,0.1,0.1,"Oracle-GMM",4.6,0.441083329625346,5.99146454710798,TRUE,"OK"
5,500,0.1,0.1,"Oracle-GMM",4.8,1.35817714004755,5.99146454710798,TRUE,"OK"
5,500,0.1,0.1,"Oracle-GMM",5,1.84096649288207,5.99146454710798,TRUE,"OK"
5,500,0.1,0.1,"Full-GMM",-3,0.269914870969654,5.99146454710798,TRUE,"OK"
5,500,0.1,0.1,"Full-GMM",-2.8,0.391329602225669,5.99146454710798,TRUE,"OK"
5,500,0.1,0.1,"Full-GMM",-2.6,0.48559966536667,5.99146454710798,TRUE,"OK"
5,500,0.1,0.1,"Full-GMM",-2.4,1.07558243829236,5.99146454710798,TRUE,"OK"
5,500,0.1,0.1,"Full-GMM",-2.2,0.0464055183452809,5.99146454710798,TRUE,"OK"
5,500,0.1,0.1,"Full-GMM",-2,0.1510661469821,5.99146454710798,TRUE,"OK"
5,500,0.1,0.1,"Full-GMM",-1.8,2.68226758431299,5.99146454710798,TRUE,"OK"
5,500,0.1,0.1,"Full-GMM",-1.6,0.434176942758409,5.99146454710798,TRUE,"OK"
5,500,0.1,0.1,"Full-GMM",-1.4,0.773810085601322,5.99146454710798,TRUE,"OK"
5,500,0.1,0.1,"Full-GMM",-1.2,1.32111456199404,5.99146454710798,TRUE,"OK"
5,500,0.1,0.1,"Full-GMM",-1,0.100552246068898,5.99146454710798,TRUE,"OK"
5,500,0.1,0.1,"Full-GMM",-0.8,0.350803673502918,5.99146454710798,TRUE,"OK"
5,500,0.1,0.1,"Full-GMM",-0.6,2.87454263918626,5.99146454710798,TRUE,"OK"
5,500,0.1,0.1,"Full-GMM",-0.4,0.489604066280759,5.99146454710798,TRUE,"OK"
5,500,0.1,0.1,"Full-GMM",-0.2,3.14000477695912,5.99146454710798,TRUE,"OK"
5,500,0.1,0.1,"Full-GMM",0,4.38006707024392,5.99146454710798,TRUE,"OK"
5,500,0.1,0.1,"Full-GMM",0.2,2.96648486665531,5.99146454710798,TRUE,"OK"
5,500,0.1,0.1,"Full-GMM",0.4,3.85168096347665,5.99146454710798,TRUE,"OK"
5,500,0.1,0.1,"Full-GMM",0.6,2.53499238332089,5.99146454710798,TRUE,"OK"
5,500,0.1,0.1,"Full-GMM",0.8,1.23122007208446,5.99146454710798,TRUE,"OK"
5,500,0.1,0.1,"Full-GMM",1,0.74902767822723,5.99146454710798,TRUE,"OK"
5,500,0.1,0.1,"Full-GMM",1.2,0.339708109030959,5.99146454710798,TRUE,"OK"
5,500,0.1,0.1,"Full-GMM",1.4,0.704352552901722,5.99146454710798,TRUE,"OK"
5,500,0.1,0.1,"Full-GMM",1.6,1.23589352760808,5.99146454710798,TRUE,"OK"
5,500,0.1,0.1,"Full-GMM",1.8,1.67788998604009,5.99146454710798,TRUE,"OK"
5,500,0.1,0.1,"Full-GMM",2,0.00412454791716204,5.99146454710798,TRUE,"OK"
5,500,0.1,0.1,"Full-GMM",2.2,4.23806429433416,5.99146454710798,TRUE,"OK"
5,500,0.1,0.1,"Full-GMM",2.4,4.3377459452026,5.99146454710798,TRUE,"OK"
5,500,0.1,0.1,"Full-GMM",2.6,1.56435412895896,5.99146454710798,TRUE,"OK"
5,500,0.1,0.1,"Full-GMM",2.8,1.66774492903359,5.99146454710798,TRUE,"OK"
5,500,0.1,0.1,"Full-GMM",3,2.14847697744813,5.99146454710798,TRUE,"OK"
5,500,0.1,0.1,"Full-GMM",3.2,2.49302274985759,5.99146454710798,TRUE,"OK"
5,500,0.1,0.1,"Full-GMM",3.4,0.387475691927372,5.99146454710798,TRUE,"OK"
5,500,0.1,0.1,"Full-GMM",3.6,0.299637784557264,5.99146454710798,TRUE,"OK"
5,500,0.1,0.1,"Full-GMM",3.8,2.12413815050352,5.99146454710798,TRUE,"OK"
5,500,0.1,0.1,"Full-GMM",4,1.82006221011082,5.99146454710798,TRUE,"OK"
5,500,0.1,0.1,"Full-GMM",4.2,3.90474492805785,5.99146454710798,TRUE,"OK"
5,500,0.1,0.1,"Full-GMM",4.4,3.13988882369902,5.99146454710798,TRUE,"OK"
5,500,0.1,0.1,"Full-GMM",4.6,3.64286038172553,5.99146454710798,TRUE,"OK"
5,500,0.1,0.1,"Full-GMM",4.8,3.68723856802704,5.99146454710798,TRUE,"OK"
5,500,0.1,0.1,"Full-GMM",5,0.630521043341883,5.99146454710798,TRUE,"OK"
5,500,0.1,0.1,"DML-IVQR",-3,0.87862762703345,5.99146454710798,TRUE,"OK"
5,500,0.1,0.1,"DML-IVQR",-2.8,0.564409624607587,5.99146454710798,TRUE,"OK"
5,500,0.1,0.1,"DML-IVQR",-2.6,0.908151025751956,5.99146454710798,TRUE,"OK"
5,500,0.1,0.1,"DML-IVQR",-2.4,0.653713057078776,5.99146454710798,TRUE,"OK"
5,500,0.1,0.1,"DML-IVQR",-2.2,0.96272970558629,5.99146454710798,TRUE,"OK"
5,500,0.1,0.1,"DML-IVQR",-2,1.25250644284729,5.99146454710798,TRUE,"OK"
5,500,0.1,0.1,"DML-IVQR",-1.8,2.79528741848501,5.99146454710798,TRUE,"OK"
5,500,0.1,0.1,"DML-IVQR",-1.6,2.95020381494442,5.99146454710798,TRUE,"OK"
5,500,0.1,0.1,"DML-IVQR",-1.4,0.765886690119594,5.99146454710798,TRUE,"OK"
5,500,0.1,0.1,"DML-IVQR",-1.2,1.11907568957381,5.99146454710798,TRUE,"OK"
5,500,0.1,0.1,"DML-IVQR",-1,1.27929030964267,5.99146454710798,TRUE,"OK"
5,500,0.1,0.1,"DML-IVQR",-0.8,1.59807773565922,5.99146454710798,TRUE,"OK"
5,500,0.1,0.1,"DML-IVQR",-0.6,1.01157566873986,5.99146454710798,TRUE,"OK"
5,500,0.1,0.1,"DML-IVQR",-0.4,3.28511962459074,5.99146454710798,TRUE,"OK"
5,500,0.1,0.1,"DML-IVQR",-0.2,4.16842837853464,5.99146454710798,TRUE,"OK"
5,500,0.1,0.1,"DML-IVQR",0,3.41227517543075,5.99146454710798,TRUE,"OK"
5,500,0.1,0.1,"DML-IVQR",0.2,4.20359624745558,5.99146454710798,TRUE,"OK"
5,500,0.1,0.1,"DML-IVQR",0.4,2.11587628584806,5.99146454710798,TRUE,"OK"
5,500,0.1,0.1,"DML-IVQR",0.6,3.40360632124816,5.99146454710798,TRUE,"OK"
5,500,0.1,0.1,"DML-IVQR",0.8,2.11497502044882,5.99146454710798,TRUE,"OK"
5,500,0.1,0.1,"DML-IVQR",1,4.44099760764254,5.99146454710798,TRUE,"OK"
5,500,0.1,0.1,"DML-IVQR",1.2,0.845446578880227,5.99146454710798,TRUE,"OK"
5,500,0.1,0.1,"DML-IVQR",1.4,2.87674953885915,5.99146454710798,TRUE,"OK"
5,500,0.1,0.1,"DML-IVQR",1.6,2.0663045657925,5.99146454710798,TRUE,"OK"
5,500,0.1,0.1,"DML-IVQR",1.8,2.49509897453235,5.99146454710798,TRUE,"OK"
5,500,0.1,0.1,"DML-IVQR",2,3.65321933678494,5.99146454710798,TRUE,"OK"
5,500,0.1,0.1,"DML-IVQR",2.2,2.4854255262424,5.99146454710798,TRUE,"OK"
5,500,0.1,0.1,"DML-IVQR",2.4,2.95121003423125,5.99146454710798,TRUE,"OK"
5,500,0.1,0.1,"DML-IVQR",2.6,2.94488492958,5.99146454710798,TRUE,"OK"
5,500,0.1,0.1,"DML-IVQR",2.8,3.28176600847368,5.99146454710798,TRUE,"OK"
5,500,0.1,0.1,"DML-IVQR",3,3.06129206358343,5.99146454710798,TRUE,"OK"
5,500,0.1,0.1,"DML-IVQR",3.2,3.49831717765748,5.99146454710798,TRUE,"OK"
5,500,0.1,0.1,"DML-IVQR",3.4,3.37288454556113,5.99146454710798,TRUE,"OK"
5,500,0.1,0.1,"DML-IVQR",3.6,3.90460972965538,5.99146454710798,TRUE,"OK"
5,500,0.1,0.1,"DML-IVQR",3.8,3.01294683744966,5.99146454710798,TRUE,"OK"
5,500,0.1,0.1,"DML-IVQR",4,0.902527162314146,5.99146454710798,TRUE,"OK"
5,500,0.1,0.1,"DML-IVQR",4.2,1.52264622135726,5.99146454710798,TRUE,"OK"
5,500,0.1,0.1,"DML-IVQR",4.4,1.19494761079516,5.99146454710798,TRUE,"OK"
5,500,0.1,0.1,"DML-IVQR",4.6,1.48293194494317,5.99146454710798,TRUE,"OK"
5,500,0.1,0.1,"DML-IVQR",4.8,2.13959801045281,5.99146454710798,TRUE,"OK"
5,500,0.1,0.1,"DML-IVQR",5,1.773819098228,5.99146454710798,TRUE,"OK"
5,500,0.1,0.5,"Oracle-GMM",-3,4.78413113987318,5.99146454710798,TRUE,"OK"
5,500,0.1,0.5,"Oracle-GMM",-2.8,2.62505929326609,5.99146454710798,TRUE,"OK"
5,500,0.1,0.5,"Oracle-GMM",-2.6,2.7768871440996,5.99146454710798,TRUE,"OK"
5,500,0.1,0.5,"Oracle-GMM",-2.4,3.01501528606932,5.99146454710798,TRUE,"OK"
5,500,0.1,0.5,"Oracle-GMM",-2.2,3.0684028440659,5.99146454710798,TRUE,"OK"
5,500,0.1,0.5,"Oracle-GMM",-2,2.71216936627695,5.99146454710798,TRUE,"OK"
5,500,0.1,0.5,"Oracle-GMM",-1.8,3.59675069129472,5.99146454710798,TRUE,"OK"
5,500,0.1,0.5,"Oracle-GMM",-1.6,5.38580888957853,5.99146454710798,TRUE,"OK"
5,500,0.1,0.5,"Oracle-GMM",-1.4,4.19321424804779,5.99146454710798,TRUE,"OK"
5,500,0.1,0.5,"Oracle-GMM",-1.2,3.19381956674234,5.99146454710798,TRUE,"OK"
5,500,0.1,0.5,"Oracle-GMM",-1,3.84941467705854,5.99146454710798,TRUE,"OK"
5,500,0.1,0.5,"Oracle-GMM",-0.8,2.85854815062908,5.99146454710798,TRUE,"OK"
5,500,0.1,0.5,"Oracle-GMM",-0.6,2.30813759070329,5.99146454710798,TRUE,"OK"
5,500,0.1,0.5,"Oracle-GMM",-0.4,3.21114342849206,5.99146454710798,TRUE,"OK"
5,500,0.1,0.5,"Oracle-GMM",-0.2,3.38739854735607,5.99146454710798,TRUE,"OK"
5,500,0.1,0.5,"Oracle-GMM",0,2.29561273794519,5.99146454710798,TRUE,"OK"
5,500,0.1,0.5,"Oracle-GMM",0.2,0.876242784212449,5.99146454710798,TRUE,"OK"
5,500,0.1,0.5,"Oracle-GMM",0.4,0.765017172254874,5.99146454710798,TRUE,"OK"
5,500,0.1,0.5,"Oracle-GMM",0.6,0.218499328578564,5.99146454710798,TRUE,"OK"
5,500,0.1,0.5,"Oracle-GMM",0.8,0.244584556681717,5.99146454710798,TRUE,"OK"
5,500,0.1,0.5,"Oracle-GMM",1,0.696012268399474,5.99146454710798,TRUE,"OK"
5,500,0.1,0.5,"Oracle-GMM",1.2,0.6547557368595,5.99146454710798,TRUE,"OK"
5,500,0.1,0.5,"Oracle-GMM",1.4,0.870727191783304,5.99146454710798,TRUE,"OK"
5,500,0.1,0.5,"Oracle-GMM",1.6,1.16978516486316,5.99146454710798,TRUE,"OK"
5,500,0.1,0.5,"Oracle-GMM",1.8,1.52309271476246,5.99146454710798,TRUE,"OK"
5,500,0.1,0.5,"Oracle-GMM",2,1.46694327652689,5.99146454710798,TRUE,"OK"
5,500,0.1,0.5,"Oracle-GMM",2.2,1.31604415636084,5.99146454710798,TRUE,"OK"
5,500,0.1,0.5,"Oracle-GMM",2.4,0.427635417381857,5.99146454710798,TRUE,"OK"
5,500,0.1,0.5,"Oracle-GMM",2.6,2.22768030877514,5.99146454710798,TRUE,"OK"
5,500,0.1,0.5,"Oracle-GMM",2.8,0.962831904410387,5.99146454710798,TRUE,"OK"
5,500,0.1,0.5,"Oracle-GMM",3,2.10905648816184,5.99146454710798,TRUE,"OK"
5,500,0.1,0.5,"Oracle-GMM",3.2,2.41145184388908,5.99146454710798,TRUE,"OK"
5,500,0.1,0.5,"Oracle-GMM",3.4,1.47018008127692,5.99146454710798,TRUE,"OK"
5,500,0.1,0.5,"Oracle-GMM",3.6,2.42647421802311,5.99146454710798,TRUE,"OK"
5,500,0.1,0.5,"Oracle-GMM",3.8,1.35822414427558,5.99146454710798,TRUE,"OK"
5,500,0.1,0.5,"Oracle-GMM",4,1.86583429597673,5.99146454710798,TRUE,"OK"
5,500,0.1,0.5,"Oracle-GMM",4.2,2.95833253857005,5.99146454710798,TRUE,"OK"
5,500,0.1,0.5,"Oracle-GMM",4.4,1.45626109101636,5.99146454710798,TRUE,"OK"
5,500,0.1,0.5,"Oracle-GMM",4.6,2.16741763009556,5.99146454710798,TRUE,"OK"
5,500,0.1,0.5,"Oracle-GMM",4.8,2.4316370852663,5.99146454710798,TRUE,"OK"
5,500,0.1,0.5,"Oracle-GMM",5,2.46707038402283,5.99146454710798,TRUE,"OK"
5,500,0.1,0.5,"Full-GMM",-3,1.0173383197022,5.99146454710798,TRUE,"OK"
5,500,0.1,0.5,"Full-GMM",-2.8,1.33173314119793,5.99146454710798,TRUE,"OK"
5,500,0.1,0.5,"Full-GMM",-2.6,2.80027968404096,5.99146454710798,TRUE,"OK"
5,500,0.1,0.5,"Full-GMM",-2.4,0.749272728723802,5.99146454710798,TRUE,"OK"
5,500,0.1,0.5,"Full-GMM",-2.2,1.41762460907707,5.99146454710798,TRUE,"OK"
5,500,0.1,0.5,"Full-GMM",-2,0.159057554305727,5.99146454710798,TRUE,"OK"
5,500,0.1,0.5,"Full-GMM",-1.8,2.43530791624881,5.99146454710798,TRUE,"OK"
5,500,0.1,0.5,"Full-GMM",-1.6,0.670198098329674,5.99146454710798,TRUE,"OK"
5,500,0.1,0.5,"Full-GMM",-1.4,0.873194880729704,5.99146454710798,TRUE,"OK"
5,500,0.1,0.5,"Full-GMM",-1.2,1.58499170441107,5.99146454710798,TRUE,"OK"
5,500,0.1,0.5,"Full-GMM",-1,0.846658706120117,5.99146454710798,TRUE,"OK"
5,500,0.1,0.5,"Full-GMM",-0.8,1.35545298266749,5.99146454710798,TRUE,"OK"
5,500,0.1,0.5,"Full-GMM",-0.6,1.46518743834456,5.99146454710798,TRUE,"OK"
5,500,0.1,0.5,"Full-GMM",-0.4,2.05246315766628,5.99146454710798,TRUE,"OK"
5,500,0.1,0.5,"Full-GMM",-0.2,0.784583420779356,5.99146454710798,TRUE,"OK"
5,500,0.1,0.5,"Full-GMM",0,2.02214035975826,5.99146454710798,TRUE,"OK"
5,500,0.1,0.5,"Full-GMM",0.2,2.28783499216879,5.99146454710798,TRUE,"OK"
5,500,0.1,0.5,"Full-GMM",0.4,0.927928551455791,5.99146454710798,TRUE,"OK"
5,500,0.1,0.5,"Full-GMM",0.6,2.2252636024855,5.99146454710798,TRUE,"OK"
5,500,0.1,0.5,"Full-GMM",0.8,2.6583126928266,5.99146454710798,TRUE,"OK"
5,500,0.1,0.5,"Full-GMM",1,2.75112042512664,5.99146454710798,TRUE,"OK"
5,500,0.1,0.5,"Full-GMM",1.2,0.623282193058971,5.99146454710798,TRUE,"OK"
5,500,0.1,0.5,"Full-GMM",1.4,0.846467458004122,5.99146454710798,TRUE,"OK"
5,500,0.1,0.5,"Full-GMM",1.6,0.434098360064405,5.99146454710798,TRUE,"OK"
5,500,0.1,0.5,"Full-GMM",1.8,1.28004169023514,5.99146454710798,TRUE,"OK"
5,500,0.1,0.5,"Full-GMM",2,0.67747376494623,5.99146454710798,TRUE,"OK"
5,500,0.1,0.5,"Full-GMM",2.2,0.552179185936788,5.99146454710798,TRUE,"OK"
5,500,0.1,0.5,"Full-GMM",2.4,0.134324371413882,5.99146454710798,TRUE,"OK"
5,500,0.1,0.5,"Full-GMM",2.6,0.0324931532215928,5.99146454710798,TRUE,"OK"
5,500,0.1,0.5,"Full-GMM",2.8,0.0430551654073462,5.99146454710798,TRUE,"OK"
5,500,0.1,0.5,"Full-GMM",3,0.0122286769477612,5.99146454710798,TRUE,"OK"
5,500,0.1,0.5,"Full-GMM",3.2,0.745058401004354,5.99146454710798,TRUE,"OK"
5,500,0.1,0.5,"Full-GMM",3.4,0.447917761138193,5.99146454710798,TRUE,"OK"
5,500,0.1,0.5,"Full-GMM",3.6,1.01887987988361,5.99146454710798,TRUE,"OK"
5,500,0.1,0.5,"Full-GMM",3.8,0.463861594026564,5.99146454710798,TRUE,"OK"
5,500,0.1,0.5,"Full-GMM",4,1.54792220548251,5.99146454710798,TRUE,"OK"
5,500,0.1,0.5,"Full-GMM",4.2,2.14660983518845,5.99146454710798,TRUE,"OK"
5,500,0.1,0.5,"Full-GMM",4.4,1.59442626469814,5.99146454710798,TRUE,"OK"
5,500,0.1,0.5,"Full-GMM",4.6,1.48044064813417,5.99146454710798,TRUE,"OK"
5,500,0.1,0.5,"Full-GMM",4.8,2.83273943828371,5.99146454710798,TRUE,"OK"
5,500,0.1,0.5,"Full-GMM",5,1.41779008674613,5.99146454710798,TRUE,"OK"
5,500,0.1,0.5,"DML-IVQR",-3,5.10104163695351,5.99146454710798,TRUE,"OK"
5,500,0.1,0.5,"DML-IVQR",-2.8,5.38258044040233,5.99146454710798,TRUE,"OK"
5,500,0.1,0.5,"DML-IVQR",-2.6,5.24637925555425,5.99146454710798,TRUE,"OK"
5,500,0.1,0.5,"DML-IVQR",-2.4,5.40498030455517,5.99146454710798,TRUE,"OK"
5,500,0.1,0.5,"DML-IVQR",-2.2,4.48593801989605,5.99146454710798,TRUE,"OK"
5,500,0.1,0.5,"DML-IVQR",-2,5.72876274320973,5.99146454710798,TRUE,"OK"
5,500,0.1,0.5,"DML-IVQR",-1.8,5.47143193290523,5.99146454710798,TRUE,"OK"
5,500,0.1,0.5,"DML-IVQR",-1.6,5.68654684751645,5.99146454710798,TRUE,"OK"
5,500,0.1,0.5,"DML-IVQR",-1.4,5.91555068179656,5.99146454710798,TRUE,"OK"
5,500,0.1,0.5,"DML-IVQR",-1.2,5.36347073744884,5.99146454710798,TRUE,"OK"
5,500,0.1,0.5,"DML-IVQR",-1,5.40900983682396,5.99146454710798,TRUE,"OK"
5,500,0.1,0.5,"DML-IVQR",-0.8,5.1831140384705,5.99146454710798,TRUE,"OK"
5,500,0.1,0.5,"DML-IVQR",-0.6,3.81216812867702,5.99146454710798,TRUE,"OK"
5,500,0.1,0.5,"DML-IVQR",-0.4,3.79083695335994,5.99146454710798,TRUE,"OK"
5,500,0.1,0.5,"DML-IVQR",-0.2,1.76468894605047,5.99146454710798,TRUE,"OK"
5,500,0.1,0.5,"DML-IVQR",0,0.769032714775553,5.99146454710798,TRUE,"OK"
5,500,0.1,0.5,"DML-IVQR",0.2,0.579888404466905,5.99146454710798,TRUE,"OK"
5,500,0.1,0.5,"DML-IVQR",0.4,0.816307868456243,5.99146454710798,TRUE,"OK"
5,500,0.1,0.5,"DML-IVQR",0.6,1.48204452571616,5.99146454710798,TRUE,"OK"
5,500,0.1,0.5,"DML-IVQR",0.8,1.43226018086411,5.99146454710798,TRUE,"OK"
5,500,0.1,0.5,"DML-IVQR",1,1.33014567524695,5.99146454710798,TRUE,"OK"
5,500,0.1,0.5,"DML-IVQR",1.2,0.876222609095442,5.99146454710798,TRUE,"OK"
5,500,0.1,0.5,"DML-IVQR",1.4,1.30124305296012,5.99146454710798,TRUE,"OK"
5,500,0.1,0.5,"DML-IVQR",1.6,0.808707003425576,5.99146454710798,TRUE,"OK"
5,500,0.1,0.5,"DML-IVQR",1.8,0.854104399042242,5.99146454710798,TRUE,"OK"
5,500,0.1,0.5,"DML-IVQR",2,1.65401406049341,5.99146454710798,TRUE,"OK"
5,500,0.1,0.5,"DML-IVQR",2.2,0.69349703888803,5.99146454710798,TRUE,"OK"
5,500,0.1,0.5,"DML-IVQR",2.4,0.901452108441338,5.99146454710798,TRUE,"OK"
5,500,0.1,0.5,"DML-IVQR",2.6,1.09629331535863,5.99146454710798,TRUE,"OK"
5,500,0.1,0.5,"DML-IVQR",2.8,0.36541892028543,5.99146454710798,TRUE,"OK"
5,500,0.1,0.5,"DML-IVQR",3,1.21784059493393,5.99146454710798,TRUE,"OK"
5,500,0.1,0.5,"DML-IVQR",3.2,0.0047050226573136,5.99146454710798,TRUE,"OK"
5,500,0.1,0.5,"DML-IVQR",3.4,0.116744976802984,5.99146454710798,TRUE,"OK"
5,500,0.1,0.5,"DML-IVQR",3.6,0.16023852625567,5.99146454710798,TRUE,"OK"
5,500,0.1,0.5,"DML-IVQR",3.8,0.0592272250418618,5.99146454710798,TRUE,"OK"
5,500,0.1,0.5,"DML-IVQR",4,0.252909094385104,5.99146454710798,TRUE,"OK"
5,500,0.1,0.5,"DML-IVQR",4.2,0.626619859546804,5.99146454710798,TRUE,"OK"
5,500,0.1,0.5,"DML-IVQR",4.4,0.0262828045024252,5.99146454710798,TRUE,"OK"
5,500,0.1,0.5,"DML-IVQR",4.6,0.00991849924182644,5.99146454710798,TRUE,"OK"
5,500,0.1,0.5,"DML-IVQR",4.8,0.0152449044039483,5.99146454710798,TRUE,"OK"
5,500,0.1,0.5,"DML-IVQR",5,0.0721102327175761,5.99146454710798,TRUE,"OK"
5,500,0.1,0.9,"Oracle-GMM",-3,2.14642235316756,5.99146454710798,TRUE,"OK"
5,500,0.1,0.9,"Oracle-GMM",-2.8,1.83991784007426,5.99146454710798,TRUE,"OK"
5,500,0.1,0.9,"Oracle-GMM",-2.6,0.968640016880381,5.99146454710798,TRUE,"OK"
5,500,0.1,0.9,"Oracle-GMM",-2.4,2.05799524493734,5.99146454710798,TRUE,"OK"
5,500,0.1,0.9,"Oracle-GMM",-2.2,1.37748110645564,5.99146454710798,TRUE,"OK"
5,500,0.1,0.9,"Oracle-GMM",-2,1.09532671056921,5.99146454710798,TRUE,"OK"
5,500,0.1,0.9,"Oracle-GMM",-1.8,1.29162261763875,5.99146454710798,TRUE,"OK"
5,500,0.1,0.9,"Oracle-GMM",-1.6,1.19527987889902,5.99146454710798,TRUE,"OK"
5,500,0.1,0.9,"Oracle-GMM",-1.4,1.13805504742624,5.99146454710798,TRUE,"OK"
5,500,0.1,0.9,"Oracle-GMM",-1.2,1.51636612741089,5.99146454710798,TRUE,"OK"
5,500,0.1,0.9,"Oracle-GMM",-1,1.31496520049121,5.99146454710798,TRUE,"OK"
5,500,0.1,0.9,"Oracle-GMM",-0.8,2.13113786742424,5.99146454710798,TRUE,"OK"
5,500,0.1,0.9,"Oracle-GMM",-0.6,2.3209395867899,5.99146454710798,TRUE,"OK"
5,500,0.1,0.9,"Oracle-GMM",-0.4,0.822393710147007,5.99146454710798,TRUE,"OK"
5,500,0.1,0.9,"Oracle-GMM",-0.2,1.87338730506652,5.99146454710798,TRUE,"OK"
5,500,0.1,0.9,"Oracle-GMM",0,1.40508791458329,5.99146454710798,TRUE,"OK"
5,500,0.1,0.9,"Oracle-GMM",0.2,0.956287351855968,5.99146454710798,TRUE,"OK"
5,500,0.1,0.9,"Oracle-GMM",0.4,0.741547767580118,5.99146454710798,TRUE,"OK"
5,500,0.1,0.9,"Oracle-GMM",0.6,1.061988012114,5.99146454710798,TRUE,"OK"
5,500,0.1,0.9,"Oracle-GMM",0.8,0.528312912226216,5.99146454710798,TRUE,"OK"
5,500,0.1,0.9,"Oracle-GMM",1,0.936464725295899,5.99146454710798,TRUE,"OK"
5,500,0.1,0.9,"Oracle-GMM",1.2,0.566048457391898,5.99146454710798,TRUE,"OK"
5,500,0.1,0.9,"Oracle-GMM",1.4,2.32529733876985,5.99146454710798,TRUE,"OK"
5,500,0.1,0.9,"Oracle-GMM",1.6,0.30129721300246,5.99146454710798,TRUE,"OK"
5,500,0.1,0.9,"Oracle-GMM",1.8,0.456444104842753,5.99146454710798,TRUE,"OK"
5,500,0.1,0.9,"Oracle-GMM",2,0.956069180877941,5.99146454710798,TRUE,"OK"
5,500,0.1,0.9,"Oracle-GMM",2.2,0.898481429004744,5.99146454710798,TRUE,"OK"
5,500,0.1,0.9,"Oracle-GMM",2.4,2.29726545746284,5.99146454710798,TRUE,"OK"
5,500,0.1,0.9,"Oracle-GMM",2.6,0.866168620660113,5.99146454710798,TRUE,"OK"
5,500,0.1,0.9,"Oracle-GMM",2.8,0.777945531082184,5.99146454710798,TRUE,"OK"
5,500,0.1,0.9,"Oracle-GMM",3,1.62095410498901,5.99146454710798,TRUE,"OK"
5,500,0.1,0.9,"Oracle-GMM",3.2,1.44366001454694,5.99146454710798,TRUE,"OK"
5,500,0.1,0.9,"Oracle-GMM",3.4,0.703020574565637,5.99146454710798,TRUE,"OK"
5,500,0.1,0.9,"Oracle-GMM",3.6,1.11759902848683,5.99146454710798,TRUE,"OK"
5,500,0.1,0.9,"Oracle-GMM",3.8,0.336345403922646,5.99146454710798,TRUE,"OK"
5,500,0.1,0.9,"Oracle-GMM",4,1.05533592664589,5.99146454710798,TRUE,"OK"
5,500,0.1,0.9,"Oracle-GMM",4.2,1.57965003563837,5.99146454710798,TRUE,"OK"
5,500,0.1,0.9,"Oracle-GMM",4.4,1.35604313545457,5.99146454710798,TRUE,"OK"
5,500,0.1,0.9,"Oracle-GMM",4.6,0.291799141259493,5.99146454710798,TRUE,"OK"
5,500,0.1,0.9,"Oracle-GMM",4.8,0.301306295019329,5.99146454710798,TRUE,"OK"
5,500,0.1,0.9,"Oracle-GMM",5,0.24656643066517,5.99146454710798,TRUE,"OK"
5,500,0.1,0.9,"Full-GMM",-3,0.724295929942381,5.99146454710798,TRUE,"OK"
5,500,0.1,0.9,"Full-GMM",-2.8,1.91457735135302,5.99146454710798,TRUE,"OK"
5,500,0.1,0.9,"Full-GMM",-2.6,0.221632691472449,5.99146454710798,TRUE,"OK"
5,500,0.1,0.9,"Full-GMM",-2.4,1.17955058642384,5.99146454710798,TRUE,"OK"
5,500,0.1,0.9,"Full-GMM",-2.2,1.57409595096678,5.99146454710798,TRUE,"OK"
5,500,0.1,0.9,"Full-GMM",-2,0.0243453870885497,5.99146454710798,TRUE,"OK"
5,500,0.1,0.9,"Full-GMM",-1.8,2.47315785124344,5.99146454710798,TRUE,"OK"
5,500,0.1,0.9,"Full-GMM",-1.6,1.23986750504852,5.99146454710798,TRUE,"OK"
5,500,0.1,0.9,"Full-GMM",-1.4,5.10862913271848,5.99146454710798,TRUE,"OK"
5,500,0.1,0.9,"Full-GMM",-1.2,0.516425057520347,5.99146454710798,TRUE,"OK"
5,500,0.1,0.9,"Full-GMM",-1,1.05604103650447,5.99146454710798,TRUE,"OK"
5,500,0.1,0.9,"Full-GMM",-0.8,0.591189099422677,5.99146454710798,TRUE,"OK"
5,500,0.1,0.9,"Full-GMM",-0.6,0.277811476322211,5.99146454710798,TRUE,"OK"
5,500,0.1,0.9,"Full-GMM",-0.4,1.97876246239122,5.99146454710798,TRUE,"OK"
5,500,0.1,0.9,"Full-GMM",-0.2,1.28122443920245,5.99146454710798,TRUE,"OK"
5,500,0.1,0.9,"Full-GMM",0,0.175738889983615,5.99146454710798,TRUE,"OK"
5,500,0.1,0.9,"Full-GMM",0.2,2.01136427713011,5.99146454710798,TRUE,"OK"
5,500,0.1,0.9,"Full-GMM",0.4,1.06400184376444,5.99146454710798,TRUE,"OK"
5,500,0.1,0.9,"Full-GMM",0.6,3.13018648730369,5.99146454710798,TRUE,"OK"
5,500,0.1,0.9,"Full-GMM",0.8,1.55403785604093,5.99146454710798,TRUE,"OK"
5,500,0.1,0.9,"Full-GMM",1,7.61837273447195,5.99146454710798,FALSE,"OK"
5,500,0.1,0.9,"Full-GMM",1.2,7.70478687682121,5.99146454710798,FALSE,"OK"
5,500,0.1,0.9,"Full-GMM",1.4,5.79748933916849,5.99146454710798,TRUE,"OK"
5,500,0.1,0.9,"Full-GMM",1.6,4.08715325801036,5.99146454710798,TRUE,"OK"
5,500,0.1,0.9,"Full-GMM",1.8,2.12495552404318,5.99146454710798,TRUE,"OK"
5,500,0.1,0.9,"Full-GMM",2,0.693511991794505,5.99146454710798,TRUE,"OK"
5,500,0.1,0.9,"Full-GMM",2.2,2.21831697882168,5.99146454710798,TRUE,"OK"
5,500,0.1,0.9,"Full-GMM",2.4,3.72915976832865,5.99146454710798,TRUE,"OK"
5,500,0.1,0.9,"Full-GMM",2.6,3.43345476358758,5.99146454710798,TRUE,"OK"
5,500,0.1,0.9,"Full-GMM",2.8,1.62817583525251,5.99146454710798,TRUE,"OK"
5,500,0.1,0.9,"Full-GMM",3,0.690178507280765,5.99146454710798,TRUE,"OK"
5,500,0.1,0.9,"Full-GMM",3.2,0.822574641545259,5.99146454710798,TRUE,"OK"
5,500,0.1,0.9,"Full-GMM",3.4,0.249174518788067,5.99146454710798,TRUE,"OK"
5,500,0.1,0.9,"Full-GMM",3.6,1.62131714726309,5.99146454710798,TRUE,"OK"
5,500,0.1,0.9,"Full-GMM",3.8,0.830457255321044,5.99146454710798,TRUE,"OK"
5,500,0.1,0.9,"Full-GMM",4,1.4026765242938,5.99146454710798,TRUE,"OK"
5,500,0.1,0.9,"Full-GMM",4.2,1.19057410216595,5.99146454710798,TRUE,"OK"
5,500,0.1,0.9,"Full-GMM",4.4,1.05648992857824,5.99146454710798,TRUE,"OK"
5,500,0.1,0.9,"Full-GMM",4.6,0.533504057606333,5.99146454710798,TRUE,"OK"
5,500,0.1,0.9,"Full-GMM",4.8,0.340615648549777,5.99146454710798,TRUE,"OK"
5,500,0.1,0.9,"Full-GMM",5,2.35475349723467,5.99146454710798,TRUE,"OK"
5,500,0.1,0.9,"DML-IVQR",-3,6.20264815204971,5.99146454710798,FALSE,"OK"
5,500,0.1,0.9,"DML-IVQR",-2.8,7.94738978461369,5.99146454710798,FALSE,"OK"
5,500,0.1,0.9,"DML-IVQR",-2.6,8.40206481247515,5.99146454710798,FALSE,"OK"
5,500,0.1,0.9,"DML-IVQR",-2.4,6.12574166710096,5.99146454710798,FALSE,"OK"
5,500,0.1,0.9,"DML-IVQR",-2.2,5.00540025468463,5.99146454710798,TRUE,"OK"
5,500,0.1,0.9,"DML-IVQR",-2,7.27506891157651,5.99146454710798,FALSE,"OK"
5,500,0.1,0.9,"DML-IVQR",-1.8,6.23373010894582,5.99146454710798,FALSE,"OK"
5,500,0.1,0.9,"DML-IVQR",-1.6,3.29598689665898,5.99146454710798,TRUE,"OK"
5,500,0.1,0.9,"DML-IVQR",-1.4,4.52085063942759,5.99146454710798,TRUE,"OK"
5,500,0.1,0.9,"DML-IVQR",-1.2,2.52183684111465,5.99146454710798,TRUE,"OK"
5,500,0.1,0.9,"DML-IVQR",-1,3.16589127645022,5.99146454710798,TRUE,"OK"
5,500,0.1,0.9,"DML-IVQR",-0.8,5.88617258881979,5.99146454710798,TRUE,"OK"
5,500,0.1,0.9,"DML-IVQR",-0.6,5.93894566611094,5.99146454710798,TRUE,"OK"
5,500,0.1,0.9,"DML-IVQR",-0.4,6.27919262301555,5.99146454710798,FALSE,"OK"
5,500,0.1,0.9,"DML-IVQR",-0.2,6.12203438408804,5.99146454710798,FALSE,"OK"
5,500,0.1,0.9,"DML-IVQR",0,4.86732419218651,5.99146454710798,TRUE,"OK"
5,500,0.1,0.9,"DML-IVQR",0.2,3.07114522468717,5.99146454710798,TRUE,"OK"
5,500,0.1,0.9,"DML-IVQR",0.4,3.44757938249773,5.99146454710798,TRUE,"OK"
5,500,0.1,0.9,"DML-IVQR",0.6,7.49367828222931,5.99146454710798,FALSE,"OK"
5,500,0.1,0.9,"DML-IVQR",0.8,1.83263239529659,5.99146454710798,TRUE,"OK"
5,500,0.1,0.9,"DML-IVQR",1,2.16273273842544,5.99146454710798,TRUE,"OK"
5,500,0.1,0.9,"DML-IVQR",1.2,2.33512439124145,5.99146454710798,TRUE,"OK"
5,500,0.1,0.9,"DML-IVQR",1.4,0.361324378096837,5.99146454710798,TRUE,"OK"
5,500,0.1,0.9,"DML-IVQR",1.6,0.634656159160754,5.99146454710798,TRUE,"OK"
5,500,0.1,0.9,"DML-IVQR",1.8,1.42055964668029,5.99146454710798,TRUE,"OK"
5,500,0.1,0.9,"DML-IVQR",2,1.03298427036567,5.99146454710798,TRUE,"OK"
5,500,0.1,0.9,"DML-IVQR",2.2,2.95731581857531,5.99146454710798,TRUE,"OK"
5,500,0.1,0.9,"DML-IVQR",2.4,1.19877396411379,5.99146454710798,TRUE,"OK"
5,500,0.1,0.9,"DML-IVQR",2.6,0.2481575770238,5.99146454710798,TRUE,"OK"
5,500,0.1,0.9,"DML-IVQR",2.8,0.0256698086930127,5.99146454710798,TRUE,"OK"
5,500,0.1,0.9,"DML-IVQR",3,0.0626504475924485,5.99146454710798,TRUE,"OK"
5,500,0.1,0.9,"DML-IVQR",3.2,0.581658184095931,5.99146454710798,TRUE,"OK"
5,500,0.1,0.9,"DML-IVQR",3.4,0.59014894957778,5.99146454710798,TRUE,"OK"
5,500,0.1,0.9,"DML-IVQR",3.6,0.102523861955837,5.99146454710798,TRUE,"OK"
5,500,0.1,0.9,"DML-IVQR",3.8,0.0782111458228307,5.99146454710798,TRUE,"OK"
5,500,0.1,0.9,"DML-IVQR",4,0.12866439365462,5.99146454710798,TRUE,"OK"
5,500,0.1,0.9,"DML-IVQR",4.2,0.0197886007003567,5.99146454710798,TRUE,"OK"
5,500,0.1,0.9,"DML-IVQR",4.4,0.357782843198907,5.99146454710798,TRUE,"OK"
5,500,0.1,0.9,"DML-IVQR",4.6,0.352478640892401,5.99146454710798,TRUE,"OK"
5,500,0.1,0.9,"DML-IVQR",4.8,0.520251661432401,5.99146454710798,TRUE,"OK"
5,500,0.1,0.9,"DML-IVQR",5,0.738769211129944,5.99146454710798,TRUE,"OK"
6,500,0.1,0.1,"Oracle-GMM",-3,2.45968594713666,5.99146454710798,TRUE,"OK"
6,500,0.1,0.1,"Oracle-GMM",-2.8,1.90404439748148,5.99146454710798,TRUE,"OK"
6,500,0.1,0.1,"Oracle-GMM",-2.6,1.98848943328134,5.99146454710798,TRUE,"OK"
6,500,0.1,0.1,"Oracle-GMM",-2.4,2.71774168237068,5.99146454710798,TRUE,"OK"
6,500,0.1,0.1,"Oracle-GMM",-2.2,1.17336373592925,5.99146454710798,TRUE,"OK"
6,500,0.1,0.1,"Oracle-GMM",-2,2.22618051149299,5.99146454710798,TRUE,"OK"
6,500,0.1,0.1,"Oracle-GMM",-1.8,1.28991297987176,5.99146454710798,TRUE,"OK"
6,500,0.1,0.1,"Oracle-GMM",-1.6,0.32998012494309,5.99146454710798,TRUE,"OK"
6,500,0.1,0.1,"Oracle-GMM",-1.4,1.03752546742589,5.99146454710798,TRUE,"OK"
6,500,0.1,0.1,"Oracle-GMM",-1.2,1.26864151382961,5.99146454710798,TRUE,"OK"
6,500,0.1,0.1,"Oracle-GMM",-1,1.43073687958868,5.99146454710798,TRUE,"OK"
6,500,0.1,0.1,"Oracle-GMM",-0.8,1.67517425511588,5.99146454710798,TRUE,"OK"
6,500,0.1,0.1,"Oracle-GMM",-0.6,0.413155108442387,5.99146454710798,TRUE,"OK"
6,500,0.1,0.1,"Oracle-GMM",-0.4,0.733600791488218,5.99146454710798,TRUE,"OK"
6,500,0.1,0.1,"Oracle-GMM",-0.2,0.653848588932347,5.99146454710798,TRUE,"OK"
6,500,0.1,0.1,"Oracle-GMM",0,1.62280760129476,5.99146454710798,TRUE,"OK"
6,500,0.1,0.1,"Oracle-GMM",0.2,1.40089964042251,5.99146454710798,TRUE,"OK"
6,500,0.1,0.1,"Oracle-GMM",0.4,1.82633401154909,5.99146454710798,TRUE,"OK"
6,500,0.1,0.1,"Oracle-GMM",0.6,2.87048129090028,5.99146454710798,TRUE,"OK"
6,500,0.1,0.1,"Oracle-GMM",0.8,4.52740360872239,5.99146454710798,TRUE,"OK"
6,500,0.1,0.1,"Oracle-GMM",1,7.96465110210727,5.99146454710798,FALSE,"OK"
6,500,0.1,0.1,"Oracle-GMM",1.2,5.74066792421256,5.99146454710798,TRUE,"OK"
6,500,0.1,0.1,"Oracle-GMM",1.4,2.03825618783197,5.99146454710798,TRUE,"OK"
6,500,0.1,0.1,"Oracle-GMM",1.6,3.99893625997539,5.99146454710798,TRUE,"OK"
6,500,0.1,0.1,"Oracle-GMM",1.8,3.89052844278514,5.99146454710798,TRUE,"OK"
6,500,0.1,0.1,"Oracle-GMM",2,4.33001341931698,5.99146454710798,TRUE,"OK"
6,500,0.1,0.1,"Oracle-GMM",2.2,4.03574049218559,5.99146454710798,TRUE,"OK"
6,500,0.1,0.1,"Oracle-GMM",2.4,2.90132138530667,5.99146454710798,TRUE,"OK"
6,500,0.1,0.1,"Oracle-GMM",2.6,1.40185713878821,5.99146454710798,TRUE,"OK"
6,500,0.1,0.1,"Oracle-GMM",2.8,1.98270400916555,5.99146454710798,TRUE,"OK"
6,500,0.1,0.1,"Oracle-GMM",3,2.21793804006549,5.99146454710798,TRUE,"OK"
6,500,0.1,0.1,"Oracle-GMM",3.2,3.16908040158911,5.99146454710798,TRUE,"OK"
6,500,0.1,0.1,"Oracle-GMM",3.4,3.39743450913543,5.99146454710798,TRUE,"OK"
6,500,0.1,0.1,"Oracle-GMM",3.6,2.62436173177171,5.99146454710798,TRUE,"OK"
6,500,0.1,0.1,"Oracle-GMM",3.8,2.51281482202416,5.99146454710798,TRUE,"OK"
6,500,0.1,0.1,"Oracle-GMM",4,2.93257062007093,5.99146454710798,TRUE,"OK"
6,500,0.1,0.1,"Oracle-GMM",4.2,2.70920047282523,5.99146454710798,TRUE,"OK"
6,500,0.1,0.1,"Oracle-GMM",4.4,3.3846786974403,5.99146454710798,TRUE,"OK"
6,500,0.1,0.1,"Oracle-GMM",4.6,2.75040366352536,5.99146454710798,TRUE,"OK"
6,500,0.1,0.1,"Oracle-GMM",4.8,2.15803096440543,5.99146454710798,TRUE,"OK"
6,500,0.1,0.1,"Oracle-GMM",5,1.76172121225179,5.99146454710798,TRUE,"OK"
6,500,0.1,0.1,"Full-GMM",-3,0.238855555279653,5.99146454710798,TRUE,"OK"
6,500,0.1,0.1,"Full-GMM",-2.8,1.42928777363485,5.99146454710798,TRUE,"OK"
6,500,0.1,0.1,"Full-GMM",-2.6,1.08194765485895,5.99146454710798,TRUE,"OK"
6,500,0.1,0.1,"Full-GMM",-2.4,0.400222699578333,5.99146454710798,TRUE,"OK"
6,500,0.1,0.1,"Full-GMM",-2.2,0.27046494722164,5.99146454710798,TRUE,"OK"
6,500,0.1,0.1,"Full-GMM",-2,0.232865332519486,5.99146454710798,TRUE,"OK"
6,500,0.1,0.1,"Full-GMM",-1.8,1.09573670101803,5.99146454710798,TRUE,"OK"
6,500,0.1,0.1,"Full-GMM",-1.6,1.34579318815148,5.99146454710798,TRUE,"OK"
6,500,0.1,0.1,"Full-GMM",-1.4,0.559925790776778,5.99146454710798,TRUE,"OK"
6,500,0.1,0.1,"Full-GMM",-1.2,1.82732011196017,5.99146454710798,TRUE,"OK"
6,500,0.1,0.1,"Full-GMM",-1,2.45114973442867,5.99146454710798,TRUE,"OK"
6,500,0.1,0.1,"Full-GMM",-0.8,0.0691153137200669,5.99146454710798,TRUE,"OK"
6,500,0.1,0.1,"Full-GMM",-0.6,0.564548052985671,5.99146454710798,TRUE,"OK"
6,500,0.1,0.1,"Full-GMM",-0.4,0.533761503088298,5.99146454710798,TRUE,"OK"
6,500,0.1,0.1,"Full-GMM",-0.2,1.66913479889697,5.99146454710798,TRUE,"OK"
6,500,0.1,0.1,"Full-GMM",0,5.27239264254677,5.99146454710798,TRUE,"OK"
6,500,0.1,0.1,"Full-GMM",0.2,3.23411848875611,5.99146454710798,TRUE,"OK"
6,500,0.1,0.1,"Full-GMM",0.4,3.61083663423004,5.99146454710798,TRUE,"OK"
6,500,0.1,0.1,"Full-GMM",0.6,1.31883848779482,5.99146454710798,TRUE,"OK"
6,500,0.1,0.1,"Full-GMM",0.8,0.108825487619194,5.99146454710798,TRUE,"OK"
6,500,0.1,0.1,"Full-GMM",1,1.90531754041063,5.99146454710798,TRUE,"OK"
6,500,0.1,0.1,"Full-GMM",1.2,0.0560550514807843,5.99146454710798,TRUE,"OK"
6,500,0.1,0.1,"Full-GMM",1.4,1.66896870753143,5.99146454710798,TRUE,"OK"
6,500,0.1,0.1,"Full-GMM",1.6,1.74562789580292,5.99146454710798,TRUE,"OK"
6,500,0.1,0.1,"Full-GMM",1.8,3.78941387790985,5.99146454710798,TRUE,"OK"
6,500,0.1,0.1,"Full-GMM",2,4.23697962494966,5.99146454710798,TRUE,"OK"
6,500,0.1,0.1,"Full-GMM",2.2,0.801124388444726,5.99146454710798,TRUE,"OK"
6,500,0.1,0.1,"Full-GMM",2.4,1.5773972118036,5.99146454710798,TRUE,"OK"
6,500,0.1,0.1,"Full-GMM",2.6,2.54829552571858,5.99146454710798,TRUE,"OK"
6,500,0.1,0.1,"Full-GMM",2.8,2.33929059856195,5.99146454710798,TRUE,"OK"
6,500,0.1,0.1,"Full-GMM",3,2.39359646253408,5.99146454710798,TRUE,"OK"
6,500,0.1,0.1,"Full-GMM",3.2,1.48686418447496,5.99146454710798,TRUE,"OK"
6,500,0.1,0.1,"Full-GMM",3.4,1.98879957955983,5.99146454710798,TRUE,"OK"
6,500,0.1,0.1,"Full-GMM",3.6,1.42080641557518,5.99146454710798,TRUE,"OK"
6,500,0.1,0.1,"Full-GMM",3.8,2.06445842399154,5.99146454710798,TRUE,"OK"
6,500,0.1,0.1,"Full-GMM",4,2.09828022355792,5.99146454710798,TRUE,"OK"
6,500,0.1,0.1,"Full-GMM",4.2,1.48396699701575,5.99146454710798,TRUE,"OK"
6,500,0.1,0.1,"Full-GMM",4.4,1.86587351198857,5.99146454710798,TRUE,"OK"
6,500,0.1,0.1,"Full-GMM",4.6,7.04435194377039,5.99146454710798,FALSE,"OK"
6,500,0.1,0.1,"Full-GMM",4.8,3.84478054538458,5.99146454710798,TRUE,"OK"
6,500,0.1,0.1,"Full-GMM",5,3.02600174384205,5.99146454710798,TRUE,"OK"
6,500,0.1,0.1,"DML-IVQR",-3,12.2508444080899,5.99146454710798,FALSE,"OK"
6,500,0.1,0.1,"DML-IVQR",-2.8,10.2785300884307,5.99146454710798,FALSE,"OK"
6,500,0.1,0.1,"DML-IVQR",-2.6,9.02486448474988,5.99146454710798,FALSE,"OK"
6,500,0.1,0.1,"DML-IVQR",-2.4,8.57954958038542,5.99146454710798,FALSE,"OK"
6,500,0.1,0.1,"DML-IVQR",-2.2,7.64617282356541,5.99146454710798,FALSE,"OK"
6,500,0.1,0.1,"DML-IVQR",-2,7.95642181361939,5.99146454710798,FALSE,"OK"
6,500,0.1,0.1,"DML-IVQR",-1.8,6.88562881459186,5.99146454710798,FALSE,"OK"
6,500,0.1,0.1,"DML-IVQR",-1.6,4.88449783000349,5.99146454710798,TRUE,"OK"
6,500,0.1,0.1,"DML-IVQR",-1.4,5.59246586767218,5.99146454710798,TRUE,"OK"
6,500,0.1,0.1,"DML-IVQR",-1.2,4.90897456005366,5.99146454710798,TRUE,"OK"
6,500,0.1,0.1,"DML-IVQR",-1,1.78194655029598,5.99146454710798,TRUE,"OK"
6,500,0.1,0.1,"DML-IVQR",-0.8,0.876375284022163,5.99146454710798,TRUE,"OK"
6,500,0.1,0.1,"DML-IVQR",-0.6,0.174540476969079,5.99146454710798,TRUE,"OK"
6,500,0.1,0.1,"DML-IVQR",-0.4,1.67879390876783,5.99146454710798,TRUE,"OK"
6,500,0.1,0.1,"DML-IVQR",-0.2,2.12135651601452,5.99146454710798,TRUE,"OK"
6,500,0.1,0.1,"DML-IVQR",0,1.36425018698192,5.99146454710798,TRUE,"OK"
6,500,0.1,0.1,"DML-IVQR",0.2,1.54699228984911,5.99146454710798,TRUE,"OK"
6,500,0.1,0.1,"DML-IVQR",0.4,1.20235131679638,5.99146454710798,TRUE,"OK"
6,500,0.1,0.1,"DML-IVQR",0.6,1.3601858365577,5.99146454710798,TRUE,"OK"
6,500,0.1,0.1,"DML-IVQR",0.8,0.424689121273994,5.99146454710798,TRUE,"OK"
6,500,0.1,0.1,"DML-IVQR",1,0.413774934654907,5.99146454710798,TRUE,"OK"
6,500,0.1,0.1,"DML-IVQR",1.2,0.691761097640349,5.99146454710798,TRUE,"OK"
6,500,0.1,0.1,"DML-IVQR",1.4,1.86050390794759,5.99146454710798,TRUE,"OK"
6,500,0.1,0.1,"DML-IVQR",1.6,0.640242086545138,5.99146454710798,TRUE,"OK"
6,500,0.1,0.1,"DML-IVQR",1.8,1.93761617428172,5.99146454710798,TRUE,"OK"
6,500,0.1,0.1,"DML-IVQR",2,2.24824363630844,5.99146454710798,TRUE,"OK"
6,500,0.1,0.1,"DML-IVQR",2.2,2.10526513410948,5.99146454710798,TRUE,"OK"
6,500,0.1,0.1,"DML-IVQR",2.4,4.15978187797593,5.99146454710798,TRUE,"OK"
6,500,0.1,0.1,"DML-IVQR",2.6,1.40039649729018,5.99146454710798,TRUE,"OK"
6,500,0.1,0.1,"DML-IVQR",2.8,1.63881956640851,5.99146454710798,TRUE,"OK"
6,500,0.1,0.1,"DML-IVQR",3,2.5161762099893,5.99146454710798,TRUE,"OK"
6,500,0.1,0.1,"DML-IVQR",3.2,2.41479175777069,5.99146454710798,TRUE,"OK"
6,500,0.1,0.1,"DML-IVQR",3.4,2.51741897394068,5.99146454710798,TRUE,"OK"
6,500,0.1,0.1,"DML-IVQR",3.6,3.140164495319,5.99146454710798,TRUE,"OK"
6,500,0.1,0.1,"DML-IVQR",3.8,2.49881993774914,5.99146454710798,TRUE,"OK"
6,500,0.1,0.1,"DML-IVQR",4,5.06228644505576,5.99146454710798,TRUE,"OK"
6,500,0.1,0.1,"DML-IVQR",4.2,3.11944534564355,5.99146454710798,TRUE,"OK"
6,500,0.1,0.1,"DML-IVQR",4.4,3.72533444096831,5.99146454710798,TRUE,"OK"
6,500,0.1,0.1,"DML-IVQR",4.6,3.63212067096689,5.99146454710798,TRUE,"OK"
6,500,0.1,0.1,"DML-IVQR",4.8,4.23789237818035,5.99146454710798,TRUE,"OK"
6,500,0.1,0.1,"DML-IVQR",5,4.53287975843175,5.99146454710798,TRUE,"OK"
6,500,0.1,0.5,"Oracle-GMM",-3,1.94907758439705,5.99146454710798,TRUE,"OK"
6,500,0.1,0.5,"Oracle-GMM",-2.8,2.85196267840676,5.99146454710798,TRUE,"OK"
6,500,0.1,0.5,"Oracle-GMM",-2.6,1.74332977207847,5.99146454710798,TRUE,"OK"
6,500,0.1,0.5,"Oracle-GMM",-2.4,2.37629739734858,5.99146454710798,TRUE,"OK"
6,500,0.1,0.5,"Oracle-GMM",-2.2,2.10655663077752,5.99146454710798,TRUE,"OK"
6,500,0.1,0.5,"Oracle-GMM",-2,2.10481323627937,5.99146454710798,TRUE,"OK"
6,500,0.1,0.5,"Oracle-GMM",-1.8,1.83545417816779,5.99146454710798,TRUE,"OK"
6,500,0.1,0.5,"Oracle-GMM",-1.6,2.06882070594951,5.99146454710798,TRUE,"OK"
6,500,0.1,0.5,"Oracle-GMM",-1.4,1.86784938037421,5.99146454710798,TRUE,"OK"
6,500,0.1,0.5,"Oracle-GMM",-1.2,1.86612908861627,5.99146454710798,TRUE,"OK"
6,500,0.1,0.5,"Oracle-GMM",-1,1.57910382389207,5.99146454710798,TRUE,"OK"
6,500,0.1,0.5,"Oracle-GMM",-0.8,1.45596489288791,5.99146454710798,TRUE,"OK"
6,500,0.1,0.5,"Oracle-GMM",-0.6,2.20602804267698,5.99146454710798,TRUE,"OK"
6,500,0.1,0.5,"Oracle-GMM",-0.4,1.43089012634857,5.99146454710798,TRUE,"OK"
6,500,0.1,0.5,"Oracle-GMM",-0.2,0.582165795175321,5.99146454710798,TRUE,"OK"
6,500,0.1,0.5,"Oracle-GMM",0,0.758988101990428,5.99146454710798,TRUE,"OK"
6,500,0.1,0.5,"Oracle-GMM",0.2,1.03124444957191,5.99146454710798,TRUE,"OK"
6,500,0.1,0.5,"Oracle-GMM",0.4,1.11063008788792,5.99146454710798,TRUE,"OK"
6,500,0.1,0.5,"Oracle-GMM",0.6,3.41156759698438,5.99146454710798,TRUE,"OK"
6,500,0.1,0.5,"Oracle-GMM",0.8,0.600948029131667,5.99146454710798,TRUE,"OK"
6,500,0.1,0.5,"Oracle-GMM",1,0.242054754916535,5.99146454710798,TRUE,"OK"
6,500,0.1,0.5,"Oracle-GMM",1.2,0.840294856724647,5.99146454710798,TRUE,"OK"
6,500,0.1,0.5,"Oracle-GMM",1.4,1.30717220633142,5.99146454710798,TRUE,"OK"
6,500,0.1,0.5,"Oracle-GMM",1.6,1.34661029867617,5.99146454710798,TRUE,"OK"
6,500,0.1,0.5,"Oracle-GMM",1.8,0.769680285315853,5.99146454710798,TRUE,"OK"
6,500,0.1,0.5,"Oracle-GMM",2,2.76812382015412,5.99146454710798,TRUE,"OK"
6,500,0.1,0.5,"Oracle-GMM",2.2,1.88188998879978,5.99146454710798,TRUE,"OK"
6,500,0.1,0.5,"Oracle-GMM",2.4,2.06729387108137,5.99146454710798,TRUE,"OK"
6,500,0.1,0.5,"Oracle-GMM",2.6,0.681242715186796,5.99146454710798,TRUE,"OK"
6,500,0.1,0.5,"Oracle-GMM",2.8,0.0251285030692415,5.99146454710798,TRUE,"OK"
6,500,0.1,0.5,"Oracle-GMM",3,0.0772180505050842,5.99146454710798,TRUE,"OK"
6,500,0.1,0.5,"Oracle-GMM",3.2,0.0252158583308314,5.99146454710798,TRUE,"OK"
6,500,0.1,0.5,"Oracle-GMM",3.4,0.730275240010522,5.99146454710798,TRUE,"OK"
6,500,0.1,0.5,"Oracle-GMM",3.6,0.797112575599659,5.99146454710798,TRUE,"OK"
6,500,0.1,0.5,"Oracle-GMM",3.8,1.30578701973456,5.99146454710798,TRUE,"OK"
6,500,0.1,0.5,"Oracle-GMM",4,0.550080272363508,5.99146454710798,TRUE,"OK"
6,500,0.1,0.5,"Oracle-GMM",4.2,0.803298055051534,5.99146454710798,TRUE,"OK"
6,500,0.1,0.5,"Oracle-GMM",4.4,1.53945203341427,5.99146454710798,TRUE,"OK"
6,500,0.1,0.5,"Oracle-GMM",4.6,1.61222221319827,5.99146454710798,TRUE,"OK"
6,500,0.1,0.5,"Oracle-GMM",4.8,1.07730731334944,5.99146454710798,TRUE,"OK"
6,500,0.1,0.5,"Oracle-GMM",5,1.30881017368671,5.99146454710798,TRUE,"OK"
6,500,0.1,0.5,"Full-GMM",-3,4.718372567117,5.99146454710798,TRUE,"OK"
6,500,0.1,0.5,"Full-GMM",-2.8,5.17876510766658,5.99146454710798,TRUE,"OK"
6,500,0.1,0.5,"Full-GMM",-2.6,7.47837979482549,5.99146454710798,FALSE,"OK"
6,500,0.1,0.5,"Full-GMM",-2.4,3.85757998194574,5.99146454710798,TRUE,"OK"
6,500,0.1,0.5,"Full-GMM",-2.2,2.95835395346453,5.99146454710798,TRUE,"OK"
6,500,0.1,0.5,"Full-GMM",-2,4.28561078596364,5.99146454710798,TRUE,"OK"
6,500,0.1,0.5,"Full-GMM",-1.8,2.66773703675123,5.99146454710798,TRUE,"OK"
6,500,0.1,0.5,"Full-GMM",-1.6,3.8176862645999,5.99146454710798,TRUE,"OK"
6,500,0.1,0.5,"Full-GMM",-1.4,4.15704473815777,5.99146454710798,TRUE,"OK"
6,500,0.1,0.5,"Full-GMM",-1.2,4.77912579308444,5.99146454710798,TRUE,"OK"
6,500,0.1,0.5,"Full-GMM",-1,6.49182265496589,5.99146454710798,FALSE,"OK"
6,500,0.1,0.5,"Full-GMM",-0.8,3.87895831687756,5.99146454710798,TRUE,"OK"
6,500,0.1,0.5,"Full-GMM",-0.6,5.56960223992217,5.99146454710798,TRUE,"OK"
6,500,0.1,0.5,"Full-GMM",-0.4,6.43443813047337,5.99146454710798,FALSE,"OK"
6,500,0.1,0.5,"Full-GMM",-0.2,4.00246980265596,5.99146454710798,TRUE,"OK"
6,500,0.1,0.5,"Full-GMM",0,0.925263960877845,5.99146454710798,TRUE,"OK"
6,500,0.1,0.5,"Full-GMM",0.2,3.51577961745557,5.99146454710798,TRUE,"OK"
6,500,0.1,0.5,"Full-GMM",0.4,0.560486118598196,5.99146454710798,TRUE,"OK"
6,500,0.1,0.5,"Full-GMM",0.6,1.89207728002381,5.99146454710798,TRUE,"OK"
6,500,0.1,0.5,"Full-GMM",0.8,0.866972857284087,5.99146454710798,TRUE,"OK"
6,500,0.1,0.5,"Full-GMM",1,0.485293115075963,5.99146454710798,TRUE,"OK"
6,500,0.1,0.5,"Full-GMM",1.2,0.671076078037693,5.99146454710798,TRUE,"OK"
6,500,0.1,0.5,"Full-GMM",1.4,0.279133342268809,5.99146454710798,TRUE,"OK"
6,500,0.1,0.5,"Full-GMM",1.6,1.84971537656825,5.99146454710798,TRUE,"OK"
6,500,0.1,0.5,"Full-GMM",1.8,2.10763673057822,5.99146454710798,TRUE,"OK"
6,500,0.1,0.5,"Full-GMM",2,4.5152258554918,5.99146454710798,TRUE,"OK"
6,500,0.1,0.5,"Full-GMM",2.2,0.752615570841476,5.99146454710798,TRUE,"OK"
6,500,0.1,0.5,"Full-GMM",2.4,1.18656219554849,5.99146454710798,TRUE,"OK"
6,500,0.1,0.5,"Full-GMM",2.6,0.0175194476617192,5.99146454710798,TRUE,"OK"
6,500,0.1,0.5,"Full-GMM",2.8,0.947950849615325,5.99146454710798,TRUE,"OK"
6,500,0.1,0.5,"Full-GMM",3,0.420747500799738,5.99146454710798,TRUE,"OK"
6,500,0.1,0.5,"Full-GMM",3.2,1.18452172045792,5.99146454710798,TRUE,"OK"
6,500,0.1,0.5,"Full-GMM",3.4,0.802222808058205,5.99146454710798,TRUE,"OK"
6,500,0.1,0.5,"Full-GMM",3.6,1.56847395200382,5.99146454710798,TRUE,"OK"
6,500,0.1,0.5,"Full-GMM",3.8,6.58514294993745,5.99146454710798,FALSE,"OK"
6,500,0.1,0.5,"Full-GMM",4,1.53134120060174,5.99146454710798,TRUE,"OK"
6,500,0.1,0.5,"Full-GMM",4.2,4.33417284909287,5.99146454710798,TRUE,"OK"
6,500,0.1,0.5,"Full-GMM",4.4,1.7170589462318,5.99146454710798,TRUE,"OK"
6,500,0.1,0.5,"Full-GMM",4.6,1.49219711520644,5.99146454710798,TRUE,"OK"
6,500,0.1,0.5,"Full-GMM",4.8,4.41853505782734,5.99146454710798,TRUE,"OK"
6,500,0.1,0.5,"Full-GMM",5,4.89682297438726,5.99146454710798,TRUE,"OK"
6,500,0.1,0.5,"DML-IVQR",-3,1.66157559523319,5.99146454710798,TRUE,"OK"
6,500,0.1,0.5,"DML-IVQR",-2.8,1.28435201244137,5.99146454710798,TRUE,"OK"
6,500,0.1,0.5,"DML-IVQR",-2.6,0.98714492300972,5.99146454710798,TRUE,"OK"
6,500,0.1,0.5,"DML-IVQR",-2.4,0.94560257404925,5.99146454710798,TRUE,"OK"
6,500,0.1,0.5,"DML-IVQR",-2.2,1.25461814540378,5.99146454710798,TRUE,"OK"
6,500,0.1,0.5,"DML-IVQR",-2,1.06856874294428,5.99146454710798,TRUE,"OK"
6,500,0.1,0.5,"DML-IVQR",-1.8,1.14451777905969,5.99146454710798,TRUE,"OK"
6,500,0.1,0.5,"DML-IVQR",-1.6,1.54370554741307,5.99146454710798,TRUE,"OK"
6,500,0.1,0.5,"DML-IVQR",-1.4,1.48685061180396,5.99146454710798,TRUE,"OK"
6,500,0.1,0.5,"DML-IVQR",-1.2,2.01817727162105,5.99146454710798,TRUE,"OK"
6,500,0.1,0.5,"DML-IVQR",-1,2.30295802483618,5.99146454710798,TRUE,"OK"
6,500,0.1,0.5,"DML-IVQR",-0.8,3.25379904394419,5.99146454710798,TRUE,"OK"
6,500,0.1,0.5,"DML-IVQR",-0.6,1.87251001932409,5.99146454710798,TRUE,"OK"
6,500,0.1,0.5,"DML-IVQR",-0.4,1.20996873604703,5.99146454710798,TRUE,"OK"
6,500,0.1,0.5,"DML-IVQR",-0.2,2.11997044660674,5.99146454710798,TRUE,"OK"
6,500,0.1,0.5,"DML-IVQR",0,4.39534615083458,5.99146454710798,TRUE,"OK"
6,500,0.1,0.5,"DML-IVQR",0.2,5.43777904791432,5.99146454710798,TRUE,"OK"
6,500,0.1,0.5,"DML-IVQR",0.4,3.31805097671316,5.99146454710798,TRUE,"OK"
6,500,0.1,0.5,"DML-IVQR",0.6,3.36295936808796,5.99146454710798,TRUE,"OK"
6,500,0.1,0.5,"DML-IVQR",0.8,0.84140523923601,5.99146454710798,TRUE,"OK"
6,500,0.1,0.5,"DML-IVQR",1,1.52813877265933,5.99146454710798,TRUE,"OK"
6,500,0.1,0.5,"DML-IVQR",1.2,0.873765079665045,5.99146454710798,TRUE,"OK"
6,500,0.1,0.5,"DML-IVQR",1.4,0.129393802972961,5.99146454710798,TRUE,"OK"
6,500,0.1,0.5,"DML-IVQR",1.6,0.147909997127075,5.99146454710798,TRUE,"OK"
6,500,0.1,0.5,"DML-IVQR",1.8,1.80016182324485,5.99146454710798,TRUE,"OK"
6,500,0.1,0.5,"DML-IVQR",2,1.90355760139305,5.99146454710798,TRUE,"OK"
6,500,0.1,0.5,"DML-IVQR",2.2,1.08596989883605,5.99146454710798,TRUE,"OK"
6,500,0.1,0.5,"DML-IVQR",2.4,2.1464199455146,5.99146454710798,TRUE,"OK"
6,500,0.1,0.5,"DML-IVQR",2.6,2.48195423630698,5.99146454710798,TRUE,"OK"
6,500,0.1,0.5,"DML-IVQR",2.8,1.79095722497957,5.99146454710798,TRUE,"OK"
6,500,0.1,0.5,"DML-IVQR",3,2.1402399499099,5.99146454710798,TRUE,"OK"
6,500,0.1,0.5,"DML-IVQR",3.2,0.961176305667795,5.99146454710798,TRUE,"OK"
6,500,0.1,0.5,"DML-IVQR",3.4,1.29446305142532,5.99146454710798,TRUE,"OK"
6,500,0.1,0.5,"DML-IVQR",3.6,1.54411899144043,5.99146454710798,TRUE,"OK"
6,500,0.1,0.5,"DML-IVQR",3.8,2.42894419614037,5.99146454710798,TRUE,"OK"
6,500,0.1,0.5,"DML-IVQR",4,2.06305566129594,5.99146454710798,TRUE,"OK"
6,500,0.1,0.5,"DML-IVQR",4.2,1.75559797850138,5.99146454710798,TRUE,"OK"
6,500,0.1,0.5,"DML-IVQR",4.4,3.72070399668185,5.99146454710798,TRUE,"OK"
6,500,0.1,0.5,"DML-IVQR",4.6,4.66040333982818,5.99146454710798,TRUE,"OK"
6,500,0.1,0.5,"DML-IVQR",4.8,4.0420837288941,5.99146454710798,TRUE,"OK"
6,500,0.1,0.5,"DML-IVQR",5,4.28212170781587,5.99146454710798,TRUE,"OK"
6,500,0.1,0.9,"Oracle-GMM",-3,0.974613120396482,5.99146454710798,TRUE,"OK"
6,500,0.1,0.9,"Oracle-GMM",-2.8,0.911992944702995,5.99146454710798,TRUE,"OK"
6,500,0.1,0.9,"Oracle-GMM",-2.6,0.565887739484138,5.99146454710798,TRUE,"OK"
6,500,0.1,0.9,"Oracle-GMM",-2.4,0.718048285264645,5.99146454710798,TRUE,"OK"
6,500,0.1,0.9,"Oracle-GMM",-2.2,0.86399373953566,5.99146454710798,TRUE,"OK"
6,500,0.1,0.9,"Oracle-GMM",-2,0.863677599039384,5.99146454710798,TRUE,"OK"
6,500,0.1,0.9,"Oracle-GMM",-1.8,0.121359118253443,5.99146454710798,TRUE,"OK"
6,500,0.1,0.9,"Oracle-GMM",-1.6,1.94429745659957,5.99146454710798,TRUE,"OK"
6,500,0.1,0.9,"Oracle-GMM",-1.4,1.01702458277323,5.99146454710798,TRUE,"OK"
6,500,0.1,0.9,"Oracle-GMM",-1.2,0.466932497320138,5.99146454710798,TRUE,"OK"
6,500,0.1,0.9,"Oracle-GMM",-1,1.80757594582249,5.99146454710798,TRUE,"OK"
6,500,0.1,0.9,"Oracle-GMM",-0.8,2.13407656824413,5.99146454710798,TRUE,"OK"
6,500,0.1,0.9,"Oracle-GMM",-0.6,1.54391513800598,5.99146454710798,TRUE,"OK"
6,500,0.1,0.9,"Oracle-GMM",-0.4,1.11683220941548,5.99146454710798,TRUE,"OK"
6,500,0.1,0.9,"Oracle-GMM",-0.2,0.723372976456649,5.99146454710798,TRUE,"OK"
6,500,0.1,0.9,"Oracle-GMM",0,0.591311567983921,5.99146454710798,TRUE,"OK"
6,500,0.1,0.9,"Oracle-GMM",0.2,0.489132826142181,5.99146454710798,TRUE,"OK"
6,500,0.1,0.9,"Oracle-GMM",0.4,0.642903177071146,5.99146454710798,TRUE,"OK"
6,500,0.1,0.9,"Oracle-GMM",0.6,0.437828486721255,5.99146454710798,TRUE,"OK"
6,500,0.1,0.9,"Oracle-GMM",0.8,0.765463122353054,5.99146454710798,TRUE,"OK"
6,500,0.1,0.9,"Oracle-GMM",1,0.63945184596822,5.99146454710798,TRUE,"OK"
6,500,0.1,0.9,"Oracle-GMM",1.2,1.12384582473613,5.99146454710798,TRUE,"OK"
6,500,0.1,0.9,"Oracle-GMM",1.4,0.122976856607937,5.99146454710798,TRUE,"OK"
6,500,0.1,0.9,"Oracle-GMM",1.6,0.312899800561918,5.99146454710798,TRUE,"OK"
6,500,0.1,0.9,"Oracle-GMM",1.8,0.197682407082117,5.99146454710798,TRUE,"OK"
6,500,0.1,0.9,"Oracle-GMM",2,0.619887060624834,5.99146454710798,TRUE,"OK"
6,500,0.1,0.9,"Oracle-GMM",2.2,1.30683611348446,5.99146454710798,TRUE,"OK"
6,500,0.1,0.9,"Oracle-GMM",2.4,1.22708389013977,5.99146454710798,TRUE,"OK"
6,500,0.1,0.9,"Oracle-GMM",2.6,0.8640462855931,5.99146454710798,TRUE,"OK"
6,500,0.1,0.9,"Oracle-GMM",2.8,1.12598119549014,5.99146454710798,TRUE,"OK"
6,500,0.1,0.9,"Oracle-GMM",3,0.659452639189938,5.99146454710798,TRUE,"OK"
6,500,0.1,0.9,"Oracle-GMM",3.2,1.22897753962466,5.99146454710798,TRUE,"OK"
6,500,0.1,0.9,"Oracle-GMM",3.4,1.21906234803939,5.99146454710798,TRUE,"OK"
6,500,0.1,0.9,"Oracle-GMM",3.6,0.417177701392486,5.99146454710798,TRUE,"OK"
6,500,0.1,0.9,"Oracle-GMM",3.8,1.37486957232719,5.99146454710798,TRUE,"OK"
6,500,0.1,0.9,"Oracle-GMM",4,0.11893381856632,5.99146454710798,TRUE,"OK"
6,500,0.1,0.9,"Oracle-GMM",4.2,1.01259038796862,5.99146454710798,TRUE,"OK"
6,500,0.1,0.9,"Oracle-GMM",4.4,1.0629409442821,5.99146454710798,TRUE,"OK"
6,500,0.1,0.9,"Oracle-GMM",4.6,2.70917732501877,5.99146454710798,TRUE,"OK"
6,500,0.1,0.9,"Oracle-GMM",4.8,1.38084611277638,5.99146454710798,TRUE,"OK"
6,500,0.1,0.9,"Oracle-GMM",5,1.38254729589937,5.99146454710798,TRUE,"OK"
6,500,0.1,0.9,"Full-GMM",-3,1.50038135850781,5.99146454710798,TRUE,"OK"
6,500,0.1,0.9,"Full-GMM",-2.8,3.08502916422869,5.99146454710798,TRUE,"OK"
6,500,0.1,0.9,"Full-GMM",-2.6,0.259111459866548,5.99146454710798,TRUE,"OK"
6,500,0.1,0.9,"Full-GMM",-2.4,1.79865948790705,5.99146454710798,TRUE,"OK"
6,500,0.1,0.9,"Full-GMM",-2.2,0.540661834091805,5.99146454710798,TRUE,"OK"
6,500,0.1,0.9,"Full-GMM",-2,2.13076299137629,5.99146454710798,TRUE,"OK"
6,500,0.1,0.9,"Full-GMM",-1.8,2.12287979916209,5.99146454710798,TRUE,"OK"
6,500,0.1,0.9,"Full-GMM",-1.6,0.258606626890658,5.99146454710798,TRUE,"OK"
6,500,0.1,0.9,"Full-GMM",-1.4,0.164654119548612,5.99146454710798,TRUE,"OK"
6,500,0.1,0.9,"Full-GMM",-1.2,1.54951162484609,5.99146454710798,TRUE,"OK"
6,500,0.1,0.9,"Full-GMM",-1,1.61034644423897,5.99146454710798,TRUE,"OK"
6,500,0.1,0.9,"Full-GMM",-0.8,0.670568830463226,5.99146454710798,TRUE,"OK"
6,500,0.1,0.9,"Full-GMM",-0.6,0.808900742491263,5.99146454710798,TRUE,"OK"
6,500,0.1,0.9,"Full-GMM",-0.4,2.87432727300593,5.99146454710798,TRUE,"OK"
6,500,0.1,0.9,"Full-GMM",-0.2,0.159407779693395,5.99146454710798,TRUE,"OK"
6,500,0.1,0.9,"Full-GMM",0,0.0291080624317796,5.99146454710798,TRUE,"OK"
6,500,0.1,0.9,"Full-GMM",0.2,1.76207133379864,5.99146454710798,TRUE,"OK"
6,500,0.1,0.9,"Full-GMM",0.4,2.46913319006592,5.99146454710798,TRUE,"OK"
6,500,0.1,0.9,"Full-GMM",0.6,0.753869849966268,5.99146454710798,TRUE,"OK"
6,500,0.1,0.9,"Full-GMM",0.8,0.910958008493858,5.99146454710798,TRUE,"OK"
6,500,0.1,0.9,"Full-GMM",1,3.47847231214687,5.99146454710798,TRUE,"OK"
6,500,0.1,0.9,"Full-GMM",1.2,0.33642776083337,5.99146454710798,TRUE,"OK"
6,500,0.1,0.9,"Full-GMM",1.4,0.871296513842117,5.99146454710798,TRUE,"OK"
6,500,0.1,0.9,"Full-GMM",1.6,0.170637397487661,5.99146454710798,TRUE,"OK"
6,500,0.1,0.9,"Full-GMM",1.8,0.599758102806461,5.99146454710798,TRUE,"OK"
6,500,0.1,0.9,"Full-GMM",2,1.05535838987061,5.99146454710798,TRUE,"OK"
6,500,0.1,0.9,"Full-GMM",2.2,0.688598307561352,5.99146454710798,TRUE,"OK"
6,500,0.1,0.9,"Full-GMM",2.4,1.70834183701947,5.99146454710798,TRUE,"OK"
6,500,0.1,0.9,"Full-GMM",2.6,3.64107959643488,5.99146454710798,TRUE,"OK"
6,500,0.1,0.9,"Full-GMM",2.8,0.633020868807476,5.99146454710798,TRUE,"OK"
6,500,0.1,0.9,"Full-GMM",3,3.54090645125514,5.99146454710798,TRUE,"OK"
6,500,0.1,0.9,"Full-GMM",3.2,3.33397867441439,5.99146454710798,TRUE,"OK"
6,500,0.1,0.9,"Full-GMM",3.4,3.58282013151763,5.99146454710798,TRUE,"OK"
6,500,0.1,0.9,"Full-GMM",3.6,6.21717576733287,5.99146454710798,FALSE,"OK"
6,500,0.1,0.9,"Full-GMM",3.8,4.24310973942779,5.99146454710798,TRUE,"OK"
6,500,0.1,0.9,"Full-GMM",4,5.22592434854174,5.99146454710798,TRUE,"OK"
6,500,0.1,0.9,"Full-GMM",4.2,2.63856655690217,5.99146454710798,TRUE,"OK"
6,500,0.1,0.9,"Full-GMM",4.4,3.50588420803669,5.99146454710798,TRUE,"OK"
6,500,0.1,0.9,"Full-GMM",4.6,4.51413108526318,5.99146454710798,TRUE,"OK"
6,500,0.1,0.9,"Full-GMM",4.8,1.4916370579789,5.99146454710798,TRUE,"OK"
6,500,0.1,0.9,"Full-GMM",5,6.19215764723269,5.99146454710798,FALSE,"OK"
6,500,0.1,0.9,"DML-IVQR",-3,0.800612525295047,5.99146454710798,TRUE,"OK"
6,500,0.1,0.9,"DML-IVQR",-2.8,0.676568185553106,5.99146454710798,TRUE,"OK"
6,500,0.1,0.9,"DML-IVQR",-2.6,1.06385127465077,5.99146454710798,TRUE,"OK"
6,500,0.1,0.9,"DML-IVQR",-2.4,0.992904758220208,5.99146454710798,TRUE,"OK"
6,500,0.1,0.9,"DML-IVQR",-2.2,0.482162288818954,5.99146454710798,TRUE,"OK"
6,500,0.1,0.9,"DML-IVQR",-2,0.332740206817937,5.99146454710798,TRUE,"OK"
6,500,0.1,0.9,"DML-IVQR",-1.8,0.332715320157336,5.99146454710798,TRUE,"OK"
6,500,0.1,0.9,"DML-IVQR",-1.6,0.467322440209194,5.99146454710798,TRUE,"OK"
6,500,0.1,0.9,"DML-IVQR",-1.4,0.557664899287115,5.99146454710798,TRUE,"OK"
6,500,0.1,0.9,"DML-IVQR",-1.2,0.11136604490177,5.99146454710798,TRUE,"OK"
6,500,0.1,0.9,"DML-IVQR",-1,1.09209961912654,5.99146454710798,TRUE,"OK"
6,500,0.1,0.9,"DML-IVQR",-0.8,0.687469027896375,5.99146454710798,TRUE,"OK"
6,500,0.1,0.9,"DML-IVQR",-0.6,0.798470846949979,5.99146454710798,TRUE,"OK"
6,500,0.1,0.9,"DML-IVQR",-0.4,1.01480098247195,5.99146454710798,TRUE,"OK"
6,500,0.1,0.9,"DML-IVQR",-0.2,1.42791623905042,5.99146454710798,TRUE,"OK"
6,500,0.1,0.9,"DML-IVQR",0,1.69055643308588,5.99146454710798,TRUE,"OK"
6,500,0.1,0.9,"DML-IVQR",0.2,1.04095723274077,5.99146454710798,TRUE,"OK"
6,500,0.1,0.9,"DML-IVQR",0.4,0.784428957328848,5.99146454710798,TRUE,"OK"
6,500,0.1,0.9,"DML-IVQR",0.6,0.690100073843604,5.99146454710798,TRUE,"OK"
6,500,0.1,0.9,"DML-IVQR",0.8,0.976698234836839,5.99146454710798,TRUE,"OK"
6,500,0.1,0.9,"DML-IVQR",1,0.323645885123814,5.99146454710798,TRUE,"OK"
6,500,0.1,0.9,"DML-IVQR",1.2,1.4219407994894,5.99146454710798,TRUE,"OK"
6,500,0.1,0.9,"DML-IVQR",1.4,0.84931914729154,5.99146454710798,TRUE,"OK"
6,500,0.1,0.9,"DML-IVQR",1.6,1.0216299356,5.99146454710798,TRUE,"OK"
6,500,0.1,0.9,"DML-IVQR",1.8,2.13412154778852,5.99146454710798,TRUE,"OK"
6,500,0.1,0.9,"DML-IVQR",2,1.86893224417232,5.99146454710798,TRUE,"OK"
6,500,0.1,0.9,"DML-IVQR",2.2,2.30412432721216,5.99146454710798,TRUE,"OK"
6,500,0.1,0.9,"DML-IVQR",2.4,3.91860708255922,5.99146454710798,TRUE,"OK"
6,500,0.1,0.9,"DML-IVQR",2.6,0.845877313808769,5.99146454710798,TRUE,"OK"
6,500,0.1,0.9,"DML-IVQR",2.8,0.521623721784241,5.99146454710798,TRUE,"OK"
6,500,0.1,0.9,"DML-IVQR",3,1.08581648359326,5.99146454710798,TRUE,"OK"
6,500,0.1,0.9,"DML-IVQR",3.2,1.42695875212873,5.99146454710798,TRUE,"OK"
6,500,0.1,0.9,"DML-IVQR",3.4,3.71539651954106,5.99146454710798,TRUE,"OK"
6,500,0.1,0.9,"DML-IVQR",3.6,2.36323213960475,5.99146454710798,TRUE,"OK"
6,500,0.1,0.9,"DML-IVQR",3.8,3.98390781152058,5.99146454710798,TRUE,"OK"
6,500,0.1,0.9,"DML-IVQR",4,4.58468593036173,5.99146454710798,TRUE,"OK"
6,500,0.1,0.9,"DML-IVQR",4.2,2.05790150041019,5.99146454710798,TRUE,"OK"
6,500,0.1,0.9,"DML-IVQR",4.4,3.80017985604617,5.99146454710798,TRUE,"OK"
6,500,0.1,0.9,"DML-IVQR",4.6,3.2103572495427,5.99146454710798,TRUE,"OK"
6,500,0.1,0.9,"DML-IVQR",4.8,4.51760644719441,5.99146454710798,TRUE,"OK"
6,500,0.1,0.9,"DML-IVQR",5,3.78710737256924,5.99146454710798,TRUE,"OK"
7,500,0.1,0.1,"Oracle-GMM",-3,0.866627954548376,5.99146454710798,TRUE,"OK"
7,500,0.1,0.1,"Oracle-GMM",-2.8,0.464855270667156,5.99146454710798,TRUE,"OK"
7,500,0.1,0.1,"Oracle-GMM",-2.6,0.371849346760749,5.99146454710798,TRUE,"OK"
7,500,0.1,0.1,"Oracle-GMM",-2.4,1.18570542777177,5.99146454710798,TRUE,"OK"
7,500,0.1,0.1,"Oracle-GMM",-2.2,1.07408851211573,5.99146454710798,TRUE,"OK"
7,500,0.1,0.1,"Oracle-GMM",-2,1.30350300899862,5.99146454710798,TRUE,"OK"
7,500,0.1,0.1,"Oracle-GMM",-1.8,0.805356698414391,5.99146454710798,TRUE,"OK"
7,500,0.1,0.1,"Oracle-GMM",-1.6,1.01937018878017,5.99146454710798,TRUE,"OK"
7,500,0.1,0.1,"Oracle-GMM",-1.4,0.789783411024303,5.99146454710798,TRUE,"OK"
7,500,0.1,0.1,"Oracle-GMM",-1.2,1.45429420967018,5.99146454710798,TRUE,"OK"
7,500,0.1,0.1,"Oracle-GMM",-1,0.518525649110219,5.99146454710798,TRUE,"OK"
7,500,0.1,0.1,"Oracle-GMM",-0.8,1.07600607008348,5.99146454710798,TRUE,"OK"
7,500,0.1,0.1,"Oracle-GMM",-0.6,2.7246772358422,5.99146454710798,TRUE,"OK"
7,500,0.1,0.1,"Oracle-GMM",-0.4,1.1383166826198,5.99146454710798,TRUE,"OK"
7,500,0.1,0.1,"Oracle-GMM",-0.2,1.32626279688517,5.99146454710798,TRUE,"OK"
7,500,0.1,0.1,"Oracle-GMM",0,1.46875713070753,5.99146454710798,TRUE,"OK"
7,500,0.1,0.1,"Oracle-GMM",0.2,1.26940608410691,5.99146454710798,TRUE,"OK"
7,500,0.1,0.1,"Oracle-GMM",0.4,0.100726025230266,5.99146454710798,TRUE,"OK"
7,500,0.1,0.1,"Oracle-GMM",0.6,1.07773859302264,5.99146454710798,TRUE,"OK"
7,500,0.1,0.1,"Oracle-GMM",0.8,2.64184593962513,5.99146454710798,TRUE,"OK"
7,500,0.1,0.1,"Oracle-GMM",1,2.07384600240663,5.99146454710798,TRUE,"OK"
7,500,0.1,0.1,"Oracle-GMM",1.2,8.75281224977527,5.99146454710798,FALSE,"OK"
7,500,0.1,0.1,"Oracle-GMM",1.4,5.22077237036003,5.99146454710798,TRUE,"OK"
7,500,0.1,0.1,"Oracle-GMM",1.6,5.7022576308856,5.99146454710798,TRUE,"OK"
7,500,0.1,0.1,"Oracle-GMM",1.8,6.11718066259807,5.99146454710798,FALSE,"OK"
7,500,0.1,0.1,"Oracle-GMM",2,6.2146161014647,5.99146454710798,FALSE,"OK"
7,500,0.1,0.1,"Oracle-GMM",2.2,5.75154980349738,5.99146454710798,TRUE,"OK"
7,500,0.1,0.1,"Oracle-GMM",2.4,6.28453970243675,5.99146454710798,FALSE,"OK"
7,500,0.1,0.1,"Oracle-GMM",2.6,8.33420696570291,5.99146454710798,FALSE,"OK"
7,500,0.1,0.1,"Oracle-GMM",2.8,9.77276679828506,5.99146454710798,FALSE,"OK"
7,500,0.1,0.1,"Oracle-GMM",3,10.6440862766279,5.99146454710798,FALSE,"OK"
7,500,0.1,0.1,"Oracle-GMM",3.2,12.5142770061164,5.99146454710798,FALSE,"OK"
7,500,0.1,0.1,"Oracle-GMM",3.4,12.4661281494027,5.99146454710798,FALSE,"OK"
7,500,0.1,0.1,"Oracle-GMM",3.6,12.3584589512084,5.99146454710798,FALSE,"OK"
7,500,0.1,0.1,"Oracle-GMM",3.8,10.1940107295466,5.99146454710798,FALSE,"OK"
7,500,0.1,0.1,"Oracle-GMM",4,11.3319739763609,5.99146454710798,FALSE,"OK"
7,500,0.1,0.1,"Oracle-GMM",4.2,9.38364897052051,5.99146454710798,FALSE,"OK"
7,500,0.1,0.1,"Oracle-GMM",4.4,6.21853915414275,5.99146454710798,FALSE,"OK"
7,500,0.1,0.1,"Oracle-GMM",4.6,6.23709915748862,5.99146454710798,FALSE,"OK"
7,500,0.1,0.1,"Oracle-GMM",4.8,5.91249847800489,5.99146454710798,TRUE,"OK"
7,500,0.1,0.1,"Oracle-GMM",5,9.58867208849808,5.99146454710798,FALSE,"OK"
7,500,0.1,0.1,"Full-GMM",-3,0.19560914196147,5.99146454710798,TRUE,"OK"
7,500,0.1,0.1,"Full-GMM",-2.8,0.480205621958965,5.99146454710798,TRUE,"OK"
7,500,0.1,0.1,"Full-GMM",-2.6,0.381337638132099,5.99146454710798,TRUE,"OK"
7,500,0.1,0.1,"Full-GMM",-2.4,1.31811756050404,5.99146454710798,TRUE,"OK"
7,500,0.1,0.1,"Full-GMM",-2.2,0.341761899831894,5.99146454710798,TRUE,"OK"
7,500,0.1,0.1,"Full-GMM",-2,2.64767949983122,5.99146454710798,TRUE,"OK"
7,500,0.1,0.1,"Full-GMM",-1.8,0.69358142419598,5.99146454710798,TRUE,"OK"
7,500,0.1,0.1,"Full-GMM",-1.6,1.45108127072982,5.99146454710798,TRUE,"OK"
7,500,0.1,0.1,"Full-GMM",-1.4,0.0788522490819505,5.99146454710798,TRUE,"OK"
7,500,0.1,0.1,"Full-GMM",-1.2,2.76265975841587,5.99146454710798,TRUE,"OK"
7,500,0.1,0.1,"Full-GMM",-1,4.53811345783742,5.99146454710798,TRUE,"OK"
7,500,0.1,0.1,"Full-GMM",-0.8,0.756470044222207,5.99146454710798,TRUE,"OK"
7,500,0.1,0.1,"Full-GMM",-0.6,5.08048121102199,5.99146454710798,TRUE,"OK"
7,500,0.1,0.1,"Full-GMM",-0.4,0.416277856813138,5.99146454710798,TRUE,"OK"
7,500,0.1,0.1,"Full-GMM",-0.2,1.86023927747381,5.99146454710798,TRUE,"OK"
7,500,0.1,0.1,"Full-GMM",0,0.264541223794114,5.99146454710798,TRUE,"OK"
7,500,0.1,0.1,"Full-GMM",0.2,1.88652668420249,5.99146454710798,TRUE,"OK"
7,500,0.1,0.1,"Full-GMM",0.4,0.492617334905331,5.99146454710798,TRUE,"OK"
7,500,0.1,0.1,"Full-GMM",0.6,0.0918906963024724,5.99146454710798,TRUE,"OK"
7,500,0.1,0.1,"Full-GMM",0.8,0.403653805725009,5.99146454710798,TRUE,"OK"
7,500,0.1,0.1,"Full-GMM",1,0.709785866231195,5.99146454710798,TRUE,"OK"
7,500,0.1,0.1,"Full-GMM",1.2,1.50125863645353,5.99146454710798,TRUE,"OK"
7,500,0.1,0.1,"Full-GMM",1.4,5.19121492089027,5.99146454710798,TRUE,"OK"
7,500,0.1,0.1,"Full-GMM",1.6,0.636877613934086,5.99146454710798,TRUE,"OK"
7,500,0.1,0.1,"Full-GMM",1.8,1.45918905442763,5.99146454710798,TRUE,"OK"
7,500,0.1,0.1,"Full-GMM",2,0.0827190082929677,5.99146454710798,TRUE,"OK"
7,500,0.1,0.1,"Full-GMM",2.2,4.0718102251544,5.99146454710798,TRUE,"OK"
7,500,0.1,0.1,"Full-GMM",2.4,0.568555657356872,5.99146454710798,TRUE,"OK"
7,500,0.1,0.1,"Full-GMM",2.6,1.56248343027247,5.99146454710798,TRUE,"OK"
7,500,0.1,0.1,"Full-GMM",2.8,0.706359141848373,5.99146454710798,TRUE,"OK"
7,500,0.1,0.1,"Full-GMM",3,10.6521053243898,5.99146454710798,FALSE,"OK"
7,500,0.1,0.1,"Full-GMM",3.2,2.25664403215247,5.99146454710798,TRUE,"OK"
7,500,0.1,0.1,"Full-GMM",3.4,2.67098326630943,5.99146454710798,TRUE,"OK"
7,500,0.1,0.1,"Full-GMM",3.6,2.97858826870057,5.99146454710798,TRUE,"OK"
7,500,0.1,0.1,"Full-GMM",3.8,1.66627064876388,5.99146454710798,TRUE,"OK"
7,500,0.1,0.1,"Full-GMM",4,5.04983758783309,5.99146454710798,TRUE,"OK"
7,500,0.1,0.1,"Full-GMM",4.2,4.54989689972453,5.99146454710798,TRUE,"OK"
7,500,0.1,0.1,"Full-GMM",4.4,1.27732972166069,5.99146454710798,TRUE,"OK"
7,500,0.1,0.1,"Full-GMM",4.6,9.47514100826521,5.99146454710798,FALSE,"OK"
7,500,0.1,0.1,"Full-GMM",4.8,0.468593313910281,5.99146454710798,TRUE,"OK"
7,500,0.1,0.1,"Full-GMM",5,2.60028451360765,5.99146454710798,TRUE,"OK"
7,500,0.1,0.1,"DML-IVQR",-3,1.83332354388753,5.99146454710798,TRUE,"OK"
7,500,0.1,0.1,"DML-IVQR",-2.8,2.32762681543546,5.99146454710798,TRUE,"OK"
7,500,0.1,0.1,"DML-IVQR",-2.6,2.65105847420204,5.99146454710798,TRUE,"OK"
7,500,0.1,0.1,"DML-IVQR",-2.4,1.97574193042203,5.99146454710798,TRUE,"OK"
7,500,0.1,0.1,"DML-IVQR",-2.2,1.89073641227996,5.99146454710798,TRUE,"OK"
7,500,0.1,0.1,"DML-IVQR",-2,0.998832433667135,5.99146454710798,TRUE,"OK"
7,500,0.1,0.1,"DML-IVQR",-1.8,0.945189693178034,5.99146454710798,TRUE,"OK"
7,500,0.1,0.1,"DML-IVQR",-1.6,0.605416733395136,5.99146454710798,TRUE,"OK"
7,500,0.1,0.1,"DML-IVQR",-1.4,0.997011880080833,5.99146454710798,TRUE,"OK"
7,500,0.1,0.1,"DML-IVQR",-1.2,2.32614198641111,5.99146454710798,TRUE,"OK"
7,500,0.1,0.1,"DML-IVQR",-1,2.65613494779481,5.99146454710798,TRUE,"OK"
7,500,0.1,0.1,"DML-IVQR",-0.8,0.490432211863061,5.99146454710798,TRUE,"OK"
7,500,0.1,0.1,"DML-IVQR",-0.6,1.69463531004258,5.99146454710798,TRUE,"OK"
7,500,0.1,0.1,"DML-IVQR",-0.4,0.111927276181968,5.99146454710798,TRUE,"OK"
7,500,0.1,0.1,"DML-IVQR",-0.2,0.207722925744413,5.99146454710798,TRUE,"OK"
7,500,0.1,0.1,"DML-IVQR",0,0.911327351651948,5.99146454710798,TRUE,"OK"
7,500,0.1,0.1,"DML-IVQR",0.2,1.94563338948613,5.99146454710798,TRUE,"OK"
7,500,0.1,0.1,"DML-IVQR",0.4,0.796498225081256,5.99146454710798,TRUE,"OK"
7,500,0.1,0.1,"DML-IVQR",0.6,0.758179718123307,5.99146454710798,TRUE,"OK"
7,500,0.1,0.1,"DML-IVQR",0.8,1.15191832372806,5.99146454710798,TRUE,"OK"
7,500,0.1,0.1,"DML-IVQR",1,0.366800776820999,5.99146454710798,TRUE,"OK"
7,500,0.1,0.1,"DML-IVQR",1.2,0.235687397623882,5.99146454710798,TRUE,"OK"
7,500,0.1,0.1,"DML-IVQR",1.4,0.698562927774458,5.99146454710798,TRUE,"OK"
7,500,0.1,0.1,"DML-IVQR",1.6,1.67103294375398,5.99146454710798,TRUE,"OK"
7,500,0.1,0.1,"DML-IVQR",1.8,1.65495739487728,5.99146454710798,TRUE,"OK"
7,500,0.1,0.1,"DML-IVQR",2,3.23134688708541,5.99146454710798,TRUE,"OK"
7,500,0.1,0.1,"DML-IVQR",2.2,3.10964821803878,5.99146454710798,TRUE,"OK"
7,500,0.1,0.1,"DML-IVQR",2.4,3.12435733471132,5.99146454710798,TRUE,"OK"
7,500,0.1,0.1,"DML-IVQR",2.6,1.77337562923614,5.99146454710798,TRUE,"OK"
7,500,0.1,0.1,"DML-IVQR",2.8,3.00398842038603,5.99146454710798,TRUE,"OK"
7,500,0.1,0.1,"DML-IVQR",3,2.26909348493231,5.99146454710798,TRUE,"OK"
7,500,0.1,0.1,"DML-IVQR",3.2,1.15899027123357,5.99146454710798,TRUE,"OK"
7,500,0.1,0.1,"DML-IVQR",3.4,2.18120769285478,5.99146454710798,TRUE,"OK"
7,500,0.1,0.1,"DML-IVQR",3.6,2.01181671936362,5.99146454710798,TRUE,"OK"
7,500,0.1,0.1,"DML-IVQR",3.8,2.53613963153163,5.99146454710798,TRUE,"OK"
7,500,0.1,0.1,"DML-IVQR",4,1.90085827811523,5.99146454710798,TRUE,"OK"
7,500,0.1,0.1,"DML-IVQR",4.2,2.7722029910295,5.99146454710798,TRUE,"OK"
7,500,0.1,0.1,"DML-IVQR",4.4,3.09562554730096,5.99146454710798,TRUE,"OK"
7,500,0.1,0.1,"DML-IVQR",4.6,3.25442318184225,5.99146454710798,TRUE,"OK"
7,500,0.1,0.1,"DML-IVQR",4.8,4.34352042532603,5.99146454710798,TRUE,"OK"
7,500,0.1,0.1,"DML-IVQR",5,4.30995021254039,5.99146454710798,TRUE,"OK"
7,500,0.1,0.5,"Oracle-GMM",-3,9.24214579557836,5.99146454710798,FALSE,"OK"
7,500,0.1,0.5,"Oracle-GMM",-2.8,8.53131713550485,5.99146454710798,FALSE,"OK"
7,500,0.1,0.5,"Oracle-GMM",-2.6,8.4684667362603,5.99146454710798,FALSE,"OK"
7,500,0.1,0.5,"Oracle-GMM",-2.4,10.104955138477,5.99146454710798,FALSE,"OK"
7,500,0.1,0.5,"Oracle-GMM",-2.2,7.39697782012471,5.99146454710798,FALSE,"OK"
7,500,0.1,0.5,"Oracle-GMM",-2,7.67209432450127,5.99146454710798,FALSE,"OK"
7,500,0.1,0.5,"Oracle-GMM",-1.8,4.86291966555556,5.99146454710798,TRUE,"OK"
7,500,0.1,0.5,"Oracle-GMM",-1.6,6.41257727340382,5.99146454710798,FALSE,"OK"
7,500,0.1,0.5,"Oracle-GMM",-1.4,3.59232648076578,5.99146454710798,TRUE,"OK"
7,500,0.1,0.5,"Oracle-GMM",-1.2,5.41387011551504,5.99146454710798,TRUE,"OK"
7,500,0.1,0.5,"Oracle-GMM",-1,4.26514088268522,5.99146454710798,TRUE,"OK"
7,500,0.1,0.5,"Oracle-GMM",-0.8,3.83443683772848,5.99146454710798,TRUE,"OK"
7,500,0.1,0.5,"Oracle-GMM",-0.6,3.38005328023919,5.99146454710798,TRUE,"OK"
7,500,0.1,0.5,"Oracle-GMM",-0.4,2.83303163833857,5.99146454710798,TRUE,"OK"
7,500,0.1,0.5,"Oracle-GMM",-0.2,1.85802468657124,5.99146454710798,TRUE,"OK"
7,500,0.1,0.5,"Oracle-GMM",0,1.9362858804679,5.99146454710798,TRUE,"OK"
7,500,0.1,0.5,"Oracle-GMM",0.2,0.238446377172453,5.99146454710798,TRUE,"OK"
7,500,0.1,0.5,"Oracle-GMM",0.4,0.0661824857262799,5.99146454710798,TRUE,"OK"
7,500,0.1,0.5,"Oracle-GMM",0.6,0.185043934798889,5.99146454710798,TRUE,"OK"
7,500,0.1,0.5,"Oracle-GMM",0.8,0.626911140493648,5.99146454710798,TRUE,"OK"
7,500,0.1,0.5,"Oracle-GMM",1,0.227410451047321,5.99146454710798,TRUE,"OK"
7,500,0.1,0.5,"Oracle-GMM",1.2,3.11860863246887,5.99146454710798,TRUE,"OK"
7,500,0.1,0.5,"Oracle-GMM",1.4,1.56425543621141,5.99146454710798,TRUE,"OK"
7,500,0.1,0.5,"Oracle-GMM",1.6,3.17566585712998,5.99146454710798,TRUE,"OK"
7,500,0.1,0.5,"Oracle-GMM",1.8,3.33911908190086,5.99146454710798,TRUE,"OK"
7,500,0.1,0.5,"Oracle-GMM",2,2.21180158387359,5.99146454710798,TRUE,"OK"
7,500,0.1,0.5,"Oracle-GMM",2.2,2.59348992728435,5.99146454710798,TRUE,"OK"
7,500,0.1,0.5,"Oracle-GMM",2.4,2.06119227313548,5.99146454710798,TRUE,"OK"
7,500,0.1,0.5,"Oracle-GMM",2.6,4.45298357534654,5.99146454710798,TRUE,"OK"
7,500,0.1,0.5,"Oracle-GMM",2.8,2.91614138076581,5.99146454710798,TRUE,"OK"
7,500,0.1,0.5,"Oracle-GMM",3,3.34323723989937,5.99146454710798,TRUE,"OK"
7,500,0.1,0.5,"Oracle-GMM",3.2,4.31015716115339,5.99146454710798,TRUE,"OK"
7,500,0.1,0.5,"Oracle-GMM",3.4,7.93934828731862,5.99146454710798,FALSE,"OK"
7,500,0.1,0.5,"Oracle-GMM",3.6,5.46281904138072,5.99146454710798,TRUE,"OK"
7,500,0.1,0.5,"Oracle-GMM",3.8,7.30553237975082,5.99146454710798,FALSE,"OK"
7,500,0.1,0.5,"Oracle-GMM",4,6.55766356250818,5.99146454710798,FALSE,"OK"
7,500,0.1,0.5,"Oracle-GMM",4.2,7.51019486020682,5.99146454710798,FALSE,"OK"
7,500,0.1,0.5,"Oracle-GMM",4.4,8.45026725523786,5.99146454710798,FALSE,"OK"
7,500,0.1,0.5,"Oracle-GMM",4.6,9.21776428882037,5.99146454710798,FALSE,"OK"
7,500,0.1,0.5,"Oracle-GMM",4.8,8.20280992779623,5.99146454710798,FALSE,"OK"
7,500,0.1,0.5,"Oracle-GMM",5,8.22099578264026,5.99146454710798,FALSE,"OK"
7,500,0.1,0.5,"Full-GMM",-3,4.64687011992427,5.99146454710798,TRUE,"OK"
7,500,0.1,0.5,"Full-GMM",-2.8,2.98688377051904,5.99146454710798,TRUE,"OK"
7,500,0.1,0.5,"Full-GMM",-2.6,5.56888279800084,5.99146454710798,TRUE,"OK"
7,500,0.1,0.5,"Full-GMM",-2.4,5.53067512537164,5.99146454710798,TRUE,"OK"
7,500,0.1,0.5,"Full-GMM",-2.2,7.48833636687474,5.99146454710798,FALSE,"OK"
7,500,0.1,0.5,"Full-GMM",-2,4.3549126492144,5.99146454710798,TRUE,"OK"
7,500,0.1,0.5,"Full-GMM",-1.8,7.47613259010719,5.99146454710798,FALSE,"OK"
7,500,0.1,0.5,"Full-GMM",-1.6,5.39298336800912,5.99146454710798,TRUE,"OK"
7,500,0.1,0.5,"Full-GMM",-1.4,5.64798238808443,5.99146454710798,TRUE,"OK"
7,500,0.1,0.5,"Full-GMM",-1.2,6.03319447090125,5.99146454710798,FALSE,"OK"
7,500,0.1,0.5,"Full-GMM",-1,2.52003105554751,5.99146454710798,TRUE,"OK"
7,500,0.1,0.5,"Full-GMM",-0.8,4.62986295364012,5.99146454710798,TRUE,"OK"
7,500,0.1,0.5,"Full-GMM",-0.6,9.31368180614938,5.99146454710798,FALSE,"OK"
7,500,0.1,0.5,"Full-GMM",-0.4,3.05639249737869,5.99146454710798,TRUE,"OK"
7,500,0.1,0.5,"Full-GMM",-0.2,1.21039401573712,5.99146454710798,TRUE,"OK"
7,500,0.1,0.5,"Full-GMM",0,1.34435055409258,5.99146454710798,TRUE,"OK"
7,500,0.1,0.5,"Full-GMM",0.2,1.29110141406289,5.99146454710798,TRUE,"OK"
7,500,0.1,0.5,"Full-GMM",0.4,0.105180269952841,5.99146454710798,TRUE,"OK"
7,500,0.1,0.5,"Full-GMM",0.6,1.06412118008839,5.99146454710798,TRUE,"OK"
7,500,0.1,0.5,"Full-GMM",0.8,3.7724221824379,5.99146454710798,TRUE,"OK"
7,500,0.1,0.5,"Full-GMM",1,0.807458807742438,5.99146454710798,TRUE,"OK"
7,500,0.1,0.5,"Full-GMM",1.2,0.224418658844941,5.99146454710798,TRUE,"OK"
7,500,0.1,0.5,"Full-GMM",1.4,2.359275689547,5.99146454710798,TRUE,"OK"
7,500,0.1,0.5,"Full-GMM",1.6,0.878235826905573,5.99146454710798,TRUE,"OK"
7,500,0.1,0.5,"Full-GMM",1.8,1.12059408959257,5.99146454710798,TRUE,"OK"
7,500,0.1,0.5,"Full-GMM",2,1.19604202104425,5.99146454710798,TRUE,"OK"
7,500,0.1,0.5,"Full-GMM",2.2,1.78319835436309,5.99146454710798,TRUE,"OK"
7,500,0.1,0.5,"Full-GMM",2.4,2.51577297335287,5.99146454710798,TRUE,"OK"
7,500,0.1,0.5,"Full-GMM",2.6,2.20753546077403,5.99146454710798,TRUE,"OK"
7,500,0.1,0.5,"Full-GMM",2.8,1.96527831069503,5.99146454710798,TRUE,"OK"
7,500,0.1,0.5,"Full-GMM",3,4.46770824846299,5.99146454710798,TRUE,"OK"
7,500,0.1,0.5,"Full-GMM",3.2,3.51161254523043,5.99146454710798,TRUE,"OK"
7,500,0.1,0.5,"Full-GMM",3.4,3.81176859046102,5.99146454710798,TRUE,"OK"
7,500,0.1,0.5,"Full-GMM",3.6,6.81500739910703,5.99146454710798,FALSE,"OK"
7,500,0.1,0.5,"Full-GMM",3.8,4.25798972100543,5.99146454710798,TRUE,"OK"
7,500,0.1,0.5,"Full-GMM",4,8.19055675758002,5.99146454710798,FALSE,"OK"
7,500,0.1,0.5,"Full-GMM",4.2,4.31439127027165,5.99146454710798,TRUE,"OK"
7,500,0.1,0.5,"Full-GMM",4.4,4.55271043002742,5.99146454710798,TRUE,"OK"
7,500,0.1,0.5,"Full-GMM",4.6,8.28410131582216,5.99146454710798,FALSE,"OK"
7,500,0.1,0.5,"Full-GMM",4.8,7.48302966902343,5.99146454710798,FALSE,"OK"
7,500,0.1,0.5,"Full-GMM",5,9.36138341754621,5.99146454710798,FALSE,"OK"
7,500,0.1,0.5,"DML-IVQR",-3,10.6697674971799,5.99146454710798,FALSE,"OK"
7,500,0.1,0.5,"DML-IVQR",-2.8,7.41444369832099,5.99146454710798,FALSE,"OK"
7,500,0.1,0.5,"DML-IVQR",-2.6,8.25016853993193,5.99146454710798,FALSE,"OK"
7,500,0.1,0.5,"DML-IVQR",-2.4,6.85451419311326,5.99146454710798,FALSE,"OK"
7,500,0.1,0.5,"DML-IVQR",-2.2,6.43681136992562,5.99146454710798,FALSE,"OK"
7,500,0.1,0.5,"DML-IVQR",-2,7.81089727752312,5.99146454710798,FALSE,"OK"
7,500,0.1,0.5,"DML-IVQR",-1.8,8.07164451502114,5.99146454710798,FALSE,"OK"
7,500,0.1,0.5,"DML-IVQR",-1.6,7.64733620725332,5.99146454710798,FALSE,"OK"
7,500,0.1,0.5,"DML-IVQR",-1.4,6.47328853448381,5.99146454710798,FALSE,"OK"
7,500,0.1,0.5,"DML-IVQR",-1.2,5.65541583182058,5.99146454710798,TRUE,"OK"
7,500,0.1,0.5,"DML-IVQR",-1,4.01132336909204,5.99146454710798,TRUE,"OK"
7,500,0.1,0.5,"DML-IVQR",-0.8,4.17703055045828,5.99146454710798,TRUE,"OK"
7,500,0.1,0.5,"DML-IVQR",-0.6,2.55366519031337,5.99146454710798,TRUE,"OK"
7,500,0.1,0.5,"DML-IVQR",-0.4,3.1783072250975,5.99146454710798,TRUE,"OK"
7,500,0.1,0.5,"DML-IVQR",-0.2,2.585801311192,5.99146454710798,TRUE,"OK"
7,500,0.1,0.5,"DML-IVQR",0,4.53759610555663,5.99146454710798,TRUE,"OK"
7,500,0.1,0.5,"DML-IVQR",0.2,1.95563735366274,5.99146454710798,TRUE,"OK"
7,500,0.1,0.5,"DML-IVQR",0.4,0.507845297765325,5.99146454710798,TRUE,"OK"
7,500,0.1,0.5,"DML-IVQR",0.6,0.461901214693589,5.99146454710798,TRUE,"OK"
7,500,0.1,0.5,"DML-IVQR",0.8,0.0195855236679024,5.99146454710798,TRUE,"OK"
7,500,0.1,0.5,"DML-IVQR",1,1.11451775713499,5.99146454710798,TRUE,"OK"
7,500,0.1,0.5,"DML-IVQR",1.2,2.22122050877258,5.99146454710798,TRUE,"OK"
7,500,0.1,0.5,"DML-IVQR",1.4,1.06416322685926,5.99146454710798,TRUE,"OK"
7,500,0.1,0.5,"DML-IVQR",1.6,2.07957111099708,5.99146454710798,TRUE,"OK"
7,500,0.1,0.5,"DML-IVQR",1.8,1.40770502247846,5.99146454710798,TRUE,"OK"
7,500,0.1,0.5,"DML-IVQR",2,1.43870146269215,5.99146454710798,TRUE,"OK"
7,500,0.1,0.5,"DML-IVQR",2.2,1.09129715059439,5.99146454710798,TRUE,"OK"
7,500,0.1,0.5,"DML-IVQR",2.4,0.243931913472339,5.99146454710798,TRUE,"OK"
7,500,0.1,0.5,"DML-IVQR",2.6,0.114039799313355,5.99146454710798,TRUE,"OK"
7,500,0.1,0.5,"DML-IVQR",2.8,1.30758165754168,5.99146454710798,TRUE,"OK"
7,500,0.1,0.5,"DML-IVQR",3,1.2555012845023,5.99146454710798,TRUE,"OK"
7,500,0.1,0.5,"DML-IVQR",3.2,4.26176809506042,5.99146454710798,TRUE,"OK"
7,500,0.1,0.5,"DML-IVQR",3.4,3.03436005597249,5.99146454710798,TRUE,"OK"
7,500,0.1,0.5,"DML-IVQR",3.6,4.68576779620845,5.99146454710798,TRUE,"OK"
7,500,0.1,0.5,"DML-IVQR",3.8,4.97542959965894,5.99146454710798,TRUE,"OK"
7,500,0.1,0.5,"DML-IVQR",4,3.13355173438601,5.99146454710798,TRUE,"OK"
7,500,0.1,0.5,"DML-IVQR",4.2,2.27479359567848,5.99146454710798,TRUE,"OK"
7,500,0.1,0.5,"DML-IVQR",4.4,2.56529003388585,5.99146454710798,TRUE,"OK"
7,500,0.1,0.5,"DML-IVQR",4.6,2.4917080668867,5.99146454710798,TRUE,"OK"
7,500,0.1,0.5,"DML-IVQR",4.8,2.75640714762234,5.99146454710798,TRUE,"OK"
7,500,0.1,0.5,"DML-IVQR",5,2.84187263310286,5.99146454710798,TRUE,"OK"
7,500,0.1,0.9,"Oracle-GMM",-3,6.46225328380671,5.99146454710798,FALSE,"OK"
7,500,0.1,0.9,"Oracle-GMM",-2.8,5.50977813265792,5.99146454710798,TRUE,"OK"
7,500,0.1,0.9,"Oracle-GMM",-2.6,5.57654860088406,5.99146454710798,TRUE,"OK"
7,500,0.1,0.9,"Oracle-GMM",-2.4,5.52228079162442,5.99146454710798,TRUE,"OK"
7,500,0.1,0.9,"Oracle-GMM",-2.2,5.43837709413018,5.99146454710798,TRUE,"OK"
7,500,0.1,0.9,"Oracle-GMM",-2,5.11175329896098,5.99146454710798,TRUE,"OK"
7,500,0.1,0.9,"Oracle-GMM",-1.8,7.95843526369241,5.99146454710798,FALSE,"OK"
7,500,0.1,0.9,"Oracle-GMM",-1.6,5.15657040447747,5.99146454710798,TRUE,"OK"
7,500,0.1,0.9,"Oracle-GMM",-1.4,7.2795673946177,5.99146454710798,FALSE,"OK"
7,500,0.1,0.9,"Oracle-GMM",-1.2,6.21229964370766,5.99146454710798,FALSE,"OK"
7,500,0.1,0.9,"Oracle-GMM",-1,3.54304249717566,5.99146454710798,TRUE,"OK"
7,500,0.1,0.9,"Oracle-GMM",-0.8,5.72356556052461,5.99146454710798,TRUE,"OK"
7,500,0.1,0.9,"Oracle-GMM",-0.6,4.61641512795513,5.99146454710798,TRUE,"OK"
7,500,0.1,0.9,"Oracle-GMM",-0.4,5.19467376994232,5.99146454710798,TRUE,"OK"
7,500,0.1,0.9,"Oracle-GMM",-0.2,5.058965495077,5.99146454710798,TRUE,"OK"
7,500,0.1,0.9,"Oracle-GMM",0,4.87455395665728,5.99146454710798,TRUE,"OK"
7,500,0.1,0.9,"Oracle-GMM",0.2,4.9089732864016,5.99146454710798,TRUE,"OK"
7,500,0.1,0.9,"Oracle-GMM",0.4,4.50292673765623,5.99146454710798,TRUE,"OK"
7,500,0.1,0.9,"Oracle-GMM",0.6,4.57950879721636,5.99146454710798,TRUE,"OK"
7,500,0.1,0.9,"Oracle-GMM",0.8,4.75380525290125,5.99146454710798,TRUE,"OK"
7,500,0.1,0.9,"Oracle-GMM",1,5.72244901084537,5.99146454710798,TRUE,"OK"
7,500,0.1,0.9,"Oracle-GMM",1.2,3.64263129148336,5.99146454710798,TRUE,"OK"
7,500,0.1,0.9,"Oracle-GMM",1.4,3.26481655886771,5.99146454710798,TRUE,"OK"
7,500,0.1,0.9,"Oracle-GMM",1.6,2.04364372738607,5.99146454710798,TRUE,"OK"
7,500,0.1,0.9,"Oracle-GMM",1.8,5.23964551107317,5.99146454710798,TRUE,"OK"
7,500,0.1,0.9,"Oracle-GMM",2,5.38625685229658,5.99146454710798,TRUE,"OK"
7,500,0.1,0.9,"Oracle-GMM",2.2,8.76354847375279,5.99146454710798,FALSE,"OK"
7,500,0.1,0.9,"Oracle-GMM",2.4,9.11353262076929,5.99146454710798,FALSE,"OK"
7,500,0.1,0.9,"Oracle-GMM",2.6,6.30001424101368,5.99146454710798,FALSE,"OK"
7,500,0.1,0.9,"Oracle-GMM",2.8,3.16146410064315,5.99146454710798,TRUE,"OK"
7,500,0.1,0.9,"Oracle-GMM",3,1.19652792570298,5.99146454710798,TRUE,"OK"
7,500,0.1,0.9,"Oracle-GMM",3.2,6.42105097151921,5.99146454710798,FALSE,"OK"
7,500,0.1,0.9,"Oracle-GMM",3.4,4.67802235861596,5.99146454710798,TRUE,"OK"
7,500,0.1,0.9,"Oracle-GMM",3.6,2.12635299897075,5.99146454710798,TRUE,"OK"
7,500,0.1,0.9,"Oracle-GMM",3.8,1.4998540709222,5.99146454710798,TRUE,"OK"
7,500,0.1,0.9,"Oracle-GMM",4,0.720333037239883,5.99146454710798,TRUE,"OK"
7,500,0.1,0.9,"Oracle-GMM",4.2,0.610351429730515,5.99146454710798,TRUE,"OK"
7,500,0.1,0.9,"Oracle-GMM",4.4,2.32024961375464,5.99146454710798,TRUE,"OK"
7,500,0.1,0.9,"Oracle-GMM",4.6,0.501826983549341,5.99146454710798,TRUE,"OK"
7,500,0.1,0.9,"Oracle-GMM",4.8,2.49160201118382,5.99146454710798,TRUE,"OK"
7,500,0.1,0.9,"Oracle-GMM",5,1.72905154238548,5.99146454710798,TRUE,"OK"
7,500,0.1,0.9,"Full-GMM",-3,0.0539563699871675,5.99146454710798,TRUE,"OK"
7,500,0.1,0.9,"Full-GMM",-2.8,2.54579473788865,5.99146454710798,TRUE,"OK"
7,500,0.1,0.9,"Full-GMM",-2.6,4.80923533901066,5.99146454710798,TRUE,"OK"
7,500,0.1,0.9,"Full-GMM",-2.4,2.19102494583228,5.99146454710798,TRUE,"OK"
7,500,0.1,0.9,"Full-GMM",-2.2,2.82101738783687,5.99146454710798,TRUE,"OK"
7,500,0.1,0.9,"Full-GMM",-2,1.78136412057826,5.99146454710798,TRUE,"OK"
7,500,0.1,0.9,"Full-GMM",-1.8,0.891754227826741,5.99146454710798,TRUE,"OK"
7,500,0.1,0.9,"Full-GMM",-1.6,0.752383964074976,5.99146454710798,TRUE,"OK"
7,500,0.1,0.9,"Full-GMM",-1.4,3.37676452415916,5.99146454710798,TRUE,"OK"
7,500,0.1,0.9,"Full-GMM",-1.2,0.0900606007270752,5.99146454710798,TRUE,"OK"
7,500,0.1,0.9,"Full-GMM",-1,4.47749991039267,5.99146454710798,TRUE,"OK"
7,500,0.1,0.9,"Full-GMM",-0.8,5.04756448178548,5.99146454710798,TRUE,"OK"
7,500,0.1,0.9,"Full-GMM",-0.6,0.261130018766781,5.99146454710798,TRUE,"OK"
7,500,0.1,0.9,"Full-GMM",-0.4,0.745871009632338,5.99146454710798,TRUE,"OK"
7,500,0.1,0.9,"Full-GMM",-0.2,3.0770088869352,5.99146454710798,TRUE,"OK"
7,500,0.1,0.9,"Full-GMM",0,2.03605783732278,5.99146454710798,TRUE,"OK"
7,500,0.1,0.9,"Full-GMM",0.2,1.35627035846654,5.99146454710798,TRUE,"OK"
7,500,0.1,0.9,"Full-GMM",0.4,0.0180792796611671,5.99146454710798,TRUE,"OK"
7,500,0.1,0.9,"Full-GMM",0.6,2.23305232480655,5.99146454710798,TRUE,"OK"
7,500,0.1,0.9,"Full-GMM",0.8,2.35915754010893,5.99146454710798,TRUE,"OK"
7,500,0.1,0.9,"Full-GMM",1,0.0618789012469466,5.99146454710798,TRUE,"OK"
7,500,0.1,0.9,"Full-GMM",1.2,2.34042475096445,5.99146454710798,TRUE,"OK"
7,500,0.1,0.9,"Full-GMM",1.4,2.04502100032744,5.99146454710798,TRUE,"OK"
7,500,0.1,0.9,"Full-GMM",1.6,2.96594379496398,5.99146454710798,TRUE,"OK"
7,500,0.1,0.9,"Full-GMM",1.8,3.19664737995866,5.99146454710798,TRUE,"OK"
7,500,0.1,0.9,"Full-GMM",2,5.69547128260904,5.99146454710798,TRUE,"OK"
7,500,0.1,0.9,"Full-GMM",2.2,3.4056419504378,5.99146454710798,TRUE,"OK"
7,500,0.1,0.9,"Full-GMM",2.4,1.15509197819484,5.99146454710798,TRUE,"OK"
7,500,0.1,0.9,"Full-GMM",2.6,0.521165430633991,5.99146454710798,TRUE,"OK"
7,500,0.1,0.9,"Full-GMM",2.8,1.22176389498553,5.99146454710798,TRUE,"OK"
7,500,0.1,0.9,"Full-GMM",3,0.784751756208288,5.99146454710798,TRUE,"OK"
7,500,0.1,0.9,"Full-GMM",3.2,0.347815038114041,5.99146454710798,TRUE,"OK"
7,500,0.1,0.9,"Full-GMM",3.4,1.83574964400098,5.99146454710798,TRUE,"OK"
7,500,0.1,0.9,"Full-GMM",3.6,1.0838011220458,5.99146454710798,TRUE,"OK"
7,500,0.1,0.9,"Full-GMM",3.8,0.445800989247394,5.99146454710798,TRUE,"OK"
7,500,0.1,0.9,"Full-GMM",4,0.363665051666411,5.99146454710798,TRUE,"OK"
7,500,0.1,0.9,"Full-GMM",4.2,0.0530561230759918,5.99146454710798,TRUE,"OK"
7,500,0.1,0.9,"Full-GMM",4.4,5.7227637223133,5.99146454710798,TRUE,"OK"
7,500,0.1,0.9,"Full-GMM",4.6,0.537256632987858,5.99146454710798,TRUE,"OK"
7,500,0.1,0.9,"Full-GMM",4.8,3.20200129817723,5.99146454710798,TRUE,"OK"
7,500,0.1,0.9,"Full-GMM",5,0.373372090349242,5.99146454710798,TRUE,"OK"
7,500,0.1,0.9,"DML-IVQR",-3,8.5555267305806,5.99146454710798,FALSE,"OK"
7,500,0.1,0.9,"DML-IVQR",-2.8,7.84114193850502,5.99146454710798,FALSE,"OK"
7,500,0.1,0.9,"DML-IVQR",-2.6,8.76518303831818,5.99146454710798,FALSE,"OK"
7,500,0.1,0.9,"DML-IVQR",-2.4,7.72868337102785,5.99146454710798,FALSE,"OK"
7,500,0.1,0.9,"DML-IVQR",-2.2,8.30657387840516,5.99146454710798,FALSE,"OK"
7,500,0.1,0.9,"DML-IVQR",-2,5.89626018317016,5.99146454710798,TRUE,"OK"
7,500,0.1,0.9,"DML-IVQR",-1.8,8.72054709613148,5.99146454710798,FALSE,"OK"
7,500,0.1,0.9,"DML-IVQR",-1.6,7.1460449532139,5.99146454710798,FALSE,"OK"
7,500,0.1,0.9,"DML-IVQR",-1.4,7.15287647332733,5.99146454710798,FALSE,"OK"
7,500,0.1,0.9,"DML-IVQR",-1.2,5.65610641530362,5.99146454710798,TRUE,"OK"
7,500,0.1,0.9,"DML-IVQR",-1,4.23749018125484,5.99146454710798,TRUE,"OK"
7,500,0.1,0.9,"DML-IVQR",-0.8,4.92460236574083,5.99146454710798,TRUE,"OK"
7,500,0.1,0.9,"DML-IVQR",-0.6,4.48071132186897,5.99146454710798,TRUE,"OK"
7,500,0.1,0.9,"DML-IVQR",-0.4,6.83394785158327,5.99146454710798,FALSE,"OK"
7,500,0.1,0.9,"DML-IVQR",-0.2,7.35073852497187,5.99146454710798,FALSE,"OK"
7,500,0.1,0.9,"DML-IVQR",0,5.66098371900177,5.99146454710798,TRUE,"OK"
7,500,0.1,0.9,"DML-IVQR",0.2,5.596560677848,5.99146454710798,TRUE,"OK"
7,500,0.1,0.9,"DML-IVQR",0.4,4.96171843999462,5.99146454710798,TRUE,"OK"
7,500,0.1,0.9,"DML-IVQR",0.6,4.56214998331453,5.99146454710798,TRUE,"OK"
7,500,0.1,0.9,"DML-IVQR",0.8,4.72158347320137,5.99146454710798,TRUE,"OK"
7,500,0.1,0.9,"DML-IVQR",1,4.7017805433922,5.99146454710798,TRUE,"OK"
7,500,0.1,0.9,"DML-IVQR",1.2,2.1350045779415,5.99146454710798,TRUE,"OK"
7,500,0.1,0.9,"DML-IVQR",1.4,2.94959795466862,5.99146454710798,TRUE,"OK"
7,500,0.1,0.9,"DML-IVQR",1.6,4.62035483322877,5.99146454710798,TRUE,"OK"
7,500,0.1,0.9,"DML-IVQR",1.8,7.06468921189967,5.99146454710798,FALSE,"OK"
7,500,0.1,0.9,"DML-IVQR",2,5.24324738398797,5.99146454710798,TRUE,"OK"
7,500,0.1,0.9,"DML-IVQR",2.2,6.98278060642515,5.99146454710798,FALSE,"OK"
7,500,0.1,0.9,"DML-IVQR",2.4,8.41545443131569,5.99146454710798,FALSE,"OK"
7,500,0.1,0.9,"DML-IVQR",2.6,3.95185262119442,5.99146454710798,TRUE,"OK"
7,500,0.1,0.9,"DML-IVQR",2.8,0.320030018522275,5.99146454710798,TRUE,"OK"
7,500,0.1,0.9,"DML-IVQR",3,0.746620363401005,5.99146454710798,TRUE,"OK"
7,500,0.1,0.9,"DML-IVQR",3.2,0.0111855460688212,5.99146454710798,TRUE,"OK"
7,500,0.1,0.9,"DML-IVQR",3.4,0.180571372221817,5.99146454710798,TRUE,"OK"
7,500,0.1,0.9,"DML-IVQR",3.6,0.602196620327536,5.99146454710798,TRUE,"OK"
7,500,0.1,0.9,"DML-IVQR",3.8,1.46196503505588,5.99146454710798,TRUE,"OK"
7,500,0.1,0.9,"DML-IVQR",4,1.3304543572946,5.99146454710798,TRUE,"OK"
7,500,0.1,0.9,"DML-IVQR",4.2,0.995263493926881,5.99146454710798,TRUE,"OK"
7,500,0.1,0.9,"DML-IVQR",4.4,0.919748233815707,5.99146454710798,TRUE,"OK"
7,500,0.1,0.9,"DML-IVQR",4.6,0.830887399392605,5.99146454710798,TRUE,"OK"
7,500,0.1,0.9,"DML-IVQR",4.8,0.704779104206788,5.99146454710798,TRUE,"OK"
7,500,0.1,0.9,"DML-IVQR",5,0.641116808739877,5.99146454710798,TRUE,"OK"
8,500,0.1,0.1,"Oracle-GMM",-3,0.3607639430481,5.99146454710798,TRUE,"OK"
8,500,0.1,0.1,"Oracle-GMM",-2.8,0.140566627505988,5.99146454710798,TRUE,"OK"
8,500,0.1,0.1,"Oracle-GMM",-2.6,0.199042240039586,5.99146454710798,TRUE,"OK"
8,500,0.1,0.1,"Oracle-GMM",-2.4,0.951367722766049,5.99146454710798,TRUE,"OK"
8,500,0.1,0.1,"Oracle-GMM",-2.2,0.107151113516247,5.99146454710798,TRUE,"OK"
8,500,0.1,0.1,"Oracle-GMM",-2,0.174330178518306,5.99146454710798,TRUE,"OK"
8,500,0.1,0.1,"Oracle-GMM",-1.8,0.557490486333636,5.99146454710798,TRUE,"OK"
8,500,0.1,0.1,"Oracle-GMM",-1.6,0.333093119400082,5.99146454710798,TRUE,"OK"
8,500,0.1,0.1,"Oracle-GMM",-1.4,0.803102073717778,5.99146454710798,TRUE,"OK"
8,500,0.1,0.1,"Oracle-GMM",-1.2,0.290062269733774,5.99146454710798,TRUE,"OK"
8,500,0.1,0.1,"Oracle-GMM",-1,1.80927792184688,5.99146454710798,TRUE,"OK"
8,500,0.1,0.1,"Oracle-GMM",-0.8,4.59781748442227,5.99146454710798,TRUE,"OK"
8,500,0.1,0.1,"Oracle-GMM",-0.6,4.71773433460899,5.99146454710798,TRUE,"OK"
8,500,0.1,0.1,"Oracle-GMM",-0.4,2.97404154303646,5.99146454710798,TRUE,"OK"
8,500,0.1,0.1,"Oracle-GMM",-0.2,0.209532473331485,5.99146454710798,TRUE,"OK"
8,500,0.1,0.1,"Oracle-GMM",0,0.0388322327775332,5.99146454710798,TRUE,"OK"
8,500,0.1,0.1,"Oracle-GMM",0.2,1.02477213689993,5.99146454710798,TRUE,"OK"
8,500,0.1,0.1,"Oracle-GMM",0.4,0.595335104330653,5.99146454710798,TRUE,"OK"
8,500,0.1,0.1,"Oracle-GMM",0.6,0.271696389286929,5.99146454710798,TRUE,"OK"
8,500,0.1,0.1,"Oracle-GMM",0.8,0.55117867700553,5.99146454710798,TRUE,"OK"
8,500,0.1,0.1,"Oracle-GMM",1,0.916998264045709,5.99146454710798,TRUE,"OK"
8,500,0.1,0.1,"Oracle-GMM",1.2,0.867958263352822,5.99146454710798,TRUE,"OK"
8,500,0.1,0.1,"Oracle-GMM",1.4,1.11074781547872,5.99146454710798,TRUE,"OK"
8,500,0.1,0.1,"Oracle-GMM",1.6,1.36287130444964,5.99146454710798,TRUE,"OK"
8,500,0.1,0.1,"Oracle-GMM",1.8,1.5324280843738,5.99146454710798,TRUE,"OK"
8,500,0.1,0.1,"Oracle-GMM",2,2.4680260043806,5.99146454710798,TRUE,"OK"
8,500,0.1,0.1,"Oracle-GMM",2.2,2.83027756126178,5.99146454710798,TRUE,"OK"
8,500,0.1,0.1,"Oracle-GMM",2.4,3.82011648591334,5.99146454710798,TRUE,"OK"
8,500,0.1,0.1,"Oracle-GMM",2.6,2.37664030353965,5.99146454710798,TRUE,"OK"
8,500,0.1,0.1,"Oracle-GMM",2.8,1.11815742723888,5.99146454710798,TRUE,"OK"
8,500,0.1,0.1,"Oracle-GMM",3,0.263052515601007,5.99146454710798,TRUE,"OK"
8,500,0.1,0.1,"Oracle-GMM",3.2,0.435288670040562,5.99146454710798,TRUE,"OK"
8,500,0.1,0.1,"Oracle-GMM",3.4,1.08000194387295,5.99146454710798,TRUE,"OK"
8,500,0.1,0.1,"Oracle-GMM",3.6,0.227571651601749,5.99146454710798,TRUE,"OK"
8,500,0.1,0.1,"Oracle-GMM",3.8,0.202994540718568,5.99146454710798,TRUE,"OK"
8,500,0.1,0.1,"Oracle-GMM",4,0.106692650523656,5.99146454710798,TRUE,"OK"
8,500,0.1,0.1,"Oracle-GMM",4.2,0.395963540045926,5.99146454710798,TRUE,"OK"
8,500,0.1,0.1,"Oracle-GMM",4.4,0.545420877543563,5.99146454710798,TRUE,"OK"
8,500,0.1,0.1,"Oracle-GMM",4.6,0.431923290492223,5.99146454710798,TRUE,"OK"
8,500,0.1,0.1,"Oracle-GMM",4.8,0.781064025039342,5.99146454710798,TRUE,"OK"
8,500,0.1,0.1,"Oracle-GMM",5,0.455864267238001,5.99146454710798,TRUE,"OK"
8,500,0.1,0.1,"Full-GMM",-3,2.33107666086599,5.99146454710798,TRUE,"OK"
8,500,0.1,0.1,"Full-GMM",-2.8,1.39460956511533,5.99146454710798,TRUE,"OK"
8,500,0.1,0.1,"Full-GMM",-2.6,5.15991229553888,5.99146454710798,TRUE,"OK"
8,500,0.1,0.1,"Full-GMM",-2.4,1.2596698466607,5.99146454710798,TRUE,"OK"
8,500,0.1,0.1,"Full-GMM",-2.2,0.210587830058402,5.99146454710798,TRUE,"OK"
8,500,0.1,0.1,"Full-GMM",-2,2.72401203720004,5.99146454710798,TRUE,"OK"
8,500,0.1,0.1,"Full-GMM",-1.8,1.96841336673221,5.99146454710798,TRUE,"OK"
8,500,0.1,0.1,"Full-GMM",-1.6,3.10738849524924,5.99146454710798,TRUE,"OK"
8,500,0.1,0.1,"Full-GMM",-1.4,3.08599709365263,5.99146454710798,TRUE,"OK"
8,500,0.1,0.1,"Full-GMM",-1.2,0.363877214880485,5.99146454710798,TRUE,"OK"
8,500,0.1,0.1,"Full-GMM",-1,0.0791766594460044,5.99146454710798,TRUE,"OK"
8,500,0.1,0.1,"Full-GMM",-0.8,1.57466884357145,5.99146454710798,TRUE,"OK"
8,500,0.1,0.1,"Full-GMM",-0.6,3.93301079584519,5.99146454710798,TRUE,"OK"
8,500,0.1,0.1,"Full-GMM",-0.4,0.902114257130531,5.99146454710798,TRUE,"OK"
8,500,0.1,0.1,"Full-GMM",-0.2,1.51315041990839,5.99146454710798,TRUE,"OK"
8,500,0.1,0.1,"Full-GMM",0,2.11046667320882,5.99146454710798,TRUE,"OK"
8,500,0.1,0.1,"Full-GMM",0.2,0.73430101469294,5.99146454710798,TRUE,"OK"
8,500,0.1,0.1,"Full-GMM",0.4,0.483214259850227,5.99146454710798,TRUE,"OK"
8,500,0.1,0.1,"Full-GMM",0.6,1.51906684399315,5.99146454710798,TRUE,"OK"
8,500,0.1,0.1,"Full-GMM",0.8,1.75135831146506,5.99146454710798,TRUE,"OK"
8,500,0.1,0.1,"Full-GMM",1,0.112157441580171,5.99146454710798,TRUE,"OK"
8,500,0.1,0.1,"Full-GMM",1.2,0.0988744539173269,5.99146454710798,TRUE,"OK"
8,500,0.1,0.1,"Full-GMM",1.4,0.945063584305029,5.99146454710798,TRUE,"OK"
8,500,0.1,0.1,"Full-GMM",1.6,0.671699504241408,5.99146454710798,TRUE,"OK"
8,500,0.1,0.1,"Full-GMM",1.8,2.33304916163667,5.99146454710798,TRUE,"OK"
8,500,0.1,0.1,"Full-GMM",2,1.2462372693395,5.99146454710798,TRUE,"OK"
8,500,0.1,0.1,"Full-GMM",2.2,0.0375012777093407,5.99146454710798,TRUE,"OK"
8,500,0.1,0.1,"Full-GMM",2.4,1.32966072131043,5.99146454710798,TRUE,"OK"
8,500,0.1,0.1,"Full-GMM",2.6,4.68526308973784,5.99146454710798,TRUE,"OK"
8,500,0.1,0.1,"Full-GMM",2.8,3.47191354371161,5.99146454710798,TRUE,"OK"
8,500,0.1,0.1,"Full-GMM",3,4.34444345177796,5.99146454710798,TRUE,"OK"
8,500,0.1,0.1,"Full-GMM",3.2,1.84336071451283,5.99146454710798,TRUE,"OK"
8,500,0.1,0.1,"Full-GMM",3.4,0.863438835939017,5.99146454710798,TRUE,"OK"
8,500,0.1,0.1,"Full-GMM",3.6,1.0437377161706,5.99146454710798,TRUE,"OK"
8,500,0.1,0.1,"Full-GMM",3.8,1.409699333731,5.99146454710798,TRUE,"OK"
8,500,0.1,0.1,"Full-GMM",4,0.177014660855718,5.99146454710798,TRUE,"OK"
8,500,0.1,0.1,"Full-GMM",4.2,0.709147283879984,5.99146454710798,TRUE,"OK"
8,500,0.1,0.1,"Full-GMM",4.4,3.56579573849016,5.99146454710798,TRUE,"OK"
8,500,0.1,0.1,"Full-GMM",4.6,1.64945239956541,5.99146454710798,TRUE,"OK"
8,500,0.1,0.1,"Full-GMM",4.8,0.311559977661382,5.99146454710798,TRUE,"OK"
8,500,0.1,0.1,"Full-GMM",5,0.354554615449944,5.99146454710798,TRUE,"OK"
8,500,0.1,0.1,"DML-IVQR",-3,6.65218898995846,5.99146454710798,FALSE,"OK"
8,500,0.1,0.1,"DML-IVQR",-2.8,4.91871381154666,5.99146454710798,TRUE,"OK"
8,500,0.1,0.1,"DML-IVQR",-2.6,1.96861143663538,5.99146454710798,TRUE,"OK"
8,500,0.1,0.1,"DML-IVQR",-2.4,1.97893389408703,5.99146454710798,TRUE,"OK"
8,500,0.1,0.1,"DML-IVQR",-2.2,2.21622337653467,5.99146454710798,TRUE,"OK"
8,500,0.1,0.1,"DML-IVQR",-2,2.19577078622403,5.99146454710798,TRUE,"OK"
8,500,0.1,0.1,"DML-IVQR",-1.8,3.09594975840644,5.99146454710798,TRUE,"OK"
8,500,0.1,0.1,"DML-IVQR",-1.6,2.43660217129881,5.99146454710798,TRUE,"OK"
8,500,0.1,0.1,"DML-IVQR",-1.4,1.06590021756897,5.99146454710798,TRUE,"OK"
8,500,0.1,0.1,"DML-IVQR",-1.2,2.17616384779315,5.99146454710798,TRUE,"OK"
8,500,0.1,0.1,"DML-IVQR",-1,5.04792448598679,5.99146454710798,TRUE,"OK"
8,500,0.1,0.1,"DML-IVQR",-0.8,4.10585670075439,5.99146454710798,TRUE,"OK"
8,500,0.1,0.1,"DML-IVQR",-0.6,6.94810555211791,5.99146454710798,FALSE,"OK"
8,500,0.1,0.1,"DML-IVQR",-0.4,2.8360493365154,5.99146454710798,TRUE,"OK"
8,500,0.1,0.1,"DML-IVQR",-0.2,2.30997586998026,5.99146454710798,TRUE,"OK"
8,500,0.1,0.1,"DML-IVQR",0,4.66460527303646,5.99146454710798,TRUE,"OK"
8,500,0.1,0.1,"DML-IVQR",0.2,5.94768222568705,5.99146454710798,TRUE,"OK"
8,500,0.1,0.1,"DML-IVQR",0.4,3.08620673570813,5.99146454710798,TRUE,"OK"
8,500,0.1,0.1,"DML-IVQR",0.6,0.404507419935439,5.99146454710798,TRUE,"OK"
8,500,0.1,0.1,"DML-IVQR",0.8,0.00844158357925706,5.99146454710798,TRUE,"OK"
8,500,0.1,0.1,"DML-IVQR",1,0.00759544533689045,5.99146454710798,TRUE,"OK"
8,500,0.1,0.1,"DML-IVQR",1.2,0.233533154875862,5.99146454710798,TRUE,"OK"
8,500,0.1,0.1,"DML-IVQR",1.4,1.16263465253701,5.99146454710798,TRUE,"OK"
8,500,0.1,0.1,"DML-IVQR",1.6,0.691859382832929,5.99146454710798,TRUE,"OK"
8,500,0.1,0.1,"DML-IVQR",1.8,0.608477276038936,5.99146454710798,TRUE,"OK"
8,500,0.1,0.1,"DML-IVQR",2,0.791436572472696,5.99146454710798,TRUE,"OK"
8,500,0.1,0.1,"DML-IVQR",2.2,1.52836826096909,5.99146454710798,TRUE,"OK"
8,500,0.1,0.1,"DML-IVQR",2.4,2.81473337158163,5.99146454710798,TRUE,"OK"
8,500,0.1,0.1,"DML-IVQR",2.6,2.36082759393024,5.99146454710798,TRUE,"OK"
8,500,0.1,0.1,"DML-IVQR",2.8,1.24841531524234,5.99146454710798,TRUE,"OK"
8,500,0.1,0.1,"DML-IVQR",3,1.01151216919732,5.99146454710798,TRUE,"OK"
8,500,0.1,0.1,"DML-IVQR",3.2,0.646512869761123,5.99146454710798,TRUE,"OK"
8,500,0.1,0.1,"DML-IVQR",3.4,0.85842597975653,5.99146454710798,TRUE,"OK"
8,500,0.1,0.1,"DML-IVQR",3.6,0.758698055867344,5.99146454710798,TRUE,"OK"
8,500,0.1,0.1,"DML-IVQR",3.8,0.636273724692397,5.99146454710798,TRUE,"OK"
8,500,0.1,0.1,"DML-IVQR",4,0.269339060214775,5.99146454710798,TRUE,"OK"
8,500,0.1,0.1,"DML-IVQR",4.2,0.657681828670175,5.99146454710798,TRUE,"OK"
8,500,0.1,0.1,"DML-IVQR",4.4,0.977459173057272,5.99146454710798,TRUE,"OK"
8,500,0.1,0.1,"DML-IVQR",4.6,0.236339324556303,5.99146454710798,TRUE,"OK"
8,500,0.1,0.1,"DML-IVQR",4.8,0.497501729782909,5.99146454710798,TRUE,"OK"
8,500,0.1,0.1,"DML-IVQR",5,0.0507965086737991,5.99146454710798,TRUE,"OK"
8,500,0.1,0.5,"Oracle-GMM",-3,0.152308521990593,5.99146454710798,TRUE,"OK"
8,500,0.1,0.5,"Oracle-GMM",-2.8,0.175685372724974,5.99146454710798,TRUE,"OK"
8,500,0.1,0.5,"Oracle-GMM",-2.6,0.0179076117396944,5.99146454710798,TRUE,"OK"
8,500,0.1,0.5,"Oracle-GMM",-2.4,0.122380385171557,5.99146454710798,TRUE,"OK"
8,500,0.1,0.5,"Oracle-GMM",-2.2,0.0704573729035338,5.99146454710798,TRUE,"OK"
8,500,0.1,0.5,"Oracle-GMM",-2,0.0436971063247648,5.99146454710798,TRUE,"OK"
8,500,0.1,0.5,"Oracle-GMM",-1.8,0.0717580610444702,5.99146454710798,TRUE,"OK"
8,500,0.1,0.5,"Oracle-GMM",-1.6,0.0608228845462502,5.99146454710798,TRUE,"OK"
8,500,0.1,0.5,"Oracle-GMM",-1.4,0.395402244953353,5.99146454710798,TRUE,"OK"
8,500,0.1,0.5,"Oracle-GMM",-1.2,0.261054737230274,5.99146454710798,TRUE,"OK"
8,500,0.1,0.5,"Oracle-GMM",-1,0.707987826476395,5.99146454710798,TRUE,"OK"
8,500,0.1,0.5,"Oracle-GMM",-0.8,0.349807331170523,5.99146454710798,TRUE,"OK"
8,500,0.1,0.5,"Oracle-GMM",-0.6,0.361408272356142,5.99146454710798,TRUE,"OK"
8,500,0.1,0.5,"Oracle-GMM",-0.4,0.23652932268847,5.99146454710798,TRUE,"OK"
8,500,0.1,0.5,"Oracle-GMM",-0.2,0.0722870672209876,5.99146454710798,TRUE,"OK"
8,500,0.1,0.5,"Oracle-GMM",0,0.0464646493165232,5.99146454710798,TRUE,"OK"
8,500,0.1,0.5,"Oracle-GMM",0.2,0.00608077350850186,5.99146454710798,TRUE,"OK"
8,500,0.1,0.5,"Oracle-GMM",0.4,0.0296399710206277,5.99146454710798,TRUE,"OK"
8,500,0.1,0.5,"Oracle-GMM",0.6,0.367573682853771,5.99146454710798,TRUE,"OK"
8,500,0.1,0.5,"Oracle-GMM",0.8,0.101831712913602,5.99146454710798,TRUE,"OK"
8,500,0.1,0.5,"Oracle-GMM",1,0.561753564832514,5.99146454710798,TRUE,"OK"
8,500,0.1,0.5,"Oracle-GMM",1.2,0.866803109462585,5.99146454710798,TRUE,"OK"
8,500,0.1,0.5,"Oracle-GMM",1.4,1.24817663065947,5.99146454710798,TRUE,"OK"
8,500,0.1,0.5,"Oracle-GMM",1.6,1.19093976888204,5.99146454710798,TRUE,"OK"
8,500,0.1,0.5,"Oracle-GMM",1.8,1.76039359753113,5.99146454710798,TRUE,"OK"
8,500,0.1,0.5,"Oracle-GMM",2,0.879920194781408,5.99146454710798,TRUE,"OK"
8,500,0.1,0.5,"Oracle-GMM",2.2,0.482703829722524,5.99146454710798,TRUE,"OK"
8,500,0.1,0.5,"Oracle-GMM",2.4,0.031242744719358,5.99146454710798,TRUE,"OK"
8,500,0.1,0.5,"Oracle-GMM",2.6,0.454616953100109,5.99146454710798,TRUE,"OK"
8,500,0.1,0.5,"Oracle-GMM",2.8,0.0388745192814,5.99146454710798,TRUE,"OK"
8,500,0.1,0.5,"Oracle-GMM",3,0.223679085110633,5.99146454710798,TRUE,"OK"
8,500,0.1,0.5,"Oracle-GMM",3.2,0.218191641355514,5.99146454710798,TRUE,"OK"
8,500,0.1,0.5,"Oracle-GMM",3.4,0.15271113225692,5.99146454710798,TRUE,"OK"
8,500,0.1,0.5,"Oracle-GMM",3.6,0.147699379792958,5.99146454710798,TRUE,"OK"
8,500,0.1,0.5,"Oracle-GMM",3.8,0.276274806238282,5.99146454710798,TRUE,"OK"
8,500,0.1,0.5,"Oracle-GMM",4,0.804683848551442,5.99146454710798,TRUE,"OK"
8,500,0.1,0.5,"Oracle-GMM",4.2,1.07881080729283,5.99146454710798,TRUE,"OK"
8,500,0.1,0.5,"Oracle-GMM",4.4,0.731121193169236,5.99146454710798,TRUE,"OK"
8,500,0.1,0.5,"Oracle-GMM",4.6,1.87737876030838,5.99146454710798,TRUE,"OK"
8,500,0.1,0.5,"Oracle-GMM",4.8,0.682800378035291,5.99146454710798,TRUE,"OK"
8,500,0.1,0.5,"Oracle-GMM",5,0.293419583217937,5.99146454710798,TRUE,"OK"
8,500,0.1,0.5,"Full-GMM",-3,2.22436450137706,5.99146454710798,TRUE,"OK"
8,500,0.1,0.5,"Full-GMM",-2.8,2.51300809683116,5.99146454710798,TRUE,"OK"
8,500,0.1,0.5,"Full-GMM",-2.6,0.636906505205789,5.99146454710798,TRUE,"OK"
8,500,0.1,0.5,"Full-GMM",-2.4,2.90166160434257,5.99146454710798,TRUE,"OK"
8,500,0.1,0.5,"Full-GMM",-2.2,1.2847016001024,5.99146454710798,TRUE,"OK"
8,500,0.1,0.5,"Full-GMM",-2,1.34439391743663,5.99146454710798,TRUE,"OK"
8,500,0.1,0.5,"Full-GMM",-1.8,0.911993063338047,5.99146454710798,TRUE,"OK"
8,500,0.1,0.5,"Full-GMM",-1.6,1.55417596594682,5.99146454710798,TRUE,"OK"
8,500,0.1,0.5,"Full-GMM",-1.4,2.39786416200408,5.99146454710798,TRUE,"OK"
8,500,0.1,0.5,"Full-GMM",-1.2,1.18900034356024,5.99146454710798,TRUE,"OK"
8,500,0.1,0.5,"Full-GMM",-1,0.638332635917769,5.99146454710798,TRUE,"OK"
8,500,0.1,0.5,"Full-GMM",-0.8,0.732616091770919,5.99146454710798,TRUE,"OK"
8,500,0.1,0.5,"Full-GMM",-0.6,0.721909654810728,5.99146454710798,TRUE,"OK"
8,500,0.1,0.5,"Full-GMM",-0.4,1.16122426728935,5.99146454710798,TRUE,"OK"
8,500,0.1,0.5,"Full-GMM",-0.2,0.60836561872742,5.99146454710798,TRUE,"OK"
8,500,0.1,0.5,"Full-GMM",0,1.38828744036249,5.99146454710798,TRUE,"OK"
8,500,0.1,0.5,"Full-GMM",0.2,1.45177312252745,5.99146454710798,TRUE,"OK"
8,500,0.1,0.5,"Full-GMM",0.4,2.85851028989971,5.99146454710798,TRUE,"OK"
8,500,0.1,0.5,"Full-GMM",0.6,1.73499078288633,5.99146454710798,TRUE,"OK"
8,500,0.1,0.5,"Full-GMM",0.8,3.61415689660314,5.99146454710798,TRUE,"OK"
8,500,0.1,0.5,"Full-GMM",1,4.64621141219483,5.99146454710798,TRUE,"OK"
8,500,0.1,0.5,"Full-GMM",1.2,2.15577830883742,5.99146454710798,TRUE,"OK"
8,500,0.1,0.5,"Full-GMM",1.4,2.06345307378376,5.99146454710798,TRUE,"OK"
8,500,0.1,0.5,"Full-GMM",1.6,0.0651381634081026,5.99146454710798,TRUE,"OK"
8,500,0.1,0.5,"Full-GMM",1.8,0.213755246573654,5.99146454710798,TRUE,"OK"
8,500,0.1,0.5,"Full-GMM",2,0.98358272787879,5.99146454710798,TRUE,"OK"
8,500,0.1,0.5,"Full-GMM",2.2,2.95970775052094,5.99146454710798,TRUE,"OK"
8,500,0.1,0.5,"Full-GMM",2.4,2.19607762830872,5.99146454710798,TRUE,"OK"
8,500,0.1,0.5,"Full-GMM",2.6,2.60236240717538,5.99146454710798,TRUE,"OK"
8,500,0.1,0.5,"Full-GMM",2.8,2.07736319479924,5.99146454710798,TRUE,"OK"
8,500,0.1,0.5,"Full-GMM",3,4.57754411802063,5.99146454710798,TRUE,"OK"
8,500,0.1,0.5,"Full-GMM",3.2,1.6407435259065,5.99146454710798,TRUE,"OK"
8,500,0.1,0.5,"Full-GMM",3.4,8.37072063677579,5.99146454710798,FALSE,"OK"
8,500,0.1,0.5,"Full-GMM",3.6,8.93817577252261,5.99146454710798,FALSE,"OK"
8,500,0.1,0.5,"Full-GMM",3.8,4.85798630432473,5.99146454710798,TRUE,"OK"
8,500,0.1,0.5,"Full-GMM",4,4.70333203699308,5.99146454710798,TRUE,"OK"
8,500,0.1,0.5,"Full-GMM",4.2,2.90019649877973,5.99146454710798,TRUE,"OK"
8,500,0.1,0.5,"Full-GMM",4.4,5.72428074410266,5.99146454710798,TRUE,"OK"
8,500,0.1,0.5,"Full-GMM",4.6,3.36902870088718,5.99146454710798,TRUE,"OK"
8,500,0.1,0.5,"Full-GMM",4.8,2.80769082460046,5.99146454710798,TRUE,"OK"
8,500,0.1,0.5,"Full-GMM",5,1.97403309154199,5.99146454710798,TRUE,"OK"
8,500,0.1,0.5,"DML-IVQR",-3,3.21357693129004,5.99146454710798,TRUE,"OK"
8,500,0.1,0.5,"DML-IVQR",-2.8,2.50225791426399,5.99146454710798,TRUE,"OK"
8,500,0.1,0.5,"DML-IVQR",-2.6,2.88138935689252,5.99146454710798,TRUE,"OK"
8,500,0.1,0.5,"DML-IVQR",-2.4,2.73521496849485,5.99146454710798,TRUE,"OK"
8,500,0.1,0.5,"DML-IVQR",-2.2,4.67146402460296,5.99146454710798,TRUE,"OK"
8,500,0.1,0.5,"DML-IVQR",-2,3.84481707264464,5.99146454710798,TRUE,"OK"
8,500,0.1,0.5,"DML-IVQR",-1.8,3.12342140548423,5.99146454710798,TRUE,"OK"
8,500,0.1,0.5,"DML-IVQR",-1.6,1.70406231569373,5.99146454710798,TRUE,"OK"
8,500,0.1,0.5,"DML-IVQR",-1.4,2.21238524370386,5.99146454710798,TRUE,"OK"
8,500,0.1,0.5,"DML-IVQR",-1.2,1.8198541710989,5.99146454710798,TRUE,"OK"
8,500,0.1,0.5,"DML-IVQR",-1,1.70762452204408,5.99146454710798,TRUE,"OK"
8,500,0.1,0.5,"DML-IVQR",-0.8,2.61919816783842,5.99146454710798,TRUE,"OK"
8,500,0.1,0.5,"DML-IVQR",-0.6,1.53599061225249,5.99146454710798,TRUE,"OK"
8,500,0.1,0.5,"DML-IVQR",-0.4,1.0229452762421,5.99146454710798,TRUE,"OK"
8,500,0.1,0.5,"DML-IVQR",-0.2,1.43998168885731,5.99146454710798,TRUE,"OK"
8,500,0.1,0.5,"DML-IVQR",0,0.35319897599791,5.99146454710798,TRUE,"OK"
8,500,0.1,0.5,"DML-IVQR",0.2,1.23836003459992,5.99146454710798,TRUE,"OK"
8,500,0.1,0.5,"DML-IVQR",0.4,5.6570504667653,5.99146454710798,TRUE,"OK"
8,500,0.1,0.5,"DML-IVQR",0.6,1.87032188542897,5.99146454710798,TRUE,"OK"
8,500,0.1,0.5,"DML-IVQR",0.8,1.650849930581,5.99146454710798,TRUE,"OK"
8,500,0.1,0.5,"DML-IVQR",1,1.50498109894558,5.99146454710798,TRUE,"OK"
8,500,0.1,0.5,"DML-IVQR",1.2,2.44098489930065,5.99146454710798,TRUE,"OK"
8,500,0.1,0.5,"DML-IVQR",1.4,2.38715556034051,5.99146454710798,TRUE,"OK"
8,500,0.1,0.5,"DML-IVQR",1.6,2.70577994844671,5.99146454710798,TRUE,"OK"
8,500,0.1,0.5,"DML-IVQR",1.8,1.88598230025375,5.99146454710798,TRUE,"OK"
8,500,0.1,0.5,"DML-IVQR",2,0.679287773116725,5.99146454710798,TRUE,"OK"
8,500,0.1,0.5,"DML-IVQR",2.2,0.773830252207005,5.99146454710798,TRUE,"OK"
8,500,0.1,0.5,"DML-IVQR",2.4,0.786363644732038,5.99146454710798,TRUE,"OK"
8,500,0.1,0.5,"DML-IVQR",2.6,1.51526012003936,5.99146454710798,TRUE,"OK"
8,500,0.1,0.5,"DML-IVQR",2.8,1.49000414038129,5.99146454710798,TRUE,"OK"
8,500,0.1,0.5,"DML-IVQR",3,1.9876577284051,5.99146454710798,TRUE,"OK"
8,500,0.1,0.5,"DML-IVQR",3.2,1.90288355592037,5.99146454710798,TRUE,"OK"
8,500,0.1,0.5,"DML-IVQR",3.4,1.90115692089676,5.99146454710798,TRUE,"OK"
8,500,0.1,0.5,"DML-IVQR",3.6,1.52864029220509,5.99146454710798,TRUE,"OK"
8,500,0.1,0.5,"DML-IVQR",3.8,1.69128482971202,5.99146454710798,TRUE,"OK"
8,500,0.1,0.5,"DML-IVQR",4,2.24031588887233,5.99146454710798,TRUE,"OK"
8,500,0.1,0.5,"DML-IVQR",4.2,2.31669365159816,5.99146454710798,TRUE,"OK"
8,500,0.1,0.5,"DML-IVQR",4.4,2.47004277380767,5.99146454710798,TRUE,"OK"
8,500,0.1,0.5,"DML-IVQR",4.6,2.28594119096318,5.99146454710798,TRUE,"OK"
8,500,0.1,0.5,"DML-IVQR",4.8,2.72186469864878,5.99146454710798,TRUE,"OK"
8,500,0.1,0.5,"DML-IVQR",5,3.51348681481862,5.99146454710798,TRUE,"OK"
8,500,0.1,0.9,"Oracle-GMM",-3,1.57516254352127,5.99146454710798,TRUE,"OK"
8,500,0.1,0.9,"Oracle-GMM",-2.8,1.81661466931555,5.99146454710798,TRUE,"OK"
8,500,0.1,0.9,"Oracle-GMM",-2.6,0.932805755430266,5.99146454710798,TRUE,"OK"
8,500,0.1,0.9,"Oracle-GMM",-2.4,0.92340727400373,5.99146454710798,TRUE,"OK"
8,500,0.1,0.9,"Oracle-GMM",-2.2,1.36461847834893,5.99146454710798,TRUE,"OK"
8,500,0.1,0.9,"Oracle-GMM",-2,1.69175977148294,5.99146454710798,TRUE,"OK"
8,500,0.1,0.9,"Oracle-GMM",-1.8,1.97435679942578,5.99146454710798,TRUE,"OK"
8,500,0.1,0.9,"Oracle-GMM",-1.6,1.88644423811647,5.99146454710798,TRUE,"OK"
8,500,0.1,0.9,"Oracle-GMM",-1.4,1.75212246612679,5.99146454710798,TRUE,"OK"
8,500,0.1,0.9,"Oracle-GMM",-1.2,2.28198414005167,5.99146454710798,TRUE,"OK"
8,500,0.1,0.9,"Oracle-GMM",-1,2.48813138499215,5.99146454710798,TRUE,"OK"
8,500,0.1,0.9,"Oracle-GMM",-0.8,1.70986957097437,5.99146454710798,TRUE,"OK"
8,500,0.1,0.9,"Oracle-GMM",-0.6,2.66970792124633,5.99146454710798,TRUE,"OK"
8,500,0.1,0.9,"Oracle-GMM",-0.4,2.87167949960882,5.99146454710798,TRUE,"OK"
8,500,0.1,0.9,"Oracle-GMM",-0.2,4.78956097858514,5.99146454710798,TRUE,"OK"
8,500,0.1,0.9,"Oracle-GMM",0,1.32389393705479,5.99146454710798,TRUE,"OK"
8,500,0.1,0.9,"Oracle-GMM",0.2,0.810582994606016,5.99146454710798,TRUE,"OK"
8,500,0.1,0.9,"Oracle-GMM",0.4,2.86543384406214,5.99146454710798,TRUE,"OK"
8,500,0.1,0.9,"Oracle-GMM",0.6,0.874534256832177,5.99146454710798,TRUE,"OK"
8,500,0.1,0.9,"Oracle-GMM",0.8,3.54981110086762,5.99146454710798,TRUE,"OK"
8,500,0.1,0.9,"Oracle-GMM",1,2.81023412606456,5.99146454710798,TRUE,"OK"
8,500,0.1,0.9,"Oracle-GMM",1.2,0.892415688525501,5.99146454710798,TRUE,"OK"
8,500,0.1,0.9,"Oracle-GMM",1.4,2.1415985863607,5.99146454710798,TRUE,"OK"
8,500,0.1,0.9,"Oracle-GMM",1.6,0.247855269070881,5.99146454710798,TRUE,"OK"
8,500,0.1,0.9,"Oracle-GMM",1.8,0.675138636709328,5.99146454710798,TRUE,"OK"
8,500,0.1,0.9,"Oracle-GMM",2,0.725166532409533,5.99146454710798,TRUE,"OK"
8,500,0.1,0.9,"Oracle-GMM",2.2,1.16885584390848,5.99146454710798,TRUE,"OK"
8,500,0.1,0.9,"Oracle-GMM",2.4,2.60829296368181,5.99146454710798,TRUE,"OK"
8,500,0.1,0.9,"Oracle-GMM",2.6,1.36650240528206,5.99146454710798,TRUE,"OK"
8,500,0.1,0.9,"Oracle-GMM",2.8,1.27758403317768,5.99146454710798,TRUE,"OK"
8,500,0.1,0.9,"Oracle-GMM",3,1.64175268290046,5.99146454710798,TRUE,"OK"
8,500,0.1,0.9,"Oracle-GMM",3.2,1.48962901430974,5.99146454710798,TRUE,"OK"
8,500,0.1,0.9,"Oracle-GMM",3.4,2.18136843201726,5.99146454710798,TRUE,"OK"
8,500,0.1,0.9,"Oracle-GMM",3.6,0.37419364722991,5.99146454710798,TRUE,"OK"
8,500,0.1,0.9,"Oracle-GMM",3.8,0.150982568250703,5.99146454710798,TRUE,"OK"
8,500,0.1,0.9,"Oracle-GMM",4,0.707664636738496,5.99146454710798,TRUE,"OK"
8,500,0.1,0.9,"Oracle-GMM",4.2,0.360282412192002,5.99146454710798,TRUE,"OK"
8,500,0.1,0.9,"Oracle-GMM",4.4,0.00167914411303174,5.99146454710798,TRUE,"OK"
8,500,0.1,0.9,"Oracle-GMM",4.6,0.0515688044823499,5.99146454710798,TRUE,"OK"
8,500,0.1,0.9,"Oracle-GMM",4.8,0.0833263178346868,5.99146454710798,TRUE,"OK"
8,500,0.1,0.9,"Oracle-GMM",5,0.733477771018229,5.99146454710798,TRUE,"OK"
8,500,0.1,0.9,"Full-GMM",-3,1.96232230603356,5.99146454710798,TRUE,"OK"
8,500,0.1,0.9,"Full-GMM",-2.8,1.44088070323969,5.99146454710798,TRUE,"OK"
8,500,0.1,0.9,"Full-GMM",-2.6,2.22991863872171,5.99146454710798,TRUE,"OK"
8,500,0.1,0.9,"Full-GMM",-2.4,3.21428265275615,5.99146454710798,TRUE,"OK"
8,500,0.1,0.9,"Full-GMM",-2.2,1.50076274764713,5.99146454710798,TRUE,"OK"
8,500,0.1,0.9,"Full-GMM",-2,1.28489803098227,5.99146454710798,TRUE,"OK"
8,500,0.1,0.9,"Full-GMM",-1.8,3.59802923659378,5.99146454710798,TRUE,"OK"
8,500,0.1,0.9,"Full-GMM",-1.6,2.37382420286077,5.99146454710798,TRUE,"OK"
8,500,0.1,0.9,"Full-GMM",-1.4,0.856771392757291,5.99146454710798,TRUE,"OK"
8,500,0.1,0.9,"Full-GMM",-1.2,2.39019401704891,5.99146454710798,TRUE,"OK"
8,500,0.1,0.9,"Full-GMM",-1,1.52456426471386,5.99146454710798,TRUE,"OK"
8,500,0.1,0.9,"Full-GMM",-0.8,5.75351587568367,5.99146454710798,TRUE,"OK"
8,500,0.1,0.9,"Full-GMM",-0.6,1.28718906625573,5.99146454710798,TRUE,"OK"
8,500,0.1,0.9,"Full-GMM",-0.4,0.090178971729936,5.99146454710798,TRUE,"OK"
8,500,0.1,0.9,"Full-GMM",-0.2,0.671996232771723,5.99146454710798,TRUE,"OK"
8,500,0.1,0.9,"Full-GMM",0,1.14505686148206,5.99146454710798,TRUE,"OK"
8,500,0.1,0.9,"Full-GMM",0.2,1.59872278389851,5.99146454710798,TRUE,"OK"
8,500,0.1,0.9,"Full-GMM",0.4,0.783076170176325,5.99146454710798,TRUE,"OK"
8,500,0.1,0.9,"Full-GMM",0.6,1.29451639160188,5.99146454710798,TRUE,"OK"
8,500,0.1,0.9,"Full-GMM",0.8,0.0860176735264092,5.99146454710798,TRUE,"OK"
8,500,0.1,0.9,"Full-GMM",1,0.38343223609714,5.99146454710798,TRUE,"OK"
8,500,0.1,0.9,"Full-GMM",1.2,1.20234359138928,5.99146454710798,TRUE,"OK"
8,500,0.1,0.9,"Full-GMM",1.4,1.77299940493903,5.99146454710798,TRUE,"OK"
8,500,0.1,0.9,"Full-GMM",1.6,0.719023344001807,5.99146454710798,TRUE,"OK"
8,500,0.1,0.9,"Full-GMM",1.8,3.00749499375102,5.99146454710798,TRUE,"OK"
8,500,0.1,0.9,"Full-GMM",2,2.84634843454515,5.99146454710798,TRUE,"OK"
8,500,0.1,0.9,"Full-GMM",2.2,1.8752057808491,5.99146454710798,TRUE,"OK"
8,500,0.1,0.9,"Full-GMM",2.4,0.665242818230415,5.99146454710798,TRUE,"OK"
8,500,0.1,0.9,"Full-GMM",2.6,0.88648461229736,5.99146454710798,TRUE,"OK"
8,500,0.1,0.9,"Full-GMM",2.8,0.636968479170866,5.99146454710798,TRUE,"OK"
8,500,0.1,0.9,"Full-GMM",3,2.7135553348723,5.99146454710798,TRUE,"OK"
8,500,0.1,0.9,"Full-GMM",3.2,0.160441811388194,5.99146454710798,TRUE,"OK"
8,500,0.1,0.9,"Full-GMM",3.4,1.07967497390007,5.99146454710798,TRUE,"OK"
8,500,0.1,0.9,"Full-GMM",3.6,0.836689269421311,5.99146454710798,TRUE,"OK"
8,500,0.1,0.9,"Full-GMM",3.8,2.00618712680331,5.99146454710798,TRUE,"OK"
8,500,0.1,0.9,"Full-GMM",4,2.85555293288386,5.99146454710798,TRUE,"OK"
8,500,0.1,0.9,"Full-GMM",4.2,1.70980971026351,5.99146454710798,TRUE,"OK"
8,500,0.1,0.9,"Full-GMM",4.4,3.93512325657305,5.99146454710798,TRUE,"OK"
8,500,0.1,0.9,"Full-GMM",4.6,1.11942088311354,5.99146454710798,TRUE,"OK"
8,500,0.1,0.9,"Full-GMM",4.8,0.0741428217695349,5.99146454710798,TRUE,"OK"
8,500,0.1,0.9,"Full-GMM",5,1.83226500662958,5.99146454710798,TRUE,"OK"
8,500,0.1,0.9,"DML-IVQR",-3,1.3882539419193,5.99146454710798,TRUE,"OK"
8,500,0.1,0.9,"DML-IVQR",-2.8,3.52776636796173,5.99146454710798,TRUE,"OK"
8,500,0.1,0.9,"DML-IVQR",-2.6,3.04004713859364,5.99146454710798,TRUE,"OK"
8,500,0.1,0.9,"DML-IVQR",-2.4,2.89192885707733,5.99146454710798,TRUE,"OK"
8,500,0.1,0.9,"DML-IVQR",-2.2,2.70763729248853,5.99146454710798,TRUE,"OK"
8,500,0.1,0.9,"DML-IVQR",-2,3.03676599491867,5.99146454710798,TRUE,"OK"
8,500,0.1,0.9,"DML-IVQR",-1.8,2.71961176140241,5.99146454710798,TRUE,"OK"
8,500,0.1,0.9,"DML-IVQR",-1.6,2.13322740342877,5.99146454710798,TRUE,"OK"
8,500,0.1,0.9,"DML-IVQR",-1.4,2.37709074574468,5.99146454710798,TRUE,"OK"
8,500,0.1,0.9,"DML-IVQR",-1.2,1.61554278472935,5.99146454710798,TRUE,"OK"
8,500,0.1,0.9,"DML-IVQR",-1,1.64837097622894,5.99146454710798,TRUE,"OK"
8,500,0.1,0.9,"DML-IVQR",-0.8,0.988707434745212,5.99146454710798,TRUE,"OK"
8,500,0.1,0.9,"DML-IVQR",-0.6,1.57719025131496,5.99146454710798,TRUE,"OK"
8,500,0.1,0.9,"DML-IVQR",-0.4,0.831282308555371,5.99146454710798,TRUE,"OK"
8,500,0.1,0.9,"DML-IVQR",-0.2,3.3553876961105,5.99146454710798,TRUE,"OK"
8,500,0.1,0.9,"DML-IVQR",0,2.40135005921543,5.99146454710798,TRUE,"OK"
8,500,0.1,0.9,"DML-IVQR",0.2,1.11306027785274,5.99146454710798,TRUE,"OK"
8,500,0.1,0.9,"DML-IVQR",0.4,1.5501503374978,5.99146454710798,TRUE,"OK"
8,500,0.1,0.9,"DML-IVQR",0.6,2.97124443500022,5.99146454710798,TRUE,"OK"
8,500,0.1,0.9,"DML-IVQR",0.8,4.20924356164379,5.99146454710798,TRUE,"OK"
8,500,0.1,0.9,"DML-IVQR",1,2.57108913780498,5.99146454710798,TRUE,"OK"
8,500,0.1,0.9,"DML-IVQR",1.2,2.01017379149944,5.99146454710798,TRUE,"OK"
8,500,0.1,0.9,"DML-IVQR",1.4,0.1075485336873,5.99146454710798,TRUE,"OK"
8,500,0.1,0.9,"DML-IVQR",1.6,0.963957129455774,5.99146454710798,TRUE,"OK"
8,500,0.1,0.9,"DML-IVQR",1.8,1.55597045574209,5.99146454710798,TRUE,"OK"
8,500,0.1,0.9,"DML-IVQR",2,0.603002323605104,5.99146454710798,TRUE,"OK"
8,500,0.1,0.9,"DML-IVQR",2.2,1.31163592952292,5.99146454710798,TRUE,"OK"
8,500,0.1,0.9,"DML-IVQR",2.4,4.91849550967504,5.99146454710798,TRUE,"OK"
8,500,0.1,0.9,"DML-IVQR",2.6,1.36725534465363,5.99146454710798,TRUE,"OK"
8,500,0.1,0.9,"DML-IVQR",2.8,0.705129065514071,5.99146454710798,TRUE,"OK"
8,500,0.1,0.9,"DML-IVQR",3,2.23580849159855,5.99146454710798,TRUE,"OK"
8,500,0.1,0.9,"DML-IVQR",3.2,0.806709372653083,5.99146454710798,TRUE,"OK"
8,500,0.1,0.9,"DML-IVQR",3.4,0.0834990087376851,5.99146454710798,TRUE,"OK"
8,500,0.1,0.9,"DML-IVQR",3.6,0.0704072233050149,5.99146454710798,TRUE,"OK"
8,500,0.1,0.9,"DML-IVQR",3.8,0.425704146021936,5.99146454710798,TRUE,"OK"
8,500,0.1,0.9,"DML-IVQR",4,0.222210745802059,5.99146454710798,TRUE,"OK"
8,500,0.1,0.9,"DML-IVQR",4.2,0.0571403682350046,5.99146454710798,TRUE,"OK"
8,500,0.1,0.9,"DML-IVQR",4.4,0.178056852400073,5.99146454710798,TRUE,"OK"
8,500,0.1,0.9,"DML-IVQR",4.6,0.434096398959072,5.99146454710798,TRUE,"OK"
8,500,0.1,0.9,"DML-IVQR",4.8,0.526434746989607,5.99146454710798,TRUE,"OK"
8,500,0.1,0.9,"DML-IVQR",5,0.635700057788058,5.99146454710798,TRUE,"OK"
9,500,0.1,0.1,"Oracle-GMM",-3,4.19128283380148,5.99146454710798,TRUE,"OK"
9,500,0.1,0.1,"Oracle-GMM",-2.8,3.7530727855868,5.99146454710798,TRUE,"OK"
9,500,0.1,0.1,"Oracle-GMM",-2.6,2.73066932786024,5.99146454710798,TRUE,"OK"
9,500,0.1,0.1,"Oracle-GMM",-2.4,3.6150924908278,5.99146454710798,TRUE,"OK"
9,500,0.1,0.1,"Oracle-GMM",-2.2,3.83042958640147,5.99146454710798,TRUE,"OK"
9,500,0.1,0.1,"Oracle-GMM",-2,3.35750518438715,5.99146454710798,TRUE,"OK"
9,500,0.1,0.1,"Oracle-GMM",-1.8,5.62753075983044,5.99146454710798,TRUE,"OK"
9,500,0.1,0.1,"Oracle-GMM",-1.6,4.73423927044684,5.99146454710798,TRUE,"OK"
9,500,0.1,0.1,"Oracle-GMM",-1.4,9.13806848437649,5.99146454710798,FALSE,"OK"
9,500,0.1,0.1,"Oracle-GMM",-1.2,6.34293787939561,5.99146454710798,FALSE,"OK"
9,500,0.1,0.1,"Oracle-GMM",-1,11.2453160939865,5.99146454710798,FALSE,"OK"
9,500,0.1,0.1,"Oracle-GMM",-0.8,5.25083713419318,5.99146454710798,TRUE,"OK"
9,500,0.1,0.1,"Oracle-GMM",-0.6,0.864318100654307,5.99146454710798,TRUE,"OK"
9,500,0.1,0.1,"Oracle-GMM",-0.4,4.16220651024597,5.99146454710798,TRUE,"OK"
9,500,0.1,0.1,"Oracle-GMM",-0.2,3.9708369062584,5.99146454710798,TRUE,"OK"
9,500,0.1,0.1,"Oracle-GMM",0,3.30165950969873,5.99146454710798,TRUE,"OK"
9,500,0.1,0.1,"Oracle-GMM",0.2,3.2790289337121,5.99146454710798,TRUE,"OK"
9,500,0.1,0.1,"Oracle-GMM",0.4,2.54684053878796,5.99146454710798,TRUE,"OK"
9,500,0.1,0.1,"Oracle-GMM",0.6,5.01869224673779,5.99146454710798,TRUE,"OK"
9,500,0.1,0.1,"Oracle-GMM",0.8,3.58868587972515,5.99146454710798,TRUE,"OK"
9,500,0.1,0.1,"Oracle-GMM",1,2.92980352016504,5.99146454710798,TRUE,"OK"
9,500,0.1,0.1,"Oracle-GMM",1.2,2.39165924846909,5.99146454710798,TRUE,"OK"
9,500,0.1,0.1,"Oracle-GMM",1.4,2.09145380299649,5.99146454710798,TRUE,"OK"
9,500,0.1,0.1,"Oracle-GMM",1.6,1.78032680290737,5.99146454710798,TRUE,"OK"
9,500,0.1,0.1,"Oracle-GMM",1.8,0.560692753158597,5.99146454710798,TRUE,"OK"
9,500,0.1,0.1,"Oracle-GMM",2,0.896393240814732,5.99146454710798,TRUE,"OK"
9,500,0.1,0.1,"Oracle-GMM",2.2,0.857501081581656,5.99146454710798,TRUE,"OK"
9,500,0.1,0.1,"Oracle-GMM",2.4,1.38518684686791,5.99146454710798,TRUE,"OK"
9,500,0.1,0.1,"Oracle-GMM",2.6,1.21351166630206,5.99146454710798,TRUE,"OK"
9,500,0.1,0.1,"Oracle-GMM",2.8,1.86307389447533,5.99146454710798,TRUE,"OK"
9,500,0.1,0.1,"Oracle-GMM",3,1.8526721638013,5.99146454710798,TRUE,"OK"
9,500,0.1,0.1,"Oracle-GMM",3.2,1.08411056967201,5.99146454710798,TRUE,"OK"
9,500,0.1,0.1,"Oracle-GMM",3.4,0.636674063977304,5.99146454710798,TRUE,"OK"
9,500,0.1,0.1,"Oracle-GMM",3.6,2.2480234050959,5.99146454710798,TRUE,"OK"
9,500,0.1,0.1,"Oracle-GMM",3.8,0.368766865220344,5.99146454710798,TRUE,"OK"
9,500,0.1,0.1,"Oracle-GMM",4,1.48953131711833,5.99146454710798,TRUE,"OK"
9,500,0.1,0.1,"Oracle-GMM",4.2,1.97722249948899,5.99146454710798,TRUE,"OK"
9,500,0.1,0.1,"Oracle-GMM",4.4,1.65337338349635,5.99146454710798,TRUE,"OK"
9,500,0.1,0.1,"Oracle-GMM",4.6,1.52223894127456,5.99146454710798,TRUE,"OK"
9,500,0.1,0.1,"Oracle-GMM",4.8,0.694236509229158,5.99146454710798,TRUE,"OK"
9,500,0.1,0.1,"Oracle-GMM",5,0.259091844259233,5.99146454710798,TRUE,"OK"
9,500,0.1,0.1,"Full-GMM",-3,3.63673856656017,5.99146454710798,TRUE,"OK"
9,500,0.1,0.1,"Full-GMM",-2.8,1.63982810795159,5.99146454710798,TRUE,"OK"
9,500,0.1,0.1,"Full-GMM",-2.6,2.63442852941956,5.99146454710798,TRUE,"OK"
9,500,0.1,0.1,"Full-GMM",-2.4,4.81258047929976,5.99146454710798,TRUE,"OK"
9,500,0.1,0.1,"Full-GMM",-2.2,0.0195942708373879,5.99146454710798,TRUE,"OK"
9,500,0.1,0.1,"Full-GMM",-2,3.40687873377556,5.99146454710798,TRUE,"OK"
9,500,0.1,0.1,"Full-GMM",-1.8,1.63597547210187,5.99146454710798,TRUE,"OK"
9,500,0.1,0.1,"Full-GMM",-1.6,1.70308125583354,5.99146454710798,TRUE,"OK"
9,500,0.1,0.1,"Full-GMM",-1.4,1.60635300448131,5.99146454710798,TRUE,"OK"
9,500,0.1,0.1,"Full-GMM",-1.2,0.0355897972515615,5.99146454710798,TRUE,"OK"
9,500,0.1,0.1,"Full-GMM",-1,1.30632092025801,5.99146454710798,TRUE,"OK"
9,500,0.1,0.1,"Full-GMM",-0.8,2.25619869029624,5.99146454710798,TRUE,"OK"
9,500,0.1,0.1,"Full-GMM",-0.6,2.05163850532724,5.99146454710798,TRUE,"OK"
9,500,0.1,0.1,"Full-GMM",-0.4,0.130400612614114,5.99146454710798,TRUE,"OK"
9,500,0.1,0.1,"Full-GMM",-0.2,2.08970563156205,5.99146454710798,TRUE,"OK"
9,500,0.1,0.1,"Full-GMM",0,0.233622797499887,5.99146454710798,TRUE,"OK"
9,500,0.1,0.1,"Full-GMM",0.2,0.748792129769124,5.99146454710798,TRUE,"OK"
9,500,0.1,0.1,"Full-GMM",0.4,0.100039842530439,5.99146454710798,TRUE,"OK"
9,500,0.1,0.1,"Full-GMM",0.6,2.01070152528423,5.99146454710798,TRUE,"OK"
9,500,0.1,0.1,"Full-GMM",0.8,0.978795201695162,5.99146454710798,TRUE,"OK"
9,500,0.1,0.1,"Full-GMM",1,0.679034202036715,5.99146454710798,TRUE,"OK"
9,500,0.1,0.1,"Full-GMM",1.2,0.40424482261801,5.99146454710798,TRUE,"OK"
9,500,0.1,0.1,"Full-GMM",1.4,0.425015964065023,5.99146454710798,TRUE,"OK"
9,500,0.1,0.1,"Full-GMM",1.6,1.92226090107702,5.99146454710798,TRUE,"OK"
9,500,0.1,0.1,"Full-GMM",1.8,1.38795381602515,5.99146454710798,TRUE,"OK"
9,500,0.1,0.1,"Full-GMM",2,0.303659880528161,5.99146454710798,TRUE,"OK"
9,500,0.1,0.1,"Full-GMM",2.2,1.4338002234759,5.99146454710798,TRUE,"OK"
9,500,0.1,0.1,"Full-GMM",2.4,0.225713791226989,5.99146454710798,TRUE,"OK"
9,500,0.1,0.1,"Full-GMM",2.6,3.32682506310455,5.99146454710798,TRUE,"OK"
9,500,0.1,0.1,"Full-GMM",2.8,0.179617132929504,5.99146454710798,TRUE,"OK"
9,500,0.1,0.1,"Full-GMM",3,3.63215412886287,5.99146454710798,TRUE,"OK"
9,500,0.1,0.1,"Full-GMM",3.2,0.291392118361852,5.99146454710798,TRUE,"OK"
9,500,0.1,0.1,"Full-GMM",3.4,0.0890721307285957,5.99146454710798,TRUE,"OK"
9,500,0.1,0.1,"Full-GMM",3.6,1.5039874513779,5.99146454710798,TRUE,"OK"
9,500,0.1,0.1,"Full-GMM",3.8,1.71024198012461,5.99146454710798,TRUE,"OK"
9,500,0.1,0.1,"Full-GMM",4,1.87793191993837,5.99146454710798,TRUE,"OK"
9,500,0.1,0.1,"Full-GMM",4.2,0.306867996675939,5.99146454710798,TRUE,"OK"
9,500,0.1,0.1,"Full-GMM",4.4,0.22544657056862,5.99146454710798,TRUE,"OK"
9,500,0.1,0.1,"Full-GMM",4.6,2.70663918791799,5.99146454710798,TRUE,"OK"
9,500,0.1,0.1,"Full-GMM",4.8,0.175331114367383,5.99146454710798,TRUE,"OK"
9,500,0.1,0.1,"Full-GMM",5,1.40230412865301,5.99146454710798,TRUE,"OK"
9,500,0.1,0.1,"DML-IVQR",-3,6.22430184037755,5.99146454710798,FALSE,"OK"
9,500,0.1,0.1,"DML-IVQR",-2.8,8.34676824025018,5.99146454710798,FALSE,"OK"
9,500,0.1,0.1,"DML-IVQR",-2.6,7.77098343966905,5.99146454710798,FALSE,"OK"
9,500,0.1,0.1,"DML-IVQR",-2.4,6.79960994936191,5.99146454710798,FALSE,"OK"
9,500,0.1,0.1,"DML-IVQR",-2.2,6.27385004078044,5.99146454710798,FALSE,"OK"
9,500,0.1,0.1,"DML-IVQR",-2,5.59707432929611,5.99146454710798,TRUE,"OK"
9,500,0.1,0.1,"DML-IVQR",-1.8,4.83616200650445,5.99146454710798,TRUE,"OK"
9,500,0.1,0.1,"DML-IVQR",-1.6,2.69960818845912,5.99146454710798,TRUE,"OK"
9,500,0.1,0.1,"DML-IVQR",-1.4,4.00791593969918,5.99146454710798,TRUE,"OK"
9,500,0.1,0.1,"DML-IVQR",-1.2,3.81812878295759,5.99146454710798,TRUE,"OK"
9,500,0.1,0.1,"DML-IVQR",-1,2.80688283838808,5.99146454710798,TRUE,"OK"
9,500,0.1,0.1,"DML-IVQR",-0.8,3.53091325582858,5.99146454710798,TRUE,"OK"
9,500,0.1,0.1,"DML-IVQR",-0.6,6.6034883697307,5.99146454710798,FALSE,"OK"
9,500,0.1,0.1,"DML-IVQR",-0.4,1.65661377746746,5.99146454710798,TRUE,"OK"
9,500,0.1,0.1,"DML-IVQR",-0.2,4.17432645564079,5.99146454710798,TRUE,"OK"
9,500,0.1,0.1,"DML-IVQR",0,4.42833547548487,5.99146454710798,TRUE,"OK"
9,500,0.1,0.1,"DML-IVQR",0.2,4.3473581558886,5.99146454710798,TRUE,"OK"
9,500,0.1,0.1,"DML-IVQR",0.4,3.32895972108432,5.99146454710798,TRUE,"OK"
9,500,0.1,0.1,"DML-IVQR",0.6,1.37989795311222,5.99146454710798,TRUE,"OK"
9,500,0.1,0.1,"DML-IVQR",0.8,0.884841383909594,5.99146454710798,TRUE,"OK"
9,500,0.1,0.1,"DML-IVQR",1,0.836123824228422,5.99146454710798,TRUE,"OK"
9,500,0.1,0.1,"DML-IVQR",1.2,1.88744654011906,5.99146454710798,TRUE,"OK"
9,500,0.1,0.1,"DML-IVQR",1.4,1.52121193491017,5.99146454710798,TRUE,"OK"
9,500,0.1,0.1,"DML-IVQR",1.6,4.13038131840975,5.99146454710798,TRUE,"OK"
9,500,0.1,0.1,"DML-IVQR",1.8,2.5985820428605,5.99146454710798,TRUE,"OK"
9,500,0.1,0.1,"DML-IVQR",2,2.60741796163649,5.99146454710798,TRUE,"OK"
9,500,0.1,0.1,"DML-IVQR",2.2,2.33878120670162,5.99146454710798,TRUE,"OK"
9,500,0.1,0.1,"DML-IVQR",2.4,3.97113731353804,5.99146454710798,TRUE,"OK"
9,500,0.1,0.1,"DML-IVQR",2.6,0.798245879938547,5.99146454710798,TRUE,"OK"
9,500,0.1,0.1,"DML-IVQR",2.8,2.96101517670222,5.99146454710798,TRUE,"OK"
9,500,0.1,0.1,"DML-IVQR",3,3.90496302512511,5.99146454710798,TRUE,"OK"
9,500,0.1,0.1,"DML-IVQR",3.2,2.78712569784222,5.99146454710798,TRUE,"OK"
9,500,0.1,0.1,"DML-IVQR",3.4,2.79051381049716,5.99146454710798,TRUE,"OK"
9,500,0.1,0.1,"DML-IVQR",3.6,2.82811144129572,5.99146454710798,TRUE,"OK"
9,500,0.1,0.1,"DML-IVQR",3.8,4.25088914195119,5.99146454710798,TRUE,"OK"
9,500,0.1,0.1,"DML-IVQR",4,1.59648241315105,5.99146454710798,TRUE,"OK"
9,500,0.1,0.1,"DML-IVQR",4.2,2.42183112426804,5.99146454710798,TRUE,"OK"
9,500,0.1,0.1,"DML-IVQR",4.4,3.2969124323813,5.99146454710798,TRUE,"OK"
9,500,0.1,0.1,"DML-IVQR",4.6,1.56045207173691,5.99146454710798,TRUE,"OK"
9,500,0.1,0.1,"DML-IVQR",4.8,1.93904270412863,5.99146454710798,TRUE,"OK"
9,500,0.1,0.1,"DML-IVQR",5,3.33966211806089,5.99146454710798,TRUE,"OK"
9,500,0.1,0.5,"Oracle-GMM",-3,0.137671965881975,5.99146454710798,TRUE,"OK"
9,500,0.1,0.5,"Oracle-GMM",-2.8,0.00465741453526585,5.99146454710798,TRUE,"OK"
9,500,0.1,0.5,"Oracle-GMM",-2.6,0.0467009406205255,5.99146454710798,TRUE,"OK"
9,500,0.1,0.5,"Oracle-GMM",-2.4,0.0635788693139555,5.99146454710798,TRUE,"OK"
9,500,0.1,0.5,"Oracle-GMM",-2.2,0.162959991320327,5.99146454710798,TRUE,"OK"
9,500,0.1,0.5,"Oracle-GMM",-2,0.110480221247484,5.99146454710798,TRUE,"OK"
9,500,0.1,0.5,"Oracle-GMM",-1.8,0.210040181809323,5.99146454710798,TRUE,"OK"
9,500,0.1,0.5,"Oracle-GMM",-1.6,0.312174937265084,5.99146454710798,TRUE,"OK"
9,500,0.1,0.5,"Oracle-GMM",-1.4,0.644743123727811,5.99146454710798,TRUE,"OK"
9,500,0.1,0.5,"Oracle-GMM",-1.2,0.415179625013509,5.99146454710798,TRUE,"OK"
9,500,0.1,0.5,"Oracle-GMM",-1,0.51678544151202,5.99146454710798,TRUE,"OK"
9,500,0.1,0.5,"Oracle-GMM",-0.8,0.332233309945317,5.99146454710798,TRUE,"OK"
9,500,0.1,0.5,"Oracle-GMM",-0.6,0.615000935167591,5.99146454710798,TRUE,"OK"
9,500,0.1,0.5,"Oracle-GMM",-0.4,0.346158092308059,5.99146454710798,TRUE,"OK"
9,500,0.1,0.5,"Oracle-GMM",-0.2,0.970015841209625,5.99146454710798,TRUE,"OK"
9,500,0.1,0.5,"Oracle-GMM",0,0.967637104066776,5.99146454710798,TRUE,"OK"
9,500,0.1,0.5,"Oracle-GMM",0.2,0.536766620409023,5.99146454710798,TRUE,"OK"
9,500,0.1,0.5,"Oracle-GMM",0.4,0.499823500531801,5.99146454710798,TRUE,"OK"
9,500,0.1,0.5,"Oracle-GMM",0.6,1.2214601781311,5.99146454710798,TRUE,"OK"
9,500,0.1,0.5,"Oracle-GMM",0.8,0.818259859781327,5.99146454710798,TRUE,"OK"
9,500,0.1,0.5,"Oracle-GMM",1,0.154158017254634,5.99146454710798,TRUE,"OK"
9,500,0.1,0.5,"Oracle-GMM",1.2,0.0295895387776791,5.99146454710798,TRUE,"OK"
9,500,0.1,0.5,"Oracle-GMM",1.4,0.168836101838023,5.99146454710798,TRUE,"OK"
9,500,0.1,0.5,"Oracle-GMM",1.6,1.54492687222606,5.99146454710798,TRUE,"OK"
9,500,0.1,0.5,"Oracle-GMM",1.8,1.01581479825765,5.99146454710798,TRUE,"OK"
9,500,0.1,0.5,"Oracle-GMM",2,0.297054869731708,5.99146454710798,TRUE,"OK"
9,500,0.1,0.5,"Oracle-GMM",2.2,0.154287939682564,5.99146454710798,TRUE,"OK"
9,500,0.1,0.5,"Oracle-GMM",2.4,0.581591359933371,5.99146454710798,TRUE,"OK"
9,500,0.1,0.5,"Oracle-GMM",2.6,0.169804895003233,5.99146454710798,TRUE,"OK"
9,500,0.1,0.5,"Oracle-GMM",2.8,0.762984541988394,5.99146454710798,TRUE,"OK"
9,500,0.1,0.5,"Oracle-GMM",3,0.138731550689946,5.99146454710798,TRUE,"OK"
9,500,0.1,0.5,"Oracle-GMM",3.2,0.582317259146346,5.99146454710798,TRUE,"OK"
9,500,0.1,0.5,"Oracle-GMM",3.4,0.17088841472973,5.99146454710798,TRUE,"OK"
9,500,0.1,0.5,"Oracle-GMM",3.6,0.544474558006271,5.99146454710798,TRUE,"OK"
9,500,0.1,0.5,"Oracle-GMM",3.8,0.463984871162559,5.99146454710798,TRUE,"OK"
9,500,0.1,0.5,"Oracle-GMM",4,0.206407491881795,5.99146454710798,TRUE,"OK"
9,500,0.1,0.5,"Oracle-GMM",4.2,0.30434312584376,5.99146454710798,TRUE,"OK"
9,500,0.1,0.5,"Oracle-GMM",4.4,0.0724808828371152,5.99146454710798,TRUE,"OK"
9,500,0.1,0.5,"Oracle-GMM",4.6,0.472129208526885,5.99146454710798,TRUE,"OK"
9,500,0.1,0.5,"Oracle-GMM",4.8,0.136252393649902,5.99146454710798,TRUE,"OK"
9,500,0.1,0.5,"Oracle-GMM",5,0.0294928920004184,5.99146454710798,TRUE,"OK"
9,500,0.1,0.5,"Full-GMM",-3,0.971556678006717,5.99146454710798,TRUE,"OK"
9,500,0.1,0.5,"Full-GMM",-2.8,0.137598114370966,5.99146454710798,TRUE,"OK"
9,500,0.1,0.5,"Full-GMM",-2.6,1.05809573330301,5.99146454710798,TRUE,"OK"
9,500,0.1,0.5,"Full-GMM",-2.4,0.0895434495955642,5.99146454710798,TRUE,"OK"
9,500,0.1,0.5,"Full-GMM",-2.2,0.161276784872075,5.99146454710798,TRUE,"OK"
9,500,0.1,0.5,"Full-GMM",-2,0.982289694974039,5.99146454710798,TRUE,"OK"
9,500,0.1,0.5,"Full-GMM",-1.8,0.208613746386067,5.99146454710798,TRUE,"OK"
9,500,0.1,0.5,"Full-GMM",-1.6,1.22592099146983,5.99146454710798,TRUE,"OK"
9,500,0.1,0.5,"Full-GMM",-1.4,0.171021545198924,5.99146454710798,TRUE,"OK"
9,500,0.1,0.5,"Full-GMM",-1.2,0.278688860054201,5.99146454710798,TRUE,"OK"
9,500,0.1,0.5,"Full-GMM",-1,0.763325450404589,5.99146454710798,TRUE,"OK"
9,500,0.1,0.5,"Full-GMM",-0.8,0.202469529484261,5.99146454710798,TRUE,"OK"
9,500,0.1,0.5,"Full-GMM",-0.6,0.793699506420701,5.99146454710798,TRUE,"OK"
9,500,0.1,0.5,"Full-GMM",-0.4,0.439312724127855,5.99146454710798,TRUE,"OK"
9,500,0.1,0.5,"Full-GMM",-0.2,1.11730091404631,5.99146454710798,TRUE,"OK"
9,500,0.1,0.5,"Full-GMM",0,0.896810019327204,5.99146454710798,TRUE,"OK"
9,500,0.1,0.5,"Full-GMM",0.2,0.276844341967574,5.99146454710798,TRUE,"OK"
9,500,0.1,0.5,"Full-GMM",0.4,0.182663202507275,5.99146454710798,TRUE,"OK"
9,500,0.1,0.5,"Full-GMM",0.6,0.0858248353968019,5.99146454710798,TRUE,"OK"
9,500,0.1,0.5,"Full-GMM",0.8,0.0952654353006808,5.99146454710798,TRUE,"OK"
9,500,0.1,0.5,"Full-GMM",1,1.24310560809859,5.99146454710798,TRUE,"OK"
9,500,0.1,0.5,"Full-GMM",1.2,0.132055889724705,5.99146454710798,TRUE,"OK"
9,500,0.1,0.5,"Full-GMM",1.4,0.314065965090066,5.99146454710798,TRUE,"OK"
9,500,0.1,0.5,"Full-GMM",1.6,0.377068196782854,5.99146454710798,TRUE,"OK"
9,500,0.1,0.5,"Full-GMM",1.8,0.122453602051266,5.99146454710798,TRUE,"OK"
9,500,0.1,0.5,"Full-GMM",2,0.109161198880708,5.99146454710798,TRUE,"OK"
9,500,0.1,0.5,"Full-GMM",2.2,1.39480768050322,5.99146454710798,TRUE,"OK"
9,500,0.1,0.5,"Full-GMM",2.4,0.219556168323369,5.99146454710798,TRUE,"OK"
9,500,0.1,0.5,"Full-GMM",2.6,0.156084694270279,5.99146454710798,TRUE,"OK"
9,500,0.1,0.5,"Full-GMM",2.8,0.655060478040619,5.99146454710798,TRUE,"OK"
9,500,0.1,0.5,"Full-GMM",3,0.613954089336022,5.99146454710798,TRUE,"OK"
9,500,0.1,0.5,"Full-GMM",3.2,1.66967675972464,5.99146454710798,TRUE,"OK"
9,500,0.1,0.5,"Full-GMM",3.4,2.48235219499936,5.99146454710798,TRUE,"OK"
9,500,0.1,0.5,"Full-GMM",3.6,1.14727816957604,5.99146454710798,TRUE,"OK"
9,500,0.1,0.5,"Full-GMM",3.8,2.62128169649174,5.99146454710798,TRUE,"OK"
9,500,0.1,0.5,"Full-GMM",4,0.85719334717134,5.99146454710798,TRUE,"OK"
9,500,0.1,0.5,"Full-GMM",4.2,0.560082704467572,5.99146454710798,TRUE,"OK"
9,500,0.1,0.5,"Full-GMM",4.4,0.927818864331512,5.99146454710798,TRUE,"OK"
9,500,0.1,0.5,"Full-GMM",4.6,0.378565501641678,5.99146454710798,TRUE,"OK"
9,500,0.1,0.5,"Full-GMM",4.8,0.521427093911186,5.99146454710798,TRUE,"OK"
9,500,0.1,0.5,"Full-GMM",5,0.841974554054109,5.99146454710798,TRUE,"OK"
9,500,0.1,0.5,"DML-IVQR",-3,0.0509459633248664,5.99146454710798,TRUE,"OK"
9,500,0.1,0.5,"DML-IVQR",-2.8,0.0175012186721731,5.99146454710798,TRUE,"OK"
9,500,0.1,0.5,"DML-IVQR",-2.6,0.0211282013176011,5.99146454710798,TRUE,"OK"
9,500,0.1,0.5,"DML-IVQR",-2.4,0.00829792077497998,5.99146454710798,TRUE,"OK"
9,500,0.1,0.5,"DML-IVQR",-2.2,0.0146942254001882,5.99146454710798,TRUE,"OK"
9,500,0.1,0.5,"DML-IVQR",-2,0.520861579348681,5.99146454710798,TRUE,"OK"
9,500,0.1,0.5,"DML-IVQR",-1.8,1.18203014620265,5.99146454710798,TRUE,"OK"
9,500,0.1,0.5,"DML-IVQR",-1.6,0.877163269362942,5.99146454710798,TRUE,"OK"
9,500,0.1,0.5,"DML-IVQR",-1.4,0.502159649408545,5.99146454710798,TRUE,"OK"
9,500,0.1,0.5,"DML-IVQR",-1.2,0.615166320240671,5.99146454710798,TRUE,"OK"
9,500,0.1,0.5,"DML-IVQR",-1,0.892349493596544,5.99146454710798,TRUE,"OK"
9,500,0.1,0.5,"DML-IVQR",-0.8,0.371598677284424,5.99146454710798,TRUE,"OK"
9,500,0.1,0.5,"DML-IVQR",-0.6,0.0383169171741419,5.99146454710798,TRUE,"OK"
9,500,0.1,0.5,"DML-IVQR",-0.4,0.35876645239397,5.99146454710798,TRUE,"OK"
9,500,0.1,0.5,"DML-IVQR",-0.2,0.094658111094289,5.99146454710798,TRUE,"OK"
9,500,0.1,0.5,"DML-IVQR",0,1.49494354206488,5.99146454710798,TRUE,"OK"
9,500,0.1,0.5,"DML-IVQR",0.2,0.761506831059638,5.99146454710798,TRUE,"OK"
9,500,0.1,0.5,"DML-IVQR",0.4,0.637954982119214,5.99146454710798,TRUE,"OK"
9,500,0.1,0.5,"DML-IVQR",0.6,0.446276755201891,5.99146454710798,TRUE,"OK"
9,500,0.1,0.5,"DML-IVQR",0.8,0.626623305810313,5.99146454710798,TRUE,"OK"
9,500,0.1,0.5,"DML-IVQR",1,0.500117744464502,5.99146454710798,TRUE,"OK"
9,500,0.1,0.5,"DML-IVQR",1.2,0.357945314504275,5.99146454710798,TRUE,"OK"
9,500,0.1,0.5,"DML-IVQR",1.4,0.338033126287162,5.99146454710798,TRUE,"OK"
9,500,0.1,0.5,"DML-IVQR",1.6,0.35804123625733,5.99146454710798,TRUE,"OK"
9,500,0.1,0.5,"DML-IVQR",1.8,0.996422413405223,5.99146454710798,TRUE,"OK"
9,500,0.1,0.5,"DML-IVQR",2,3.11281039278297,5.99146454710798,TRUE,"OK"
9,500,0.1,0.5,"DML-IVQR",2.2,2.26220158807237,5.99146454710798,TRUE,"OK"
9,500,0.1,0.5,"DML-IVQR",2.4,1.4612247845354,5.99146454710798,TRUE,"OK"
9,500,0.1,0.5,"DML-IVQR",2.6,0.613672655159044,5.99146454710798,TRUE,"OK"
9,500,0.1,0.5,"DML-IVQR",2.8,0.424005893121621,5.99146454710798,TRUE,"OK"
9,500,0.1,0.5,"DML-IVQR",3,0.812435131271006,5.99146454710798,TRUE,"OK"
9,500,0.1,0.5,"DML-IVQR",3.2,0.737532501477618,5.99146454710798,TRUE,"OK"
9,500,0.1,0.5,"DML-IVQR",3.4,0.352403455839372,5.99146454710798,TRUE,"OK"
9,500,0.1,0.5,"DML-IVQR",3.6,2.24483521156753,5.99146454710798,TRUE,"OK"
9,500,0.1,0.5,"DML-IVQR",3.8,1.26088365515727,5.99146454710798,TRUE,"OK"
9,500,0.1,0.5,"DML-IVQR",4,0.986449534072741,5.99146454710798,TRUE,"OK"
9,500,0.1,0.5,"DML-IVQR",4.2,1.43730061611812,5.99146454710798,TRUE,"OK"
9,500,0.1,0.5,"DML-IVQR",4.4,1.81550479629506,5.99146454710798,TRUE,"OK"
9,500,0.1,0.5,"DML-IVQR",4.6,1.73765374857251,5.99146454710798,TRUE,"OK"
9,500,0.1,0.5,"DML-IVQR",4.8,2.39617332430121,5.99146454710798,TRUE,"OK"
9,500,0.1,0.5,"DML-IVQR",5,1.4050688822863,5.99146454710798,TRUE,"OK"
9,500,0.1,0.9,"Oracle-GMM",-3,0.848565685701721,5.99146454710798,TRUE,"OK"
9,500,0.1,0.9,"Oracle-GMM",-2.8,1.91131315002152,5.99146454710798,TRUE,"OK"
9,500,0.1,0.9,"Oracle-GMM",-2.6,2.17164593061171,5.99146454710798,TRUE,"OK"
9,500,0.1,0.9,"Oracle-GMM",-2.4,0.35700691159552,5.99146454710798,TRUE,"OK"
9,500,0.1,0.9,"Oracle-GMM",-2.2,0.377317937433228,5.99146454710798,TRUE,"OK"
9,500,0.1,0.9,"Oracle-GMM",-2,0.169867414466008,5.99146454710798,TRUE,"OK"
9,500,0.1,0.9,"Oracle-GMM",-1.8,1.56433774204797,5.99146454710798,TRUE,"OK"
9,500,0.1,0.9,"Oracle-GMM",-1.6,1.09128669310763,5.99146454710798,TRUE,"OK"
9,500,0.1,0.9,"Oracle-GMM",-1.4,1.17559529269811,5.99146454710798,TRUE,"OK"
9,500,0.1,0.9,"Oracle-GMM",-1.2,1.15328196166489,5.99146454710798,TRUE,"OK"
9,500,0.1,0.9,"Oracle-GMM",-1,0.3926504863138,5.99146454710798,TRUE,"OK"
9,500,0.1,0.9,"Oracle-GMM",-0.8,0.752333710938267,5.99146454710798,TRUE,"OK"
9,500,0.1,0.9,"Oracle-GMM",-0.6,1.02766069341772,5.99146454710798,TRUE,"OK"
9,500,0.1,0.9,"Oracle-GMM",-0.4,0.758710192273547,5.99146454710798,TRUE,"OK"
9,500,0.1,0.9,"Oracle-GMM",-0.2,0.563125739199646,5.99146454710798,TRUE,"OK"
9,500,0.1,0.9,"Oracle-GMM",0,0.261292486166559,5.99146454710798,TRUE,"OK"
9,500,0.1,0.9,"Oracle-GMM",0.2,0.461979867314471,5.99146454710798,TRUE,"OK"
9,500,0.1,0.9,"Oracle-GMM",0.4,0.212389203736714,5.99146454710798,TRUE,"OK"
9,500,0.1,0.9,"Oracle-GMM",0.6,0.187278933770704,5.99146454710798,TRUE,"OK"
9,500,0.1,0.9,"Oracle-GMM",0.8,0.282644349942702,5.99146454710798,TRUE,"OK"
9,500,0.1,0.9,"Oracle-GMM",1,0.550271027436973,5.99146454710798,TRUE,"OK"
9,500,0.1,0.9,"Oracle-GMM",1.2,1.44714504511039,5.99146454710798,TRUE,"OK"
9,500,0.1,0.9,"Oracle-GMM",1.4,1.4721284884593,5.99146454710798,TRUE,"OK"
9,500,0.1,0.9,"Oracle-GMM",1.6,3.14152108852099,5.99146454710798,TRUE,"OK"
9,500,0.1,0.9,"Oracle-GMM",1.8,0.814887231967357,5.99146454710798,TRUE,"OK"
9,500,0.1,0.9,"Oracle-GMM",2,0.821450051405969,5.99146454710798,TRUE,"OK"
9,500,0.1,0.9,"Oracle-GMM",2.2,0.949372263235276,5.99146454710798,TRUE,"OK"
9,500,0.1,0.9,"Oracle-GMM",2.4,1.23010719374766,5.99146454710798,TRUE,"OK"
9,500,0.1,0.9,"Oracle-GMM",2.6,1.09759811354169,5.99146454710798,TRUE,"OK"
9,500,0.1,0.9,"Oracle-GMM",2.8,2.82881501994816,5.99146454710798,TRUE,"OK"
9,500,0.1,0.9,"Oracle-GMM",3,4.92995446710681,5.99146454710798,TRUE,"OK"
9,500,0.1,0.9,"Oracle-GMM",3.2,3.00503090089241,5.99146454710798,TRUE,"OK"
9,500,0.1,0.9,"Oracle-GMM",3.4,2.82733338893727,5.99146454710798,TRUE,"OK"
9,500,0.1,0.9,"Oracle-GMM",3.6,8.53452838748249,5.99146454710798,FALSE,"OK"
9,500,0.1,0.9,"Oracle-GMM",3.8,4.12046401304539,5.99146454710798,TRUE,"OK"
9,500,0.1,0.9,"Oracle-GMM",4,5.91197624859748,5.99146454710798,TRUE,"OK"
9,500,0.1,0.9,"Oracle-GMM",4.2,6.01305113405451,5.99146454710798,FALSE,"OK"
9,500,0.1,0.9,"Oracle-GMM",4.4,5.74627796842493,5.99146454710798,TRUE,"OK"
9,500,0.1,0.9,"Oracle-GMM",4.6,3.82040023168467,5.99146454710798,TRUE,"OK"
9,500,0.1,0.9,"Oracle-GMM",4.8,3.85915807839548,5.99146454710798,TRUE,"OK"
9,500,0.1,0.9,"Oracle-GMM",5,5.98122846112999,5.99146454710798,TRUE,"OK"
9,500,0.1,0.9,"Full-GMM",-3,1.72883151632357,5.99146454710798,TRUE,"OK"
9,500,0.1,0.9,"Full-GMM",-2.8,4.57662127401567,5.99146454710798,TRUE,"OK"
9,500,0.1,0.9,"Full-GMM",-2.6,1.81933997482426,5.99146454710798,TRUE,"OK"
9,500,0.1,0.9,"Full-GMM",-2.4,0.600804162906353,5.99146454710798,TRUE,"OK"
9,500,0.1,0.9,"Full-GMM",-2.2,0.818092427224055,5.99146454710798,TRUE,"OK"
9,500,0.1,0.9,"Full-GMM",-2,5.00678712403691,5.99146454710798,TRUE,"OK"
9,500,0.1,0.9,"Full-GMM",-1.8,1.1470724825364,5.99146454710798,TRUE,"OK"
9,500,0.1,0.9,"Full-GMM",-1.6,3.90707068361878,5.99146454710798,TRUE,"OK"
9,500,0.1,0.9,"Full-GMM",-1.4,3.76575213136351,5.99146454710798,TRUE,"OK"
9,500,0.1,0.9,"Full-GMM",-1.2,5.30486535894052,5.99146454710798,TRUE,"OK"
9,500,0.1,0.9,"Full-GMM",-1,5.87545127170112,5.99146454710798,TRUE,"OK"
9,500,0.1,0.9,"Full-GMM",-0.8,0.435317075424465,5.99146454710798,TRUE,"OK"
9,500,0.1,0.9,"Full-GMM",-0.6,0.144327261381635,5.99146454710798,TRUE,"OK"
9,500,0.1,0.9,"Full-GMM",-0.4,0.0403901872961692,5.99146454710798,TRUE,"OK"
9,500,0.1,0.9,"Full-GMM",-0.2,0.62007435595891,5.99146454710798,TRUE,"OK"
9,500,0.1,0.9,"Full-GMM",0,0.213861871744564,5.99146454710798,TRUE,"OK"
9,500,0.1,0.9,"Full-GMM",0.2,0.209511438046252,5.99146454710798,TRUE,"OK"
9,500,0.1,0.9,"Full-GMM",0.4,0.0709816335188073,5.99146454710798,TRUE,"OK"
9,500,0.1,0.9,"Full-GMM",0.6,0.240962407478357,5.99146454710798,TRUE,"OK"
9,500,0.1,0.9,"Full-GMM",0.8,1.16158448216712,5.99146454710798,TRUE,"OK"
9,500,0.1,0.9,"Full-GMM",1,0.618109114638007,5.99146454710798,TRUE,"OK"
9,500,0.1,0.9,"Full-GMM",1.2,1.08120739595558,5.99146454710798,TRUE,"OK"
9,500,0.1,0.9,"Full-GMM",1.4,3.20156103793503,5.99146454710798,TRUE,"OK"
9,500,0.1,0.9,"Full-GMM",1.6,1.44311049479633,5.99146454710798,TRUE,"OK"
9,500,0.1,0.9,"Full-GMM",1.8,2.88558901598061,5.99146454710798,TRUE,"OK"
9,500,0.1,0.9,"Full-GMM",2,0.643544797754439,5.99146454710798,TRUE,"OK"
9,500,0.1,0.9,"Full-GMM",2.2,0.624035967425409,5.99146454710798,TRUE,"OK"
9,500,0.1,0.9,"Full-GMM",2.4,0.0293227186895012,5.99146454710798,TRUE,"OK"
9,500,0.1,0.9,"Full-GMM",2.6,2.53572444364017,5.99146454710798,TRUE,"OK"
9,500,0.1,0.9,"Full-GMM",2.8,5.65566812927743,5.99146454710798,TRUE,"OK"
9,500,0.1,0.9,"Full-GMM",3,0.150537174461921,5.99146454710798,TRUE,"OK"
9,500,0.1,0.9,"Full-GMM",3.2,0.185880147932122,5.99146454710798,TRUE,"OK"
9,500,0.1,0.9,"Full-GMM",3.4,0.244415447792158,5.99146454710798,TRUE,"OK"
9,500,0.1,0.9,"Full-GMM",3.6,2.1564148069385,5.99146454710798,TRUE,"OK"
9,500,0.1,0.9,"Full-GMM",3.8,1.97372091827971,5.99146454710798,TRUE,"OK"
9,500,0.1,0.9,"Full-GMM",4,0.990629150093577,5.99146454710798,TRUE,"OK"
9,500,0.1,0.9,"Full-GMM",4.2,0.520488797431917,5.99146454710798,TRUE,"OK"
9,500,0.1,0.9,"Full-GMM",4.4,2.76404584523661,5.99146454710798,TRUE,"OK"
9,500,0.1,0.9,"Full-GMM",4.6,0.224446933488107,5.99146454710798,TRUE,"OK"
9,500,0.1,0.9,"Full-GMM",4.8,0.67716028940752,5.99146454710798,TRUE,"OK"
9,500,0.1,0.9,"Full-GMM",5,1.44962666539233,5.99146454710798,TRUE,"OK"
9,500,0.1,0.9,"DML-IVQR",-3,1.23550631658261,5.99146454710798,TRUE,"OK"
9,500,0.1,0.9,"DML-IVQR",-2.8,1.02442340790942,5.99146454710798,TRUE,"OK"
9,500,0.1,0.9,"DML-IVQR",-2.6,1.17461236386286,5.99146454710798,TRUE,"OK"
9,500,0.1,0.9,"DML-IVQR",-2.4,1.11139244907952,5.99146454710798,TRUE,"OK"
9,500,0.1,0.9,"DML-IVQR",-2.2,1.12333108534974,5.99146454710798,TRUE,"OK"
9,500,0.1,0.9,"DML-IVQR",-2,1.67867542342289,5.99146454710798,TRUE,"OK"
9,500,0.1,0.9,"DML-IVQR",-1.8,1.05284772072562,5.99146454710798,TRUE,"OK"
9,500,0.1,0.9,"DML-IVQR",-1.6,1.21563230048778,5.99146454710798,TRUE,"OK"
9,500,0.1,0.9,"DML-IVQR",-1.4,0.728913056972146,5.99146454710798,TRUE,"OK"
9,500,0.1,0.9,"DML-IVQR",-1.2,1.72610603358082,5.99146454710798,TRUE,"OK"
9,500,0.1,0.9,"DML-IVQR",-1,1.25171750454468,5.99146454710798,TRUE,"OK"
9,500,0.1,0.9,"DML-IVQR",-0.8,1.58875717771712,5.99146454710798,TRUE,"OK"
9,500,0.1,0.9,"DML-IVQR",-0.6,1.69022764253231,5.99146454710798,TRUE,"OK"
9,500,0.1,0.9,"DML-IVQR",-0.4,1.12023231635593,5.99146454710798,TRUE,"OK"
9,500,0.1,0.9,"DML-IVQR",-0.2,1.34515236785697,5.99146454710798,TRUE,"OK"
9,500,0.1,0.9,"DML-IVQR",0,1.62389939263037,5.99146454710798,TRUE,"OK"
9,500,0.1,0.9,"DML-IVQR",0.2,1.08472536085805,5.99146454710798,TRUE,"OK"
9,500,0.1,0.9,"DML-IVQR",0.4,1.28606198770011,5.99146454710798,TRUE,"OK"
9,500,0.1,0.9,"DML-IVQR",0.6,0.799033279305239,5.99146454710798,TRUE,"OK"
9,500,0.1,0.9,"DML-IVQR",0.8,0.752920443926357,5.99146454710798,TRUE,"OK"
9,500,0.1,0.9,"DML-IVQR",1,2.8703001848875,5.99146454710798,TRUE,"OK"
9,500,0.1,0.9,"DML-IVQR",1.2,2.96122572780575,5.99146454710798,TRUE,"OK"
9,500,0.1,0.9,"DML-IVQR",1.4,4.80695531090024,5.99146454710798,TRUE,"OK"
9,500,0.1,0.9,"DML-IVQR",1.6,5.07069517544721,5.99146454710798,TRUE,"OK"
9,500,0.1,0.9,"DML-IVQR",1.8,2.88108891895311,5.99146454710798,TRUE,"OK"
9,500,0.1,0.9,"DML-IVQR",2,1.04613623535486,5.99146454710798,TRUE,"OK"
9,500,0.1,0.9,"DML-IVQR",2.2,0.18716285032403,5.99146454710798,TRUE,"OK"
9,500,0.1,0.9,"DML-IVQR",2.4,0.573905692093896,5.99146454710798,TRUE,"OK"
9,500,0.1,0.9,"DML-IVQR",2.6,1.75903039141619,5.99146454710798,TRUE,"OK"
9,500,0.1,0.9,"DML-IVQR",2.8,2.70774233802654,5.99146454710798,TRUE,"OK"
9,500,0.1,0.9,"DML-IVQR",3,4.31561203964491,5.99146454710798,TRUE,"OK"
9,500,0.1,0.9,"DML-IVQR",3.2,5.23679312485167,5.99146454710798,TRUE,"OK"
9,500,0.1,0.9,"DML-IVQR",3.4,4.79933904789926,5.99146454710798,TRUE,"OK"
9,500,0.1,0.9,"DML-IVQR",3.6,4.68926397909586,5.99146454710798,TRUE,"OK"
9,500,0.1,0.9,"DML-IVQR",3.8,5.28131401955895,5.99146454710798,TRUE,"OK"
9,500,0.1,0.9,"DML-IVQR",4,4.02418084838921,5.99146454710798,TRUE,"OK"
9,500,0.1,0.9,"DML-IVQR",4.2,3.70465255447079,5.99146454710798,TRUE,"OK"
9,500,0.1,0.9,"DML-IVQR",4.4,3.30988542524891,5.99146454710798,TRUE,"OK"
9,500,0.1,0.9,"DML-IVQR",4.6,1.99477210267687,5.99146454710798,TRUE,"OK"
9,500,0.1,0.9,"DML-IVQR",4.8,2.37133041752833,5.99146454710798,TRUE,"OK"
9,500,0.1,0.9,"DML-IVQR",5,1.54155246257251,5.99146454710798,TRUE,"OK"
10,500,0.1,0.1,"Oracle-GMM",-3,1.57049039697815,5.99146454710798,TRUE,"OK"
10,500,0.1,0.1,"Oracle-GMM",-2.8,1.22110698740439,5.99146454710798,TRUE,"OK"
10,500,0.1,0.1,"Oracle-GMM",-2.6,0.698559441195433,5.99146454710798,TRUE,"OK"
10,500,0.1,0.1,"Oracle-GMM",-2.4,1.24246275741641,5.99146454710798,TRUE,"OK"
10,500,0.1,0.1,"Oracle-GMM",-2.2,0.315120079822429,5.99146454710798,TRUE,"OK"
10,500,0.1,0.1,"Oracle-GMM",-2,0.0130555892148535,5.99146454710798,TRUE,"OK"
10,500,0.1,0.1,"Oracle-GMM",-1.8,0.0629489442853004,5.99146454710798,TRUE,"OK"
10,500,0.1,0.1,"Oracle-GMM",-1.6,0.0353651956530634,5.99146454710798,TRUE,"OK"
10,500,0.1,0.1,"Oracle-GMM",-1.4,0.289085258705479,5.99146454710798,TRUE,"OK"
10,500,0.1,0.1,"Oracle-GMM",-1.2,0.155402135540025,5.99146454710798,TRUE,"OK"
10,500,0.1,0.1,"Oracle-GMM",-1,3.39013016845932,5.99146454710798,TRUE,"OK"
10,500,0.1,0.1,"Oracle-GMM",-0.8,1.34097608966528,5.99146454710798,TRUE,"OK"
10,500,0.1,0.1,"Oracle-GMM",-0.6,2.70217745636325,5.99146454710798,TRUE,"OK"
10,500,0.1,0.1,"Oracle-GMM",-0.4,3.11420237317726,5.99146454710798,TRUE,"OK"
10,500,0.1,0.1,"Oracle-GMM",-0.2,3.13682945831808,5.99146454710798,TRUE,"OK"
10,500,0.1,0.1,"Oracle-GMM",0,0.226586885732001,5.99146454710798,TRUE,"OK"
10,500,0.1,0.1,"Oracle-GMM",0.2,0.914340829746832,5.99146454710798,TRUE,"OK"
10,500,0.1,0.1,"Oracle-GMM",0.4,2.41097957719293,5.99146454710798,TRUE,"OK"
10,500,0.1,0.1,"Oracle-GMM",0.6,3.02970294975364,5.99146454710798,TRUE,"OK"
10,500,0.1,0.1,"Oracle-GMM",0.8,3.22023874432257,5.99146454710798,TRUE,"OK"
10,500,0.1,0.1,"Oracle-GMM",1,0.905344350730698,5.99146454710798,TRUE,"OK"
10,500,0.1,0.1,"Oracle-GMM",1.2,2.18824552553666,5.99146454710798,TRUE,"OK"
10,500,0.1,0.1,"Oracle-GMM",1.4,1.41937929805094,5.99146454710798,TRUE,"OK"
10,500,0.1,0.1,"Oracle-GMM",1.6,1.37761193868956,5.99146454710798,TRUE,"OK"
10,500,0.1,0.1,"Oracle-GMM",1.8,1.21195055973407,5.99146454710798,TRUE,"OK"
10,500,0.1,0.1,"Oracle-GMM",2,0.18841829453327,5.99146454710798,TRUE,"OK"
10,500,0.1,0.1,"Oracle-GMM",2.2,0.130762119618873,5.99146454710798,TRUE,"OK"
10,500,0.1,0.1,"Oracle-GMM",2.4,0.0448420683722654,5.99146454710798,TRUE,"OK"
10,500,0.1,0.1,"Oracle-GMM",2.6,0.0419798571918069,5.99146454710798,TRUE,"OK"
10,500,0.1,0.1,"Oracle-GMM",2.8,0.267415880200968,5.99146454710798,TRUE,"OK"
10,500,0.1,0.1,"Oracle-GMM",3,0.134791315468966,5.99146454710798,TRUE,"OK"
10,500,0.1,0.1,"Oracle-GMM",3.2,0.0817876651966748,5.99146454710798,TRUE,"OK"
10,500,0.1,0.1,"Oracle-GMM",3.4,0.838868307766904,5.99146454710798,TRUE,"OK"
10,500,0.1,0.1,"Oracle-GMM",3.6,0.357960731994852,5.99146454710798,TRUE,"OK"
10,500,0.1,0.1,"Oracle-GMM",3.8,0.401878766836387,5.99146454710798,TRUE,"OK"
10,500,0.1,0.1,"Oracle-GMM",4,0.366467313701657,5.99146454710798,TRUE,"OK"
10,500,0.1,0.1,"Oracle-GMM",4.2,0.404279811852455,5.99146454710798,TRUE,"OK"
10,500,0.1,0.1,"Oracle-GMM",4.4,0.270888197620104,5.99146454710798,TRUE,"OK"
10,500,0.1,0.1,"Oracle-GMM",4.6,0.137132795945498,5.99146454710798,TRUE,"OK"
10,500,0.1,0.1,"Oracle-GMM",4.8,0.133973321676151,5.99146454710798,TRUE,"OK"
10,500,0.1,0.1,"Oracle-GMM",5,0.0671715166205172,5.99146454710798,TRUE,"OK"
10,500,0.1,0.1,"Full-GMM",-3,1.49228263127975,5.99146454710798,TRUE,"OK"
10,500,0.1,0.1,"Full-GMM",-2.8,1.49292055757242,5.99146454710798,TRUE,"OK"
10,500,0.1,0.1,"Full-GMM",-2.6,0.814681929998003,5.99146454710798,TRUE,"OK"
10,500,0.1,0.1,"Full-GMM",-2.4,0.797886872574115,5.99146454710798,TRUE,"OK"
10,500,0.1,0.1,"Full-GMM",-2.2,1.92633456079892,5.99146454710798,TRUE,"OK"
10,500,0.1,0.1,"Full-GMM",-2,0.139087672133862,5.99146454710798,TRUE,"OK"
10,500,0.1,0.1,"Full-GMM",-1.8,0.0959326988015474,5.99146454710798,TRUE,"OK"
10,500,0.1,0.1,"Full-GMM",-1.6,4.17855777342713,5.99146454710798,TRUE,"OK"
10,500,0.1,0.1,"Full-GMM",-1.4,0.0331799478964761,5.99146454710798,TRUE,"OK"
10,500,0.1,0.1,"Full-GMM",-1.2,0.358346216830401,5.99146454710798,TRUE,"OK"
10,500,0.1,0.1,"Full-GMM",-1,1.59503715762381,5.99146454710798,TRUE,"OK"
10,500,0.1,0.1,"Full-GMM",-0.8,0.957803884294593,5.99146454710798,TRUE,"OK"
10,500,0.1,0.1,"Full-GMM",-0.6,2.05767372171079,5.99146454710798,TRUE,"OK"
10,500,0.1,0.1,"Full-GMM",-0.4,1.24062633208302,5.99146454710798,TRUE,"OK"
10,500,0.1,0.1,"Full-GMM",-0.2,4.57365810846349,5.99146454710798,TRUE,"OK"
10,500,0.1,0.1,"Full-GMM",0,0.202011476755195,5.99146454710798,TRUE,"OK"
10,500,0.1,0.1,"Full-GMM",0.2,1.63530941642422,5.99146454710798,TRUE,"OK"
10,500,0.1,0.1,"Full-GMM",0.4,1.92365448550087,5.99146454710798,TRUE,"OK"
10,500,0.1,0.1,"Full-GMM",0.6,0.0514188825956215,5.99146454710798,TRUE,"OK"
10,500,0.1,0.1,"Full-GMM",0.8,2.27131992599928,5.99146454710798,TRUE,"OK"
10,500,0.1,0.1,"Full-GMM",1,2.37984811643584,5.99146454710798,TRUE,"OK"
10,500,0.1,0.1,"Full-GMM",1.2,5.11401669650455,5.99146454710798,TRUE,"OK"
10,500,0.1,0.1,"Full-GMM",1.4,3.47508632651336,5.99146454710798,TRUE,"OK"
10,500,0.1,0.1,"Full-GMM",1.6,3.05535846172081,5.99146454710798,TRUE,"OK"
10,500,0.1,0.1,"Full-GMM",1.8,0.962055752389024,5.99146454710798,TRUE,"OK"
10,500,0.1,0.1,"Full-GMM",2,1.05137813343629,5.99146454710798,TRUE,"OK"
10,500,0.1,0.1,"Full-GMM",2.2,2.96632176749791,5.99146454710798,TRUE,"OK"
10,500,0.1,0.1,"Full-GMM",2.4,1.17289350327327,5.99146454710798,TRUE,"OK"
10,500,0.1,0.1,"Full-GMM",2.6,0.00292954418084289,5.99146454710798,TRUE,"OK"
10,500,0.1,0.1,"Full-GMM",2.8,0.604616442225281,5.99146454710798,TRUE,"OK"
10,500,0.1,0.1,"Full-GMM",3,0.322166895732681,5.99146454710798,TRUE,"OK"
10,500,0.1,0.1,"Full-GMM",3.2,0.198507607540852,5.99146454710798,TRUE,"OK"
10,500,0.1,0.1,"Full-GMM",3.4,3.20721659992491,5.99146454710798,TRUE,"OK"
10,500,0.1,0.1,"Full-GMM",3.6,0.597720018280709,5.99146454710798,TRUE,"OK"
10,500,0.1,0.1,"Full-GMM",3.8,3.2959865947998,5.99146454710798,TRUE,"OK"
10,500,0.1,0.1,"Full-GMM",4,0.0769319176385088,5.99146454710798,TRUE,"OK"
10,500,0.1,0.1,"Full-GMM",4.2,0.584030921995461,5.99146454710798,TRUE,"OK"
10,500,0.1,0.1,"Full-GMM",4.4,0.711253692693508,5.99146454710798,TRUE,"OK"
10,500,0.1,0.1,"Full-GMM",4.6,3.69137645095896,5.99146454710798,TRUE,"OK"
10,500,0.1,0.1,"Full-GMM",4.8,0.279614432979655,5.99146454710798,TRUE,"OK"
10,500,0.1,0.1,"Full-GMM",5,0.0571070454568617,5.99146454710798,TRUE,"OK"
10,500,0.1,0.1,"DML-IVQR",-3,4.50111246992551,5.99146454710798,TRUE,"OK"
10,500,0.1,0.1,"DML-IVQR",-2.8,4.18973370294832,5.99146454710798,TRUE,"OK"
10,500,0.1,0.1,"DML-IVQR",-2.6,3.85926920084397,5.99146454710798,TRUE,"OK"
10,500,0.1,0.1,"DML-IVQR",-2.4,5.83814322213337,5.99146454710798,TRUE,"OK"
10,500,0.1,0.1,"DML-IVQR",-2.2,5.84656966095403,5.99146454710798,TRUE,"OK"
10,500,0.1,0.1,"DML-IVQR",-2,1.85322640883744,5.99146454710798,TRUE,"OK"
10,500,0.1,0.1,"DML-IVQR",-1.8,2.40437283841944,5.99146454710798,TRUE,"OK"
10,500,0.1,0.1,"DML-IVQR",-1.6,0.600535858792752,5.99146454710798,TRUE,"OK"
10,500,0.1,0.1,"DML-IVQR",-1.4,4.02696576208897,5.99146454710798,TRUE,"OK"
10,500,0.1,0.1,"DML-IVQR",-1.2,4.74077735079806,5.99146454710798,TRUE,"OK"
10,500,0.1,0.1,"DML-IVQR",-1,8.19748843258435,5.99146454710798,FALSE,"OK"
10,500,0.1,0.1,"DML-IVQR",-0.8,9.34741298940124,5.99146454710798,FALSE,"OK"
10,500,0.1,0.1,"DML-IVQR",-0.6,8.22948326002178,5.99146454710798,FALSE,"OK"
10,500,0.1,0.1,"DML-IVQR",-0.4,4.77722547876982,5.99146454710798,TRUE,"OK"
10,500,0.1,0.1,"DML-IVQR",-0.2,4.38126995406597,5.99146454710798,TRUE,"OK"
10,500,0.1,0.1,"DML-IVQR",0,4.86049547381679,5.99146454710798,TRUE,"OK"
10,500,0.1,0.1,"DML-IVQR",0.2,2.33551210234211,5.99146454710798,TRUE,"OK"
10,500,0.1,0.1,"DML-IVQR",0.4,1.10866093911959,5.99146454710798,TRUE,"OK"
10,500,0.1,0.1,"DML-IVQR",0.6,0.326092015897633,5.99146454710798,TRUE,"OK"
10,500,0.1,0.1,"DML-IVQR",0.8,1.67037735569524,5.99146454710798,TRUE,"OK"
10,500,0.1,0.1,"DML-IVQR",1,1.54266945629389,5.99146454710798,TRUE,"OK"
10,500,0.1,0.1,"DML-IVQR",1.2,5.73519844824131,5.99146454710798,TRUE,"OK"
10,500,0.1,0.1,"DML-IVQR",1.4,3.23713318811026,5.99146454710798,TRUE,"OK"
10,500,0.1,0.1,"DML-IVQR",1.6,2.90186617022982,5.99146454710798,TRUE,"OK"
10,500,0.1,0.1,"DML-IVQR",1.8,3.7370388205983,5.99146454710798,TRUE,"OK"
10,500,0.1,0.1,"DML-IVQR",2,2.98484901796379,5.99146454710798,TRUE,"OK"
10,500,0.1,0.1,"DML-IVQR",2.2,2.70924508702855,5.99146454710798,TRUE,"OK"
10,500,0.1,0.1,"DML-IVQR",2.4,0.847178334068224,5.99146454710798,TRUE,"OK"
10,500,0.1,0.1,"DML-IVQR",2.6,0.611925194069815,5.99146454710798,TRUE,"OK"
10,500,0.1,0.1,"DML-IVQR",2.8,0.753602518418139,5.99146454710798,TRUE,"OK"
10,500,0.1,0.1,"DML-IVQR",3,1.22718252574599,5.99146454710798,TRUE,"OK"
10,500,0.1,0.1,"DML-IVQR",3.2,1.46878958286718,5.99146454710798,TRUE,"OK"
10,500,0.1,0.1,"DML-IVQR",3.4,1.65575403491331,5.99146454710798,TRUE,"OK"
10,500,0.1,0.1,"DML-IVQR",3.6,1.22362112393158,5.99146454710798,TRUE,"OK"
10,500,0.1,0.1,"DML-IVQR",3.8,2.38041601985008,5.99146454710798,TRUE,"OK"
10,500,0.1,0.1,"DML-IVQR",4,1.39469253132703,5.99146454710798,TRUE,"OK"
10,500,0.1,0.1,"DML-IVQR",4.2,2.40991735487266,5.99146454710798,TRUE,"OK"
10,500,0.1,0.1,"DML-IVQR",4.4,1.32447304245398,5.99146454710798,TRUE,"OK"
10,500,0.1,0.1,"DML-IVQR",4.6,1.38093755518801,5.99146454710798,TRUE,"OK"
10,500,0.1,0.1,"DML-IVQR",4.8,1.44331333915487,5.99146454710798,TRUE,"OK"
10,500,0.1,0.1,"DML-IVQR",5,1.88015378343001,5.99146454710798,TRUE,"OK"
10,500,0.1,0.5,"Oracle-GMM",-3,3.45339474910233,5.99146454710798,TRUE,"OK"
10,500,0.1,0.5,"Oracle-GMM",-2.8,2.9449573836404,5.99146454710798,TRUE,"OK"
10,500,0.1,0.5,"Oracle-GMM",-2.6,3.97373853652465,5.99146454710798,TRUE,"OK"
10,500,0.1,0.5,"Oracle-GMM",-2.4,2.7821412995218,5.99146454710798,TRUE,"OK"
10,500,0.1,0.5,"Oracle-GMM",-2.2,3.02716379016601,5.99146454710798,TRUE,"OK"
10,500,0.1,0.5,"Oracle-GMM",-2,2.53692473340379,5.99146454710798,TRUE,"OK"
10,500,0.1,0.5,"Oracle-GMM",-1.8,4.14309667428484,5.99146454710798,TRUE,"OK"
10,500,0.1,0.5,"Oracle-GMM",-1.6,2.95793130565455,5.99146454710798,TRUE,"OK"
10,500,0.1,0.5,"Oracle-GMM",-1.4,3.27199305711456,5.99146454710798,TRUE,"OK"
10,500,0.1,0.5,"Oracle-GMM",-1.2,2.31660412404647,5.99146454710798,TRUE,"OK"
10,500,0.1,0.5,"Oracle-GMM",-1,2.81864046408535,5.99146454710798,TRUE,"OK"
10,500,0.1,0.5,"Oracle-GMM",-0.8,1.77319259199715,5.99146454710798,TRUE,"OK"
10,500,0.1,0.5,"Oracle-GMM",-0.6,3.11439360715393,5.99146454710798,TRUE,"OK"
10,500,0.1,0.5,"Oracle-GMM",-0.4,3.1273780162033,5.99146454710798,TRUE,"OK"
10,500,0.1,0.5,"Oracle-GMM",-0.2,2.51791931376662,5.99146454710798,TRUE,"OK"
10,500,0.1,0.5,"Oracle-GMM",0,2.05099042992973,5.99146454710798,TRUE,"OK"
10,500,0.1,0.5,"Oracle-GMM",0.2,1.78455369089745,5.99146454710798,TRUE,"OK"
10,500,0.1,0.5,"Oracle-GMM",0.4,0.59122826453153,5.99146454710798,TRUE,"OK"
10,500,0.1,0.5,"Oracle-GMM",0.6,1.45122408712653,5.99146454710798,TRUE,"OK"
10,500,0.1,0.5,"Oracle-GMM",0.8,0.457698099796828,5.99146454710798,TRUE,"OK"
10,500,0.1,0.5,"Oracle-GMM",1,1.13272596991073,5.99146454710798,TRUE,"OK"
10,500,0.1,0.5,"Oracle-GMM",1.2,0.302465148336764,5.99146454710798,TRUE,"OK"
10,500,0.1,0.5,"Oracle-GMM",1.4,0.0215706241483901,5.99146454710798,TRUE,"OK"
10,500,0.1,0.5,"Oracle-GMM",1.6,0.17546589986749,5.99146454710798,TRUE,"OK"
10,500,0.1,0.5,"Oracle-GMM",1.8,0.405403557773827,5.99146454710798,TRUE,"OK"
10,500,0.1,0.5,"Oracle-GMM",2,0.199334551521859,5.99146454710798,TRUE,"OK"
10,500,0.1,0.5,"Oracle-GMM",2.2,0.648641016418806,5.99146454710798,TRUE,"OK"
10,500,0.1,0.5,"Oracle-GMM",2.4,1.58292506092998,5.99146454710798,TRUE,"OK"
10,500,0.1,0.5,"Oracle-GMM",2.6,2.09872866064867,5.99146454710798,TRUE,"OK"
10,500,0.1,0.5,"Oracle-GMM",2.8,1.99243440867926,5.99146454710798,TRUE,"OK"
10,500,0.1,0.5,"Oracle-GMM",3,2.73256510674378,5.99146454710798,TRUE,"OK"
10,500,0.1,0.5,"Oracle-GMM",3.2,2.23813615303921,5.99146454710798,TRUE,"OK"
10,500,0.1,0.5,"Oracle-GMM",3.4,3.05838362530773,5.99146454710798,TRUE,"OK"
10,500,0.1,0.5,"Oracle-GMM",3.6,4.17824030809469,5.99146454710798,TRUE,"OK"
10,500,0.1,0.5,"Oracle-GMM",3.8,3.97528189647613,5.99146454710798,TRUE,"OK"
10,500,0.1,0.5,"Oracle-GMM",4,4.17508742711437,5.99146454710798,TRUE,"OK"
10,500,0.1,0.5,"Oracle-GMM",4.2,3.19205429676358,5.99146454710798,TRUE,"OK"
10,500,0.1,0.5,"Oracle-GMM",4.4,1.59543082035139,5.99146454710798,TRUE,"OK"
10,500,0.1,0.5,"Oracle-GMM",4.6,2.22947439077526,5.99146454710798,TRUE,"OK"
10,500,0.1,0.5,"Oracle-GMM",4.8,1.45053274559566,5.99146454710798,TRUE,"OK"
10,500,0.1,0.5,"Oracle-GMM",5,1.33673989763647,5.99146454710798,TRUE,"OK"
10,500,0.1,0.5,"Full-GMM",-3,0.723745693749062,5.99146454710798,TRUE,"OK"
10,500,0.1,0.5,"Full-GMM",-2.8,4.91476403712924,5.99146454710798,TRUE,"OK"
10,500,0.1,0.5,"Full-GMM",-2.6,6.88268984745048,5.99146454710798,FALSE,"OK"
10,500,0.1,0.5,"Full-GMM",-2.4,2.54054564927191,5.99146454710798,TRUE,"OK"
10,500,0.1,0.5,"Full-GMM",-2.2,3.59463699477331,5.99146454710798,TRUE,"OK"
10,500,0.1,0.5,"Full-GMM",-2,3.54410230119413,5.99146454710798,TRUE,"OK"
10,500,0.1,0.5,"Full-GMM",-1.8,2.83791854931145,5.99146454710798,TRUE,"OK"
10,500,0.1,0.5,"Full-GMM",-1.6,2.25520762434762,5.99146454710798,TRUE,"OK"
10,500,0.1,0.5,"Full-GMM",-1.4,1.9669770339859,5.99146454710798,TRUE,"OK"
10,500,0.1,0.5,"Full-GMM",-1.2,3.5217345810726,5.99146454710798,TRUE,"OK"
10,500,0.1,0.5,"Full-GMM",-1,3.84095873836842,5.99146454710798,TRUE,"OK"
10,500,0.1,0.5,"Full-GMM",-0.8,4.03488886499152,5.99146454710798,TRUE,"OK"
10,500,0.1,0.5,"Full-GMM",-0.6,4.40597971395536,5.99146454710798,TRUE,"OK"
10,500,0.1,0.5,"Full-GMM",-0.4,3.88009329380912,5.99146454710798,TRUE,"OK"
10,500,0.1,0.5,"Full-GMM",-0.2,2.17360608383381,5.99146454710798,TRUE,"OK"
10,500,0.1,0.5,"Full-GMM",0,2.27035215473825,5.99146454710798,TRUE,"OK"
10,500,0.1,0.5,"Full-GMM",0.2,0.480773237073805,5.99146454710798,TRUE,"OK"
10,500,0.1,0.5,"Full-GMM",0.4,5.16284819213537,5.99146454710798,TRUE,"OK"
10,500,0.1,0.5,"Full-GMM",0.6,4.13520547824751,5.99146454710798,TRUE,"OK"
10,500,0.1,0.5,"Full-GMM",0.8,1.71360791918811,5.99146454710798,TRUE,"OK"
10,500,0.1,0.5,"Full-GMM",1,0.924044304997883,5.99146454710798,TRUE,"OK"
10,500,0.1,0.5,"Full-GMM",1.2,1.77304213407737,5.99146454710798,TRUE,"OK"
10,500,0.1,0.5,"Full-GMM",1.4,0.895018326328271,5.99146454710798,TRUE,"OK"
10,500,0.1,0.5,"Full-GMM",1.6,2.35778210362381,5.99146454710798,TRUE,"OK"
10,500,0.1,0.5,"Full-GMM",1.8,0.242808601537458,5.99146454710798,TRUE,"OK"
10,500,0.1,0.5,"Full-GMM",2,0.0493953639739111,5.99146454710798,TRUE,"OK"
10,500,0.1,0.5,"Full-GMM",2.2,0.654273248663991,5.99146454710798,TRUE,"OK"
10,500,0.1,0.5,"Full-GMM",2.4,0.150442655871984,5.99146454710798,TRUE,"OK"
10,500,0.1,0.5,"Full-GMM",2.6,0.17667823496823,5.99146454710798,TRUE,"OK"
10,500,0.1,0.5,"Full-GMM",2.8,0.16134268408253,5.99146454710798,TRUE,"OK"
10,500,0.1,0.5,"Full-GMM",3,1.61974934571939,5.99146454710798,TRUE,"OK"
10,500,0.1,0.5,"Full-GMM",3.2,0.0420196803439025,5.99146454710798,TRUE,"OK"
10,500,0.1,0.5,"Full-GMM",3.4,1.83847375186694,5.99146454710798,TRUE,"OK"
10,500,0.1,0.5,"Full-GMM",3.6,0.788366679026667,5.99146454710798,TRUE,"OK"
10,500,0.1,0.5,"Full-GMM",3.8,1.61197166691014,5.99146454710798,TRUE,"OK"
10,500,0.1,0.5,"Full-GMM",4,0.397108450947214,5.99146454710798,TRUE,"OK"
10,500,0.1,0.5,"Full-GMM",4.2,4.10732504350368,5.99146454710798,TRUE,"OK"
10,500,0.1,0.5,"Full-GMM",4.4,7.60094524095648,5.99146454710798,FALSE,"OK"
10,500,0.1,0.5,"Full-GMM",4.6,4.02086755335193,5.99146454710798,TRUE,"OK"
10,500,0.1,0.5,"Full-GMM",4.8,1.75321715527217,5.99146454710798,TRUE,"OK"
10,500,0.1,0.5,"Full-GMM",5,2.46641862857058,5.99146454710798,TRUE,"OK"
10,500,0.1,0.5,"DML-IVQR",-3,6.53752292245927,5.99146454710798,FALSE,"OK"
10,500,0.1,0.5,"DML-IVQR",-2.8,5.55736083738538,5.99146454710798,TRUE,"OK"
10,500,0.1,0.5,"DML-IVQR",-2.6,4.23989752576154,5.99146454710798,TRUE,"OK"
10,500,0.1,0.5,"DML-IVQR",-2.4,5.30947390371727,5.99146454710798,TRUE,"OK"
10,500,0.1,0.5,"DML-IVQR",-2.2,6.04141916383869,5.99146454710798,FALSE,"OK"
10,500,0.1,0.5,"DML-IVQR",-2,5.72227000274763,5.99146454710798,TRUE,"OK"
10,500,0.1,0.5,"DML-IVQR",-1.8,5.33152596012447,5.99146454710798,TRUE,"OK"
10,500,0.1,0.5,"DML-IVQR",-1.6,5.80242866884451,5.99146454710798,TRUE,"OK"
10,500,0.1,0.5,"DML-IVQR",-1.4,3.95793462118401,5.99146454710798,TRUE,"OK"
10,500,0.1,0.5,"DML-IVQR",-1.2,4.0206524526388,5.99146454710798,TRUE,"OK"
10,500,0.1,0.5,"DML-IVQR",-1,4.06322408724875,5.99146454710798,TRUE,"OK"
10,500,0.1,0.5,"DML-IVQR",-0.8,3.57817899199065,5.99146454710798,TRUE,"OK"
10,500,0.1,0.5,"DML-IVQR",-0.6,2.51747420787916,5.99146454710798,TRUE,"OK"
10,500,0.1,0.5,"DML-IVQR",-0.4,3.37092963131842,5.99146454710798,TRUE,"OK"
10,500,0.1,0.5,"DML-IVQR",-0.2,2.09245253535407,5.99146454710798,TRUE,"OK"
10,500,0.1,0.5,"DML-IVQR",0,2.6824638141622,5.99146454710798,TRUE,"OK"
10,500,0.1,0.5,"DML-IVQR",0.2,1.60270606142899,5.99146454710798,TRUE,"OK"
10,500,0.1,0.5,"DML-IVQR",0.4,0.888339306496972,5.99146454710798,TRUE,"OK"
10,500,0.1,0.5,"DML-IVQR",0.6,0.133866672547096,5.99146454710798,TRUE,"OK"
10,500,0.1,0.5,"DML-IVQR",0.8,0.698099648568175,5.99146454710798,TRUE,"OK"
10,500,0.1,0.5,"DML-IVQR",1,0.904119206621693,5.99146454710798,TRUE,"OK"
10,500,0.1,0.5,"DML-IVQR",1.2,1.30732826565886,5.99146454710798,TRUE,"OK"
10,500,0.1,0.5,"DML-IVQR",1.4,0.406013359491026,5.99146454710798,TRUE,"OK"
10,500,0.1,0.5,"DML-IVQR",1.6,0.125185234623066,5.99146454710798,TRUE,"OK"
10,500,0.1,0.5,"DML-IVQR",1.8,0.188351623629023,5.99146454710798,TRUE,"OK"
10,500,0.1,0.5,"DML-IVQR",2,0.250925959388865,5.99146454710798,TRUE,"OK"
10,500,0.1,0.5,"DML-IVQR",2.2,0.182695741928966,5.99146454710798,TRUE,"OK"
10,500,0.1,0.5,"DML-IVQR",2.4,0.516125462636723,5.99146454710798,TRUE,"OK"
10,500,0.1,0.5,"DML-IVQR",2.6,0.33103188311741,5.99146454710798,TRUE,"OK"
10,500,0.1,0.5,"DML-IVQR",2.8,0.214798619816789,5.99146454710798,TRUE,"OK"
10,500,0.1,0.5,"DML-IVQR",3,0.526552746167538,5.99146454710798,TRUE,"OK"
10,500,0.1,0.5,"DML-IVQR",3.2,1.31286549718067,5.99146454710798,TRUE,"OK"
10,500,0.1,0.5,"DML-IVQR",3.4,1.35708619467962,5.99146454710798,TRUE,"OK"
10,500,0.1,0.5,"DML-IVQR",3.6,1.09571125534212,5.99146454710798,TRUE,"OK"
10,500,0.1,0.5,"DML-IVQR",3.8,2.85595677980607,5.99146454710798,TRUE,"OK"
10,500,0.1,0.5,"DML-IVQR",4,2.01271785394229,5.99146454710798,TRUE,"OK"
10,500,0.1,0.5,"DML-IVQR",4.2,3.57706817690878,5.99146454710798,TRUE,"OK"
10,500,0.1,0.5,"DML-IVQR",4.4,3.39439999433267,5.99146454710798,TRUE,"OK"
10,500,0.1,0.5,"DML-IVQR",4.6,4.11690070064007,5.99146454710798,TRUE,"OK"
10,500,0.1,0.5,"DML-IVQR",4.8,2.61238546520754,5.99146454710798,TRUE,"OK"
10,500,0.1,0.5,"DML-IVQR",5,2.27935648522894,5.99146454710798,TRUE,"OK"
10,500,0.1,0.9,"Oracle-GMM",-3,0.547908779089089,5.99146454710798,TRUE,"OK"
10,500,0.1,0.9,"Oracle-GMM",-2.8,0.515039904216021,5.99146454710798,TRUE,"OK"
10,500,0.1,0.9,"Oracle-GMM",-2.6,0.0518338487819186,5.99146454710798,TRUE,"OK"
10,500,0.1,0.9,"Oracle-GMM",-2.4,0.522207703204855,5.99146454710798,TRUE,"OK"
10,500,0.1,0.9,"Oracle-GMM",-2.2,0.643978263512525,5.99146454710798,TRUE,"OK"
10,500,0.1,0.9,"Oracle-GMM",-2,0.684127717276702,5.99146454710798,TRUE,"OK"
10,500,0.1,0.9,"Oracle-GMM",-1.8,0.135893964112168,5.99146454710798,TRUE,"OK"
10,500,0.1,0.9,"Oracle-GMM",-1.6,0.220890213987937,5.99146454710798,TRUE,"OK"
10,500,0.1,0.9,"Oracle-GMM",-1.4,0.33574114211584,5.99146454710798,TRUE,"OK"
10,500,0.1,0.9,"Oracle-GMM",-1.2,0.514617059270358,5.99146454710798,TRUE,"OK"
10,500,0.1,0.9,"Oracle-GMM",-1,0.57493299391758,5.99146454710798,TRUE,"OK"
10,500,0.1,0.9,"Oracle-GMM",-0.8,0.493561000517228,5.99146454710798,TRUE,"OK"
10,500,0.1,0.9,"Oracle-GMM",-0.6,0.260179113607338,5.99146454710798,TRUE,"OK"
10,500,0.1,0.9,"Oracle-GMM",-0.4,0.286603506035428,5.99146454710798,TRUE,"OK"
10,500,0.1,0.9,"Oracle-GMM",-0.2,0.841931624036426,5.99146454710798,TRUE,"OK"
10,500,0.1,0.9,"Oracle-GMM",0,0.772634169614751,5.99146454710798,TRUE,"OK"
10,500,0.1,0.9,"Oracle-GMM",0.2,0.200208091583302,5.99146454710798,TRUE,"OK"
10,500,0.1,0.9,"Oracle-GMM",0.4,1.19598385478328,5.99146454710798,TRUE,"OK"
10,500,0.1,0.9,"Oracle-GMM",0.6,1.36032314600777,5.99146454710798,TRUE,"OK"
10,500,0.1,0.9,"Oracle-GMM",0.8,0.834661323931717,5.99146454710798,TRUE,"OK"
10,500,0.1,0.9,"Oracle-GMM",1,0.679214907878857,5.99146454710798,TRUE,"OK"
10,500,0.1,0.9,"Oracle-GMM",1.2,0.393785651460885,5.99146454710798,TRUE,"OK"
10,500,0.1,0.9,"Oracle-GMM",1.4,1.16483991415307,5.99146454710798,TRUE,"OK"
10,500,0.1,0.9,"Oracle-GMM",1.6,1.93170114950569,5.99146454710798,TRUE,"OK"
10,500,0.1,0.9,"Oracle-GMM",1.8,2.58524271878113,5.99146454710798,TRUE,"OK"
10,500,0.1,0.9,"Oracle-GMM",2,5.33082687619857,5.99146454710798,TRUE,"OK"
10,500,0.1,0.9,"Oracle-GMM",2.2,3.93337349932042,5.99146454710798,TRUE,"OK"
10,500,0.1,0.9,"Oracle-GMM",2.4,0.654714453376912,5.99146454710798,TRUE,"OK"
10,500,0.1,0.9,"Oracle-GMM",2.6,1.0755286289579,5.99146454710798,TRUE,"OK"
10,500,0.1,0.9,"Oracle-GMM",2.8,0.470995915039009,5.99146454710798,TRUE,"OK"
10,500,0.1,0.9,"Oracle-GMM",3,0.595460384883549,5.99146454710798,TRUE,"OK"
10,500,0.1,0.9,"Oracle-GMM",3.2,1.09020012129914,5.99146454710798,TRUE,"OK"
10,500,0.1,0.9,"Oracle-GMM",3.4,1.633280463326,5.99146454710798,TRUE,"OK"
10,500,0.1,0.9,"Oracle-GMM",3.6,0.659845731658134,5.99146454710798,TRUE,"OK"
10,500,0.1,0.9,"Oracle-GMM",3.8,1.04784454742793,5.99146454710798,TRUE,"OK"
10,500,0.1,0.9,"Oracle-GMM",4,1.31430848838765,5.99146454710798,TRUE,"OK"
10,500,0.1,0.9,"Oracle-GMM",4.2,1.55066864401729,5.99146454710798,TRUE,"OK"
10,500,0.1,0.9,"Oracle-GMM",4.4,0.860386550223041,5.99146454710798,TRUE,"OK"
10,500,0.1,0.9,"Oracle-GMM",4.6,1.75289915207621,5.99146454710798,TRUE,"OK"
10,500,0.1,0.9,"Oracle-GMM",4.8,2.387213389492,5.99146454710798,TRUE,"OK"
10,500,0.1,0.9,"Oracle-GMM",5,1.75907848792533,5.99146454710798,TRUE,"OK"
10,500,0.1,0.9,"Full-GMM",-3,0.233089107172779,5.99146454710798,TRUE,"OK"
10,500,0.1,0.9,"Full-GMM",-2.8,2.09431251357722,5.99146454710798,TRUE,"OK"
10,500,0.1,0.9,"Full-GMM",-2.6,2.46134509061781,5.99146454710798,TRUE,"OK"
10,500,0.1,0.9,"Full-GMM",-2.4,2.52546749665521,5.99146454710798,TRUE,"OK"
10,500,0.1,0.9,"Full-GMM",-2.2,2.90078501672759,5.99146454710798,TRUE,"OK"
10,500,0.1,0.9,"Full-GMM",-2,3.25107556960816,5.99146454710798,TRUE,"OK"
10,500,0.1,0.9,"Full-GMM",-1.8,2.7386056975988,5.99146454710798,TRUE,"OK"
10,500,0.1,0.9,"Full-GMM",-1.6,4.44058217520314,5.99146454710798,TRUE,"OK"
10,500,0.1,0.9,"Full-GMM",-1.4,1.41510702763074,5.99146454710798,TRUE,"OK"
10,500,0.1,0.9,"Full-GMM",-1.2,2.96922192883856,5.99146454710798,TRUE,"OK"
10,500,0.1,0.9,"Full-GMM",-1,1.18925460086097,5.99146454710798,TRUE,"OK"
10,500,0.1,0.9,"Full-GMM",-0.8,0.981177387507411,5.99146454710798,TRUE,"OK"
10,500,0.1,0.9,"Full-GMM",-0.6,1.31543712376743,5.99146454710798,TRUE,"OK"
10,500,0.1,0.9,"Full-GMM",-0.4,1.7528107291318,5.99146454710798,TRUE,"OK"
10,500,0.1,0.9,"Full-GMM",-0.2,0.332876833684014,5.99146454710798,TRUE,"OK"
10,500,0.1,0.9,"Full-GMM",0,0.266479466890553,5.99146454710798,TRUE,"OK"
10,500,0.1,0.9,"Full-GMM",0.2,1.60995564119705,5.99146454710798,TRUE,"OK"
10,500,0.1,0.9,"Full-GMM",0.4,0.15836836082016,5.99146454710798,TRUE,"OK"
10,500,0.1,0.9,"Full-GMM",0.6,2.54969642070686,5.99146454710798,TRUE,"OK"
10,500,0.1,0.9,"Full-GMM",0.8,0.102560580441186,5.99146454710798,TRUE,"OK"
10,500,0.1,0.9,"Full-GMM",1,0.104601885970738,5.99146454710798,TRUE,"OK"
10,500,0.1,0.9,"Full-GMM",1.2,0.537768938146421,5.99146454710798,TRUE,"OK"
10,500,0.1,0.9,"Full-GMM",1.4,0.139426017505142,5.99146454710798,TRUE,"OK"
10,500,0.1,0.9,"Full-GMM",1.6,0.898375907541749,5.99146454710798,TRUE,"OK"
10,500,0.1,0.9,"Full-GMM",1.8,0.163352353165435,5.99146454710798,TRUE,"OK"
10,500,0.1,0.9,"Full-GMM",2,2.9503517065826,5.99146454710798,TRUE,"OK"
10,500,0.1,0.9,"Full-GMM",2.2,4.28564782647623,5.99146454710798,TRUE,"OK"
10,500,0.1,0.9,"Full-GMM",2.4,0.8659216308914,5.99146454710798,TRUE,"OK"
10,500,0.1,0.9,"Full-GMM",2.6,0.719898101351944,5.99146454710798,TRUE,"OK"
10,500,0.1,0.9,"Full-GMM",2.8,1.30430572784601,5.99146454710798,TRUE,"OK"
10,500,0.1,0.9,"Full-GMM",3,1.39006953564352,5.99146454710798,TRUE,"OK"
10,500,0.1,0.9,"Full-GMM",3.2,1.54629119989462,5.99146454710798,TRUE,"OK"
10,500,0.1,0.9,"Full-GMM",3.4,0.353463400475904,5.99146454710798,TRUE,"OK"
10,500,0.1,0.9,"Full-GMM",3.6,4.14252428537007,5.99146454710798,TRUE,"OK"
10,500,0.1,0.9,"Full-GMM",3.8,1.97833586914567,5.99146454710798,TRUE,"OK"
10,500,0.1,0.9,"Full-GMM",4,1.0198419256434,5.99146454710798,TRUE,"OK"
10,500,0.1,0.9,"Full-GMM",4.2,0.318505255888239,5.99146454710798,TRUE,"OK"
10,500,0.1,0.9,"Full-GMM",4.4,0.638117435672625,5.99146454710798,TRUE,"OK"
10,500,0.1,0.9,"Full-GMM",4.6,1.88473954303809,5.99146454710798,TRUE,"OK"
10,500,0.1,0.9,"Full-GMM",4.8,5.65480444561863,5.99146454710798,TRUE,"OK"
10,500,0.1,0.9,"Full-GMM",5,0.690844952803693,5.99146454710798,TRUE,"OK"
10,500,0.1,0.9,"DML-IVQR",-3,3.40802137620808,5.99146454710798,TRUE,"OK"
10,500,0.1,0.9,"DML-IVQR",-2.8,4.07757928983019,5.99146454710798,TRUE,"OK"
10,500,0.1,0.9,"DML-IVQR",-2.6,3.93189108483987,5.99146454710798,TRUE,"OK"
10,500,0.1,0.9,"DML-IVQR",-2.4,3.63728325472763,5.99146454710798,TRUE,"OK"
10,500,0.1,0.9,"DML-IVQR",-2.2,2.46458106781052,5.99146454710798,TRUE,"OK"
10,500,0.1,0.9,"DML-IVQR",-2,2.41546419528643,5.99146454710798,TRUE,"OK"
10,500,0.1,0.9,"DML-IVQR",-1.8,2.33864797164836,5.99146454710798,TRUE,"OK"
10,500,0.1,0.9,"DML-IVQR",-1.6,0.530346525301495,5.99146454710798,TRUE,"OK"
10,500,0.1,0.9,"DML-IVQR",-1.4,1.9990499353282,5.99146454710798,TRUE,"OK"
10,500,0.1,0.9,"DML-IVQR",-1.2,1.16853127306023,5.99146454710798,TRUE,"OK"
10,500,0.1,0.9,"DML-IVQR",-1,1.90245681648282,5.99146454710798,TRUE,"OK"
10,500,0.1,0.9,"DML-IVQR",-0.8,1.69581432377658,5.99146454710798,TRUE,"OK"
10,500,0.1,0.9,"DML-IVQR",-0.6,0.662375690857687,5.99146454710798,TRUE,"OK"
10,500,0.1,0.9,"DML-IVQR",-0.4,1.35369796085575,5.99146454710798,TRUE,"OK"
10,500,0.1,0.9,"DML-IVQR",-0.2,0.153881734223015,5.99146454710798,TRUE,"OK"
10,500,0.1,0.9,"DML-IVQR",0,0.187206140104297,5.99146454710798,TRUE,"OK"
10,500,0.1,0.9,"DML-IVQR",0.2,0.921015662014521,5.99146454710798,TRUE,"OK"
10,500,0.1,0.9,"DML-IVQR",0.4,0.980992337205863,5.99146454710798,TRUE,"OK"
10,500,0.1,0.9,"DML-IVQR",0.6,0.951188102275903,5.99146454710798,TRUE,"OK"
10,500,0.1,0.9,"DML-IVQR",0.8,0.775772052265229,5.99146454710798,TRUE,"OK"
10,500,0.1,0.9,"DML-IVQR",1,0.626998174027949,5.99146454710798,TRUE,"OK"
10,500,0.1,0.9,"DML-IVQR",1.2,0.499491413025456,5.99146454710798,TRUE,"OK"
10,500,0.1,0.9,"DML-IVQR",1.4,0.322573335080634,5.99146454710798,TRUE,"OK"
10,500,0.1,0.9,"DML-IVQR",1.6,0.272312506903374,5.99146454710798,TRUE,"OK"
10,500,0.1,0.9,"DML-IVQR",1.8,1.33385824772342,5.99146454710798,TRUE,"OK"
10,500,0.1,0.9,"DML-IVQR",2,1.45811737371479,5.99146454710798,TRUE,"OK"
10,500,0.1,0.9,"DML-IVQR",2.2,1.0740180647196,5.99146454710798,TRUE,"OK"
10,500,0.1,0.9,"DML-IVQR",2.4,0.266544794206583,5.99146454710798,TRUE,"OK"
10,500,0.1,0.9,"DML-IVQR",2.6,1.55769510641368,5.99146454710798,TRUE,"OK"
10,500,0.1,0.9,"DML-IVQR",2.8,1.47440895158594,5.99146454710798,TRUE,"OK"
10,500,0.1,0.9,"DML-IVQR",3,0.73251364844488,5.99146454710798,TRUE,"OK"
10,500,0.1,0.9,"DML-IVQR",3.2,0.779577781863673,5.99146454710798,TRUE,"OK"
10,500,0.1,0.9,"DML-IVQR",3.4,2.37198701909136,5.99146454710798,TRUE,"OK"
10,500,0.1,0.9,"DML-IVQR",3.6,2.76788631355568,5.99146454710798,TRUE,"OK"
10,500,0.1,0.9,"DML-IVQR",3.8,2.54234465102593,5.99146454710798,TRUE,"OK"
10,500,0.1,0.9,"DML-IVQR",4,3.0660893495203,5.99146454710798,TRUE,"OK"
10,500,0.1,0.9,"DML-IVQR",4.2,1.46560700361337,5.99146454710798,TRUE,"OK"
10,500,0.1,0.9,"DML-IVQR",4.4,2.00237550770044,5.99146454710798,TRUE,"OK"
10,500,0.1,0.9,"DML-IVQR",4.6,1.21769481932976,5.99146454710798,TRUE,"OK"
10,500,0.1,0.9,"DML-IVQR",4.8,1.53042288408911,5.99146454710798,TRUE,"OK"
10,500,0.1,0.9,"DML-IVQR",5,2.20036156585129,5.99146454710798,TRUE,"OK"
