"replication","n","kappa","tau","estimator","alpha","W","critical_value","accepted","status"
1,500,0.1,0.1,"Oracle-GMM",-1,0.337696575405052,5.99146454710798,TRUE,"OK"
1,500,0.1,0.1,"Oracle-GMM",-0.95,0.414086375828003,5.99146454710798,TRUE,"OK"
1,500,0.1,0.1,"Oracle-GMM",-0.9,0.838642466048077,5.99146454710798,TRUE,"OK"
1,500,0.1,0.1,"Oracle-GMM",-0.85,0.315275860667983,5.99146454710798,TRUE,"OK"
1,500,0.1,0.1,"Oracle-GMM",-0.8,0.0602144698414019,5.99146454710798,TRUE,"OK"
1,500,0.1,0.1,"Oracle-GMM",-0.75,0.131887498945668,5.99146454710798,TRUE,"OK"
1,500,0.1,0.1,"Oracle-GMM",-0.7,3.01769691033276,5.99146454710798,TRUE,"OK"
1,500,0.1,0.1,"Oracle-GMM",-0.65,1.30763267000427,5.99146454710798,TRUE,"OK"
1,500,0.1,0.1,"Oracle-GMM",-0.6,1.35437954140206,5.99146454710798,TRUE,"OK"
1,500,0.1,0.1,"Oracle-GMM",-0.55,0.094952540998735,5.99146454710798,TRUE,"OK"
1,500,0.1,0.1,"Oracle-GMM",-0.5,1.83849237484829,5.99146454710798,TRUE,"OK"
1,500,0.1,0.1,"Oracle-GMM",-0.45,0.0765985958405529,5.99146454710798,TRUE,"OK"
1,500,0.1,0.1,"Oracle-GMM",-0.4,0.148635012990539,5.99146454710798,TRUE,"OK"
1,500,0.1,0.1,"Oracle-GMM",-0.35,0.917188742438133,5.99146454710798,TRUE,"OK"
1,500,0.1,0.1,"Oracle-GMM",-0.3,1.83961193576779,5.99146454710798,TRUE,"OK"
1,500,0.1,0.1,"Oracle-GMM",-0.25,2.05570032635254,5.99146454710798,TRUE,"OK"
1,500,0.1,0.1,"Oracle-GMM",-0.2,0.763326698935311,5.99146454710798,TRUE,"OK"
1,500,0.1,0.1,"Oracle-GMM",-0.15,0.236073254488808,5.99146454710798,TRUE,"OK"
1,500,0.1,0.1,"Oracle-GMM",-0.1,1.00911039341573,5.99146454710798,TRUE,"OK"
1,500,0.1,0.1,"Oracle-GMM",-0.0499999999999999,1.50084445487613,5.99146454710798,TRUE,"OK"
1,500,0.1,0.1,"Oracle-GMM",0,0.60864341197421,5.99146454710798,TRUE,"OK"
1,500,0.1,0.1,"Oracle-GMM",0.05,1.18930094549988,5.99146454710798,TRUE,"OK"
1,500,0.1,0.1,"Oracle-GMM",0.1,2.61365416269517,5.99146454710798,TRUE,"OK"
1,500,0.1,0.1,"Oracle-GMM",0.15,1.59166372501451,5.99146454710798,TRUE,"OK"
1,500,0.1,0.1,"Oracle-GMM",0.2,0.695135199160652,5.99146454710798,TRUE,"OK"
1,500,0.1,0.1,"Oracle-GMM",0.25,0.956941788305891,5.99146454710798,TRUE,"OK"
1,500,0.1,0.1,"Oracle-GMM",0.3,0.514808285659045,5.99146454710798,TRUE,"OK"
1,500,0.1,0.1,"Oracle-GMM",0.35,1.26845198657571,5.99146454710798,TRUE,"OK"
1,500,0.1,0.1,"Oracle-GMM",0.4,0.814471123878718,5.99146454710798,TRUE,"OK"
1,500,0.1,0.1,"Oracle-GMM",0.45,1.34932629502303,5.99146454710798,TRUE,"OK"
1,500,0.1,0.1,"Oracle-GMM",0.5,2.46449913054215,5.99146454710798,TRUE,"OK"
1,500,0.1,0.1,"Oracle-GMM",0.55,1.92353698394835,5.99146454710798,TRUE,"OK"
1,500,0.1,0.1,"Oracle-GMM",0.6,2.77689689125276,5.99146454710798,TRUE,"OK"
1,500,0.1,0.1,"Oracle-GMM",0.65,3.08240467649723,5.99146454710798,TRUE,"OK"
1,500,0.1,0.1,"Oracle-GMM",0.7,1.4312878487596,5.99146454710798,TRUE,"OK"
1,500,0.1,0.1,"Oracle-GMM",0.75,3.51411025246667,5.99146454710798,TRUE,"OK"
1,500,0.1,0.1,"Oracle-GMM",0.8,1.09668377991159,5.99146454710798,TRUE,"OK"
1,500,0.1,0.1,"Oracle-GMM",0.85,1.41747152533757,5.99146454710798,TRUE,"OK"
1,500,0.1,0.1,"Oracle-GMM",0.9,1.8981607862867,5.99146454710798,TRUE,"OK"
1,500,0.1,0.1,"Oracle-GMM",0.95,2.27498272451662,5.99146454710798,TRUE,"OK"
1,500,0.1,0.1,"Oracle-GMM",1,2.01869159608906,5.99146454710798,TRUE,"OK"
1,500,0.1,0.1,"Oracle-GMM",1.05,2.0032311777463,5.99146454710798,TRUE,"OK"
1,500,0.1,0.1,"Oracle-GMM",1.1,0.198663160677195,5.99146454710798,TRUE,"OK"
1,500,0.1,0.1,"Oracle-GMM",1.15,1.66133206600484,5.99146454710798,TRUE,"OK"
1,500,0.1,0.1,"Oracle-GMM",1.2,0.31200665787607,5.99146454710798,TRUE,"OK"
1,500,0.1,0.1,"Oracle-GMM",1.25,1.3890329473249,5.99146454710798,TRUE,"OK"
1,500,0.1,0.1,"Oracle-GMM",1.3,2.755126160367,5.99146454710798,TRUE,"OK"
1,500,0.1,0.1,"Oracle-GMM",1.35,1.49415738606063,5.99146454710798,TRUE,"OK"
1,500,0.1,0.1,"Oracle-GMM",1.4,2.28610394088575,5.99146454710798,TRUE,"OK"
1,500,0.1,0.1,"Oracle-GMM",1.45,2.17297313109126,5.99146454710798,TRUE,"OK"
1,500,0.1,0.1,"Oracle-GMM",1.5,2.29036363235926,5.99146454710798,TRUE,"OK"
1,500,0.1,0.1,"Oracle-GMM",1.55,3.80376089823839,5.99146454710798,TRUE,"OK"
1,500,0.1,0.1,"Oracle-GMM",1.6,2.68312175287234,5.99146454710798,TRUE,"OK"
1,500,0.1,0.1,"Oracle-GMM",1.65,2.30165752735615,5.99146454710798,TRUE,"OK"
1,500,0.1,0.1,"Oracle-GMM",1.7,1.03994916603074,5.99146454710798,TRUE,"OK"
1,500,0.1,0.1,"Oracle-GMM",1.75,0.995510513167028,5.99146454710798,TRUE,"OK"
1,500,0.1,0.1,"Oracle-GMM",1.8,0.729639780011245,5.99146454710798,TRUE,"OK"
1,500,0.1,0.1,"Oracle-GMM",1.85,1.80341187015218,5.99146454710798,TRUE,"OK"
1,500,0.1,0.1,"Oracle-GMM",1.9,1.02404643228126,5.99146454710798,TRUE,"OK"
1,500,0.1,0.1,"Oracle-GMM",1.95,0.917563993521512,5.99146454710798,TRUE,"OK"
1,500,0.1,0.1,"Oracle-GMM",2,1.20269434544754,5.99146454710798,TRUE,"OK"
1,500,0.1,0.1,"Oracle-GMM",2.05,0.679573088788649,5.99146454710798,TRUE,"OK"
1,500,0.1,0.1,"Oracle-GMM",2.1,0.722241412931245,5.99146454710798,TRUE,"OK"
1,500,0.1,0.1,"Oracle-GMM",2.15,1.0331866706053,5.99146454710798,TRUE,"OK"
1,500,0.1,0.1,"Oracle-GMM",2.2,0.351365038376636,5.99146454710798,TRUE,"OK"
1,500,0.1,0.1,"Oracle-GMM",2.25,0.352581410516229,5.99146454710798,TRUE,"OK"
1,500,0.1,0.1,"Oracle-GMM",2.3,5.14038137180162,5.99146454710798,TRUE,"OK"
1,500,0.1,0.1,"Oracle-GMM",2.35,2.42580649355079,5.99146454710798,TRUE,"OK"
1,500,0.1,0.1,"Oracle-GMM",2.4,2.78457645519718,5.99146454710798,TRUE,"OK"
1,500,0.1,0.1,"Oracle-GMM",2.45,3.45886287266517,5.99146454710798,TRUE,"OK"
1,500,0.1,0.1,"Oracle-GMM",2.5,3.12259963068778,5.99146454710798,TRUE,"OK"
1,500,0.1,0.1,"Oracle-GMM",2.55,1.33973549107988,5.99146454710798,TRUE,"OK"
1,500,0.1,0.1,"Oracle-GMM",2.6,0.536606334429546,5.99146454710798,TRUE,"OK"
1,500,0.1,0.1,"Oracle-GMM",2.65,0.549031347791076,5.99146454710798,TRUE,"OK"
1,500,0.1,0.1,"Oracle-GMM",2.7,0.728574715207189,5.99146454710798,TRUE,"OK"
1,500,0.1,0.1,"Oracle-GMM",2.75,2.95232415725423,5.99146454710798,TRUE,"OK"
1,500,0.1,0.1,"Oracle-GMM",2.8,0.967313638611364,5.99146454710798,TRUE,"OK"
1,500,0.1,0.1,"Oracle-GMM",2.85,1.0025343474291,5.99146454710798,TRUE,"OK"
1,500,0.1,0.1,"Oracle-GMM",2.9,2.13783781267014,5.99146454710798,TRUE,"OK"
1,500,0.1,0.1,"Oracle-GMM",2.95,1.78366131149177,5.99146454710798,TRUE,"OK"
1,500,0.1,0.1,"Oracle-GMM",3,0.748261337908659,5.99146454710798,TRUE,"OK"
1,500,0.1,0.1,"Full-GMM",-1,3.14026268620017,5.99146454710798,TRUE,"OK"
1,500,0.1,0.1,"Full-GMM",-0.95,10.0965842565673,5.99146454710798,FALSE,"OK"
1,500,0.1,0.1,"Full-GMM",-0.9,3.85386988442622,5.99146454710798,TRUE,"OK"
1,500,0.1,0.1,"Full-GMM",-0.85,7.6399047821814,5.99146454710798,FALSE,"OK"
1,500,0.1,0.1,"Full-GMM",-0.8,1.09863626221255,5.99146454710798,TRUE,"OK"
1,500,0.1,0.1,"Full-GMM",-0.75,2.44178041846547,5.99146454710798,TRUE,"OK"
1,500,0.1,0.1,"Full-GMM",-0.7,4.84251802460632,5.99146454710798,TRUE,"OK"
1,500,0.1,0.1,"Full-GMM",-0.65,5.09305823655496,5.99146454710798,TRUE,"OK"
1,500,0.1,0.1,"Full-GMM",-0.6,4.75624171148431,5.99146454710798,TRUE,"OK"
1,500,0.1,0.1,"Full-GMM",-0.55,0.42080997440813,5.99146454710798,TRUE,"OK"
1,500,0.1,0.1,"Full-GMM",-0.5,1.93899193067206,5.99146454710798,TRUE,"OK"
1,500,0.1,0.1,"Full-GMM",-0.45,1.2319864640025,5.99146454710798,TRUE,"OK"
1,500,0.1,0.1,"Full-GMM",-0.4,0.800437422048949,5.99146454710798,TRUE,"OK"
1,500,0.1,0.1,"Full-GMM",-0.35,1.62218593649295,5.99146454710798,TRUE,"OK"
1,500,0.1,0.1,"Full-GMM",-0.3,1.32674173167889,5.99146454710798,TRUE,"OK"
1,500,0.1,0.1,"Full-GMM",-0.25,2.76463904463449,5.99146454710798,TRUE,"OK"
1,500,0.1,0.1,"Full-GMM",-0.2,3.08898927829869,5.99146454710798,TRUE,"OK"
1,500,0.1,0.1,"Full-GMM",-0.15,4.69942092121403,5.99146454710798,TRUE,"OK"
1,500,0.1,0.1,"Full-GMM",-0.1,9.70200798145181,5.99146454710798,FALSE,"OK"
1,500,0.1,0.1,"Full-GMM",-0.0499999999999999,1.10373206924499,5.99146454710798,TRUE,"OK"
1,500,0.1,0.1,"Full-GMM",0,0.527070219887521,5.99146454710798,TRUE,"OK"
1,500,0.1,0.1,"Full-GMM",0.05,5.53673994286847,5.99146454710798,TRUE,"OK"
1,500,0.1,0.1,"Full-GMM",0.1,4.31707078747524,5.99146454710798,TRUE,"OK"
1,500,0.1,0.1,"Full-GMM",0.15,1.8541458873415,5.99146454710798,TRUE,"OK"
1,500,0.1,0.1,"Full-GMM",0.2,3.64142739539181,5.99146454710798,TRUE,"OK"
1,500,0.1,0.1,"Full-GMM",0.25,2.95259002155478,5.99146454710798,TRUE,"OK"
1,500,0.1,0.1,"Full-GMM",0.3,1.92214081999588,5.99146454710798,TRUE,"OK"
1,500,0.1,0.1,"Full-GMM",0.35,4.36944145959984,5.99146454710798,TRUE,"OK"
1,500,0.1,0.1,"Full-GMM",0.4,2.29175631673068,5.99146454710798,TRUE,"OK"
1,500,0.1,0.1,"Full-GMM",0.45,0.544183115263246,5.99146454710798,TRUE,"OK"
1,500,0.1,0.1,"Full-GMM",0.5,5.10935672084334,5.99146454710798,TRUE,"OK"
1,500,0.1,0.1,"Full-GMM",0.55,0.80683799669205,5.99146454710798,TRUE,"OK"
1,500,0.1,0.1,"Full-GMM",0.6,1.0610425067333,5.99146454710798,TRUE,"OK"
1,500,0.1,0.1,"Full-GMM",0.65,2.12748564593026,5.99146454710798,TRUE,"OK"
1,500,0.1,0.1,"Full-GMM",0.7,5.4867286044331,5.99146454710798,TRUE,"OK"
1,500,0.1,0.1,"Full-GMM",0.75,3.78405803637367,5.99146454710798,TRUE,"OK"
1,500,0.1,0.1,"Full-GMM",0.8,2.05766805444621,5.99146454710798,TRUE,"OK"
1,500,0.1,0.1,"Full-GMM",0.85,2.13019854092047,5.99146454710798,TRUE,"OK"
1,500,0.1,0.1,"Full-GMM",0.9,0.59088794938806,5.99146454710798,TRUE,"OK"
1,500,0.1,0.1,"Full-GMM",0.95,0.399876874088658,5.99146454710798,TRUE,"OK"
1,500,0.1,0.1,"Full-GMM",1,0.924262740689869,5.99146454710798,TRUE,"OK"
1,500,0.1,0.1,"Full-GMM",1.05,1.53737233490992,5.99146454710798,TRUE,"OK"
1,500,0.1,0.1,"Full-GMM",1.1,2.34680953411478,5.99146454710798,TRUE,"OK"
1,500,0.1,0.1,"Full-GMM",1.15,0.922341230157664,5.99146454710798,TRUE,"OK"
1,500,0.1,0.1,"Full-GMM",1.2,0.170839178481114,5.99146454710798,TRUE,"OK"
1,500,0.1,0.1,"Full-GMM",1.25,0.509119213872779,5.99146454710798,TRUE,"OK"
1,500,0.1,0.1,"Full-GMM",1.3,0.70382084713249,5.99146454710798,TRUE,"OK"
1,500,0.1,0.1,"Full-GMM",1.35,5.13887149314576,5.99146454710798,TRUE,"OK"
1,500,0.1,0.1,"Full-GMM",1.4,0.147496086779187,5.99146454710798,TRUE,"OK"
1,500,0.1,0.1,"Full-GMM",1.45,0.083168494920614,5.99146454710798,TRUE,"OK"
1,500,0.1,0.1,"Full-GMM",1.5,1.85087441969807,5.99146454710798,TRUE,"OK"
1,500,0.1,0.1,"Full-GMM",1.55,0.271942973544855,5.99146454710798,TRUE,"OK"
1,500,0.1,0.1,"Full-GMM",1.6,1.45738856582158,5.99146454710798,TRUE,"OK"
1,500,0.1,0.1,"Full-GMM",1.65,0.427788124961747,5.99146454710798,TRUE,"OK"
1,500,0.1,0.1,"Full-GMM",1.7,1.1531627661384,5.99146454710798,TRUE,"OK"
1,500,0.1,0.1,"Full-GMM",1.75,1.18803747375786,5.99146454710798,TRUE,"OK"
1,500,0.1,0.1,"Full-GMM",1.8,2.55240318759737,5.99146454710798,TRUE,"OK"
1,500,0.1,0.1,"Full-GMM",1.85,0.428337654631394,5.99146454710798,TRUE,"OK"
1,500,0.1,0.1,"Full-GMM",1.9,1.28113984797554,5.99146454710798,TRUE,"OK"
1,500,0.1,0.1,"Full-GMM",1.95,1.19525612882559,5.99146454710798,TRUE,"OK"
1,500,0.1,0.1,"Full-GMM",2,0.533859439006774,5.99146454710798,TRUE,"OK"
1,500,0.1,0.1,"Full-GMM",2.05,1.51237411912561,5.99146454710798,TRUE,"OK"
1,500,0.1,0.1,"Full-GMM",2.1,1.86140222145942,5.99146454710798,TRUE,"OK"
1,500,0.1,0.1,"Full-GMM",2.15,0.337959669171889,5.99146454710798,TRUE,"OK"
1,500,0.1,0.1,"Full-GMM",2.2,0.273653429940622,5.99146454710798,TRUE,"OK"
1,500,0.1,0.1,"Full-GMM",2.25,2.3585965065242,5.99146454710798,TRUE,"OK"
1,500,0.1,0.1,"Full-GMM",2.3,1.16001223737211,5.99146454710798,TRUE,"OK"
1,500,0.1,0.1,"Full-GMM",2.35,1.56541741652146,5.99146454710798,TRUE,"OK"
1,500,0.1,0.1,"Full-GMM",2.4,0.60688573320158,5.99146454710798,TRUE,"OK"
1,500,0.1,0.1,"Full-GMM",2.45,0.31532109976783,5.99146454710798,TRUE,"OK"
1,500,0.1,0.1,"Full-GMM",2.5,0.0602199633335582,5.99146454710798,TRUE,"OK"
1,500,0.1,0.1,"Full-GMM",2.55,0.154834983011749,5.99146454710798,TRUE,"OK"
1,500,0.1,0.1,"Full-GMM",2.6,0.752142334330693,5.99146454710798,TRUE,"OK"
1,500,0.1,0.1,"Full-GMM",2.65,0.206183436635936,5.99146454710798,TRUE,"OK"
1,500,0.1,0.1,"Full-GMM",2.7,3.39992895612606,5.99146454710798,TRUE,"OK"
1,500,0.1,0.1,"Full-GMM",2.75,0.052044727207232,5.99146454710798,TRUE,"OK"
1,500,0.1,0.1,"Full-GMM",2.8,1.74056450618588,5.99146454710798,TRUE,"OK"
1,500,0.1,0.1,"Full-GMM",2.85,2.02333622430298,5.99146454710798,TRUE,"OK"
1,500,0.1,0.1,"Full-GMM",2.9,0.77428525998864,5.99146454710798,TRUE,"OK"
1,500,0.1,0.1,"Full-GMM",2.95,0.0467159169824722,5.99146454710798,TRUE,"OK"
1,500,0.1,0.1,"Full-GMM",3,1.30047030560315,5.99146454710798,TRUE,"OK"
1,500,0.1,0.1,"DML-IVQR",-1,0.135215068611733,5.99146454710798,TRUE,"OK"
1,500,0.1,0.1,"DML-IVQR",-0.95,0.584892845348852,5.99146454710798,TRUE,"OK"
1,500,0.1,0.1,"DML-IVQR",-0.9,0.318334033195887,5.99146454710798,TRUE,"OK"
1,500,0.1,0.1,"DML-IVQR",-0.85,0.303976010646513,5.99146454710798,TRUE,"OK"
1,500,0.1,0.1,"DML-IVQR",-0.8,0.520957002466707,5.99146454710798,TRUE,"OK"
1,500,0.1,0.1,"DML-IVQR",-0.75,1.19235420803128,5.99146454710798,TRUE,"OK"
1,500,0.1,0.1,"DML-IVQR",-0.7,0.913766435631172,5.99146454710798,TRUE,"OK"
1,500,0.1,0.1,"DML-IVQR",-0.65,0.0108919590451229,5.99146454710798,TRUE,"OK"
1,500,0.1,0.1,"DML-IVQR",-0.6,0.790858367409624,5.99146454710798,TRUE,"OK"
1,500,0.1,0.1,"DML-IVQR",-0.55,1.15324790072226,5.99146454710798,TRUE,"OK"
1,500,0.1,0.1,"DML-IVQR",-0.5,0.146985654871825,5.99146454710798,TRUE,"OK"
1,500,0.1,0.1,"DML-IVQR",-0.45,0.382644679728074,5.99146454710798,TRUE,"OK"
1,500,0.1,0.1,"DML-IVQR",-0.4,0.410025389583484,5.99146454710798,TRUE,"OK"
1,500,0.1,0.1,"DML-IVQR",-0.35,0.819879799675864,5.99146454710798,TRUE,"OK"
1,500,0.1,0.1,"DML-IVQR",-0.3,0.840545311925003,5.99146454710798,TRUE,"OK"
1,500,0.1,0.1,"DML-IVQR",-0.25,4.17045632271494,5.99146454710798,TRUE,"OK"
1,500,0.1,0.1,"DML-IVQR",-0.2,2.5248194233034,5.99146454710798,TRUE,"OK"
1,500,0.1,0.1,"DML-IVQR",-0.15,1.79978160666531,5.99146454710798,TRUE,"OK"
1,500,0.1,0.1,"DML-IVQR",-0.1,3.65207182791658,5.99146454710798,TRUE,"OK"
1,500,0.1,0.1,"DML-IVQR",-0.0499999999999999,1.63983112596223,5.99146454710798,TRUE,"OK"
1,500,0.1,0.1,"DML-IVQR",0,2.24735258613538,5.99146454710798,TRUE,"OK"
1,500,0.1,0.1,"DML-IVQR",0.05,3.78761508704771,5.99146454710798,TRUE,"OK"
1,500,0.1,0.1,"DML-IVQR",0.1,3.97557783618851,5.99146454710798,TRUE,"OK"
1,500,0.1,0.1,"DML-IVQR",0.15,2.17079727948687,5.99146454710798,TRUE,"OK"
1,500,0.1,0.1,"DML-IVQR",0.2,3.36455127202309,5.99146454710798,TRUE,"OK"
1,500,0.1,0.1,"DML-IVQR",0.25,3.09275893372447,5.99146454710798,TRUE,"OK"
1,500,0.1,0.1,"DML-IVQR",0.3,3.47955388796179,5.99146454710798,TRUE,"OK"
1,500,0.1,0.1,"DML-IVQR",0.35,5.14498366280468,5.99146454710798,TRUE,"OK"
1,500,0.1,0.1,"DML-IVQR",0.4,2.54027477963231,5.99146454710798,TRUE,"OK"
1,500,0.1,0.1,"DML-IVQR",0.45,4.20152106689067,5.99146454710798,TRUE,"OK"
1,500,0.1,0.1,"DML-IVQR",0.5,1.47869182824245,5.99146454710798,TRUE,"OK"
1,500,0.1,0.1,"DML-IVQR",0.55,1.43055349604844,5.99146454710798,TRUE,"OK"
1,500,0.1,0.1,"DML-IVQR",0.6,1.44914774741985,5.99146454710798,TRUE,"OK"
1,500,0.1,0.1,"DML-IVQR",0.65,7.53919245532864,5.99146454710798,FALSE,"OK"
1,500,0.1,0.1,"DML-IVQR",0.7,2.51556372185506,5.99146454710798,TRUE,"OK"
1,500,0.1,0.1,"DML-IVQR",0.75,1.38473712131419,5.99146454710798,TRUE,"OK"
1,500,0.1,0.1,"DML-IVQR",0.8,1.36460779072189,5.99146454710798,TRUE,"OK"
1,500,0.1,0.1,"DML-IVQR",0.85,1.34395302006961,5.99146454710798,TRUE,"OK"
1,500,0.1,0.1,"DML-IVQR",0.9,1.02410280088643,5.99146454710798,TRUE,"OK"
1,500,0.1,0.1,"DML-IVQR",0.95,2.20130672922992,5.99146454710798,TRUE,"OK"
1,500,0.1,0.1,"DML-IVQR",1,2.31885877633148,5.99146454710798,TRUE,"OK"
1,500,0.1,0.1,"DML-IVQR",1.05,4.50482780519268,5.99146454710798,TRUE,"OK"
1,500,0.1,0.1,"DML-IVQR",1.1,4.20605527774345,5.99146454710798,TRUE,"OK"
1,500,0.1,0.1,"DML-IVQR",1.15,3.48128308087144,5.99146454710798,TRUE,"OK"
1,500,0.1,0.1,"DML-IVQR",1.2,3.08906848463365,5.99146454710798,TRUE,"OK"
1,500,0.1,0.1,"DML-IVQR",1.25,2.84204135706051,5.99146454710798,TRUE,"OK"
1,500,0.1,0.1,"DML-IVQR",1.3,0.605303312147236,5.99146454710798,TRUE,"OK"
1,500,0.1,0.1,"DML-IVQR",1.35,0.706087560917466,5.99146454710798,TRUE,"OK"
1,500,0.1,0.1,"DML-IVQR",1.4,1.09393558626183,5.99146454710798,TRUE,"OK"
1,500,0.1,0.1,"DML-IVQR",1.45,0.0833199691318299,5.99146454710798,TRUE,"OK"
1,500,0.1,0.1,"DML-IVQR",1.5,0.0782515987539532,5.99146454710798,TRUE,"OK"
1,500,0.1,0.1,"DML-IVQR",1.55,0.126050752449019,5.99146454710798,TRUE,"OK"
1,500,0.1,0.1,"DML-IVQR",1.6,0.0312848348210717,5.99146454710798,TRUE,"OK"
1,500,0.1,0.1,"DML-IVQR",1.65,0.0275097598609698,5.99146454710798,TRUE,"OK"
1,500,0.1,0.1,"DML-IVQR",1.7,0.246987014006535,5.99146454710798,TRUE,"OK"
1,500,0.1,0.1,"DML-IVQR",1.75,0.438815780305959,5.99146454710798,TRUE,"OK"
1,500,0.1,0.1,"DML-IVQR",1.8,0.0755121257096068,5.99146454710798,TRUE,"OK"
1,500,0.1,0.1,"DML-IVQR",1.85,0.386190274964294,5.99146454710798,TRUE,"OK"
1,500,0.1,0.1,"DML-IVQR",1.9,0.412492307558211,5.99146454710798,TRUE,"OK"
1,500,0.1,0.1,"DML-IVQR",1.95,0.0423650427866603,5.99146454710798,TRUE,"OK"
1,500,0.1,0.1,"DML-IVQR",2,0.152020149910207,5.99146454710798,TRUE,"OK"
1,500,0.1,0.1,"DML-IVQR",2.05,0.0146079699371901,5.99146454710798,TRUE,"OK"
1,500,0.1,0.1,"DML-IVQR",2.1,0.00171703952997747,5.99146454710798,TRUE,"OK"
1,500,0.1,0.1,"DML-IVQR",2.15,0.0116722432748351,5.99146454710798,TRUE,"OK"
1,500,0.1,0.1,"DML-IVQR",2.2,0.0087406158658723,5.99146454710798,TRUE,"OK"
1,500,0.1,0.1,"DML-IVQR",2.25,0.00190981926613657,5.99146454710798,TRUE,"OK"
1,500,0.1,0.1,"DML-IVQR",2.3,0.00714379930993984,5.99146454710798,TRUE,"OK"
1,500,0.1,0.1,"DML-IVQR",2.35,0.00179770918681861,5.99146454710798,TRUE,"OK"
1,500,0.1,0.1,"DML-IVQR",2.4,0.00242760911151908,5.99146454710798,TRUE,"OK"
1,500,0.1,0.1,"DML-IVQR",2.45,0.00753772014065088,5.99146454710798,TRUE,"OK"
1,500,0.1,0.1,"DML-IVQR",2.5,0.00456300991166612,5.99146454710798,TRUE,"OK"
1,500,0.1,0.1,"DML-IVQR",2.55,0.169851012204989,5.99146454710798,TRUE,"OK"
1,500,0.1,0.1,"DML-IVQR",2.6,0.0503862902749921,5.99146454710798,TRUE,"OK"
1,500,0.1,0.1,"DML-IVQR",2.65,0.00706444410691105,5.99146454710798,TRUE,"OK"
1,500,0.1,0.1,"DML-IVQR",2.7,0.0217855160302923,5.99146454710798,TRUE,"OK"
1,500,0.1,0.1,"DML-IVQR",2.75,0.188167758104197,5.99146454710798,TRUE,"OK"
1,500,0.1,0.1,"DML-IVQR",2.8,0.388526023094918,5.99146454710798,TRUE,"OK"
1,500,0.1,0.1,"DML-IVQR",2.85,0.388038316659908,5.99146454710798,TRUE,"OK"
1,500,0.1,0.1,"DML-IVQR",2.9,0.129504942397468,5.99146454710798,TRUE,"OK"
1,500,0.1,0.1,"DML-IVQR",2.95,0.0944208210178086,5.99146454710798,TRUE,"OK"
1,500,0.1,0.1,"DML-IVQR",3,0.172501984751836,5.99146454710798,TRUE,"OK"
1,500,0.1,0.5,"Oracle-GMM",-1,4.37451397000845,5.99146454710798,TRUE,"OK"
1,500,0.1,0.5,"Oracle-GMM",-0.95,4.49329470284219,5.99146454710798,TRUE,"OK"
1,500,0.1,0.5,"Oracle-GMM",-0.9,4.44509080283767,5.99146454710798,TRUE,"OK"
1,500,0.1,0.5,"Oracle-GMM",-0.85,4.00711805701256,5.99146454710798,TRUE,"OK"
1,500,0.1,0.5,"Oracle-GMM",-0.8,4.04544723681778,5.99146454710798,TRUE,"OK"
1,500,0.1,0.5,"Oracle-GMM",-0.75,5.14652828089612,5.99146454710798,TRUE,"OK"
1,500,0.1,0.5,"Oracle-GMM",-0.7,3.90256270835387,5.99146454710798,TRUE,"OK"
1,500,0.1,0.5,"Oracle-GMM",-0.65,4.60582086209191,5.99146454710798,TRUE,"OK"
1,500,0.1,0.5,"Oracle-GMM",-0.6,6.98522445652791,5.99146454710798,FALSE,"OK"
1,500,0.1,0.5,"Oracle-GMM",-0.55,4.51060467137854,5.99146454710798,TRUE,"OK"
1,500,0.1,0.5,"Oracle-GMM",-0.5,5.25354181313627,5.99146454710798,TRUE,"OK"
1,500,0.1,0.5,"Oracle-GMM",-0.45,6.41771840493412,5.99146454710798,FALSE,"OK"
1,500,0.1,0.5,"Oracle-GMM",-0.4,4.83505502724579,5.99146454710798,TRUE,"OK"
1,500,0.1,0.5,"Oracle-GMM",-0.35,5.57692001622817,5.99146454710798,TRUE,"OK"
1,500,0.1,0.5,"Oracle-GMM",-0.3,6.96746538386983,5.99146454710798,FALSE,"OK"
1,500,0.1,0.5,"Oracle-GMM",-0.25,5.94703501108245,5.99146454710798,TRUE,"OK"
1,500,0.1,0.5,"Oracle-GMM",-0.2,6.88526554723952,5.99146454710798,FALSE,"OK"
1,500,0.1,0.5,"Oracle-GMM",-0.15,6.72704319619952,5.99146454710798,FALSE,"OK"
1,500,0.1,0.5,"Oracle-GMM",-0.1,3.98399288502342,5.99146454710798,TRUE,"OK"
1,500,0.1,0.5,"Oracle-GMM",-0.0499999999999999,8.05767160054992,5.99146454710798,FALSE,"OK"
1,500,0.1,0.5,"Oracle-GMM",0,5.19986426868484,5.99146454710798,TRUE,"OK"
1,500,0.1,0.5,"Oracle-GMM",0.05,7.27116967076157,5.99146454710798,FALSE,"OK"
1,500,0.1,0.5,"Oracle-GMM",0.1,6.56930961559384,5.99146454710798,FALSE,"OK"
1,500,0.1,0.5,"Oracle-GMM",0.15,4.29539849093646,5.99146454710798,TRUE,"OK"
1,500,0.1,0.5,"Oracle-GMM",0.2,4.05453641206836,5.99146454710798,TRUE,"OK"
1,500,0.1,0.5,"Oracle-GMM",0.25,6.15100402077419,5.99146454710798,FALSE,"OK"
1,500,0.1,0.5,"Oracle-GMM",0.3,5.07927593669084,5.99146454710798,TRUE,"OK"
1,500,0.1,0.5,"Oracle-GMM",0.35,2.61267622722964,5.99146454710798,TRUE,"OK"
1,500,0.1,0.5,"Oracle-GMM",0.4,2.47583010193921,5.99146454710798,TRUE,"OK"
1,500,0.1,0.5,"Oracle-GMM",0.45,2.4081921243663,5.99146454710798,TRUE,"OK"
1,500,0.1,0.5,"Oracle-GMM",0.5,1.93549459451996,5.99146454710798,TRUE,"OK"
1,500,0.1,0.5,"Oracle-GMM",0.55,1.02251860657251,5.99146454710798,TRUE,"OK"
1,500,0.1,0.5,"Oracle-GMM",0.6,1.45208611186306,5.99146454710798,TRUE,"OK"
1,500,0.1,0.5,"Oracle-GMM",0.65,1.25692697146858,5.99146454710798,TRUE,"OK"
1,500,0.1,0.5,"Oracle-GMM",0.7,0.284356397088803,5.99146454710798,TRUE,"OK"
1,500,0.1,0.5,"Oracle-GMM",0.75,0.159213523906459,5.99146454710798,TRUE,"OK"
1,500,0.1,0.5,"Oracle-GMM",0.8,1.5413137658049,5.99146454710798,TRUE,"OK"
1,500,0.1,0.5,"Oracle-GMM",0.85,1.12162911174071,5.99146454710798,TRUE,"OK"
1,500,0.1,0.5,"Oracle-GMM",0.9,1.51781166727379,5.99146454710798,TRUE,"OK"
1,500,0.1,0.5,"Oracle-GMM",0.95,3.0306790321282,5.99146454710798,TRUE,"OK"
1,500,0.1,0.5,"Oracle-GMM",1,2.93001028076291,5.99146454710798,TRUE,"OK"
1,500,0.1,0.5,"Oracle-GMM",1.05,4.85524545583232,5.99146454710798,TRUE,"OK"
1,500,0.1,0.5,"Oracle-GMM",1.1,2.51505000356962,5.99146454710798,TRUE,"OK"
1,500,0.1,0.5,"Oracle-GMM",1.15,2.33071472537595,5.99146454710798,TRUE,"OK"
1,500,0.1,0.5,"Oracle-GMM",1.2,2.50450390729042,5.99146454710798,TRUE,"OK"
1,500,0.1,0.5,"Oracle-GMM",1.25,1.43988709336161,5.99146454710798,TRUE,"OK"
1,500,0.1,0.5,"Oracle-GMM",1.3,1.73062156249597,5.99146454710798,TRUE,"OK"
1,500,0.1,0.5,"Oracle-GMM",1.35,1.00322928620918,5.99146454710798,TRUE,"OK"
1,500,0.1,0.5,"Oracle-GMM",1.4,0.242233799645487,5.99146454710798,TRUE,"OK"
1,500,0.1,0.5,"Oracle-GMM",1.45,0.713467465370858,5.99146454710798,TRUE,"OK"
1,500,0.1,0.5,"Oracle-GMM",1.5,0.696683642328321,5.99146454710798,TRUE,"OK"
1,500,0.1,0.5,"Oracle-GMM",1.55,0.978176712308542,5.99146454710798,TRUE,"OK"
1,500,0.1,0.5,"Oracle-GMM",1.6,1.15272661914565,5.99146454710798,TRUE,"OK"
1,500,0.1,0.5,"Oracle-GMM",1.65,0.867840129620948,5.99146454710798,TRUE,"OK"
1,500,0.1,0.5,"Oracle-GMM",1.7,1.2669557197354,5.99146454710798,TRUE,"OK"
1,500,0.1,0.5,"Oracle-GMM",1.75,1.939063559383,5.99146454710798,TRUE,"OK"
1,500,0.1,0.5,"Oracle-GMM",1.8,2.01333452725351,5.99146454710798,TRUE,"OK"
1,500,0.1,0.5,"Oracle-GMM",1.85,1.34229555186462,5.99146454710798,TRUE,"OK"
1,500,0.1,0.5,"Oracle-GMM",1.9,1.01185227098931,5.99146454710798,TRUE,"OK"
1,500,0.1,0.5,"Oracle-GMM",1.95,0.961612348023446,5.99146454710798,TRUE,"OK"
1,500,0.1,0.5,"Oracle-GMM",2,1.0683297498107,5.99146454710798,TRUE,"OK"
1,500,0.1,0.5,"Oracle-GMM",2.05,2.03014538676712,5.99146454710798,TRUE,"OK"
1,500,0.1,0.5,"Oracle-GMM",2.1,1.21913296755356,5.99146454710798,TRUE,"OK"
1,500,0.1,0.5,"Oracle-GMM",2.15,0.775197992385142,5.99146454710798,TRUE,"OK"
1,500,0.1,0.5,"Oracle-GMM",2.2,1.5837040393879,5.99146454710798,TRUE,"OK"
1,500,0.1,0.5,"Oracle-GMM",2.25,0.730255492487613,5.99146454710798,TRUE,"OK"
1,500,0.1,0.5,"Oracle-GMM",2.3,1.09717792421783,5.99146454710798,TRUE,"OK"
1,500,0.1,0.5,"Oracle-GMM",2.35,0.821092226794238,5.99146454710798,TRUE,"OK"
1,500,0.1,0.5,"Oracle-GMM",2.4,1.20639484850992,5.99146454710798,TRUE,"OK"
1,500,0.1,0.5,"Oracle-GMM",2.45,1.00714870003623,5.99146454710798,TRUE,"OK"
1,500,0.1,0.5,"Oracle-GMM",2.5,1.54382730101857,5.99146454710798,TRUE,"OK"
1,500,0.1,0.5,"Oracle-GMM",2.55,0.984845149709396,5.99146454710798,TRUE,"OK"
1,500,0.1,0.5,"Oracle-GMM",2.6,0.935435858956353,5.99146454710798,TRUE,"OK"
1,500,0.1,0.5,"Oracle-GMM",2.65,1.13230503681537,5.99146454710798,TRUE,"OK"
1,500,0.1,0.5,"Oracle-GMM",2.7,1.13371791649655,5.99146454710798,TRUE,"OK"
1,500,0.1,0.5,"Oracle-GMM",2.75,0.970121806420595,5.99146454710798,TRUE,"OK"
1,500,0.1,0.5,"Oracle-GMM",2.8,1.13895510044816,5.99146454710798,TRUE,"OK"
1,500,0.1,0.5,"Oracle-GMM",2.85,0.961197977686352,5.99146454710798,TRUE,"OK"
1,500,0.1,0.5,"Oracle-GMM",2.9,1.14790791053277,5.99146454710798,TRUE,"OK"
1,500,0.1,0.5,"Oracle-GMM",2.95,2.37319490408086,5.99146454710798,TRUE,"OK"
1,500,0.1,0.5,"Oracle-GMM",3,2.62520810841583,5.99146454710798,TRUE,"OK"
1,500,0.1,0.5,"Full-GMM",-1,13.0997247645913,5.99146454710798,FALSE,"OK"
1,500,0.1,0.5,"Full-GMM",-0.95,10.4662982756952,5.99146454710798,FALSE,"OK"
1,500,0.1,0.5,"Full-GMM",-0.9,10.5464322429966,5.99146454710798,FALSE,"OK"
1,500,0.1,0.5,"Full-GMM",-0.85,5.3183997495932,5.99146454710798,TRUE,"OK"
1,500,0.1,0.5,"Full-GMM",-0.8,13.253555514793,5.99146454710798,FALSE,"OK"
1,500,0.1,0.5,"Full-GMM",-0.75,7.53372658066255,5.99146454710798,FALSE,"OK"
1,500,0.1,0.5,"Full-GMM",-0.7,6.84245781764249,5.99146454710798,FALSE,"OK"
1,500,0.1,0.5,"Full-GMM",-0.65,5.92403409408634,5.99146454710798,TRUE,"OK"
1,500,0.1,0.5,"Full-GMM",-0.6,8.206861017492,5.99146454710798,FALSE,"OK"
1,500,0.1,0.5,"Full-GMM",-0.55,4.14107232863419,5.99146454710798,TRUE,"OK"
1,500,0.1,0.5,"Full-GMM",-0.5,5.16730960058137,5.99146454710798,TRUE,"OK"
1,500,0.1,0.5,"Full-GMM",-0.45,8.5754774971197,5.99146454710798,FALSE,"OK"
1,500,0.1,0.5,"Full-GMM",-0.4,9.75813186302449,5.99146454710798,FALSE,"OK"
1,500,0.1,0.5,"Full-GMM",-0.35,6.57005233140274,5.99146454710798,FALSE,"OK"
1,500,0.1,0.5,"Full-GMM",-0.3,6.81949603512188,5.99146454710798,FALSE,"OK"
1,500,0.1,0.5,"Full-GMM",-0.25,10.0271043134411,5.99146454710798,FALSE,"OK"
1,500,0.1,0.5,"Full-GMM",-0.2,8.36648024763828,5.99146454710798,FALSE,"OK"
1,500,0.1,0.5,"Full-GMM",-0.15,14.7655810016996,5.99146454710798,FALSE,"OK"
1,500,0.1,0.5,"Full-GMM",-0.1,10.4729789724794,5.99146454710798,FALSE,"OK"
1,500,0.1,0.5,"Full-GMM",-0.0499999999999999,9.50097144332746,5.99146454710798,FALSE,"OK"
1,500,0.1,0.5,"Full-GMM",0,5.48373406925128,5.99146454710798,TRUE,"OK"
1,500,0.1,0.5,"Full-GMM",0.05,12.9916142183431,5.99146454710798,FALSE,"OK"
1,500,0.1,0.5,"Full-GMM",0.1,8.19373591697953,5.99146454710798,FALSE,"OK"
1,500,0.1,0.5,"Full-GMM",0.15,10.8054278500096,5.99146454710798,FALSE,"OK"
1,500,0.1,0.5,"Full-GMM",0.2,8.24484950745887,5.99146454710798,FALSE,"OK"
1,500,0.1,0.5,"Full-GMM",0.25,7.49012647932831,5.99146454710798,FALSE,"OK"
1,500,0.1,0.5,"Full-GMM",0.3,9.34085769738281,5.99146454710798,FALSE,"OK"
1,500,0.1,0.5,"Full-GMM",0.35,3.79842738780279,5.99146454710798,TRUE,"OK"
1,500,0.1,0.5,"Full-GMM",0.4,3.38610435679161,5.99146454710798,TRUE,"OK"
1,500,0.1,0.5,"Full-GMM",0.45,5.18595256078452,5.99146454710798,TRUE,"OK"
1,500,0.1,0.5,"Full-GMM",0.5,2.89499255159678,5.99146454710798,TRUE,"OK"
1,500,0.1,0.5,"Full-GMM",0.55,4.95605764248693,5.99146454710798,TRUE,"OK"
1,500,0.1,0.5,"Full-GMM",0.6,6.56303923085305,5.99146454710798,FALSE,"OK"
1,500,0.1,0.5,"Full-GMM",0.65,3.49824716045767,5.99146454710798,TRUE,"OK"
1,500,0.1,0.5,"Full-GMM",0.7,3.3003381445554,5.99146454710798,TRUE,"OK"
1,500,0.1,0.5,"Full-GMM",0.75,1.5450870005513,5.99146454710798,TRUE,"OK"
1,500,0.1,0.5,"Full-GMM",0.8,1.39816467376248,5.99146454710798,TRUE,"OK"
1,500,0.1,0.5,"Full-GMM",0.85,3.65303514562176,5.99146454710798,TRUE,"OK"
1,500,0.1,0.5,"Full-GMM",0.9,0.578047145708301,5.99146454710798,TRUE,"OK"
1,500,0.1,0.5,"Full-GMM",0.95,1.80705579802011,5.99146454710798,TRUE,"OK"
1,500,0.1,0.5,"Full-GMM",1,0.471105655466637,5.99146454710798,TRUE,"OK"
1,500,0.1,0.5,"Full-GMM",1.05,0.905305208249741,5.99146454710798,TRUE,"OK"
1,500,0.1,0.5,"Full-GMM",1.1,0.355430411282634,5.99146454710798,TRUE,"OK"
1,500,0.1,0.5,"Full-GMM",1.15,1.09190510073018,5.99146454710798,TRUE,"OK"
1,500,0.1,0.5,"Full-GMM",1.2,0.395894640971109,5.99146454710798,TRUE,"OK"
1,500,0.1,0.5,"Full-GMM",1.25,1.70790616514833,5.99146454710798,TRUE,"OK"
1,500,0.1,0.5,"Full-GMM",1.3,1.95836292418467,5.99146454710798,TRUE,"OK"
1,500,0.1,0.5,"Full-GMM",1.35,0.26835220564722,5.99146454710798,TRUE,"OK"
1,500,0.1,0.5,"Full-GMM",1.4,0.225887856515188,5.99146454710798,TRUE,"OK"
1,500,0.1,0.5,"Full-GMM",1.45,0.222664514110159,5.99146454710798,TRUE,"OK"
1,500,0.1,0.5,"Full-GMM",1.5,0.272745469781276,5.99146454710798,TRUE,"OK"
1,500,0.1,0.5,"Full-GMM",1.55,0.398586268964908,5.99146454710798,TRUE,"OK"
1,500,0.1,0.5,"Full-GMM",1.6,0.408751803731939,5.99146454710798,TRUE,"OK"
1,500,0.1,0.5,"Full-GMM",1.65,0.515714896309085,5.99146454710798,TRUE,"OK"
1,500,0.1,0.5,"Full-GMM",1.7,0.185286042165692,5.99146454710798,TRUE,"OK"
1,500,0.1,0.5,"Full-GMM",1.75,0.531248891189938,5.99146454710798,TRUE,"OK"
1,500,0.1,0.5,"Full-GMM",1.8,0.170355412340135,5.99146454710798,TRUE,"OK"
1,500,0.1,0.5,"Full-GMM",1.85,0.227454022289745,5.99146454710798,TRUE,"OK"
1,500,0.1,0.5,"Full-GMM",1.9,0.84680908720661,5.99146454710798,TRUE,"OK"
1,500,0.1,0.5,"Full-GMM",1.95,0.232702423000399,5.99146454710798,TRUE,"OK"
1,500,0.1,0.5,"Full-GMM",2,2.89856922824428,5.99146454710798,TRUE,"OK"
1,500,0.1,0.5,"Full-GMM",2.05,0.381031082242351,5.99146454710798,TRUE,"OK"
1,500,0.1,0.5,"Full-GMM",2.1,0.13605491792863,5.99146454710798,TRUE,"OK"
1,500,0.1,0.5,"Full-GMM",2.15,1.04152173344532,5.99146454710798,TRUE,"OK"
1,500,0.1,0.5,"Full-GMM",2.2,0.902298858262262,5.99146454710798,TRUE,"OK"
1,500,0.1,0.5,"Full-GMM",2.25,0.94460470077615,5.99146454710798,TRUE,"OK"
1,500,0.1,0.5,"Full-GMM",2.3,2.29559223559363,5.99146454710798,TRUE,"OK"
1,500,0.1,0.5,"Full-GMM",2.35,3.23024011294831,5.99146454710798,TRUE,"OK"
1,500,0.1,0.5,"Full-GMM",2.4,2.66454217504152,5.99146454710798,TRUE,"OK"
1,500,0.1,0.5,"Full-GMM",2.45,0.722786048719024,5.99146454710798,TRUE,"OK"
1,500,0.1,0.5,"Full-GMM",2.5,1.02266622211412,5.99146454710798,TRUE,"OK"
1,500,0.1,0.5,"Full-GMM",2.55,2.63898544770199,5.99146454710798,TRUE,"OK"
1,500,0.1,0.5,"Full-GMM",2.6,1.32193413812687,5.99146454710798,TRUE,"OK"
1,500,0.1,0.5,"Full-GMM",2.65,1.04542463335546,5.99146454710798,TRUE,"OK"
1,500,0.1,0.5,"Full-GMM",2.7,3.52708972522176,5.99146454710798,TRUE,"OK"
1,500,0.1,0.5,"Full-GMM",2.75,1.52992672371976,5.99146454710798,TRUE,"OK"
1,500,0.1,0.5,"Full-GMM",2.8,2.9296772568615,5.99146454710798,TRUE,"OK"
1,500,0.1,0.5,"Full-GMM",2.85,3.60768267817756,5.99146454710798,TRUE,"OK"
1,500,0.1,0.5,"Full-GMM",2.9,1.98606488955295,5.99146454710798,TRUE,"OK"
1,500,0.1,0.5,"Full-GMM",2.95,3.78779326888912,5.99146454710798,TRUE,"OK"
1,500,0.1,0.5,"Full-GMM",3,5.34363207669081,5.99146454710798,TRUE,"OK"
1,500,0.1,0.5,"DML-IVQR",-1,10.2005416698338,5.99146454710798,FALSE,"OK"
1,500,0.1,0.5,"DML-IVQR",-0.95,9.79322349482432,5.99146454710798,FALSE,"OK"
1,500,0.1,0.5,"DML-IVQR",-0.9,9.2408132364326,5.99146454710798,FALSE,"OK"
1,500,0.1,0.5,"DML-IVQR",-0.85,10.3783917134715,5.99146454710798,FALSE,"OK"
1,500,0.1,0.5,"DML-IVQR",-0.8,8.66488028039005,5.99146454710798,FALSE,"OK"
1,500,0.1,0.5,"DML-IVQR",-0.75,9.32366424925534,5.99146454710798,FALSE,"OK"
1,500,0.1,0.5,"DML-IVQR",-0.7,11.5452377790343,5.99146454710798,FALSE,"OK"
1,500,0.1,0.5,"DML-IVQR",-0.65,10.3818226698247,5.99146454710798,FALSE,"OK"
1,500,0.1,0.5,"DML-IVQR",-0.6,9.57569476614054,5.99146454710798,FALSE,"OK"
1,500,0.1,0.5,"DML-IVQR",-0.55,8.1129544967653,5.99146454710798,FALSE,"OK"
1,500,0.1,0.5,"DML-IVQR",-0.5,8.68775454692754,5.99146454710798,FALSE,"OK"
1,500,0.1,0.5,"DML-IVQR",-0.45,8.36245940256352,5.99146454710798,FALSE,"OK"
1,500,0.1,0.5,"DML-IVQR",-0.4,7.52635965620685,5.99146454710798,FALSE,"OK"
1,500,0.1,0.5,"DML-IVQR",-0.35,7.0919839884439,5.99146454710798,FALSE,"OK"
1,500,0.1,0.5,"DML-IVQR",-0.3,6.95283262373554,5.99146454710798,FALSE,"OK"
1,500,0.1,0.5,"DML-IVQR",-0.25,6.955161573532,5.99146454710798,FALSE,"OK"
1,500,0.1,0.5,"DML-IVQR",-0.2,7.34510841813371,5.99146454710798,FALSE,"OK"
1,500,0.1,0.5,"DML-IVQR",-0.15,6.61420428995406,5.99146454710798,FALSE,"OK"
1,500,0.1,0.5,"DML-IVQR",-0.1,6.47683767206883,5.99146454710798,FALSE,"OK"
1,500,0.1,0.5,"DML-IVQR",-0.0499999999999999,5.15910699407504,5.99146454710798,TRUE,"OK"
1,500,0.1,0.5,"DML-IVQR",0,7.36306834244516,5.99146454710798,FALSE,"OK"
1,500,0.1,0.5,"DML-IVQR",0.05,4.14079046290613,5.99146454710798,TRUE,"OK"
1,500,0.1,0.5,"DML-IVQR",0.1,4.07251357066188,5.99146454710798,TRUE,"OK"
1,500,0.1,0.5,"DML-IVQR",0.15,5.46825669541798,5.99146454710798,TRUE,"OK"
1,500,0.1,0.5,"DML-IVQR",0.2,3.33481588922401,5.99146454710798,TRUE,"OK"
1,500,0.1,0.5,"DML-IVQR",0.25,3.02193715506056,5.99146454710798,TRUE,"OK"
1,500,0.1,0.5,"DML-IVQR",0.3,3.29775633525271,5.99146454710798,TRUE,"OK"
1,500,0.1,0.5,"DML-IVQR",0.35,2.6904742747488,5.99146454710798,TRUE,"OK"
1,500,0.1,0.5,"DML-IVQR",0.4,1.988994494418,5.99146454710798,TRUE,"OK"
1,500,0.1,0.5,"DML-IVQR",0.45,1.33886386342656,5.99146454710798,TRUE,"OK"
1,500,0.1,0.5,"DML-IVQR",0.5,1.7916944222872,5.99146454710798,TRUE,"OK"
1,500,0.1,0.5,"DML-IVQR",0.55,1.45335611140706,5.99146454710798,TRUE,"OK"
1,500,0.1,0.5,"DML-IVQR",0.6,2.31203575413496,5.99146454710798,TRUE,"OK"
1,500,0.1,0.5,"DML-IVQR",0.65,4.05991884470596,5.99146454710798,TRUE,"OK"
1,500,0.1,0.5,"DML-IVQR",0.7,3.04975964997438,5.99146454710798,TRUE,"OK"
1,500,0.1,0.5,"DML-IVQR",0.75,1.30645001389087,5.99146454710798,TRUE,"OK"
1,500,0.1,0.5,"DML-IVQR",0.8,1.67081016071251,5.99146454710798,TRUE,"OK"
1,500,0.1,0.5,"DML-IVQR",0.85,3.68038673769532,5.99146454710798,TRUE,"OK"
1,500,0.1,0.5,"DML-IVQR",0.9,2.87602258847849,5.99146454710798,TRUE,"OK"
1,500,0.1,0.5,"DML-IVQR",0.95,3.28529369240673,5.99146454710798,TRUE,"OK"
1,500,0.1,0.5,"DML-IVQR",1,1.62493097613433,5.99146454710798,TRUE,"OK"
1,500,0.1,0.5,"DML-IVQR",1.05,1.81116860333424,5.99146454710798,TRUE,"OK"
1,500,0.1,0.5,"DML-IVQR",1.1,1.55884125903488,5.99146454710798,TRUE,"OK"
1,500,0.1,0.5,"DML-IVQR",1.15,1.42214388451586,5.99146454710798,TRUE,"OK"
1,500,0.1,0.5,"DML-IVQR",1.2,0.425938820182447,5.99146454710798,TRUE,"OK"
1,500,0.1,0.5,"DML-IVQR",1.25,0.328001612877789,5.99146454710798,TRUE,"OK"
1,500,0.1,0.5,"DML-IVQR",1.3,0.122681620657493,5.99146454710798,TRUE,"OK"
1,500,0.1,0.5,"DML-IVQR",1.35,0.0705731247290193,5.99146454710798,TRUE,"OK"
1,500,0.1,0.5,"DML-IVQR",1.4,0.129423695936292,5.99146454710798,TRUE,"OK"
1,500,0.1,0.5,"DML-IVQR",1.45,0.0949781843457561,5.99146454710798,TRUE,"OK"
1,500,0.1,0.5,"DML-IVQR",1.5,0.0226870166928827,5.99146454710798,TRUE,"OK"
1,500,0.1,0.5,"DML-IVQR",1.55,0.528286159034901,5.99146454710798,TRUE,"OK"
1,500,0.1,0.5,"DML-IVQR",1.6,0.213627944828125,5.99146454710798,TRUE,"OK"
1,500,0.1,0.5,"DML-IVQR",1.65,0.305420750493845,5.99146454710798,TRUE,"OK"
1,500,0.1,0.5,"DML-IVQR",1.7,0.205720630985992,5.99146454710798,TRUE,"OK"
1,500,0.1,0.5,"DML-IVQR",1.75,0.132003771383053,5.99146454710798,TRUE,"OK"
1,500,0.1,0.5,"DML-IVQR",1.8,0.000830224415283301,5.99146454710798,TRUE,"OK"
1,500,0.1,0.5,"DML-IVQR",1.85,0.319771240733555,5.99146454710798,TRUE,"OK"
1,500,0.1,0.5,"DML-IVQR",1.9,0.227590355296377,5.99146454710798,TRUE,"OK"
1,500,0.1,0.5,"DML-IVQR",1.95,0.971923289144638,5.99146454710798,TRUE,"OK"
1,500,0.1,0.5,"DML-IVQR",2,0.551922536906496,5.99146454710798,TRUE,"OK"
1,500,0.1,0.5,"DML-IVQR",2.05,0.518571005259778,5.99146454710798,TRUE,"OK"
1,500,0.1,0.5,"DML-IVQR",2.1,0.343050678704892,5.99146454710798,TRUE,"OK"
1,500,0.1,0.5,"DML-IVQR",2.15,0.512785637777462,5.99146454710798,TRUE,"OK"
1,500,0.1,0.5,"DML-IVQR",2.2,0.625458642518304,5.99146454710798,TRUE,"OK"
1,500,0.1,0.5,"DML-IVQR",2.25,1.46891254352553,5.99146454710798,TRUE,"OK"
1,500,0.1,0.5,"DML-IVQR",2.3,0.889776511135125,5.99146454710798,TRUE,"OK"
1,500,0.1,0.5,"DML-IVQR",2.35,1.25915309137971,5.99146454710798,TRUE,"OK"
1,500,0.1,0.5,"DML-IVQR",2.4,1.32161647306594,5.99146454710798,TRUE,"OK"
1,500,0.1,0.5,"DML-IVQR",2.45,1.58103297403789,5.99146454710798,TRUE,"OK"
1,500,0.1,0.5,"DML-IVQR",2.5,1.45358802637418,5.99146454710798,TRUE,"OK"
1,500,0.1,0.5,"DML-IVQR",2.55,1.76478860931508,5.99146454710798,TRUE,"OK"
1,500,0.1,0.5,"DML-IVQR",2.6,1.62895884316175,5.99146454710798,TRUE,"OK"
1,500,0.1,0.5,"DML-IVQR",2.65,2.31512527362415,5.99146454710798,TRUE,"OK"
1,500,0.1,0.5,"DML-IVQR",2.7,0.565542136678501,5.99146454710798,TRUE,"OK"
1,500,0.1,0.5,"DML-IVQR",2.75,1.39039055930925,5.99146454710798,TRUE,"OK"
1,500,0.1,0.5,"DML-IVQR",2.8,0.605218987913289,5.99146454710798,TRUE,"OK"
1,500,0.1,0.5,"DML-IVQR",2.85,1.21238030605417,5.99146454710798,TRUE,"OK"
1,500,0.1,0.5,"DML-IVQR",2.9,0.757606215502601,5.99146454710798,TRUE,"OK"
1,500,0.1,0.5,"DML-IVQR",2.95,0.659751063191502,5.99146454710798,TRUE,"OK"
1,500,0.1,0.5,"DML-IVQR",3,0.405148147684331,5.99146454710798,TRUE,"OK"
1,500,0.1,0.9,"Oracle-GMM",-1,8.52953253565805,5.99146454710798,FALSE,"OK"
1,500,0.1,0.9,"Oracle-GMM",-0.95,7.93876723820019,5.99146454710798,FALSE,"OK"
1,500,0.1,0.9,"Oracle-GMM",-0.9,11.255941331173,5.99146454710798,FALSE,"OK"
1,500,0.1,0.9,"Oracle-GMM",-0.85,8.74211055608507,5.99146454710798,FALSE,"OK"
1,500,0.1,0.9,"Oracle-GMM",-0.8,6.25233728512594,5.99146454710798,FALSE,"OK"
1,500,0.1,0.9,"Oracle-GMM",-0.75,8.48078863527413,5.99146454710798,FALSE,"OK"
1,500,0.1,0.9,"Oracle-GMM",-0.7,7.34882461326351,5.99146454710798,FALSE,"OK"
1,500,0.1,0.9,"Oracle-GMM",-0.65,5.73129016600388,5.99146454710798,TRUE,"OK"
1,500,0.1,0.9,"Oracle-GMM",-0.6,6.07673613816627,5.99146454710798,FALSE,"OK"
1,500,0.1,0.9,"Oracle-GMM",-0.55,4.67097439991291,5.99146454710798,TRUE,"OK"
1,500,0.1,0.9,"Oracle-GMM",-0.5,7.6969320405528,5.99146454710798,FALSE,"OK"
1,500,0.1,0.9,"Oracle-GMM",-0.45,4.48925771375756,5.99146454710798,TRUE,"OK"
1,500,0.1,0.9,"Oracle-GMM",-0.4,4.12165260598555,5.99146454710798,TRUE,"OK"
1,500,0.1,0.9,"Oracle-GMM",-0.35,5.46167423264943,5.99146454710798,TRUE,"OK"
1,500,0.1,0.9,"Oracle-GMM",-0.3,6.10729348816952,5.99146454710798,FALSE,"OK"
1,500,0.1,0.9,"Oracle-GMM",-0.25,4.71519982259013,5.99146454710798,TRUE,"OK"
1,500,0.1,0.9,"Oracle-GMM",-0.2,5.05783809868687,5.99146454710798,TRUE,"OK"
1,500,0.1,0.9,"Oracle-GMM",-0.15,4.83883125802772,5.99146454710798,TRUE,"OK"
1,500,0.1,0.9,"Oracle-GMM",-0.1,5.00749384835892,5.99146454710798,TRUE,"OK"
1,500,0.1,0.9,"Oracle-GMM",-0.0499999999999999,6.5523770391912,5.99146454710798,FALSE,"OK"
1,500,0.1,0.9,"Oracle-GMM",0,7.75222149069407,5.99146454710798,FALSE,"OK"
1,500,0.1,0.9,"Oracle-GMM",0.05,9.28969259480153,5.99146454710798,FALSE,"OK"
1,500,0.1,0.9,"Oracle-GMM",0.1,7.5553833120168,5.99146454710798,FALSE,"OK"
1,500,0.1,0.9,"Oracle-GMM",0.15,6.54187362650856,5.99146454710798,FALSE,"OK"
1,500,0.1,0.9,"Oracle-GMM",0.2,7.00326217592335,5.99146454710798,FALSE,"OK"
1,500,0.1,0.9,"Oracle-GMM",0.25,4.65604819034773,5.99146454710798,TRUE,"OK"
1,500,0.1,0.9,"Oracle-GMM",0.3,4.0388184104511,5.99146454710798,TRUE,"OK"
1,500,0.1,0.9,"Oracle-GMM",0.35,8.07806227395706,5.99146454710798,FALSE,"OK"
1,500,0.1,0.9,"Oracle-GMM",0.4,7.43424470195932,5.99146454710798,FALSE,"OK"
1,500,0.1,0.9,"Oracle-GMM",0.45,5.34213917483706,5.99146454710798,TRUE,"OK"
1,500,0.1,0.9,"Oracle-GMM",0.5,4.59417258435648,5.99146454710798,TRUE,"OK"
1,500,0.1,0.9,"Oracle-GMM",0.55,5.78518871223232,5.99146454710798,TRUE,"OK"
1,500,0.1,0.9,"Oracle-GMM",0.6,6.75740610794212,5.99146454710798,FALSE,"OK"
1,500,0.1,0.9,"Oracle-GMM",0.65,5.94152832904237,5.99146454710798,TRUE,"OK"
1,500,0.1,0.9,"Oracle-GMM",0.7,9.13488140462216,5.99146454710798,FALSE,"OK"
1,500,0.1,0.9,"Oracle-GMM",0.75,8.02905801714686,5.99146454710798,FALSE,"OK"
1,500,0.1,0.9,"Oracle-GMM",0.8,7.75584042224037,5.99146454710798,FALSE,"OK"
1,500,0.1,0.9,"Oracle-GMM",0.85,7.31405626798665,5.99146454710798,FALSE,"OK"
1,500,0.1,0.9,"Oracle-GMM",0.9,8.04427251213141,5.99146454710798,FALSE,"OK"
1,500,0.1,0.9,"Oracle-GMM",0.95,7.20910906607728,5.99146454710798,FALSE,"OK"
1,500,0.1,0.9,"Oracle-GMM",1,7.38812421872425,5.99146454710798,FALSE,"OK"
1,500,0.1,0.9,"Oracle-GMM",1.05,8.73284021668178,5.99146454710798,FALSE,"OK"
1,500,0.1,0.9,"Oracle-GMM",1.1,9.62030293416284,5.99146454710798,FALSE,"OK"
1,500,0.1,0.9,"Oracle-GMM",1.15,6.3088803531622,5.99146454710798,FALSE,"OK"
1,500,0.1,0.9,"Oracle-GMM",1.2,7.10127748884095,5.99146454710798,FALSE,"OK"
1,500,0.1,0.9,"Oracle-GMM",1.25,4.20271325217579,5.99146454710798,TRUE,"OK"
1,500,0.1,0.9,"Oracle-GMM",1.3,4.11692072865455,5.99146454710798,TRUE,"OK"
1,500,0.1,0.9,"Oracle-GMM",1.35,7.24052510163987,5.99146454710798,FALSE,"OK"
1,500,0.1,0.9,"Oracle-GMM",1.4,8.989669564515,5.99146454710798,FALSE,"OK"
1,500,0.1,0.9,"Oracle-GMM",1.45,4.47754433251577,5.99146454710798,TRUE,"OK"
1,500,0.1,0.9,"Oracle-GMM",1.5,3.94498096843275,5.99146454710798,TRUE,"OK"
1,500,0.1,0.9,"Oracle-GMM",1.55,4.38300426861399,5.99146454710798,TRUE,"OK"
1,500,0.1,0.9,"Oracle-GMM",1.6,5.45833767423302,5.99146454710798,TRUE,"OK"
1,500,0.1,0.9,"Oracle-GMM",1.65,5.89538986349454,5.99146454710798,TRUE,"OK"
1,500,0.1,0.9,"Oracle-GMM",1.7,8.23142506575986,5.99146454710798,FALSE,"OK"
1,500,0.1,0.9,"Oracle-GMM",1.75,7.1641308167862,5.99146454710798,FALSE,"OK"
1,500,0.1,0.9,"Oracle-GMM",1.8,4.75779455894051,5.99146454710798,TRUE,"OK"
1,500,0.1,0.9,"Oracle-GMM",1.85,5.82228118023995,5.99146454710798,TRUE,"OK"
1,500,0.1,0.9,"Oracle-GMM",1.9,5.05076775027696,5.99146454710798,TRUE,"OK"
1,500,0.1,0.9,"Oracle-GMM",1.95,5.89080914254327,5.99146454710798,TRUE,"OK"
1,500,0.1,0.9,"Oracle-GMM",2,3.45338602988271,5.99146454710798,TRUE,"OK"
1,500,0.1,0.9,"Oracle-GMM",2.05,1.9664651331147,5.99146454710798,TRUE,"OK"
1,500,0.1,0.9,"Oracle-GMM",2.1,1.31575764101344,5.99146454710798,TRUE,"OK"
1,500,0.1,0.9,"Oracle-GMM",2.15,1.01513970153948,5.99146454710798,TRUE,"OK"
1,500,0.1,0.9,"Oracle-GMM",2.2,1.92403145642683,5.99146454710798,TRUE,"OK"
1,500,0.1,0.9,"Oracle-GMM",2.25,0.981276862070031,5.99146454710798,TRUE,"OK"
1,500,0.1,0.9,"Oracle-GMM",2.3,1.47300190170098,5.99146454710798,TRUE,"OK"
1,500,0.1,0.9,"Oracle-GMM",2.35,0.303475523858625,5.99146454710798,TRUE,"OK"
1,500,0.1,0.9,"Oracle-GMM",2.4,0.0944870956441394,5.99146454710798,TRUE,"OK"
1,500,0.1,0.9,"Oracle-GMM",2.45,0.204107148187141,5.99146454710798,TRUE,"OK"
1,500,0.1,0.9,"Oracle-GMM",2.5,0.0110103062263853,5.99146454710798,TRUE,"OK"
1,500,0.1,0.9,"Oracle-GMM",2.55,0.0730114170744648,5.99146454710798,TRUE,"OK"
1,500,0.1,0.9,"Oracle-GMM",2.6,0.0907735162395869,5.99146454710798,TRUE,"OK"
1,500,0.1,0.9,"Oracle-GMM",2.65,1.70719603672298,5.99146454710798,TRUE,"OK"
1,500,0.1,0.9,"Oracle-GMM",2.7,1.1269827296619,5.99146454710798,TRUE,"OK"
1,500,0.1,0.9,"Oracle-GMM",2.75,0.946680181156315,5.99146454710798,TRUE,"OK"
1,500,0.1,0.9,"Oracle-GMM",2.8,2.03001626050477,5.99146454710798,TRUE,"OK"
1,500,0.1,0.9,"Oracle-GMM",2.85,4.50115318964021,5.99146454710798,TRUE,"OK"
1,500,0.1,0.9,"Oracle-GMM",2.9,3.59389966616756,5.99146454710798,TRUE,"OK"
1,500,0.1,0.9,"Oracle-GMM",2.95,1.03665365390667,5.99146454710798,TRUE,"OK"
1,500,0.1,0.9,"Oracle-GMM",3,1.72368199053562,5.99146454710798,TRUE,"OK"
1,500,0.1,0.9,"Full-GMM",-1,0.250957912993126,5.99146454710798,TRUE,"OK"
1,500,0.1,0.9,"Full-GMM",-0.95,1.89056002842566,5.99146454710798,TRUE,"OK"
1,500,0.1,0.9,"Full-GMM",-0.9,7.54517778954684,5.99146454710798,FALSE,"OK"
1,500,0.1,0.9,"Full-GMM",-0.85,0.546557304912688,5.99146454710798,TRUE,"OK"
1,500,0.1,0.9,"Full-GMM",-0.8,0.698512133666989,5.99146454710798,TRUE,"OK"
1,500,0.1,0.9,"Full-GMM",-0.75,2.80559112086204,5.99146454710798,TRUE,"OK"
1,500,0.1,0.9,"Full-GMM",-0.7,1.4124927526613,5.99146454710798,TRUE,"OK"
1,500,0.1,0.9,"Full-GMM",-0.65,3.15852761563849,5.99146454710798,TRUE,"OK"
1,500,0.1,0.9,"Full-GMM",-0.6,3.11133295048306,5.99146454710798,TRUE,"OK"
1,500,0.1,0.9,"Full-GMM",-0.55,0.776906379800512,5.99146454710798,TRUE,"OK"
1,500,0.1,0.9,"Full-GMM",-0.5,3.45957117514143,5.99146454710798,TRUE,"OK"
1,500,0.1,0.9,"Full-GMM",-0.45,1.24360614019585,5.99146454710798,TRUE,"OK"
1,500,0.1,0.9,"Full-GMM",-0.4,4.30526024480991,5.99146454710798,TRUE,"OK"
1,500,0.1,0.9,"Full-GMM",-0.35,6.68631782098663,5.99146454710798,FALSE,"OK"
1,500,0.1,0.9,"Full-GMM",-0.3,2.10502561613296,5.99146454710798,TRUE,"OK"
1,500,0.1,0.9,"Full-GMM",-0.25,2.22627521250047,5.99146454710798,TRUE,"OK"
1,500,0.1,0.9,"Full-GMM",-0.2,1.47939083900447,5.99146454710798,TRUE,"OK"
1,500,0.1,0.9,"Full-GMM",-0.15,3.14908433444348,5.99146454710798,TRUE,"OK"
1,500,0.1,0.9,"Full-GMM",-0.1,3.89761882323808,5.99146454710798,TRUE,"OK"
1,500,0.1,0.9,"Full-GMM",-0.0499999999999999,4.15486062489811,5.99146454710798,TRUE,"OK"
1,500,0.1,0.9,"Full-GMM",0,0.778908210665505,5.99146454710798,TRUE,"OK"
1,500,0.1,0.9,"Full-GMM",0.05,1.01397014829537,5.99146454710798,TRUE,"OK"
1,500,0.1,0.9,"Full-GMM",0.1,1.1961854652028,5.99146454710798,TRUE,"OK"
1,500,0.1,0.9,"Full-GMM",0.15,3.01220520880837,5.99146454710798,TRUE,"OK"
1,500,0.1,0.9,"Full-GMM",0.2,1.75432881295733,5.99146454710798,TRUE,"OK"
1,500,0.1,0.9,"Full-GMM",0.25,5.87082796598088,5.99146454710798,TRUE,"OK"
1,500,0.1,0.9,"Full-GMM",0.3,1.46466294858488,5.99146454710798,TRUE,"OK"
1,500,0.1,0.9,"Full-GMM",0.35,1.90187669286897,5.99146454710798,TRUE,"OK"
1,500,0.1,0.9,"Full-GMM",0.4,1.85774074908329,5.99146454710798,TRUE,"OK"
1,500,0.1,0.9,"Full-GMM",0.45,0.439628753727908,5.99146454710798,TRUE,"OK"
1,500,0.1,0.9,"Full-GMM",0.5,0.901580530975012,5.99146454710798,TRUE,"OK"
1,500,0.1,0.9,"Full-GMM",0.55,2.66897809543457,5.99146454710798,TRUE,"OK"
1,500,0.1,0.9,"Full-GMM",0.6,0.117208414820273,5.99146454710798,TRUE,"OK"
1,500,0.1,0.9,"Full-GMM",0.65,2.01593956509505,5.99146454710798,TRUE,"OK"
1,500,0.1,0.9,"Full-GMM",0.7,0.611480257844179,5.99146454710798,TRUE,"OK"
1,500,0.1,0.9,"Full-GMM",0.75,1.3387325544956,5.99146454710798,TRUE,"OK"
1,500,0.1,0.9,"Full-GMM",0.8,4.70546038535548,5.99146454710798,TRUE,"OK"
1,500,0.1,0.9,"Full-GMM",0.85,4.64818166074914,5.99146454710798,TRUE,"OK"
1,500,0.1,0.9,"Full-GMM",0.9,4.2251688545429,5.99146454710798,TRUE,"OK"
1,500,0.1,0.9,"Full-GMM",0.95,2.35910946442266,5.99146454710798,TRUE,"OK"
1,500,0.1,0.9,"Full-GMM",1,6.31763139356937,5.99146454710798,FALSE,"OK"
1,500,0.1,0.9,"Full-GMM",1.05,6.03855626182232,5.99146454710798,FALSE,"OK"
1,500,0.1,0.9,"Full-GMM",1.1,0.171902126485291,5.99146454710798,TRUE,"OK"
1,500,0.1,0.9,"Full-GMM",1.15,3.80616645786816,5.99146454710798,TRUE,"OK"
1,500,0.1,0.9,"Full-GMM",1.2,10.5430641337924,5.99146454710798,FALSE,"OK"
1,500,0.1,0.9,"Full-GMM",1.25,5.02683026795923,5.99146454710798,TRUE,"OK"
1,500,0.1,0.9,"Full-GMM",1.3,7.90722568337051,5.99146454710798,FALSE,"OK"
1,500,0.1,0.9,"Full-GMM",1.35,6.50441689566398,5.99146454710798,FALSE,"OK"
1,500,0.1,0.9,"Full-GMM",1.4,11.6417097947678,5.99146454710798,FALSE,"OK"
1,500,0.1,0.9,"Full-GMM",1.45,5.02113570363489,5.99146454710798,TRUE,"OK"
1,500,0.1,0.9,"Full-GMM",1.5,4.47240408540239,5.99146454710798,TRUE,"OK"
1,500,0.1,0.9,"Full-GMM",1.55,3.01390138958806,5.99146454710798,TRUE,"OK"
1,500,0.1,0.9,"Full-GMM",1.6,4.90623561673736,5.99146454710798,TRUE,"OK"
1,500,0.1,0.9,"Full-GMM",1.65,3.54210540357482,5.99146454710798,TRUE,"OK"
1,500,0.1,0.9,"Full-GMM",1.7,3.63146458129757,5.99146454710798,TRUE,"OK"
1,500,0.1,0.9,"Full-GMM",1.75,2.72203436784594,5.99146454710798,TRUE,"OK"
1,500,0.1,0.9,"Full-GMM",1.8,2.80078190843004,5.99146454710798,TRUE,"OK"
1,500,0.1,0.9,"Full-GMM",1.85,1.58312705319383,5.99146454710798,TRUE,"OK"
1,500,0.1,0.9,"Full-GMM",1.9,9.06229095879564,5.99146454710798,FALSE,"OK"
1,500,0.1,0.9,"Full-GMM",1.95,2.31977831769423,5.99146454710798,TRUE,"OK"
1,500,0.1,0.9,"Full-GMM",2,2.27105608646624,5.99146454710798,TRUE,"OK"
1,500,0.1,0.9,"Full-GMM",2.05,0.817861210582906,5.99146454710798,TRUE,"OK"
1,500,0.1,0.9,"Full-GMM",2.1,0.217001641051322,5.99146454710798,TRUE,"OK"
1,500,0.1,0.9,"Full-GMM",2.15,0.159573829855538,5.99146454710798,TRUE,"OK"
1,500,0.1,0.9,"Full-GMM",2.2,0.820606343415896,5.99146454710798,TRUE,"OK"
1,500,0.1,0.9,"Full-GMM",2.25,0.431254207175355,5.99146454710798,TRUE,"OK"
1,500,0.1,0.9,"Full-GMM",2.3,0.367437115135423,5.99146454710798,TRUE,"OK"
1,500,0.1,0.9,"Full-GMM",2.35,0.315893443486878,5.99146454710798,TRUE,"OK"
1,500,0.1,0.9,"Full-GMM",2.4,1.48096139064063,5.99146454710798,TRUE,"OK"
1,500,0.1,0.9,"Full-GMM",2.45,0.0907909600547747,5.99146454710798,TRUE,"OK"
1,500,0.1,0.9,"Full-GMM",2.5,0.232301928090367,5.99146454710798,TRUE,"OK"
1,500,0.1,0.9,"Full-GMM",2.55,0.213983787656253,5.99146454710798,TRUE,"OK"
1,500,0.1,0.9,"Full-GMM",2.6,3.65880134325881,5.99146454710798,TRUE,"OK"
1,500,0.1,0.9,"Full-GMM",2.65,0.272414791610708,5.99146454710798,TRUE,"OK"
1,500,0.1,0.9,"Full-GMM",2.7,1.55716849652482,5.99146454710798,TRUE,"OK"
1,500,0.1,0.9,"Full-GMM",2.75,0.686782250886498,5.99146454710798,TRUE,"OK"
1,500,0.1,0.9,"Full-GMM",2.8,2.01251295142611,5.99146454710798,TRUE,"OK"
1,500,0.1,0.9,"Full-GMM",2.85,0.0291484264693909,5.99146454710798,TRUE,"OK"
1,500,0.1,0.9,"Full-GMM",2.9,4.53896076755081,5.99146454710798,TRUE,"OK"
1,500,0.1,0.9,"Full-GMM",2.95,1.0208842827404,5.99146454710798,TRUE,"OK"
1,500,0.1,0.9,"Full-GMM",3,7.3485977604637,5.99146454710798,FALSE,"OK"
1,500,0.1,0.9,"DML-IVQR",-1,8.33225046360597,5.99146454710798,FALSE,"OK"
1,500,0.1,0.9,"DML-IVQR",-0.95,7.80543980938751,5.99146454710798,FALSE,"OK"
1,500,0.1,0.9,"DML-IVQR",-0.9,7.79186913516789,5.99146454710798,FALSE,"OK"
1,500,0.1,0.9,"DML-IVQR",-0.85,7.78264278077603,5.99146454710798,FALSE,"OK"
1,500,0.1,0.9,"DML-IVQR",-0.8,7.76821583108877,5.99146454710798,FALSE,"OK"
1,500,0.1,0.9,"DML-IVQR",-0.75,7.76398457630612,5.99146454710798,FALSE,"OK"
1,500,0.1,0.9,"DML-IVQR",-0.7,8.15170630605812,5.99146454710798,FALSE,"OK"
1,500,0.1,0.9,"DML-IVQR",-0.65,8.1147859146076,5.99146454710798,FALSE,"OK"
1,500,0.1,0.9,"DML-IVQR",-0.6,8.07986582711981,5.99146454710798,FALSE,"OK"
1,500,0.1,0.9,"DML-IVQR",-0.55,8.05119874057846,5.99146454710798,FALSE,"OK"
1,500,0.1,0.9,"DML-IVQR",-0.5,8.02306121323547,5.99146454710798,FALSE,"OK"
1,500,0.1,0.9,"DML-IVQR",-0.45,7.99840094484154,5.99146454710798,FALSE,"OK"
1,500,0.1,0.9,"DML-IVQR",-0.4,7.97236439287785,5.99146454710798,FALSE,"OK"
1,500,0.1,0.9,"DML-IVQR",-0.35,7.9460662186007,5.99146454710798,FALSE,"OK"
1,500,0.1,0.9,"DML-IVQR",-0.3,7.42514191946315,5.99146454710798,FALSE,"OK"
1,500,0.1,0.9,"DML-IVQR",-0.25,7.94419546784901,5.99146454710798,FALSE,"OK"
1,500,0.1,0.9,"DML-IVQR",-0.2,7.89256122891637,5.99146454710798,FALSE,"OK"
1,500,0.1,0.9,"DML-IVQR",-0.15,7.89420150771968,5.99146454710798,FALSE,"OK"
1,500,0.1,0.9,"DML-IVQR",-0.1,8.33583493109376,5.99146454710798,FALSE,"OK"
1,500,0.1,0.9,"DML-IVQR",-0.0499999999999999,8.560330339612,5.99146454710798,FALSE,"OK"
1,500,0.1,0.9,"DML-IVQR",0,8.08864347245595,5.99146454710798,FALSE,"OK"
1,500,0.1,0.9,"DML-IVQR",0.05,6.83924526150601,5.99146454710798,FALSE,"OK"
1,500,0.1,0.9,"DML-IVQR",0.1,7.94957306745279,5.99146454710798,FALSE,"OK"
1,500,0.1,0.9,"DML-IVQR",0.15,6.8076899457048,5.99146454710798,FALSE,"OK"
1,500,0.1,0.9,"DML-IVQR",0.2,6.85768804527782,5.99146454710798,FALSE,"OK"
1,500,0.1,0.9,"DML-IVQR",0.25,6.8841268692418,5.99146454710798,FALSE,"OK"
1,500,0.1,0.9,"DML-IVQR",0.3,7.17453907633874,5.99146454710798,FALSE,"OK"
1,500,0.1,0.9,"DML-IVQR",0.35,7.76742266046311,5.99146454710798,FALSE,"OK"
1,500,0.1,0.9,"DML-IVQR",0.4,7.69606935831737,5.99146454710798,FALSE,"OK"
1,500,0.1,0.9,"DML-IVQR",0.45,6.18190317945828,5.99146454710798,FALSE,"OK"
1,500,0.1,0.9,"DML-IVQR",0.5,6.35696367281377,5.99146454710798,FALSE,"OK"
1,500,0.1,0.9,"DML-IVQR",0.55,7.95782089890558,5.99146454710798,FALSE,"OK"
1,500,0.1,0.9,"DML-IVQR",0.6,7.91813424820654,5.99146454710798,FALSE,"OK"
1,500,0.1,0.9,"DML-IVQR",0.65,7.99175777702228,5.99146454710798,FALSE,"OK"
1,500,0.1,0.9,"DML-IVQR",0.7,7.79920876205457,5.99146454710798,FALSE,"OK"
1,500,0.1,0.9,"DML-IVQR",0.75,9.37581848856333,5.99146454710798,FALSE,"OK"
1,500,0.1,0.9,"DML-IVQR",0.8,9.21867325007251,5.99146454710798,FALSE,"OK"
1,500,0.1,0.9,"DML-IVQR",0.85,9.2694222989549,5.99146454710798,FALSE,"OK"
1,500,0.1,0.9,"DML-IVQR",0.9,9.33012677758843,5.99146454710798,FALSE,"OK"
1,500,0.1,0.9,"DML-IVQR",0.95,9.83780552618236,5.99146454710798,FALSE,"OK"
1,500,0.1,0.9,"DML-IVQR",1,8.91904367013914,5.99146454710798,FALSE,"OK"
1,500,0.1,0.9,"DML-IVQR",1.05,10.2684532820067,5.99146454710798,FALSE,"OK"
1,500,0.1,0.9,"DML-IVQR",1.1,7.3916599139037,5.99146454710798,FALSE,"OK"
1,500,0.1,0.9,"DML-IVQR",1.15,7.44627559111442,5.99146454710798,FALSE,"OK"
1,500,0.1,0.9,"DML-IVQR",1.2,7.36160595956417,5.99146454710798,FALSE,"OK"
1,500,0.1,0.9,"DML-IVQR",1.25,9.94655809904211,5.99146454710798,FALSE,"OK"
1,500,0.1,0.9,"DML-IVQR",1.3,8.10848154366735,5.99146454710798,FALSE,"OK"
1,500,0.1,0.9,"DML-IVQR",1.35,6.90982419068346,5.99146454710798,FALSE,"OK"
1,500,0.1,0.9,"DML-IVQR",1.4,9.35898198484346,5.99146454710798,FALSE,"OK"
1,500,0.1,0.9,"DML-IVQR",1.45,7.06375025963128,5.99146454710798,FALSE,"OK"
1,500,0.1,0.9,"DML-IVQR",1.5,8.49364611315422,5.99146454710798,FALSE,"OK"
1,500,0.1,0.9,"DML-IVQR",1.55,8.80894717107399,5.99146454710798,FALSE,"OK"
1,500,0.1,0.9,"DML-IVQR",1.6,9.54886955791118,5.99146454710798,FALSE,"OK"
1,500,0.1,0.9,"DML-IVQR",1.65,10.547901228845,5.99146454710798,FALSE,"OK"
1,500,0.1,0.9,"DML-IVQR",1.7,9.19347951741816,5.99146454710798,FALSE,"OK"
1,500,0.1,0.9,"DML-IVQR",1.75,10.6355267658412,5.99146454710798,FALSE,"OK"
1,500,0.1,0.9,"DML-IVQR",1.8,5.80940454332948,5.99146454710798,TRUE,"OK"
1,500,0.1,0.9,"DML-IVQR",1.85,5.83215594428574,5.99146454710798,TRUE,"OK"
1,500,0.1,0.9,"DML-IVQR",1.9,4.45624240294431,5.99146454710798,TRUE,"OK"
1,500,0.1,0.9,"DML-IVQR",1.95,4.16410229574138,5.99146454710798,TRUE,"OK"
1,500,0.1,0.9,"DML-IVQR",2,5.58962988512632,5.99146454710798,TRUE,"OK"
1,500,0.1,0.9,"DML-IVQR",2.05,3.75069859608719,5.99146454710798,TRUE,"OK"
1,500,0.1,0.9,"DML-IVQR",2.1,3.96132145241283,5.99146454710798,TRUE,"OK"
1,500,0.1,0.9,"DML-IVQR",2.15,5.25712928602316,5.99146454710798,TRUE,"OK"
1,500,0.1,0.9,"DML-IVQR",2.2,6.42615000296892,5.99146454710798,FALSE,"OK"
1,500,0.1,0.9,"DML-IVQR",2.25,4.14571711597775,5.99146454710798,TRUE,"OK"
1,500,0.1,0.9,"DML-IVQR",2.3,2.98908102061468,5.99146454710798,TRUE,"OK"
1,500,0.1,0.9,"DML-IVQR",2.35,2.02786676166964,5.99146454710798,TRUE,"OK"
1,500,0.1,0.9,"DML-IVQR",2.4,2.97082715496598,5.99146454710798,TRUE,"OK"
1,500,0.1,0.9,"DML-IVQR",2.45,1.18492775459142,5.99146454710798,TRUE,"OK"
1,500,0.1,0.9,"DML-IVQR",2.5,1.58442139855599,5.99146454710798,TRUE,"OK"
1,500,0.1,0.9,"DML-IVQR",2.55,0.892209898362896,5.99146454710798,TRUE,"OK"
1,500,0.1,0.9,"DML-IVQR",2.6,0.318775755346929,5.99146454710798,TRUE,"OK"
1,500,0.1,0.9,"DML-IVQR",2.65,0.051834283452714,5.99146454710798,TRUE,"OK"
1,500,0.1,0.9,"DML-IVQR",2.7,0.0309839647613274,5.99146454710798,TRUE,"OK"
1,500,0.1,0.9,"DML-IVQR",2.75,1.44987715376515,5.99146454710798,TRUE,"OK"
1,500,0.1,0.9,"DML-IVQR",2.8,1.77740865549599,5.99146454710798,TRUE,"OK"
1,500,0.1,0.9,"DML-IVQR",2.85,3.26999554330956,5.99146454710798,TRUE,"OK"
1,500,0.1,0.9,"DML-IVQR",2.9,1.58051553501016,5.99146454710798,TRUE,"OK"
1,500,0.1,0.9,"DML-IVQR",2.95,2.88580510753993,5.99146454710798,TRUE,"OK"
1,500,0.1,0.9,"DML-IVQR",3,2.40575386624199,5.99146454710798,TRUE,"OK"
2,500,0.1,0.1,"Oracle-GMM",-1,0.0320148616438612,5.99146454710798,TRUE,"OK"
2,500,0.1,0.1,"Oracle-GMM",-0.95,0.0500003002794297,5.99146454710798,TRUE,"OK"
2,500,0.1,0.1,"Oracle-GMM",-0.9,0.0706806988473397,5.99146454710798,TRUE,"OK"
2,500,0.1,0.1,"Oracle-GMM",-0.85,0.0846326782124864,5.99146454710798,TRUE,"OK"
2,500,0.1,0.1,"Oracle-GMM",-0.8,0.417960331949121,5.99146454710798,TRUE,"OK"
2,500,0.1,0.1,"Oracle-GMM",-0.75,0.272896300710983,5.99146454710798,TRUE,"OK"
2,500,0.1,0.1,"Oracle-GMM",-0.7,0.331933427238022,5.99146454710798,TRUE,"OK"
2,500,0.1,0.1,"Oracle-GMM",-0.65,0.0145211270162403,5.99146454710798,TRUE,"OK"
2,500,0.1,0.1,"Oracle-GMM",-0.6,0.283676618775292,5.99146454710798,TRUE,"OK"
2,500,0.1,0.1,"Oracle-GMM",-0.55,0.295951713252008,5.99146454710798,TRUE,"OK"
2,500,0.1,0.1,"Oracle-GMM",-0.5,0.0567513623969616,5.99146454710798,TRUE,"OK"
2,500,0.1,0.1,"Oracle-GMM",-0.45,0.277813827031606,5.99146454710798,TRUE,"OK"
2,500,0.1,0.1,"Oracle-GMM",-0.4,0.199397270136947,5.99146454710798,TRUE,"OK"
2,500,0.1,0.1,"Oracle-GMM",-0.35,0.182418603027448,5.99146454710798,TRUE,"OK"
2,500,0.1,0.1,"Oracle-GMM",-0.3,0.978801900525197,5.99146454710798,TRUE,"OK"
2,500,0.1,0.1,"Oracle-GMM",-0.25,2.62897780312753,5.99146454710798,TRUE,"OK"
2,500,0.1,0.1,"Oracle-GMM",-0.2,0.825625936590918,5.99146454710798,TRUE,"OK"
2,500,0.1,0.1,"Oracle-GMM",-0.15,0.623843529778989,5.99146454710798,TRUE,"OK"
2,500,0.1,0.1,"Oracle-GMM",-0.1,1.68507738424689,5.99146454710798,TRUE,"OK"
2,500,0.1,0.1,"Oracle-GMM",-0.0499999999999999,0.979846612202138,5.99146454710798,TRUE,"OK"
2,500,0.1,0.1,"Oracle-GMM",0,1.01157342907324,5.99146454710798,TRUE,"OK"
2,500,0.1,0.1,"Oracle-GMM",0.05,1.83900663554222,5.99146454710798,TRUE,"OK"
2,500,0.1,0.1,"Oracle-GMM",0.1,2.34731043990483,5.99146454710798,TRUE,"OK"
2,500,0.1,0.1,"Oracle-GMM",0.15,1.98491868444583,5.99146454710798,TRUE,"OK"
2,500,0.1,0.1,"Oracle-GMM",0.2,2.49438010266077,5.99146454710798,TRUE,"OK"
2,500,0.1,0.1,"Oracle-GMM",0.25,2.47716589766574,5.99146454710798,TRUE,"OK"
2,500,0.1,0.1,"Oracle-GMM",0.3,0.536164688220963,5.99146454710798,TRUE,"OK"
2,500,0.1,0.1,"Oracle-GMM",0.35,0.401679060179482,5.99146454710798,TRUE,"OK"
2,500,0.1,0.1,"Oracle-GMM",0.4,0.122091867511963,5.99146454710798,TRUE,"OK"
2,500,0.1,0.1,"Oracle-GMM",0.45,0.207743976369697,5.99146454710798,TRUE,"OK"
2,500,0.1,0.1,"Oracle-GMM",0.5,0.480074273801026,5.99146454710798,TRUE,"OK"
2,500,0.1,0.1,"Oracle-GMM",0.55,0.149832506163037,5.99146454710798,TRUE,"OK"
2,500,0.1,0.1,"Oracle-GMM",0.6,0.413521451419294,5.99146454710798,TRUE,"OK"
2,500,0.1,0.1,"Oracle-GMM",0.65,0.297668432884462,5.99146454710798,TRUE,"OK"
2,500,0.1,0.1,"Oracle-GMM",0.7,0.27941760205189,5.99146454710798,TRUE,"OK"
2,500,0.1,0.1,"Oracle-GMM",0.75,0.0478414199942809,5.99146454710798,TRUE,"OK"
2,500,0.1,0.1,"Oracle-GMM",0.8,0.180348317645058,5.99146454710798,TRUE,"OK"
2,500,0.1,0.1,"Oracle-GMM",0.85,0.12061660427008,5.99146454710798,TRUE,"OK"
2,500,0.1,0.1,"Oracle-GMM",0.9,0.599507608880064,5.99146454710798,TRUE,"OK"
2,500,0.1,0.1,"Oracle-GMM",0.95,1.83778652792259,5.99146454710798,TRUE,"OK"
2,500,0.1,0.1,"Oracle-GMM",1,0.947260837547502,5.99146454710798,TRUE,"OK"
2,500,0.1,0.1,"Oracle-GMM",1.05,0.892883018499289,5.99146454710798,TRUE,"OK"
2,500,0.1,0.1,"Oracle-GMM",1.1,0.609746075158459,5.99146454710798,TRUE,"OK"
2,500,0.1,0.1,"Oracle-GMM",1.15,1.78074688464498,5.99146454710798,TRUE,"OK"
2,500,0.1,0.1,"Oracle-GMM",1.2,0.867967491811062,5.99146454710798,TRUE,"OK"
2,500,0.1,0.1,"Oracle-GMM",1.25,1.14913385043967,5.99146454710798,TRUE,"OK"
2,500,0.1,0.1,"Oracle-GMM",1.3,1.18054406582736,5.99146454710798,TRUE,"OK"
2,500,0.1,0.1,"Oracle-GMM",1.35,2.37127345315569,5.99146454710798,TRUE,"OK"
2,500,0.1,0.1,"Oracle-GMM",1.4,1.47004047779434,5.99146454710798,TRUE,"OK"
2,500,0.1,0.1,"Oracle-GMM",1.45,0.466083048921145,5.99146454710798,TRUE,"OK"
2,500,0.1,0.1,"Oracle-GMM",1.5,1.06921133799411,5.99146454710798,TRUE,"OK"
2,500,0.1,0.1,"Oracle-GMM",1.55,1.88117751149685,5.99146454710798,TRUE,"OK"
2,500,0.1,0.1,"Oracle-GMM",1.6,0.878097438408248,5.99146454710798,TRUE,"OK"
2,500,0.1,0.1,"Oracle-GMM",1.65,1.30769165068824,5.99146454710798,TRUE,"OK"
2,500,0.1,0.1,"Oracle-GMM",1.7,1.5906403103733,5.99146454710798,TRUE,"OK"
2,500,0.1,0.1,"Oracle-GMM",1.75,1.17124989495695,5.99146454710798,TRUE,"OK"
2,500,0.1,0.1,"Oracle-GMM",1.8,0.951282342351969,5.99146454710798,TRUE,"OK"
2,500,0.1,0.1,"Oracle-GMM",1.85,0.948483868975852,5.99146454710798,TRUE,"OK"
2,500,0.1,0.1,"Oracle-GMM",1.9,0.605451742411219,5.99146454710798,TRUE,"OK"
2,500,0.1,0.1,"Oracle-GMM",1.95,1.43415085294377,5.99146454710798,TRUE,"OK"
2,500,0.1,0.1,"Oracle-GMM",2,0.978049002175374,5.99146454710798,TRUE,"OK"
2,500,0.1,0.1,"Oracle-GMM",2.05,1.72235955769199,5.99146454710798,TRUE,"OK"
2,500,0.1,0.1,"Oracle-GMM",2.1,0.645463072708532,5.99146454710798,TRUE,"OK"
2,500,0.1,0.1,"Oracle-GMM",2.15,0.867530700123747,5.99146454710798,TRUE,"OK"
2,500,0.1,0.1,"Oracle-GMM",2.2,0.864884020717485,5.99146454710798,TRUE,"OK"
2,500,0.1,0.1,"Oracle-GMM",2.25,0.18101220900246,5.99146454710798,TRUE,"OK"
2,500,0.1,0.1,"Oracle-GMM",2.3,0.865376272070821,5.99146454710798,TRUE,"OK"
2,500,0.1,0.1,"Oracle-GMM",2.35,0.507399813896001,5.99146454710798,TRUE,"OK"
2,500,0.1,0.1,"Oracle-GMM",2.4,2.25953820047701,5.99146454710798,TRUE,"OK"
2,500,0.1,0.1,"Oracle-GMM",2.45,0.387319898112568,5.99146454710798,TRUE,"OK"
2,500,0.1,0.1,"Oracle-GMM",2.5,0.42285217959989,5.99146454710798,TRUE,"OK"
2,500,0.1,0.1,"Oracle-GMM",2.55,1.76053803436218,5.99146454710798,TRUE,"OK"
2,500,0.1,0.1,"Oracle-GMM",2.6,3.01371236286403,5.99146454710798,TRUE,"OK"
2,500,0.1,0.1,"Oracle-GMM",2.65,1.69541485158626,5.99146454710798,TRUE,"OK"
2,500,0.1,0.1,"Oracle-GMM",2.7,2.17929010735492,5.99146454710798,TRUE,"OK"
2,500,0.1,0.1,"Oracle-GMM",2.75,2.53098252486973,5.99146454710798,TRUE,"OK"
2,500,0.1,0.1,"Oracle-GMM",2.8,1.62463385067469,5.99146454710798,TRUE,"OK"
2,500,0.1,0.1,"Oracle-GMM",2.85,2.53404041706265,5.99146454710798,TRUE,"OK"
2,500,0.1,0.1,"Oracle-GMM",2.9,1.76724051442344,5.99146454710798,TRUE,"OK"
2,500,0.1,0.1,"Oracle-GMM",2.95,1.5150903708373,5.99146454710798,TRUE,"OK"
2,500,0.1,0.1,"Oracle-GMM",3,3.17394867864187,5.99146454710798,TRUE,"OK"
2,500,0.1,0.1,"Full-GMM",-1,2.84061907364734,5.99146454710798,TRUE,"OK"
2,500,0.1,0.1,"Full-GMM",-0.95,5.42919582473046,5.99146454710798,TRUE,"OK"
2,500,0.1,0.1,"Full-GMM",-0.9,4.19747207343284,5.99146454710798,TRUE,"OK"
2,500,0.1,0.1,"Full-GMM",-0.85,3.10964365864583,5.99146454710798,TRUE,"OK"
2,500,0.1,0.1,"Full-GMM",-0.8,1.45755447331998,5.99146454710798,TRUE,"OK"
2,500,0.1,0.1,"Full-GMM",-0.75,1.5057585274761,5.99146454710798,TRUE,"OK"
2,500,0.1,0.1,"Full-GMM",-0.7,1.07224637168869,5.99146454710798,TRUE,"OK"
2,500,0.1,0.1,"Full-GMM",-0.65,0.824528636583354,5.99146454710798,TRUE,"OK"
2,500,0.1,0.1,"Full-GMM",-0.6,0.504900790916732,5.99146454710798,TRUE,"OK"
2,500,0.1,0.1,"Full-GMM",-0.55,1.47713548027121,5.99146454710798,TRUE,"OK"
2,500,0.1,0.1,"Full-GMM",-0.5,1.40572728872889,5.99146454710798,TRUE,"OK"
2,500,0.1,0.1,"Full-GMM",-0.45,0.270714574907394,5.99146454710798,TRUE,"OK"
2,500,0.1,0.1,"Full-GMM",-0.4,0.407072088122497,5.99146454710798,TRUE,"OK"
2,500,0.1,0.1,"Full-GMM",-0.35,0.477119816673908,5.99146454710798,TRUE,"OK"
2,500,0.1,0.1,"Full-GMM",-0.3,0.0509226881009489,5.99146454710798,TRUE,"OK"
2,500,0.1,0.1,"Full-GMM",-0.25,2.10951631146955,5.99146454710798,TRUE,"OK"
2,500,0.1,0.1,"Full-GMM",-0.2,0.558188202361415,5.99146454710798,TRUE,"OK"
2,500,0.1,0.1,"Full-GMM",-0.15,0.934338736568425,5.99146454710798,TRUE,"OK"
2,500,0.1,0.1,"Full-GMM",-0.1,1.59469022366122,5.99146454710798,TRUE,"OK"
2,500,0.1,0.1,"Full-GMM",-0.0499999999999999,1.26487657484364,5.99146454710798,TRUE,"OK"
2,500,0.1,0.1,"Full-GMM",0,0.958262435520292,5.99146454710798,TRUE,"OK"
2,500,0.1,0.1,"Full-GMM",0.05,0.537773538368473,5.99146454710798,TRUE,"OK"
2,500,0.1,0.1,"Full-GMM",0.1,2.76816909013248,5.99146454710798,TRUE,"OK"
2,500,0.1,0.1,"Full-GMM",0.15,2.04255101804427,5.99146454710798,TRUE,"OK"
2,500,0.1,0.1,"Full-GMM",0.2,1.45700704980381,5.99146454710798,TRUE,"OK"
2,500,0.1,0.1,"Full-GMM",0.25,0.219034094216018,5.99146454710798,TRUE,"OK"
2,500,0.1,0.1,"Full-GMM",0.3,1.13663350058133,5.99146454710798,TRUE,"OK"
2,500,0.1,0.1,"Full-GMM",0.35,0.465456335963279,5.99146454710798,TRUE,"OK"
2,500,0.1,0.1,"Full-GMM",0.4,4.88599514216058,5.99146454710798,TRUE,"OK"
2,500,0.1,0.1,"Full-GMM",0.45,0.716991007730741,5.99146454710798,TRUE,"OK"
2,500,0.1,0.1,"Full-GMM",0.5,1.18151620663926,5.99146454710798,TRUE,"OK"
2,500,0.1,0.1,"Full-GMM",0.55,7.0140142572658,5.99146454710798,FALSE,"OK"
2,500,0.1,0.1,"Full-GMM",0.6,0.74610925812439,5.99146454710798,TRUE,"OK"
2,500,0.1,0.1,"Full-GMM",0.65,2.24114967456949,5.99146454710798,TRUE,"OK"
2,500,0.1,0.1,"Full-GMM",0.7,3.49458185610075,5.99146454710798,TRUE,"OK"
2,500,0.1,0.1,"Full-GMM",0.75,0.886634250784747,5.99146454710798,TRUE,"OK"
2,500,0.1,0.1,"Full-GMM",0.8,0.179004840673671,5.99146454710798,TRUE,"OK"
2,500,0.1,0.1,"Full-GMM",0.85,0.551985474621012,5.99146454710798,TRUE,"OK"
2,500,0.1,0.1,"Full-GMM",0.9,1.87208363025599,5.99146454710798,TRUE,"OK"
2,500,0.1,0.1,"Full-GMM",0.95,2.23405815288852,5.99146454710798,TRUE,"OK"
2,500,0.1,0.1,"Full-GMM",1,0.147454197598095,5.99146454710798,TRUE,"OK"
2,500,0.1,0.1,"Full-GMM",1.05,1.37525513712599,5.99146454710798,TRUE,"OK"
2,500,0.1,0.1,"Full-GMM",1.1,0.390727617242343,5.99146454710798,TRUE,"OK"
2,500,0.1,0.1,"Full-GMM",1.15,0.954934935658272,5.99146454710798,TRUE,"OK"
2,500,0.1,0.1,"Full-GMM",1.2,3.52706931181604,5.99146454710798,TRUE,"OK"
2,500,0.1,0.1,"Full-GMM",1.25,0.102575570181357,5.99146454710798,TRUE,"OK"
2,500,0.1,0.1,"Full-GMM",1.3,0.10355600181209,5.99146454710798,TRUE,"OK"
2,500,0.1,0.1,"Full-GMM",1.35,0.61848985915682,5.99146454710798,TRUE,"OK"
2,500,0.1,0.1,"Full-GMM",1.4,0.0312017059108477,5.99146454710798,TRUE,"OK"
2,500,0.1,0.1,"Full-GMM",1.45,5.31521020905751,5.99146454710798,TRUE,"OK"
2,500,0.1,0.1,"Full-GMM",1.5,2.11067023694425,5.99146454710798,TRUE,"OK"
2,500,0.1,0.1,"Full-GMM",1.55,0.387275298561361,5.99146454710798,TRUE,"OK"
2,500,0.1,0.1,"Full-GMM",1.6,0.453920035701722,5.99146454710798,TRUE,"OK"
2,500,0.1,0.1,"Full-GMM",1.65,3.2691794522641,5.99146454710798,TRUE,"OK"
2,500,0.1,0.1,"Full-GMM",1.7,0.353036918561548,5.99146454710798,TRUE,"OK"
2,500,0.1,0.1,"Full-GMM",1.75,2.70005912336079,5.99146454710798,TRUE,"OK"
2,500,0.1,0.1,"Full-GMM",1.8,0.366913338066854,5.99146454710798,TRUE,"OK"
2,500,0.1,0.1,"Full-GMM",1.85,0.528891343265426,5.99146454710798,TRUE,"OK"
2,500,0.1,0.1,"Full-GMM",1.9,0.592800459257245,5.99146454710798,TRUE,"OK"
2,500,0.1,0.1,"Full-GMM",1.95,0.997546484393491,5.99146454710798,TRUE,"OK"
2,500,0.1,0.1,"Full-GMM",2,3.27460055902381,5.99146454710798,TRUE,"OK"
2,500,0.1,0.1,"Full-GMM",2.05,3.14678134634315,5.99146454710798,TRUE,"OK"
2,500,0.1,0.1,"Full-GMM",2.1,0.494732909315701,5.99146454710798,TRUE,"OK"
2,500,0.1,0.1,"Full-GMM",2.15,1.24511813495078,5.99146454710798,TRUE,"OK"
2,500,0.1,0.1,"Full-GMM",2.2,1.85253211112609,5.99146454710798,TRUE,"OK"
2,500,0.1,0.1,"Full-GMM",2.25,0.694102027764603,5.99146454710798,TRUE,"OK"
2,500,0.1,0.1,"Full-GMM",2.3,2.1846271757112,5.99146454710798,TRUE,"OK"
2,500,0.1,0.1,"Full-GMM",2.35,1.88592577218506,5.99146454710798,TRUE,"OK"
2,500,0.1,0.1,"Full-GMM",2.4,2.21315501105626,5.99146454710798,TRUE,"OK"
2,500,0.1,0.1,"Full-GMM",2.45,1.24523043054794,5.99146454710798,TRUE,"OK"
2,500,0.1,0.1,"Full-GMM",2.5,0.409964039030621,5.99146454710798,TRUE,"OK"
2,500,0.1,0.1,"Full-GMM",2.55,1.35668253763438,5.99146454710798,TRUE,"OK"
2,500,0.1,0.1,"Full-GMM",2.6,1.15345436894475,5.99146454710798,TRUE,"OK"
2,500,0.1,0.1,"Full-GMM",2.65,0.428053639064859,5.99146454710798,TRUE,"OK"
2,500,0.1,0.1,"Full-GMM",2.7,1.6425062908198,5.99146454710798,TRUE,"OK"
2,500,0.1,0.1,"Full-GMM",2.75,5.02674224335188,5.99146454710798,TRUE,"OK"
2,500,0.1,0.1,"Full-GMM",2.8,2.92921468070092,5.99146454710798,TRUE,"OK"
2,500,0.1,0.1,"Full-GMM",2.85,0.544691833683241,5.99146454710798,TRUE,"OK"
2,500,0.1,0.1,"Full-GMM",2.9,0.826460943463563,5.99146454710798,TRUE,"OK"
2,500,0.1,0.1,"Full-GMM",2.95,0.0300136989013308,5.99146454710798,TRUE,"OK"
2,500,0.1,0.1,"Full-GMM",3,0.371959263219765,5.99146454710798,TRUE,"OK"
2,500,0.1,0.1,"DML-IVQR",-1,0.122614835596632,5.99146454710798,TRUE,"OK"
2,500,0.1,0.1,"DML-IVQR",-0.95,0.0710304768598823,5.99146454710798,TRUE,"OK"
2,500,0.1,0.1,"DML-IVQR",-0.9,0.243613135199533,5.99146454710798,TRUE,"OK"
2,500,0.1,0.1,"DML-IVQR",-0.85,1.06583047501379,5.99146454710798,TRUE,"OK"
2,500,0.1,0.1,"DML-IVQR",-0.8,0.349028856728289,5.99146454710798,TRUE,"OK"
2,500,0.1,0.1,"DML-IVQR",-0.75,0.0579336887278591,5.99146454710798,TRUE,"OK"
2,500,0.1,0.1,"DML-IVQR",-0.7,0.565914072130453,5.99146454710798,TRUE,"OK"
2,500,0.1,0.1,"DML-IVQR",-0.65,0.576194890163034,5.99146454710798,TRUE,"OK"
2,500,0.1,0.1,"DML-IVQR",-0.6,0.132459259519918,5.99146454710798,TRUE,"OK"
2,500,0.1,0.1,"DML-IVQR",-0.55,0.301350146342457,5.99146454710798,TRUE,"OK"
2,500,0.1,0.1,"DML-IVQR",-0.5,0.179943329853083,5.99146454710798,TRUE,"OK"
2,500,0.1,0.1,"DML-IVQR",-0.45,0.110800419257681,5.99146454710798,TRUE,"OK"
2,500,0.1,0.1,"DML-IVQR",-0.4,0.380284951792779,5.99146454710798,TRUE,"OK"
2,500,0.1,0.1,"DML-IVQR",-0.35,0.524175436676272,5.99146454710798,TRUE,"OK"
2,500,0.1,0.1,"DML-IVQR",-0.3,0.553067001207356,5.99146454710798,TRUE,"OK"
2,500,0.1,0.1,"DML-IVQR",-0.25,0.450665851082977,5.99146454710798,TRUE,"OK"
2,500,0.1,0.1,"DML-IVQR",-0.2,0.54666390022091,5.99146454710798,TRUE,"OK"
2,500,0.1,0.1,"DML-IVQR",-0.15,0.0422374787478259,5.99146454710798,TRUE,"OK"
2,500,0.1,0.1,"DML-IVQR",-0.1,0.35969837883013,5.99146454710798,TRUE,"OK"
2,500,0.1,0.1,"DML-IVQR",-0.0499999999999999,0.269763922978506,5.99146454710798,TRUE,"OK"
2,500,0.1,0.1,"DML-IVQR",0,0.210341889227975,5.99146454710798,TRUE,"OK"
2,500,0.1,0.1,"DML-IVQR",0.05,0.109989705607601,5.99146454710798,TRUE,"OK"
2,500,0.1,0.1,"DML-IVQR",0.1,0.135352418421661,5.99146454710798,TRUE,"OK"
2,500,0.1,0.1,"DML-IVQR",0.15,0.153313107555769,5.99146454710798,TRUE,"OK"
2,500,0.1,0.1,"DML-IVQR",0.2,0.0529524594230477,5.99146454710798,TRUE,"OK"
2,500,0.1,0.1,"DML-IVQR",0.25,0.451262610806042,5.99146454710798,TRUE,"OK"
2,500,0.1,0.1,"DML-IVQR",0.3,0.187162040879268,5.99146454710798,TRUE,"OK"
2,500,0.1,0.1,"DML-IVQR",0.35,0.192803898473014,5.99146454710798,TRUE,"OK"
2,500,0.1,0.1,"DML-IVQR",0.4,0.351878490603092,5.99146454710798,TRUE,"OK"
2,500,0.1,0.1,"DML-IVQR",0.45,0.624585718638682,5.99146454710798,TRUE,"OK"
2,500,0.1,0.1,"DML-IVQR",0.5,1.10457007979743,5.99146454710798,TRUE,"OK"
2,500,0.1,0.1,"DML-IVQR",0.55,0.758326644921992,5.99146454710798,TRUE,"OK"
2,500,0.1,0.1,"DML-IVQR",0.6,1.03235738368299,5.99146454710798,TRUE,"OK"
2,500,0.1,0.1,"DML-IVQR",0.65,0.742965372974161,5.99146454710798,TRUE,"OK"
2,500,0.1,0.1,"DML-IVQR",0.7,1.06776828276522,5.99146454710798,TRUE,"OK"
2,500,0.1,0.1,"DML-IVQR",0.75,0.448908518634567,5.99146454710798,TRUE,"OK"
2,500,0.1,0.1,"DML-IVQR",0.8,0.576327008733331,5.99146454710798,TRUE,"OK"
2,500,0.1,0.1,"DML-IVQR",0.85,0.740151736798391,5.99146454710798,TRUE,"OK"
2,500,0.1,0.1,"DML-IVQR",0.9,1.31924254830522,5.99146454710798,TRUE,"OK"
2,500,0.1,0.1,"DML-IVQR",0.95,0.888120106324116,5.99146454710798,TRUE,"OK"
2,500,0.1,0.1,"DML-IVQR",1,0.80657451325243,5.99146454710798,TRUE,"OK"
2,500,0.1,0.1,"DML-IVQR",1.05,1.28974149387479,5.99146454710798,TRUE,"OK"
2,500,0.1,0.1,"DML-IVQR",1.1,1.25809056168373,5.99146454710798,TRUE,"OK"
2,500,0.1,0.1,"DML-IVQR",1.15,0.868798843286544,5.99146454710798,TRUE,"OK"
2,500,0.1,0.1,"DML-IVQR",1.2,1.23679896762288,5.99146454710798,TRUE,"OK"
2,500,0.1,0.1,"DML-IVQR",1.25,3.08369508103906,5.99146454710798,TRUE,"OK"
2,500,0.1,0.1,"DML-IVQR",1.3,1.33104375473068,5.99146454710798,TRUE,"OK"
2,500,0.1,0.1,"DML-IVQR",1.35,1.65118535138805,5.99146454710798,TRUE,"OK"
2,500,0.1,0.1,"DML-IVQR",1.4,1.05401556373069,5.99146454710798,TRUE,"OK"
2,500,0.1,0.1,"DML-IVQR",1.45,1.24560443990215,5.99146454710798,TRUE,"OK"
2,500,0.1,0.1,"DML-IVQR",1.5,1.65362082212378,5.99146454710798,TRUE,"OK"
2,500,0.1,0.1,"DML-IVQR",1.55,0.935748660927978,5.99146454710798,TRUE,"OK"
2,500,0.1,0.1,"DML-IVQR",1.6,0.723429569053395,5.99146454710798,TRUE,"OK"
2,500,0.1,0.1,"DML-IVQR",1.65,0.385631802727382,5.99146454710798,TRUE,"OK"
2,500,0.1,0.1,"DML-IVQR",1.7,1.08185332168175,5.99146454710798,TRUE,"OK"
2,500,0.1,0.1,"DML-IVQR",1.75,2.17394280667941,5.99146454710798,TRUE,"OK"
2,500,0.1,0.1,"DML-IVQR",1.8,0.959150803751195,5.99146454710798,TRUE,"OK"
2,500,0.1,0.1,"DML-IVQR",1.85,2.732168750748,5.99146454710798,TRUE,"OK"
2,500,0.1,0.1,"DML-IVQR",1.9,2.76369035906307,5.99146454710798,TRUE,"OK"
2,500,0.1,0.1,"DML-IVQR",1.95,1.45554883248323,5.99146454710798,TRUE,"OK"
2,500,0.1,0.1,"DML-IVQR",2,2.83973344432497,5.99146454710798,TRUE,"OK"
2,500,0.1,0.1,"DML-IVQR",2.05,3.13129292454764,5.99146454710798,TRUE,"OK"
2,500,0.1,0.1,"DML-IVQR",2.1,1.0548304034872,5.99146454710798,TRUE,"OK"
2,500,0.1,0.1,"DML-IVQR",2.15,1.89240990655669,5.99146454710798,TRUE,"OK"
2,500,0.1,0.1,"DML-IVQR",2.2,2.91224754142001,5.99146454710798,TRUE,"OK"
2,500,0.1,0.1,"DML-IVQR",2.25,1.09526494506592,5.99146454710798,TRUE,"OK"
2,500,0.1,0.1,"DML-IVQR",2.3,3.67708525649862,5.99146454710798,TRUE,"OK"
2,500,0.1,0.1,"DML-IVQR",2.35,2.87642612968336,5.99146454710798,TRUE,"OK"
2,500,0.1,0.1,"DML-IVQR",2.4,3.05073714524598,5.99146454710798,TRUE,"OK"
2,500,0.1,0.1,"DML-IVQR",2.45,2.85486268515097,5.99146454710798,TRUE,"OK"
2,500,0.1,0.1,"DML-IVQR",2.5,3.13594794011073,5.99146454710798,TRUE,"OK"
2,500,0.1,0.1,"DML-IVQR",2.55,3.13443459454005,5.99146454710798,TRUE,"OK"
2,500,0.1,0.1,"DML-IVQR",2.6,3.17133488460836,5.99146454710798,TRUE,"OK"
2,500,0.1,0.1,"DML-IVQR",2.65,2.9871338934902,5.99146454710798,TRUE,"OK"
2,500,0.1,0.1,"DML-IVQR",2.7,3.01451898564351,5.99146454710798,TRUE,"OK"
2,500,0.1,0.1,"DML-IVQR",2.75,3.05587950625359,5.99146454710798,TRUE,"OK"
2,500,0.1,0.1,"DML-IVQR",2.8,2.82326023223219,5.99146454710798,TRUE,"OK"
2,500,0.1,0.1,"DML-IVQR",2.85,3.13560866083547,5.99146454710798,TRUE,"OK"
2,500,0.1,0.1,"DML-IVQR",2.9,6.04267422959342,5.99146454710798,FALSE,"OK"
2,500,0.1,0.1,"DML-IVQR",2.95,3.21467192320426,5.99146454710798,TRUE,"OK"
2,500,0.1,0.1,"DML-IVQR",3,3.27129222746631,5.99146454710798,TRUE,"OK"
2,500,0.1,0.5,"Oracle-GMM",-1,2.32533606270888,5.99146454710798,TRUE,"OK"
2,500,0.1,0.5,"Oracle-GMM",-0.95,2.76579149985662,5.99146454710798,TRUE,"OK"
2,500,0.1,0.5,"Oracle-GMM",-0.9,1.70561752279861,5.99146454710798,TRUE,"OK"
2,500,0.1,0.5,"Oracle-GMM",-0.85,1.99197766981014,5.99146454710798,TRUE,"OK"
2,500,0.1,0.5,"Oracle-GMM",-0.8,1.81603918065434,5.99146454710798,TRUE,"OK"
2,500,0.1,0.5,"Oracle-GMM",-0.75,2.11149566755166,5.99146454710798,TRUE,"OK"
2,500,0.1,0.5,"Oracle-GMM",-0.7,1.86134904898821,5.99146454710798,TRUE,"OK"
2,500,0.1,0.5,"Oracle-GMM",-0.65,3.00367660087111,5.99146454710798,TRUE,"OK"
2,500,0.1,0.5,"Oracle-GMM",-0.6,2.54165379974367,5.99146454710798,TRUE,"OK"
2,500,0.1,0.5,"Oracle-GMM",-0.55,1.52759301948266,5.99146454710798,TRUE,"OK"
2,500,0.1,0.5,"Oracle-GMM",-0.5,3.10459397340326,5.99146454710798,TRUE,"OK"
2,500,0.1,0.5,"Oracle-GMM",-0.45,3.52523656354917,5.99146454710798,TRUE,"OK"
2,500,0.1,0.5,"Oracle-GMM",-0.4,2.82232816422357,5.99146454710798,TRUE,"OK"
2,500,0.1,0.5,"Oracle-GMM",-0.35,2.84897783910999,5.99146454710798,TRUE,"OK"
2,500,0.1,0.5,"Oracle-GMM",-0.3,2.38606013372376,5.99146454710798,TRUE,"OK"
2,500,0.1,0.5,"Oracle-GMM",-0.25,2.51342553265026,5.99146454710798,TRUE,"OK"
2,500,0.1,0.5,"Oracle-GMM",-0.2,1.21751546917302,5.99146454710798,TRUE,"OK"
2,500,0.1,0.5,"Oracle-GMM",-0.15,1.07794979277495,5.99146454710798,TRUE,"OK"
2,500,0.1,0.5,"Oracle-GMM",-0.1,2.18025695780848,5.99146454710798,TRUE,"OK"
2,500,0.1,0.5,"Oracle-GMM",-0.0499999999999999,0.536502726683147,5.99146454710798,TRUE,"OK"
2,500,0.1,0.5,"Oracle-GMM",0,0.674420987914604,5.99146454710798,TRUE,"OK"
2,500,0.1,0.5,"Oracle-GMM",0.05,1.03925669199445,5.99146454710798,TRUE,"OK"
2,500,0.1,0.5,"Oracle-GMM",0.1,0.414884189837344,5.99146454710798,TRUE,"OK"
2,500,0.1,0.5,"Oracle-GMM",0.15,0.00838722665049597,5.99146454710798,TRUE,"OK"
2,500,0.1,0.5,"Oracle-GMM",0.2,0.213560323629104,5.99146454710798,TRUE,"OK"
2,500,0.1,0.5,"Oracle-GMM",0.25,0.0556586699004255,5.99146454710798,TRUE,"OK"
2,500,0.1,0.5,"Oracle-GMM",0.3,0.189326817060204,5.99146454710798,TRUE,"OK"
2,500,0.1,0.5,"Oracle-GMM",0.35,0.101203873711857,5.99146454710798,TRUE,"OK"
2,500,0.1,0.5,"Oracle-GMM",0.4,0.19257317188233,5.99146454710798,TRUE,"OK"
2,500,0.1,0.5,"Oracle-GMM",0.45,0.451017028659006,5.99146454710798,TRUE,"OK"
2,500,0.1,0.5,"Oracle-GMM",0.5,0.595960292139443,5.99146454710798,TRUE,"OK"
2,500,0.1,0.5,"Oracle-GMM",0.55,0.215091040190356,5.99146454710798,TRUE,"OK"
2,500,0.1,0.5,"Oracle-GMM",0.6,0.193729460285844,5.99146454710798,TRUE,"OK"
2,500,0.1,0.5,"Oracle-GMM",0.65,0.0302163805918817,5.99146454710798,TRUE,"OK"
2,500,0.1,0.5,"Oracle-GMM",0.7,0.313424633704571,5.99146454710798,TRUE,"OK"
2,500,0.1,0.5,"Oracle-GMM",0.75,0.549508385312165,5.99146454710798,TRUE,"OK"
2,500,0.1,0.5,"Oracle-GMM",0.8,0.674306131196073,5.99146454710798,TRUE,"OK"
2,500,0.1,0.5,"Oracle-GMM",0.85,0.0299460047757116,5.99146454710798,TRUE,"OK"
2,500,0.1,0.5,"Oracle-GMM",0.9,0.11661136741658,5.99146454710798,TRUE,"OK"
2,500,0.1,0.5,"Oracle-GMM",0.95,0.315790053905992,5.99146454710798,TRUE,"OK"
2,500,0.1,0.5,"Oracle-GMM",1,0.235912385247958,5.99146454710798,TRUE,"OK"
2,500,0.1,0.5,"Oracle-GMM",1.05,0.328312530601185,5.99146454710798,TRUE,"OK"
2,500,0.1,0.5,"Oracle-GMM",1.1,1.02124580703579,5.99146454710798,TRUE,"OK"
2,500,0.1,0.5,"Oracle-GMM",1.15,0.922669004104346,5.99146454710798,TRUE,"OK"
2,500,0.1,0.5,"Oracle-GMM",1.2,0.726611905933318,5.99146454710798,TRUE,"OK"
2,500,0.1,0.5,"Oracle-GMM",1.25,1.41591130567469,5.99146454710798,TRUE,"OK"
2,500,0.1,0.5,"Oracle-GMM",1.3,1.68195038975213,5.99146454710798,TRUE,"OK"
2,500,0.1,0.5,"Oracle-GMM",1.35,1.09733654356954,5.99146454710798,TRUE,"OK"
2,500,0.1,0.5,"Oracle-GMM",1.4,1.25356821892452,5.99146454710798,TRUE,"OK"
2,500,0.1,0.5,"Oracle-GMM",1.45,2.56056266529086,5.99146454710798,TRUE,"OK"
2,500,0.1,0.5,"Oracle-GMM",1.5,2.05121932287957,5.99146454710798,TRUE,"OK"
2,500,0.1,0.5,"Oracle-GMM",1.55,1.75944972701086,5.99146454710798,TRUE,"OK"
2,500,0.1,0.5,"Oracle-GMM",1.6,0.82860598293881,5.99146454710798,TRUE,"OK"
2,500,0.1,0.5,"Oracle-GMM",1.65,1.87959115963712,5.99146454710798,TRUE,"OK"
2,500,0.1,0.5,"Oracle-GMM",1.7,2.00553806572692,5.99146454710798,TRUE,"OK"
2,500,0.1,0.5,"Oracle-GMM",1.75,2.3239973413251,5.99146454710798,TRUE,"OK"
2,500,0.1,0.5,"Oracle-GMM",1.8,3.33206700740967,5.99146454710798,TRUE,"OK"
2,500,0.1,0.5,"Oracle-GMM",1.85,2.66934972771412,5.99146454710798,TRUE,"OK"
2,500,0.1,0.5,"Oracle-GMM",1.9,3.69143808310395,5.99146454710798,TRUE,"OK"
2,500,0.1,0.5,"Oracle-GMM",1.95,3.27687434966435,5.99146454710798,TRUE,"OK"
2,500,0.1,0.5,"Oracle-GMM",2,3.95785164740095,5.99146454710798,TRUE,"OK"
2,500,0.1,0.5,"Oracle-GMM",2.05,3.17067399009885,5.99146454710798,TRUE,"OK"
2,500,0.1,0.5,"Oracle-GMM",2.1,1.89531709847046,5.99146454710798,TRUE,"OK"
2,500,0.1,0.5,"Oracle-GMM",2.15,2.75163896104016,5.99146454710798,TRUE,"OK"
2,500,0.1,0.5,"Oracle-GMM",2.2,2.36762976216526,5.99146454710798,TRUE,"OK"
2,500,0.1,0.5,"Oracle-GMM",2.25,1.44760986467983,5.99146454710798,TRUE,"OK"
2,500,0.1,0.5,"Oracle-GMM",2.3,1.53981663355771,5.99146454710798,TRUE,"OK"
2,500,0.1,0.5,"Oracle-GMM",2.35,1.61856773279745,5.99146454710798,TRUE,"OK"
2,500,0.1,0.5,"Oracle-GMM",2.4,2.23417377894042,5.99146454710798,TRUE,"OK"
2,500,0.1,0.5,"Oracle-GMM",2.45,1.62988072496147,5.99146454710798,TRUE,"OK"
2,500,0.1,0.5,"Oracle-GMM",2.5,1.98563303891263,5.99146454710798,TRUE,"OK"
2,500,0.1,0.5,"Oracle-GMM",2.55,2.09157732848925,5.99146454710798,TRUE,"OK"
2,500,0.1,0.5,"Oracle-GMM",2.6,1.20643193722156,5.99146454710798,TRUE,"OK"
2,500,0.1,0.5,"Oracle-GMM",2.65,1.02817024669012,5.99146454710798,TRUE,"OK"
2,500,0.1,0.5,"Oracle-GMM",2.7,1.90741223621032,5.99146454710798,TRUE,"OK"
2,500,0.1,0.5,"Oracle-GMM",2.75,1.15754648964993,5.99146454710798,TRUE,"OK"
2,500,0.1,0.5,"Oracle-GMM",2.8,2.01286261576316,5.99146454710798,TRUE,"OK"
2,500,0.1,0.5,"Oracle-GMM",2.85,1.56488322794732,5.99146454710798,TRUE,"OK"
2,500,0.1,0.5,"Oracle-GMM",2.9,1.056194163798,5.99146454710798,TRUE,"OK"
2,500,0.1,0.5,"Oracle-GMM",2.95,1.37440755723489,5.99146454710798,TRUE,"OK"
2,500,0.1,0.5,"Oracle-GMM",3,1.95734560460924,5.99146454710798,TRUE,"OK"
2,500,0.1,0.5,"Full-GMM",-1,3.08342113355382,5.99146454710798,TRUE,"OK"
2,500,0.1,0.5,"Full-GMM",-0.95,1.5586720348255,5.99146454710798,TRUE,"OK"
2,500,0.1,0.5,"Full-GMM",-0.9,1.00113356919185,5.99146454710798,TRUE,"OK"
2,500,0.1,0.5,"Full-GMM",-0.85,1.40617070478163,5.99146454710798,TRUE,"OK"
2,500,0.1,0.5,"Full-GMM",-0.8,0.942222289239425,5.99146454710798,TRUE,"OK"
2,500,0.1,0.5,"Full-GMM",-0.75,0.568200217945222,5.99146454710798,TRUE,"OK"
2,500,0.1,0.5,"Full-GMM",-0.7,0.245701202676604,5.99146454710798,TRUE,"OK"
2,500,0.1,0.5,"Full-GMM",-0.65,0.127414556814896,5.99146454710798,TRUE,"OK"
2,500,0.1,0.5,"Full-GMM",-0.6,0.44360942084308,5.99146454710798,TRUE,"OK"
2,500,0.1,0.5,"Full-GMM",-0.55,0.641606547251362,5.99146454710798,TRUE,"OK"
2,500,0.1,0.5,"Full-GMM",-0.5,0.160199921803091,5.99146454710798,TRUE,"OK"
2,500,0.1,0.5,"Full-GMM",-0.45,0.148614673809737,5.99146454710798,TRUE,"OK"
2,500,0.1,0.5,"Full-GMM",-0.4,0.671353141658638,5.99146454710798,TRUE,"OK"
2,500,0.1,0.5,"Full-GMM",-0.35,0.118860426086829,5.99146454710798,TRUE,"OK"
2,500,0.1,0.5,"Full-GMM",-0.3,1.477210515406,5.99146454710798,TRUE,"OK"
2,500,0.1,0.5,"Full-GMM",-0.25,1.63039115277257,5.99146454710798,TRUE,"OK"
2,500,0.1,0.5,"Full-GMM",-0.2,0.589728546403732,5.99146454710798,TRUE,"OK"
2,500,0.1,0.5,"Full-GMM",-0.15,0.638674895926406,5.99146454710798,TRUE,"OK"
2,500,0.1,0.5,"Full-GMM",-0.1,1.09461699806756,5.99146454710798,TRUE,"OK"
2,500,0.1,0.5,"Full-GMM",-0.0499999999999999,0.549851093261958,5.99146454710798,TRUE,"OK"
2,500,0.1,0.5,"Full-GMM",0,0.0501529758079216,5.99146454710798,TRUE,"OK"
2,500,0.1,0.5,"Full-GMM",0.05,0.181798616213152,5.99146454710798,TRUE,"OK"
2,500,0.1,0.5,"Full-GMM",0.1,0.098731318538979,5.99146454710798,TRUE,"OK"
2,500,0.1,0.5,"Full-GMM",0.15,0.0212471723963265,5.99146454710798,TRUE,"OK"
2,500,0.1,0.5,"Full-GMM",0.2,0.710812756665034,5.99146454710798,TRUE,"OK"
2,500,0.1,0.5,"Full-GMM",0.25,1.18883597231523,5.99146454710798,TRUE,"OK"
2,500,0.1,0.5,"Full-GMM",0.3,0.164955990587327,5.99146454710798,TRUE,"OK"
2,500,0.1,0.5,"Full-GMM",0.35,0.0471460889677905,5.99146454710798,TRUE,"OK"
2,500,0.1,0.5,"Full-GMM",0.4,0.584122562087554,5.99146454710798,TRUE,"OK"
2,500,0.1,0.5,"Full-GMM",0.45,0.179463368890651,5.99146454710798,TRUE,"OK"
2,500,0.1,0.5,"Full-GMM",0.5,0.187567916346464,5.99146454710798,TRUE,"OK"
2,500,0.1,0.5,"Full-GMM",0.55,0.912558781166569,5.99146454710798,TRUE,"OK"
2,500,0.1,0.5,"Full-GMM",0.6,2.11542367187573,5.99146454710798,TRUE,"OK"
2,500,0.1,0.5,"Full-GMM",0.65,0.0660076763528144,5.99146454710798,TRUE,"OK"
2,500,0.1,0.5,"Full-GMM",0.7,0.269323687280198,5.99146454710798,TRUE,"OK"
2,500,0.1,0.5,"Full-GMM",0.75,0.120180280331679,5.99146454710798,TRUE,"OK"
2,500,0.1,0.5,"Full-GMM",0.8,0.263776095116424,5.99146454710798,TRUE,"OK"
2,500,0.1,0.5,"Full-GMM",0.85,0.350145924414978,5.99146454710798,TRUE,"OK"
2,500,0.1,0.5,"Full-GMM",0.9,0.191897391397557,5.99146454710798,TRUE,"OK"
2,500,0.1,0.5,"Full-GMM",0.95,0.878958711352645,5.99146454710798,TRUE,"OK"
2,500,0.1,0.5,"Full-GMM",1,0.178555389402204,5.99146454710798,TRUE,"OK"
2,500,0.1,0.5,"Full-GMM",1.05,0.417702510511067,5.99146454710798,TRUE,"OK"
2,500,0.1,0.5,"Full-GMM",1.1,1.16667878460805,5.99146454710798,TRUE,"OK"
2,500,0.1,0.5,"Full-GMM",1.15,1.29447223180324,5.99146454710798,TRUE,"OK"
2,500,0.1,0.5,"Full-GMM",1.2,0.024961617272933,5.99146454710798,TRUE,"OK"
2,500,0.1,0.5,"Full-GMM",1.25,0.614409381720862,5.99146454710798,TRUE,"OK"
2,500,0.1,0.5,"Full-GMM",1.3,1.78684726769252,5.99146454710798,TRUE,"OK"
2,500,0.1,0.5,"Full-GMM",1.35,0.386105494092509,5.99146454710798,TRUE,"OK"
2,500,0.1,0.5,"Full-GMM",1.4,1.48255588663607,5.99146454710798,TRUE,"OK"
2,500,0.1,0.5,"Full-GMM",1.45,0.934216860198671,5.99146454710798,TRUE,"OK"
2,500,0.1,0.5,"Full-GMM",1.5,0.484473633768244,5.99146454710798,TRUE,"OK"
2,500,0.1,0.5,"Full-GMM",1.55,2.94431976956723,5.99146454710798,TRUE,"OK"
2,500,0.1,0.5,"Full-GMM",1.6,2.47039791955773,5.99146454710798,TRUE,"OK"
2,500,0.1,0.5,"Full-GMM",1.65,3.75165525891809,5.99146454710798,TRUE,"OK"
2,500,0.1,0.5,"Full-GMM",1.7,5.12966458952462,5.99146454710798,TRUE,"OK"
2,500,0.1,0.5,"Full-GMM",1.75,1.94294236538454,5.99146454710798,TRUE,"OK"
2,500,0.1,0.5,"Full-GMM",1.8,4.35091217193378,5.99146454710798,TRUE,"OK"
2,500,0.1,0.5,"Full-GMM",1.85,6.02230030409762,5.99146454710798,FALSE,"OK"
2,500,0.1,0.5,"Full-GMM",1.9,3.93481589827544,5.99146454710798,TRUE,"OK"
2,500,0.1,0.5,"Full-GMM",1.95,5.14649362616309,5.99146454710798,TRUE,"OK"
2,500,0.1,0.5,"Full-GMM",2,7.76250437441511,5.99146454710798,FALSE,"OK"
2,500,0.1,0.5,"Full-GMM",2.05,7.03234002305974,5.99146454710798,FALSE,"OK"
2,500,0.1,0.5,"Full-GMM",2.1,3.21781633320329,5.99146454710798,TRUE,"OK"
2,500,0.1,0.5,"Full-GMM",2.15,7.72995877380807,5.99146454710798,FALSE,"OK"
2,500,0.1,0.5,"Full-GMM",2.2,4.18475918412501,5.99146454710798,TRUE,"OK"
2,500,0.1,0.5,"Full-GMM",2.25,4.31205806495201,5.99146454710798,TRUE,"OK"
2,500,0.1,0.5,"Full-GMM",2.3,5.23506952529142,5.99146454710798,TRUE,"OK"
2,500,0.1,0.5,"Full-GMM",2.35,5.42420258916713,5.99146454710798,TRUE,"OK"
2,500,0.1,0.5,"Full-GMM",2.4,2.92981541373645,5.99146454710798,TRUE,"OK"
2,500,0.1,0.5,"Full-GMM",2.45,6.11670005223006,5.99146454710798,FALSE,"OK"
2,500,0.1,0.5,"Full-GMM",2.5,8.0437924458012,5.99146454710798,FALSE,"OK"
2,500,0.1,0.5,"Full-GMM",2.55,3.9567919075872,5.99146454710798,TRUE,"OK"
2,500,0.1,0.5,"Full-GMM",2.6,7.4075629231991,5.99146454710798,FALSE,"OK"
2,500,0.1,0.5,"Full-GMM",2.65,5.18597292997181,5.99146454710798,TRUE,"OK"
2,500,0.1,0.5,"Full-GMM",2.7,5.17027514180455,5.99146454710798,TRUE,"OK"
2,500,0.1,0.5,"Full-GMM",2.75,5.83096455501441,5.99146454710798,TRUE,"OK"
2,500,0.1,0.5,"Full-GMM",2.8,5.18479540816786,5.99146454710798,TRUE,"OK"
2,500,0.1,0.5,"Full-GMM",2.85,5.30110634027231,5.99146454710798,TRUE,"OK"
2,500,0.1,0.5,"Full-GMM",2.9,2.51676223507966,5.99146454710798,TRUE,"OK"
2,500,0.1,0.5,"Full-GMM",2.95,7.82891226120071,5.99146454710798,FALSE,"OK"
2,500,0.1,0.5,"Full-GMM",3,5.00823665035971,5.99146454710798,TRUE,"OK"
2,500,0.1,0.5,"DML-IVQR",-1,2.10097745319627,5.99146454710798,TRUE,"OK"
2,500,0.1,0.5,"DML-IVQR",-0.95,1.84473056823753,5.99146454710798,TRUE,"OK"
2,500,0.1,0.5,"DML-IVQR",-0.9,2.18388436906503,5.99146454710798,TRUE,"OK"
2,500,0.1,0.5,"DML-IVQR",-0.85,2.10064808659382,5.99146454710798,TRUE,"OK"
2,500,0.1,0.5,"DML-IVQR",-0.8,1.94881089201963,5.99146454710798,TRUE,"OK"
2,500,0.1,0.5,"DML-IVQR",-0.75,1.91712995490741,5.99146454710798,TRUE,"OK"
2,500,0.1,0.5,"DML-IVQR",-0.7,1.68234121181805,5.99146454710798,TRUE,"OK"
2,500,0.1,0.5,"DML-IVQR",-0.65,1.66384945059714,5.99146454710798,TRUE,"OK"
2,500,0.1,0.5,"DML-IVQR",-0.6,1.86189462374943,5.99146454710798,TRUE,"OK"
2,500,0.1,0.5,"DML-IVQR",-0.55,1.47318247049217,5.99146454710798,TRUE,"OK"
2,500,0.1,0.5,"DML-IVQR",-0.5,2.46214869692719,5.99146454710798,TRUE,"OK"
2,500,0.1,0.5,"DML-IVQR",-0.45,0.553155567260354,5.99146454710798,TRUE,"OK"
2,500,0.1,0.5,"DML-IVQR",-0.4,0.578941052715983,5.99146454710798,TRUE,"OK"
2,500,0.1,0.5,"DML-IVQR",-0.35,0.391590353138238,5.99146454710798,TRUE,"OK"
2,500,0.1,0.5,"DML-IVQR",-0.3,0.213478929211076,5.99146454710798,TRUE,"OK"
2,500,0.1,0.5,"DML-IVQR",-0.25,0.304440879577645,5.99146454710798,TRUE,"OK"
2,500,0.1,0.5,"DML-IVQR",-0.2,0.944093644680747,5.99146454710798,TRUE,"OK"
2,500,0.1,0.5,"DML-IVQR",-0.15,0.355911454789078,5.99146454710798,TRUE,"OK"
2,500,0.1,0.5,"DML-IVQR",-0.1,0.353832733706574,5.99146454710798,TRUE,"OK"
2,500,0.1,0.5,"DML-IVQR",-0.0499999999999999,0.632625172628588,5.99146454710798,TRUE,"OK"
2,500,0.1,0.5,"DML-IVQR",0,0.58151429220602,5.99146454710798,TRUE,"OK"
2,500,0.1,0.5,"DML-IVQR",0.05,0.679830948530316,5.99146454710798,TRUE,"OK"
2,500,0.1,0.5,"DML-IVQR",0.1,0.720460346136033,5.99146454710798,TRUE,"OK"
2,500,0.1,0.5,"DML-IVQR",0.15,0.2870354193359,5.99146454710798,TRUE,"OK"
2,500,0.1,0.5,"DML-IVQR",0.2,0.0972429902385383,5.99146454710798,TRUE,"OK"
2,500,0.1,0.5,"DML-IVQR",0.25,0.478598850694194,5.99146454710798,TRUE,"OK"
2,500,0.1,0.5,"DML-IVQR",0.3,0.147051536992765,5.99146454710798,TRUE,"OK"
2,500,0.1,0.5,"DML-IVQR",0.35,0.284999227387364,5.99146454710798,TRUE,"OK"
2,500,0.1,0.5,"DML-IVQR",0.4,0.319378560129807,5.99146454710798,TRUE,"OK"
2,500,0.1,0.5,"DML-IVQR",0.45,0.589585816539508,5.99146454710798,TRUE,"OK"
2,500,0.1,0.5,"DML-IVQR",0.5,1.3104824296599,5.99146454710798,TRUE,"OK"
2,500,0.1,0.5,"DML-IVQR",0.55,0.671829296334836,5.99146454710798,TRUE,"OK"
2,500,0.1,0.5,"DML-IVQR",0.6,0.206768860898409,5.99146454710798,TRUE,"OK"
2,500,0.1,0.5,"DML-IVQR",0.65,0.323328498113387,5.99146454710798,TRUE,"OK"
2,500,0.1,0.5,"DML-IVQR",0.7,1.17351552887688,5.99146454710798,TRUE,"OK"
2,500,0.1,0.5,"DML-IVQR",0.75,0.355410424720399,5.99146454710798,TRUE,"OK"
2,500,0.1,0.5,"DML-IVQR",0.8,0.219660273317866,5.99146454710798,TRUE,"OK"
2,500,0.1,0.5,"DML-IVQR",0.85,0.380256010530883,5.99146454710798,TRUE,"OK"
2,500,0.1,0.5,"DML-IVQR",0.9,0.547356471339694,5.99146454710798,TRUE,"OK"
2,500,0.1,0.5,"DML-IVQR",0.95,0.928290174478245,5.99146454710798,TRUE,"OK"
2,500,0.1,0.5,"DML-IVQR",1,0.385523646408752,5.99146454710798,TRUE,"OK"
2,500,0.1,0.5,"DML-IVQR",1.05,0.0946683393312828,5.99146454710798,TRUE,"OK"
2,500,0.1,0.5,"DML-IVQR",1.1,0.137188520342145,5.99146454710798,TRUE,"OK"
2,500,0.1,0.5,"DML-IVQR",1.15,0.0798731202133855,5.99146454710798,TRUE,"OK"
2,500,0.1,0.5,"DML-IVQR",1.2,0.11523371975139,5.99146454710798,TRUE,"OK"
2,500,0.1,0.5,"DML-IVQR",1.25,0.478120853563012,5.99146454710798,TRUE,"OK"
2,500,0.1,0.5,"DML-IVQR",1.3,0.125756317007809,5.99146454710798,TRUE,"OK"
2,500,0.1,0.5,"DML-IVQR",1.35,0.183021246581146,5.99146454710798,TRUE,"OK"
2,500,0.1,0.5,"DML-IVQR",1.4,0.131624715190903,5.99146454710798,TRUE,"OK"
2,500,0.1,0.5,"DML-IVQR",1.45,0.745483047721321,5.99146454710798,TRUE,"OK"
2,500,0.1,0.5,"DML-IVQR",1.5,0.57399977319519,5.99146454710798,TRUE,"OK"
2,500,0.1,0.5,"DML-IVQR",1.55,0.655792876511636,5.99146454710798,TRUE,"OK"
2,500,0.1,0.5,"DML-IVQR",1.6,0.761122647270831,5.99146454710798,TRUE,"OK"
2,500,0.1,0.5,"DML-IVQR",1.65,0.467681857614869,5.99146454710798,TRUE,"OK"
2,500,0.1,0.5,"DML-IVQR",1.7,1.04070052728015,5.99146454710798,TRUE,"OK"
2,500,0.1,0.5,"DML-IVQR",1.75,0.625566227243501,5.99146454710798,TRUE,"OK"
2,500,0.1,0.5,"DML-IVQR",1.8,0.549670961584588,5.99146454710798,TRUE,"OK"
2,500,0.1,0.5,"DML-IVQR",1.85,1.26699072933064,5.99146454710798,TRUE,"OK"
2,500,0.1,0.5,"DML-IVQR",1.9,1.23422455806883,5.99146454710798,TRUE,"OK"
2,500,0.1,0.5,"DML-IVQR",1.95,1.67603185642966,5.99146454710798,TRUE,"OK"
2,500,0.1,0.5,"DML-IVQR",2,0.548779819560666,5.99146454710798,TRUE,"OK"
2,500,0.1,0.5,"DML-IVQR",2.05,0.490685031335688,5.99146454710798,TRUE,"OK"
2,500,0.1,0.5,"DML-IVQR",2.1,0.649850231933077,5.99146454710798,TRUE,"OK"
2,500,0.1,0.5,"DML-IVQR",2.15,0.335310955676423,5.99146454710798,TRUE,"OK"
2,500,0.1,0.5,"DML-IVQR",2.2,0.45211450360072,5.99146454710798,TRUE,"OK"
2,500,0.1,0.5,"DML-IVQR",2.25,0.658098108625749,5.99146454710798,TRUE,"OK"
2,500,0.1,0.5,"DML-IVQR",2.3,0.797520126867749,5.99146454710798,TRUE,"OK"
2,500,0.1,0.5,"DML-IVQR",2.35,0.661882883180232,5.99146454710798,TRUE,"OK"
2,500,0.1,0.5,"DML-IVQR",2.4,0.61300863314828,5.99146454710798,TRUE,"OK"
2,500,0.1,0.5,"DML-IVQR",2.45,0.716581870018727,5.99146454710798,TRUE,"OK"
2,500,0.1,0.5,"DML-IVQR",2.5,0.640219764323084,5.99146454710798,TRUE,"OK"
2,500,0.1,0.5,"DML-IVQR",2.55,1.03600345477451,5.99146454710798,TRUE,"OK"
2,500,0.1,0.5,"DML-IVQR",2.6,1.25792132009206,5.99146454710798,TRUE,"OK"
2,500,0.1,0.5,"DML-IVQR",2.65,1.29959946991711,5.99146454710798,TRUE,"OK"
2,500,0.1,0.5,"DML-IVQR",2.7,1.09906538369878,5.99146454710798,TRUE,"OK"
2,500,0.1,0.5,"DML-IVQR",2.75,0.907817269280683,5.99146454710798,TRUE,"OK"
2,500,0.1,0.5,"DML-IVQR",2.8,1.17636339393626,5.99146454710798,TRUE,"OK"
2,500,0.1,0.5,"DML-IVQR",2.85,1.79513804296675,5.99146454710798,TRUE,"OK"
2,500,0.1,0.5,"DML-IVQR",2.9,1.98419997654602,5.99146454710798,TRUE,"OK"
2,500,0.1,0.5,"DML-IVQR",2.95,1.87237802763455,5.99146454710798,TRUE,"OK"
2,500,0.1,0.5,"DML-IVQR",3,1.63737598328226,5.99146454710798,TRUE,"OK"
2,500,0.1,0.9,"Oracle-GMM",-1,2.49726200075392,5.99146454710798,TRUE,"OK"
2,500,0.1,0.9,"Oracle-GMM",-0.95,3.23209679130177,5.99146454710798,TRUE,"OK"
2,500,0.1,0.9,"Oracle-GMM",-0.9,2.25296998492889,5.99146454710798,TRUE,"OK"
2,500,0.1,0.9,"Oracle-GMM",-0.85,3.75318127058757,5.99146454710798,TRUE,"OK"
2,500,0.1,0.9,"Oracle-GMM",-0.8,2.9423781048924,5.99146454710798,TRUE,"OK"
2,500,0.1,0.9,"Oracle-GMM",-0.75,3.11473899805233,5.99146454710798,TRUE,"OK"
2,500,0.1,0.9,"Oracle-GMM",-0.7,4.68247620800353,5.99146454710798,TRUE,"OK"
2,500,0.1,0.9,"Oracle-GMM",-0.65,2.43521955996879,5.99146454710798,TRUE,"OK"
2,500,0.1,0.9,"Oracle-GMM",-0.6,2.43455594046464,5.99146454710798,TRUE,"OK"
2,500,0.1,0.9,"Oracle-GMM",-0.55,2.45471302874578,5.99146454710798,TRUE,"OK"
2,500,0.1,0.9,"Oracle-GMM",-0.5,2.64063507249082,5.99146454710798,TRUE,"OK"
2,500,0.1,0.9,"Oracle-GMM",-0.45,2.28803848824611,5.99146454710798,TRUE,"OK"
2,500,0.1,0.9,"Oracle-GMM",-0.4,2.20829831246037,5.99146454710798,TRUE,"OK"
2,500,0.1,0.9,"Oracle-GMM",-0.35,2.43112966376002,5.99146454710798,TRUE,"OK"
2,500,0.1,0.9,"Oracle-GMM",-0.3,3.96699270137029,5.99146454710798,TRUE,"OK"
2,500,0.1,0.9,"Oracle-GMM",-0.25,4.37906575235438,5.99146454710798,TRUE,"OK"
2,500,0.1,0.9,"Oracle-GMM",-0.2,3.96316869033338,5.99146454710798,TRUE,"OK"
2,500,0.1,0.9,"Oracle-GMM",-0.15,3.00596728689386,5.99146454710798,TRUE,"OK"
2,500,0.1,0.9,"Oracle-GMM",-0.1,2.24207104247405,5.99146454710798,TRUE,"OK"
2,500,0.1,0.9,"Oracle-GMM",-0.0499999999999999,1.67131274739636,5.99146454710798,TRUE,"OK"
2,500,0.1,0.9,"Oracle-GMM",0,1.50156588884177,5.99146454710798,TRUE,"OK"
2,500,0.1,0.9,"Oracle-GMM",0.05,1.81339423205376,5.99146454710798,TRUE,"OK"
2,500,0.1,0.9,"Oracle-GMM",0.1,1.63974030784213,5.99146454710798,TRUE,"OK"
2,500,0.1,0.9,"Oracle-GMM",0.15,2.19419961297319,5.99146454710798,TRUE,"OK"
2,500,0.1,0.9,"Oracle-GMM",0.2,2.72949150832777,5.99146454710798,TRUE,"OK"
2,500,0.1,0.9,"Oracle-GMM",0.25,2.62445636682121,5.99146454710798,TRUE,"OK"
2,500,0.1,0.9,"Oracle-GMM",0.3,1.8267894270942,5.99146454710798,TRUE,"OK"
2,500,0.1,0.9,"Oracle-GMM",0.35,2.72118291994124,5.99146454710798,TRUE,"OK"
2,500,0.1,0.9,"Oracle-GMM",0.4,1.35399313747514,5.99146454710798,TRUE,"OK"
2,500,0.1,0.9,"Oracle-GMM",0.45,2.69203159688289,5.99146454710798,TRUE,"OK"
2,500,0.1,0.9,"Oracle-GMM",0.5,1.63340807286104,5.99146454710798,TRUE,"OK"
2,500,0.1,0.9,"Oracle-GMM",0.55,2.51456404903116,5.99146454710798,TRUE,"OK"
2,500,0.1,0.9,"Oracle-GMM",0.6,2.89277774519136,5.99146454710798,TRUE,"OK"
2,500,0.1,0.9,"Oracle-GMM",0.65,2.56704569470812,5.99146454710798,TRUE,"OK"
2,500,0.1,0.9,"Oracle-GMM",0.7,0.587954407353265,5.99146454710798,TRUE,"OK"
2,500,0.1,0.9,"Oracle-GMM",0.75,2.00105783801545,5.99146454710798,TRUE,"OK"
2,500,0.1,0.9,"Oracle-GMM",0.8,0.697274070314859,5.99146454710798,TRUE,"OK"
2,500,0.1,0.9,"Oracle-GMM",0.85,0.696732101459241,5.99146454710798,TRUE,"OK"
2,500,0.1,0.9,"Oracle-GMM",0.9,1.75078264941597,5.99146454710798,TRUE,"OK"
2,500,0.1,0.9,"Oracle-GMM",0.95,1.21414065276011,5.99146454710798,TRUE,"OK"
2,500,0.1,0.9,"Oracle-GMM",1,1.25827505108487,5.99146454710798,TRUE,"OK"
2,500,0.1,0.9,"Oracle-GMM",1.05,0.800804957027582,5.99146454710798,TRUE,"OK"
2,500,0.1,0.9,"Oracle-GMM",1.1,1.4110541418131,5.99146454710798,TRUE,"OK"
2,500,0.1,0.9,"Oracle-GMM",1.15,1.52321997217481,5.99146454710798,TRUE,"OK"
2,500,0.1,0.9,"Oracle-GMM",1.2,1.31242002558292,5.99146454710798,TRUE,"OK"
2,500,0.1,0.9,"Oracle-GMM",1.25,0.377368962532425,5.99146454710798,TRUE,"OK"
2,500,0.1,0.9,"Oracle-GMM",1.3,0.767014986908187,5.99146454710798,TRUE,"OK"
2,500,0.1,0.9,"Oracle-GMM",1.35,3.17302150043505,5.99146454710798,TRUE,"OK"
2,500,0.1,0.9,"Oracle-GMM",1.4,2.09497689980349,5.99146454710798,TRUE,"OK"
2,500,0.1,0.9,"Oracle-GMM",1.45,1.23465384155313,5.99146454710798,TRUE,"OK"
2,500,0.1,0.9,"Oracle-GMM",1.5,2.05579321358172,5.99146454710798,TRUE,"OK"
2,500,0.1,0.9,"Oracle-GMM",1.55,2.33869507791474,5.99146454710798,TRUE,"OK"
2,500,0.1,0.9,"Oracle-GMM",1.6,2.07386009116369,5.99146454710798,TRUE,"OK"
2,500,0.1,0.9,"Oracle-GMM",1.65,2.04456923419604,5.99146454710798,TRUE,"OK"
2,500,0.1,0.9,"Oracle-GMM",1.7,1.49431266982404,5.99146454710798,TRUE,"OK"
2,500,0.1,0.9,"Oracle-GMM",1.75,1.27832131021006,5.99146454710798,TRUE,"OK"
2,500,0.1,0.9,"Oracle-GMM",1.8,1.74998185345176,5.99146454710798,TRUE,"OK"
2,500,0.1,0.9,"Oracle-GMM",1.85,1.6257259562707,5.99146454710798,TRUE,"OK"
2,500,0.1,0.9,"Oracle-GMM",1.9,1.63455181721727,5.99146454710798,TRUE,"OK"
2,500,0.1,0.9,"Oracle-GMM",1.95,2.19629722297521,5.99146454710798,TRUE,"OK"
2,500,0.1,0.9,"Oracle-GMM",2,1.44424183335871,5.99146454710798,TRUE,"OK"
2,500,0.1,0.9,"Oracle-GMM",2.05,2.57007142347223,5.99146454710798,TRUE,"OK"
2,500,0.1,0.9,"Oracle-GMM",2.1,1.39575187124543,5.99146454710798,TRUE,"OK"
2,500,0.1,0.9,"Oracle-GMM",2.15,0.169897273610473,5.99146454710798,TRUE,"OK"
2,500,0.1,0.9,"Oracle-GMM",2.2,0.759147234757876,5.99146454710798,TRUE,"OK"
2,500,0.1,0.9,"Oracle-GMM",2.25,1.08192556914898,5.99146454710798,TRUE,"OK"
2,500,0.1,0.9,"Oracle-GMM",2.3,2.67068870190792,5.99146454710798,TRUE,"OK"
2,500,0.1,0.9,"Oracle-GMM",2.35,1.23794565935553,5.99146454710798,TRUE,"OK"
2,500,0.1,0.9,"Oracle-GMM",2.4,2.53564299245419,5.99146454710798,TRUE,"OK"
2,500,0.1,0.9,"Oracle-GMM",2.45,2.58491625150188,5.99146454710798,TRUE,"OK"
2,500,0.1,0.9,"Oracle-GMM",2.5,4.78137532235014,5.99146454710798,TRUE,"OK"
2,500,0.1,0.9,"Oracle-GMM",2.55,4.54595155743977,5.99146454710798,TRUE,"OK"
2,500,0.1,0.9,"Oracle-GMM",2.6,3.21947814604878,5.99146454710798,TRUE,"OK"
2,500,0.1,0.9,"Oracle-GMM",2.65,2.99375087152299,5.99146454710798,TRUE,"OK"
2,500,0.1,0.9,"Oracle-GMM",2.7,0.923407153255974,5.99146454710798,TRUE,"OK"
2,500,0.1,0.9,"Oracle-GMM",2.75,1.59983818667823,5.99146454710798,TRUE,"OK"
2,500,0.1,0.9,"Oracle-GMM",2.8,2.41745986952048,5.99146454710798,TRUE,"OK"
2,500,0.1,0.9,"Oracle-GMM",2.85,1.77259541949303,5.99146454710798,TRUE,"OK"
2,500,0.1,0.9,"Oracle-GMM",2.9,1.10489667151198,5.99146454710798,TRUE,"OK"
2,500,0.1,0.9,"Oracle-GMM",2.95,0.542733224398425,5.99146454710798,TRUE,"OK"
2,500,0.1,0.9,"Oracle-GMM",3,0.0412325203425919,5.99146454710798,TRUE,"OK"
2,500,0.1,0.9,"Full-GMM",-1,2.39392264953069,5.99146454710798,TRUE,"OK"
2,500,0.1,0.9,"Full-GMM",-0.95,1.3365422495743,5.99146454710798,TRUE,"OK"
2,500,0.1,0.9,"Full-GMM",-0.9,2.77543100056804,5.99146454710798,TRUE,"OK"
2,500,0.1,0.9,"Full-GMM",-0.85,1.48392321195261,5.99146454710798,TRUE,"OK"
2,500,0.1,0.9,"Full-GMM",-0.8,4.73384471237108,5.99146454710798,TRUE,"OK"
2,500,0.1,0.9,"Full-GMM",-0.75,4.9914816386212,5.99146454710798,TRUE,"OK"
2,500,0.1,0.9,"Full-GMM",-0.7,0.962294752773653,5.99146454710798,TRUE,"OK"
2,500,0.1,0.9,"Full-GMM",-0.65,1.06968934602554,5.99146454710798,TRUE,"OK"
2,500,0.1,0.9,"Full-GMM",-0.6,2.60722365377047,5.99146454710798,TRUE,"OK"
2,500,0.1,0.9,"Full-GMM",-0.55,0.519577366384737,5.99146454710798,TRUE,"OK"
2,500,0.1,0.9,"Full-GMM",-0.5,1.85545851367154,5.99146454710798,TRUE,"OK"
2,500,0.1,0.9,"Full-GMM",-0.45,0.499920263234589,5.99146454710798,TRUE,"OK"
2,500,0.1,0.9,"Full-GMM",-0.4,0.912751470764661,5.99146454710798,TRUE,"OK"
2,500,0.1,0.9,"Full-GMM",-0.35,3.82519106347306,5.99146454710798,TRUE,"OK"
2,500,0.1,0.9,"Full-GMM",-0.3,1.30085808432615,5.99146454710798,TRUE,"OK"
2,500,0.1,0.9,"Full-GMM",-0.25,2.82086850861806,5.99146454710798,TRUE,"OK"
2,500,0.1,0.9,"Full-GMM",-0.2,1.51499903294875,5.99146454710798,TRUE,"OK"
2,500,0.1,0.9,"Full-GMM",-0.15,0.607492536014077,5.99146454710798,TRUE,"OK"
2,500,0.1,0.9,"Full-GMM",-0.1,1.07874678832088,5.99146454710798,TRUE,"OK"
2,500,0.1,0.9,"Full-GMM",-0.0499999999999999,5.82373746896314,5.99146454710798,TRUE,"OK"
2,500,0.1,0.9,"Full-GMM",0,1.58321133133533,5.99146454710798,TRUE,"OK"
2,500,0.1,0.9,"Full-GMM",0.05,3.07666131794025,5.99146454710798,TRUE,"OK"
2,500,0.1,0.9,"Full-GMM",0.1,2.73018962931103,5.99146454710798,TRUE,"OK"
2,500,0.1,0.9,"Full-GMM",0.15,2.36128497819789,5.99146454710798,TRUE,"OK"
2,500,0.1,0.9,"Full-GMM",0.2,0.523773835872839,5.99146454710798,TRUE,"OK"
2,500,0.1,0.9,"Full-GMM",0.25,2.65615667121464,5.99146454710798,TRUE,"OK"
2,500,0.1,0.9,"Full-GMM",0.3,7.39176147159108,5.99146454710798,FALSE,"OK"
2,500,0.1,0.9,"Full-GMM",0.35,3.52327701261042,5.99146454710798,TRUE,"OK"
2,500,0.1,0.9,"Full-GMM",0.4,2.13704725648112,5.99146454710798,TRUE,"OK"
2,500,0.1,0.9,"Full-GMM",0.45,4.72367299797227,5.99146454710798,TRUE,"OK"
2,500,0.1,0.9,"Full-GMM",0.5,0.873726845139221,5.99146454710798,TRUE,"OK"
2,500,0.1,0.9,"Full-GMM",0.55,2.71065657152699,5.99146454710798,TRUE,"OK"
2,500,0.1,0.9,"Full-GMM",0.6,1.33123819955318,5.99146454710798,TRUE,"OK"
2,500,0.1,0.9,"Full-GMM",0.65,1.83996350921907,5.99146454710798,TRUE,"OK"
2,500,0.1,0.9,"Full-GMM",0.7,1.42422407051589,5.99146454710798,TRUE,"OK"
2,500,0.1,0.9,"Full-GMM",0.75,1.35848405917386,5.99146454710798,TRUE,"OK"
2,500,0.1,0.9,"Full-GMM",0.8,1.79254460581697,5.99146454710798,TRUE,"OK"
2,500,0.1,0.9,"Full-GMM",0.85,6.7195121838698,5.99146454710798,FALSE,"OK"
2,500,0.1,0.9,"Full-GMM",0.9,1.65154969959186,5.99146454710798,TRUE,"OK"
2,500,0.1,0.9,"Full-GMM",0.95,2.05347449755823,5.99146454710798,TRUE,"OK"
2,500,0.1,0.9,"Full-GMM",1,1.43635211481356,5.99146454710798,TRUE,"OK"
2,500,0.1,0.9,"Full-GMM",1.05,3.14503553321466,5.99146454710798,TRUE,"OK"
2,500,0.1,0.9,"Full-GMM",1.1,0.444292673875801,5.99146454710798,TRUE,"OK"
2,500,0.1,0.9,"Full-GMM",1.15,3.48762583598206,5.99146454710798,TRUE,"OK"
2,500,0.1,0.9,"Full-GMM",1.2,3.94250019184154,5.99146454710798,TRUE,"OK"
2,500,0.1,0.9,"Full-GMM",1.25,1.43858787851532,5.99146454710798,TRUE,"OK"
2,500,0.1,0.9,"Full-GMM",1.3,0.679221272792622,5.99146454710798,TRUE,"OK"
2,500,0.1,0.9,"Full-GMM",1.35,1.72165814459821,5.99146454710798,TRUE,"OK"
2,500,0.1,0.9,"Full-GMM",1.4,2.4201179449662,5.99146454710798,TRUE,"OK"
2,500,0.1,0.9,"Full-GMM",1.45,0.92289095802531,5.99146454710798,TRUE,"OK"
2,500,0.1,0.9,"Full-GMM",1.5,2.52519479787626,5.99146454710798,TRUE,"OK"
2,500,0.1,0.9,"Full-GMM",1.55,3.65264093345985,5.99146454710798,TRUE,"OK"
2,500,0.1,0.9,"Full-GMM",1.6,1.25463836234339,5.99146454710798,TRUE,"OK"
2,500,0.1,0.9,"Full-GMM",1.65,4.78341714429343,5.99146454710798,TRUE,"OK"
2,500,0.1,0.9,"Full-GMM",1.7,3.78286176887267,5.99146454710798,TRUE,"OK"
2,500,0.1,0.9,"Full-GMM",1.75,0.263599108216059,5.99146454710798,TRUE,"OK"
2,500,0.1,0.9,"Full-GMM",1.8,1.90895788137561,5.99146454710798,TRUE,"OK"
2,500,0.1,0.9,"Full-GMM",1.85,1.03515706639412,5.99146454710798,TRUE,"OK"
2,500,0.1,0.9,"Full-GMM",1.9,0.921833349843174,5.99146454710798,TRUE,"OK"
2,500,0.1,0.9,"Full-GMM",1.95,1.98534597797015,5.99146454710798,TRUE,"OK"
2,500,0.1,0.9,"Full-GMM",2,2.43970795356574,5.99146454710798,TRUE,"OK"
2,500,0.1,0.9,"Full-GMM",2.05,7.06217246897618,5.99146454710798,FALSE,"OK"
2,500,0.1,0.9,"Full-GMM",2.1,7.13663108341861,5.99146454710798,FALSE,"OK"
2,500,0.1,0.9,"Full-GMM",2.15,4.78320006825825,5.99146454710798,TRUE,"OK"
2,500,0.1,0.9,"Full-GMM",2.2,0.82053271318105,5.99146454710798,TRUE,"OK"
2,500,0.1,0.9,"Full-GMM",2.25,0.856605002055837,5.99146454710798,TRUE,"OK"
2,500,0.1,0.9,"Full-GMM",2.3,0.993015364902407,5.99146454710798,TRUE,"OK"
2,500,0.1,0.9,"Full-GMM",2.35,3.21651627951123,5.99146454710798,TRUE,"OK"
2,500,0.1,0.9,"Full-GMM",2.4,3.46120601089638,5.99146454710798,TRUE,"OK"
2,500,0.1,0.9,"Full-GMM",2.45,3.15014803249992,5.99146454710798,TRUE,"OK"
2,500,0.1,0.9,"Full-GMM",2.5,6.50061343347825,5.99146454710798,FALSE,"OK"
2,500,0.1,0.9,"Full-GMM",2.55,1.61375929688686,5.99146454710798,TRUE,"OK"
2,500,0.1,0.9,"Full-GMM",2.6,2.79098322892334,5.99146454710798,TRUE,"OK"
2,500,0.1,0.9,"Full-GMM",2.65,4.34435250493337,5.99146454710798,TRUE,"OK"
2,500,0.1,0.9,"Full-GMM",2.7,3.0535205929578,5.99146454710798,TRUE,"OK"
2,500,0.1,0.9,"Full-GMM",2.75,0.340728535621555,5.99146454710798,TRUE,"OK"
2,500,0.1,0.9,"Full-GMM",2.8,3.92551258415557,5.99146454710798,TRUE,"OK"
2,500,0.1,0.9,"Full-GMM",2.85,0.761495859129127,5.99146454710798,TRUE,"OK"
2,500,0.1,0.9,"Full-GMM",2.9,2.87065728335939,5.99146454710798,TRUE,"OK"
2,500,0.1,0.9,"Full-GMM",2.95,0.401102785629899,5.99146454710798,TRUE,"OK"
2,500,0.1,0.9,"Full-GMM",3,1.89413006134458,5.99146454710798,TRUE,"OK"
2,500,0.1,0.9,"DML-IVQR",-1,1.0415198256588,5.99146454710798,TRUE,"OK"
2,500,0.1,0.9,"DML-IVQR",-0.95,1.52629836834924,5.99146454710798,TRUE,"OK"
2,500,0.1,0.9,"DML-IVQR",-0.9,1.54706059429033,5.99146454710798,TRUE,"OK"
2,500,0.1,0.9,"DML-IVQR",-0.85,1.81807922397955,5.99146454710798,TRUE,"OK"
2,500,0.1,0.9,"DML-IVQR",-0.8,1.91624119489619,5.99146454710798,TRUE,"OK"
2,500,0.1,0.9,"DML-IVQR",-0.75,1.48387900591968,5.99146454710798,TRUE,"OK"
2,500,0.1,0.9,"DML-IVQR",-0.7,1.92969494049612,5.99146454710798,TRUE,"OK"
2,500,0.1,0.9,"DML-IVQR",-0.65,1.76021640110844,5.99146454710798,TRUE,"OK"
2,500,0.1,0.9,"DML-IVQR",-0.6,1.88643731627456,5.99146454710798,TRUE,"OK"
2,500,0.1,0.9,"DML-IVQR",-0.55,1.46048037552098,5.99146454710798,TRUE,"OK"
2,500,0.1,0.9,"DML-IVQR",-0.5,2.02597141868131,5.99146454710798,TRUE,"OK"
2,500,0.1,0.9,"DML-IVQR",-0.45,1.62493063301207,5.99146454710798,TRUE,"OK"
2,500,0.1,0.9,"DML-IVQR",-0.4,1.34973387092688,5.99146454710798,TRUE,"OK"
2,500,0.1,0.9,"DML-IVQR",-0.35,1.88798440501444,5.99146454710798,TRUE,"OK"
2,500,0.1,0.9,"DML-IVQR",-0.3,1.35867613229484,5.99146454710798,TRUE,"OK"
2,500,0.1,0.9,"DML-IVQR",-0.25,1.2530676328248,5.99146454710798,TRUE,"OK"
2,500,0.1,0.9,"DML-IVQR",-0.2,1.43290979273325,5.99146454710798,TRUE,"OK"
2,500,0.1,0.9,"DML-IVQR",-0.15,1.20967158844902,5.99146454710798,TRUE,"OK"
2,500,0.1,0.9,"DML-IVQR",-0.1,0.728726413424369,5.99146454710798,TRUE,"OK"
2,500,0.1,0.9,"DML-IVQR",-0.0499999999999999,0.616220392232639,5.99146454710798,TRUE,"OK"
2,500,0.1,0.9,"DML-IVQR",0,0.499713074237957,5.99146454710798,TRUE,"OK"
2,500,0.1,0.9,"DML-IVQR",0.05,1.14301119993946,5.99146454710798,TRUE,"OK"
2,500,0.1,0.9,"DML-IVQR",0.1,1.37495324172494,5.99146454710798,TRUE,"OK"
2,500,0.1,0.9,"DML-IVQR",0.15,0.636895313493749,5.99146454710798,TRUE,"OK"
2,500,0.1,0.9,"DML-IVQR",0.2,1.42450964649665,5.99146454710798,TRUE,"OK"
2,500,0.1,0.9,"DML-IVQR",0.25,1.52932402809685,5.99146454710798,TRUE,"OK"
2,500,0.1,0.9,"DML-IVQR",0.3,0.608162217972469,5.99146454710798,TRUE,"OK"
2,500,0.1,0.9,"DML-IVQR",0.35,0.603612494729348,5.99146454710798,TRUE,"OK"
2,500,0.1,0.9,"DML-IVQR",0.4,0.549492691027436,5.99146454710798,TRUE,"OK"
2,500,0.1,0.9,"DML-IVQR",0.45,0.731601864652732,5.99146454710798,TRUE,"OK"
2,500,0.1,0.9,"DML-IVQR",0.5,0.748203179863246,5.99146454710798,TRUE,"OK"
2,500,0.1,0.9,"DML-IVQR",0.55,0.7289358094448,5.99146454710798,TRUE,"OK"
2,500,0.1,0.9,"DML-IVQR",0.6,0.722109154286704,5.99146454710798,TRUE,"OK"
2,500,0.1,0.9,"DML-IVQR",0.65,0.716258583038055,5.99146454710798,TRUE,"OK"
2,500,0.1,0.9,"DML-IVQR",0.7,0.712565994409717,5.99146454710798,TRUE,"OK"
2,500,0.1,0.9,"DML-IVQR",0.75,1.07233055749696,5.99146454710798,TRUE,"OK"
2,500,0.1,0.9,"DML-IVQR",0.8,1.09428886247872,5.99146454710798,TRUE,"OK"
2,500,0.1,0.9,"DML-IVQR",0.85,0.551331759979408,5.99146454710798,TRUE,"OK"
2,500,0.1,0.9,"DML-IVQR",0.9,0.945689643732872,5.99146454710798,TRUE,"OK"
2,500,0.1,0.9,"DML-IVQR",0.95,0.660834192162299,5.99146454710798,TRUE,"OK"
2,500,0.1,0.9,"DML-IVQR",1,0.514282466378937,5.99146454710798,TRUE,"OK"
2,500,0.1,0.9,"DML-IVQR",1.05,0.500762211709529,5.99146454710798,TRUE,"OK"
2,500,0.1,0.9,"DML-IVQR",1.1,0.51340307233508,5.99146454710798,TRUE,"OK"
2,500,0.1,0.9,"DML-IVQR",1.15,0.559869735761628,5.99146454710798,TRUE,"OK"
2,500,0.1,0.9,"DML-IVQR",1.2,0.737025650609014,5.99146454710798,TRUE,"OK"
2,500,0.1,0.9,"DML-IVQR",1.25,0.254551194990248,5.99146454710798,TRUE,"OK"
2,500,0.1,0.9,"DML-IVQR",1.3,0.605387935734424,5.99146454710798,TRUE,"OK"
2,500,0.1,0.9,"DML-IVQR",1.35,0.679927204428204,5.99146454710798,TRUE,"OK"
2,500,0.1,0.9,"DML-IVQR",1.4,0.540871906032699,5.99146454710798,TRUE,"OK"
2,500,0.1,0.9,"DML-IVQR",1.45,0.501187955514629,5.99146454710798,TRUE,"OK"
2,500,0.1,0.9,"DML-IVQR",1.5,1.0338503245818,5.99146454710798,TRUE,"OK"
2,500,0.1,0.9,"DML-IVQR",1.55,0.802009978422251,5.99146454710798,TRUE,"OK"
2,500,0.1,0.9,"DML-IVQR",1.6,1.7083519782164,5.99146454710798,TRUE,"OK"
2,500,0.1,0.9,"DML-IVQR",1.65,1.80408749677568,5.99146454710798,TRUE,"OK"
2,500,0.1,0.9,"DML-IVQR",1.7,1.85157684980885,5.99146454710798,TRUE,"OK"
2,500,0.1,0.9,"DML-IVQR",1.75,2.30617260358735,5.99146454710798,TRUE,"OK"
2,500,0.1,0.9,"DML-IVQR",1.8,4.48455687255597,5.99146454710798,TRUE,"OK"
2,500,0.1,0.9,"DML-IVQR",1.85,4.01461197488022,5.99146454710798,TRUE,"OK"
2,500,0.1,0.9,"DML-IVQR",1.9,4.71853963267367,5.99146454710798,TRUE,"OK"
2,500,0.1,0.9,"DML-IVQR",1.95,3.27307751286125,5.99146454710798,TRUE,"OK"
2,500,0.1,0.9,"DML-IVQR",2,3.90951794201167,5.99146454710798,TRUE,"OK"
2,500,0.1,0.9,"DML-IVQR",2.05,5.00638950810939,5.99146454710798,TRUE,"OK"
2,500,0.1,0.9,"DML-IVQR",2.1,5.66045622285428,5.99146454710798,TRUE,"OK"
2,500,0.1,0.9,"DML-IVQR",2.15,2.34783441062555,5.99146454710798,TRUE,"OK"
2,500,0.1,0.9,"DML-IVQR",2.2,2.99868772278036,5.99146454710798,TRUE,"OK"
2,500,0.1,0.9,"DML-IVQR",2.25,2.92115322566503,5.99146454710798,TRUE,"OK"
2,500,0.1,0.9,"DML-IVQR",2.3,2.92886786703739,5.99146454710798,TRUE,"OK"
2,500,0.1,0.9,"DML-IVQR",2.35,3.0909258677215,5.99146454710798,TRUE,"OK"
2,500,0.1,0.9,"DML-IVQR",2.4,4.28931872834724,5.99146454710798,TRUE,"OK"
2,500,0.1,0.9,"DML-IVQR",2.45,3.06019459890773,5.99146454710798,TRUE,"OK"
2,500,0.1,0.9,"DML-IVQR",2.5,1.9494089701524,5.99146454710798,TRUE,"OK"
2,500,0.1,0.9,"DML-IVQR",2.55,1.31526868226223,5.99146454710798,TRUE,"OK"
2,500,0.1,0.9,"DML-IVQR",2.6,0.433592440818261,5.99146454710798,TRUE,"OK"
2,500,0.1,0.9,"DML-IVQR",2.65,0.877687329825364,5.99146454710798,TRUE,"OK"
2,500,0.1,0.9,"DML-IVQR",2.7,0.566474881365146,5.99146454710798,TRUE,"OK"
2,500,0.1,0.9,"DML-IVQR",2.75,0.723770706528614,5.99146454710798,TRUE,"OK"
2,500,0.1,0.9,"DML-IVQR",2.8,0.368409370030089,5.99146454710798,TRUE,"OK"
2,500,0.1,0.9,"DML-IVQR",2.85,0.890462736464056,5.99146454710798,TRUE,"OK"
2,500,0.1,0.9,"DML-IVQR",2.9,1.78949125499719,5.99146454710798,TRUE,"OK"
2,500,0.1,0.9,"DML-IVQR",2.95,0.838659827322051,5.99146454710798,TRUE,"OK"
2,500,0.1,0.9,"DML-IVQR",3,0.646861319053371,5.99146454710798,TRUE,"OK"
3,500,0.1,0.1,"Oracle-GMM",-1,1.52261136785144,5.99146454710798,TRUE,"OK"
3,500,0.1,0.1,"Oracle-GMM",-0.95,1.41209902247159,5.99146454710798,TRUE,"OK"
3,500,0.1,0.1,"Oracle-GMM",-0.9,1.27442426840921,5.99146454710798,TRUE,"OK"
3,500,0.1,0.1,"Oracle-GMM",-0.85,1.31637886102267,5.99146454710798,TRUE,"OK"
3,500,0.1,0.1,"Oracle-GMM",-0.8,1.35356141259791,5.99146454710798,TRUE,"OK"
3,500,0.1,0.1,"Oracle-GMM",-0.75,3.27409720373553,5.99146454710798,TRUE,"OK"
3,500,0.1,0.1,"Oracle-GMM",-0.7,1.81878225512348,5.99146454710798,TRUE,"OK"
3,500,0.1,0.1,"Oracle-GMM",-0.65,4.92980728423227,5.99146454710798,TRUE,"OK"
3,500,0.1,0.1,"Oracle-GMM",-0.6,5.30797602703636,5.99146454710798,TRUE,"OK"
3,500,0.1,0.1,"Oracle-GMM",-0.55,4.10276580178685,5.99146454710798,TRUE,"OK"
3,500,0.1,0.1,"Oracle-GMM",-0.5,2.58840287611397,5.99146454710798,TRUE,"OK"
3,500,0.1,0.1,"Oracle-GMM",-0.45,11.3098180431965,5.99146454710798,FALSE,"OK"
3,500,0.1,0.1,"Oracle-GMM",-0.4,4.59417633107182,5.99146454710798,TRUE,"OK"
3,500,0.1,0.1,"Oracle-GMM",-0.35,6.36846091080881,5.99146454710798,FALSE,"OK"
3,500,0.1,0.1,"Oracle-GMM",-0.3,7.41440345321935,5.99146454710798,FALSE,"OK"
3,500,0.1,0.1,"Oracle-GMM",-0.25,5.96970262176476,5.99146454710798,TRUE,"OK"
3,500,0.1,0.1,"Oracle-GMM",-0.2,3.63944686862732,5.99146454710798,TRUE,"OK"
3,500,0.1,0.1,"Oracle-GMM",-0.15,3.01278193019042,5.99146454710798,TRUE,"OK"
3,500,0.1,0.1,"Oracle-GMM",-0.1,1.67346249995261,5.99146454710798,TRUE,"OK"
3,500,0.1,0.1,"Oracle-GMM",-0.0499999999999999,5.98714064481629,5.99146454710798,TRUE,"OK"
3,500,0.1,0.1,"Oracle-GMM",0,2.02987495048932,5.99146454710798,TRUE,"OK"
3,500,0.1,0.1,"Oracle-GMM",0.05,2.13325432415026,5.99146454710798,TRUE,"OK"
3,500,0.1,0.1,"Oracle-GMM",0.1,1.91786314554748,5.99146454710798,TRUE,"OK"
3,500,0.1,0.1,"Oracle-GMM",0.15,3.49291882149693,5.99146454710798,TRUE,"OK"
3,500,0.1,0.1,"Oracle-GMM",0.2,3.24120008550725,5.99146454710798,TRUE,"OK"
3,500,0.1,0.1,"Oracle-GMM",0.25,3.76257923633371,5.99146454710798,TRUE,"OK"
3,500,0.1,0.1,"Oracle-GMM",0.3,3.7146110842669,5.99146454710798,TRUE,"OK"
3,500,0.1,0.1,"Oracle-GMM",0.35,6.07599200612227,5.99146454710798,FALSE,"OK"
3,500,0.1,0.1,"Oracle-GMM",0.4,5.45787710990171,5.99146454710798,TRUE,"OK"
3,500,0.1,0.1,"Oracle-GMM",0.45,3.68282168321554,5.99146454710798,TRUE,"OK"
3,500,0.1,0.1,"Oracle-GMM",0.5,5.03488762115252,5.99146454710798,TRUE,"OK"
3,500,0.1,0.1,"Oracle-GMM",0.55,4.65823910743886,5.99146454710798,TRUE,"OK"
3,500,0.1,0.1,"Oracle-GMM",0.6,6.42693313893225,5.99146454710798,FALSE,"OK"
3,500,0.1,0.1,"Oracle-GMM",0.65,6.98845304076879,5.99146454710798,FALSE,"OK"
3,500,0.1,0.1,"Oracle-GMM",0.7,6.99411942462505,5.99146454710798,FALSE,"OK"
3,500,0.1,0.1,"Oracle-GMM",0.75,7.04642003450932,5.99146454710798,FALSE,"OK"
3,500,0.1,0.1,"Oracle-GMM",0.8,8.19868510222158,5.99146454710798,FALSE,"OK"
3,500,0.1,0.1,"Oracle-GMM",0.85,6.19993235220288,5.99146454710798,FALSE,"OK"
3,500,0.1,0.1,"Oracle-GMM",0.9,8.1274412171824,5.99146454710798,FALSE,"OK"
3,500,0.1,0.1,"Oracle-GMM",0.95,7.74366117290177,5.99146454710798,FALSE,"OK"
3,500,0.1,0.1,"Oracle-GMM",1,8.03761688562868,5.99146454710798,FALSE,"OK"
3,500,0.1,0.1,"Oracle-GMM",1.05,7.72038904316591,5.99146454710798,FALSE,"OK"
3,500,0.1,0.1,"Oracle-GMM",1.1,7.10642637663387,5.99146454710798,FALSE,"OK"
3,500,0.1,0.1,"Oracle-GMM",1.15,5.43735786987317,5.99146454710798,TRUE,"OK"
3,500,0.1,0.1,"Oracle-GMM",1.2,6.66211779993335,5.99146454710798,FALSE,"OK"
3,500,0.1,0.1,"Oracle-GMM",1.25,5.60823971124894,5.99146454710798,TRUE,"OK"
3,500,0.1,0.1,"Oracle-GMM",1.3,3.70724236869395,5.99146454710798,TRUE,"OK"
3,500,0.1,0.1,"Oracle-GMM",1.35,3.48287969883856,5.99146454710798,TRUE,"OK"
3,500,0.1,0.1,"Oracle-GMM",1.4,1.25875424983156,5.99146454710798,TRUE,"OK"
3,500,0.1,0.1,"Oracle-GMM",1.45,3.24028994917565,5.99146454710798,TRUE,"OK"
3,500,0.1,0.1,"Oracle-GMM",1.5,2.82953840915053,5.99146454710798,TRUE,"OK"
3,500,0.1,0.1,"Oracle-GMM",1.55,2.41392137882799,5.99146454710798,TRUE,"OK"
3,500,0.1,0.1,"Oracle-GMM",1.6,4.06532792600195,5.99146454710798,TRUE,"OK"
3,500,0.1,0.1,"Oracle-GMM",1.65,2.29414295915346,5.99146454710798,TRUE,"OK"
3,500,0.1,0.1,"Oracle-GMM",1.7,2.60481502303011,5.99146454710798,TRUE,"OK"
3,500,0.1,0.1,"Oracle-GMM",1.75,2.26810432768351,5.99146454710798,TRUE,"OK"
3,500,0.1,0.1,"Oracle-GMM",1.8,1.68127485511921,5.99146454710798,TRUE,"OK"
3,500,0.1,0.1,"Oracle-GMM",1.85,2.24646557495097,5.99146454710798,TRUE,"OK"
3,500,0.1,0.1,"Oracle-GMM",1.9,0.810758077112812,5.99146454710798,TRUE,"OK"
3,500,0.1,0.1,"Oracle-GMM",1.95,1.11530939372833,5.99146454710798,TRUE,"OK"
3,500,0.1,0.1,"Oracle-GMM",2,2.74691720668238,5.99146454710798,TRUE,"OK"
3,500,0.1,0.1,"Oracle-GMM",2.05,0.883888724107035,5.99146454710798,TRUE,"OK"
3,500,0.1,0.1,"Oracle-GMM",2.1,1.55822185908811,5.99146454710798,TRUE,"OK"
3,500,0.1,0.1,"Oracle-GMM",2.15,2.02811328108421,5.99146454710798,TRUE,"OK"
3,500,0.1,0.1,"Oracle-GMM",2.2,1.85573859706364,5.99146454710798,TRUE,"OK"
3,500,0.1,0.1,"Oracle-GMM",2.25,2.89287365210336,5.99146454710798,TRUE,"OK"
3,500,0.1,0.1,"Oracle-GMM",2.3,2.99167913564758,5.99146454710798,TRUE,"OK"
3,500,0.1,0.1,"Oracle-GMM",2.35,2.03658832167671,5.99146454710798,TRUE,"OK"
3,500,0.1,0.1,"Oracle-GMM",2.4,1.65271570428574,5.99146454710798,TRUE,"OK"
3,500,0.1,0.1,"Oracle-GMM",2.45,2.00488350745838,5.99146454710798,TRUE,"OK"
3,500,0.1,0.1,"Oracle-GMM",2.5,2.53817285369411,5.99146454710798,TRUE,"OK"
3,500,0.1,0.1,"Oracle-GMM",2.55,2.07867738928806,5.99146454710798,TRUE,"OK"
3,500,0.1,0.1,"Oracle-GMM",2.6,1.40645523923377,5.99146454710798,TRUE,"OK"
3,500,0.1,0.1,"Oracle-GMM",2.65,2.36756873607601,5.99146454710798,TRUE,"OK"
3,500,0.1,0.1,"Oracle-GMM",2.7,1.08502314473252,5.99146454710798,TRUE,"OK"
3,500,0.1,0.1,"Oracle-GMM",2.75,1.17711304912631,5.99146454710798,TRUE,"OK"
3,500,0.1,0.1,"Oracle-GMM",2.8,0.784756876951146,5.99146454710798,TRUE,"OK"
3,500,0.1,0.1,"Oracle-GMM",2.85,0.523358602748504,5.99146454710798,TRUE,"OK"
3,500,0.1,0.1,"Oracle-GMM",2.9,0.784917247772409,5.99146454710798,TRUE,"OK"
3,500,0.1,0.1,"Oracle-GMM",2.95,0.32611451488186,5.99146454710798,TRUE,"OK"
3,500,0.1,0.1,"Oracle-GMM",3,1.42370725646367,5.99146454710798,TRUE,"OK"
3,500,0.1,0.1,"Full-GMM",-1,2.81158459376684,5.99146454710798,TRUE,"OK"
3,500,0.1,0.1,"Full-GMM",-0.95,4.5682903111351,5.99146454710798,TRUE,"OK"
3,500,0.1,0.1,"Full-GMM",-0.9,0.933041657108418,5.99146454710798,TRUE,"OK"
3,500,0.1,0.1,"Full-GMM",-0.85,0.654654171344445,5.99146454710798,TRUE,"OK"
3,500,0.1,0.1,"Full-GMM",-0.8,0.68259739488289,5.99146454710798,TRUE,"OK"
3,500,0.1,0.1,"Full-GMM",-0.75,1.32362221298965,5.99146454710798,TRUE,"OK"
3,500,0.1,0.1,"Full-GMM",-0.7,1.14740203611588,5.99146454710798,TRUE,"OK"
3,500,0.1,0.1,"Full-GMM",-0.65,3.47978809482237,5.99146454710798,TRUE,"OK"
3,500,0.1,0.1,"Full-GMM",-0.6,2.47244541364784,5.99146454710798,TRUE,"OK"
3,500,0.1,0.1,"Full-GMM",-0.55,1.73536761922526,5.99146454710798,TRUE,"OK"
3,500,0.1,0.1,"Full-GMM",-0.5,1.96510225169224,5.99146454710798,TRUE,"OK"
3,500,0.1,0.1,"Full-GMM",-0.45,0.760104187372999,5.99146454710798,TRUE,"OK"
3,500,0.1,0.1,"Full-GMM",-0.4,1.05560070016208,5.99146454710798,TRUE,"OK"
3,500,0.1,0.1,"Full-GMM",-0.35,1.33780433759577,5.99146454710798,TRUE,"OK"
3,500,0.1,0.1,"Full-GMM",-0.3,0.102410323279404,5.99146454710798,TRUE,"OK"
3,500,0.1,0.1,"Full-GMM",-0.25,1.07502265180131,5.99146454710798,TRUE,"OK"
3,500,0.1,0.1,"Full-GMM",-0.2,0.339236897461101,5.99146454710798,TRUE,"OK"
3,500,0.1,0.1,"Full-GMM",-0.15,1.61123672705476,5.99146454710798,TRUE,"OK"
3,500,0.1,0.1,"Full-GMM",-0.1,0.932501165171122,5.99146454710798,TRUE,"OK"
3,500,0.1,0.1,"Full-GMM",-0.0499999999999999,2.96883238152807,5.99146454710798,TRUE,"OK"
3,500,0.1,0.1,"Full-GMM",0,0.968642482340951,5.99146454710798,TRUE,"OK"
3,500,0.1,0.1,"Full-GMM",0.05,2.55081014446274,5.99146454710798,TRUE,"OK"
3,500,0.1,0.1,"Full-GMM",0.1,1.88970803001361,5.99146454710798,TRUE,"OK"
3,500,0.1,0.1,"Full-GMM",0.15,4.68192898526187,5.99146454710798,TRUE,"OK"
3,500,0.1,0.1,"Full-GMM",0.2,1.13698046388863,5.99146454710798,TRUE,"OK"
3,500,0.1,0.1,"Full-GMM",0.25,3.81836987025955,5.99146454710798,TRUE,"OK"
3,500,0.1,0.1,"Full-GMM",0.3,1.45457745977426,5.99146454710798,TRUE,"OK"
3,500,0.1,0.1,"Full-GMM",0.35,2.11137559986921,5.99146454710798,TRUE,"OK"
3,500,0.1,0.1,"Full-GMM",0.4,1.99369971134968,5.99146454710798,TRUE,"OK"
3,500,0.1,0.1,"Full-GMM",0.45,3.41002646425458,5.99146454710798,TRUE,"OK"
3,500,0.1,0.1,"Full-GMM",0.5,3.63620918547373,5.99146454710798,TRUE,"OK"
3,500,0.1,0.1,"Full-GMM",0.55,0.833188192316972,5.99146454710798,TRUE,"OK"
3,500,0.1,0.1,"Full-GMM",0.6,1.97429292440688,5.99146454710798,TRUE,"OK"
3,500,0.1,0.1,"Full-GMM",0.65,5.85205763689043,5.99146454710798,TRUE,"OK"
3,500,0.1,0.1,"Full-GMM",0.7,3.33006613957157,5.99146454710798,TRUE,"OK"
3,500,0.1,0.1,"Full-GMM",0.75,2.85732836573637,5.99146454710798,TRUE,"OK"
3,500,0.1,0.1,"Full-GMM",0.8,1.65073806463422,5.99146454710798,TRUE,"OK"
3,500,0.1,0.1,"Full-GMM",0.85,1.47087515668868,5.99146454710798,TRUE,"OK"
3,500,0.1,0.1,"Full-GMM",0.9,0.90384070984131,5.99146454710798,TRUE,"OK"
3,500,0.1,0.1,"Full-GMM",0.95,1.46023224789165,5.99146454710798,TRUE,"OK"
3,500,0.1,0.1,"Full-GMM",1,2.68110521288721,5.99146454710798,TRUE,"OK"
3,500,0.1,0.1,"Full-GMM",1.05,0.0532149043709164,5.99146454710798,TRUE,"OK"
3,500,0.1,0.1,"Full-GMM",1.1,2.39618390373106,5.99146454710798,TRUE,"OK"
3,500,0.1,0.1,"Full-GMM",1.15,1.6252101697965,5.99146454710798,TRUE,"OK"
3,500,0.1,0.1,"Full-GMM",1.2,0.421697180670324,5.99146454710798,TRUE,"OK"
3,500,0.1,0.1,"Full-GMM",1.25,2.93183382597381,5.99146454710798,TRUE,"OK"
3,500,0.1,0.1,"Full-GMM",1.3,10.8866144341778,5.99146454710798,FALSE,"OK"
3,500,0.1,0.1,"Full-GMM",1.35,0.454689475736692,5.99146454710798,TRUE,"OK"
3,500,0.1,0.1,"Full-GMM",1.4,1.36034737106884,5.99146454710798,TRUE,"OK"
3,500,0.1,0.1,"Full-GMM",1.45,0.934671598059358,5.99146454710798,TRUE,"OK"
3,500,0.1,0.1,"Full-GMM",1.5,0.862423182094094,5.99146454710798,TRUE,"OK"
3,500,0.1,0.1,"Full-GMM",1.55,1.51895909588365,5.99146454710798,TRUE,"OK"
3,500,0.1,0.1,"Full-GMM",1.6,0.699563399795168,5.99146454710798,TRUE,"OK"
3,500,0.1,0.1,"Full-GMM",1.65,0.466646349393343,5.99146454710798,TRUE,"OK"
3,500,0.1,0.1,"Full-GMM",1.7,0.768047395416443,5.99146454710798,TRUE,"OK"
3,500,0.1,0.1,"Full-GMM",1.75,1.26209424786178,5.99146454710798,TRUE,"OK"
3,500,0.1,0.1,"Full-GMM",1.8,0.600798540656936,5.99146454710798,TRUE,"OK"
3,500,0.1,0.1,"Full-GMM",1.85,0.0263286906847037,5.99146454710798,TRUE,"OK"
3,500,0.1,0.1,"Full-GMM",1.9,1.55235452928466,5.99146454710798,TRUE,"OK"
3,500,0.1,0.1,"Full-GMM",1.95,1.20925334723611,5.99146454710798,TRUE,"OK"
3,500,0.1,0.1,"Full-GMM",2,0.537419419607576,5.99146454710798,TRUE,"OK"
3,500,0.1,0.1,"Full-GMM",2.05,0.437927483031976,5.99146454710798,TRUE,"OK"
3,500,0.1,0.1,"Full-GMM",2.1,0.67639573810727,5.99146454710798,TRUE,"OK"
3,500,0.1,0.1,"Full-GMM",2.15,0.681399924667548,5.99146454710798,TRUE,"OK"
3,500,0.1,0.1,"Full-GMM",2.2,0.498185997911565,5.99146454710798,TRUE,"OK"
3,500,0.1,0.1,"Full-GMM",2.25,0.235267632952274,5.99146454710798,TRUE,"OK"
3,500,0.1,0.1,"Full-GMM",2.3,0.734246105775612,5.99146454710798,TRUE,"OK"
3,500,0.1,0.1,"Full-GMM",2.35,2.17912174520342,5.99146454710798,TRUE,"OK"
3,500,0.1,0.1,"Full-GMM",2.4,3.09042983363195,5.99146454710798,TRUE,"OK"
3,500,0.1,0.1,"Full-GMM",2.45,1.26235126419914,5.99146454710798,TRUE,"OK"
3,500,0.1,0.1,"Full-GMM",2.5,0.76364917457499,5.99146454710798,TRUE,"OK"
3,500,0.1,0.1,"Full-GMM",2.55,1.02904288077189,5.99146454710798,TRUE,"OK"
3,500,0.1,0.1,"Full-GMM",2.6,1.19986770035421,5.99146454710798,TRUE,"OK"
3,500,0.1,0.1,"Full-GMM",2.65,0.210230674519242,5.99146454710798,TRUE,"OK"
3,500,0.1,0.1,"Full-GMM",2.7,0.402503205677564,5.99146454710798,TRUE,"OK"
3,500,0.1,0.1,"Full-GMM",2.75,0.645119519152054,5.99146454710798,TRUE,"OK"
3,500,0.1,0.1,"Full-GMM",2.8,1.22430752664092,5.99146454710798,TRUE,"OK"
3,500,0.1,0.1,"Full-GMM",2.85,1.72222726864445,5.99146454710798,TRUE,"OK"
3,500,0.1,0.1,"Full-GMM",2.9,0.908257409913373,5.99146454710798,TRUE,"OK"
3,500,0.1,0.1,"Full-GMM",2.95,2.696455757958,5.99146454710798,TRUE,"OK"
3,500,0.1,0.1,"Full-GMM",3,2.65917301267396,5.99146454710798,TRUE,"OK"
3,500,0.1,0.1,"DML-IVQR",-1,5.67821010444106,5.99146454710798,TRUE,"OK"
3,500,0.1,0.1,"DML-IVQR",-0.95,6.03544075131811,5.99146454710798,FALSE,"OK"
3,500,0.1,0.1,"DML-IVQR",-0.9,6.79174817855218,5.99146454710798,FALSE,"OK"
3,500,0.1,0.1,"DML-IVQR",-0.85,9.9922948044635,5.99146454710798,FALSE,"OK"
3,500,0.1,0.1,"DML-IVQR",-0.8,7.43340056158074,5.99146454710798,FALSE,"OK"
3,500,0.1,0.1,"DML-IVQR",-0.75,5.59450223867789,5.99146454710798,TRUE,"OK"
3,500,0.1,0.1,"DML-IVQR",-0.7,11.668536623857,5.99146454710798,FALSE,"OK"
3,500,0.1,0.1,"DML-IVQR",-0.65,8.28821959428522,5.99146454710798,FALSE,"OK"
3,500,0.1,0.1,"DML-IVQR",-0.6,20.2154462526444,5.99146454710798,FALSE,"OK"
3,500,0.1,0.1,"DML-IVQR",-0.55,17.2230723845429,5.99146454710798,FALSE,"OK"
3,500,0.1,0.1,"DML-IVQR",-0.5,12.979725116037,5.99146454710798,FALSE,"OK"
3,500,0.1,0.1,"DML-IVQR",-0.45,9.04014084755587,5.99146454710798,FALSE,"OK"
3,500,0.1,0.1,"DML-IVQR",-0.4,13.1589701245729,5.99146454710798,FALSE,"OK"
3,500,0.1,0.1,"DML-IVQR",-0.35,7.96146793329496,5.99146454710798,FALSE,"OK"
3,500,0.1,0.1,"DML-IVQR",-0.3,3.288681191005,5.99146454710798,TRUE,"OK"
3,500,0.1,0.1,"DML-IVQR",-0.25,2.37250736575569,5.99146454710798,TRUE,"OK"
3,500,0.1,0.1,"DML-IVQR",-0.2,4.11164475312779,5.99146454710798,TRUE,"OK"
3,500,0.1,0.1,"DML-IVQR",-0.15,5.24918349263923,5.99146454710798,TRUE,"OK"
3,500,0.1,0.1,"DML-IVQR",-0.1,6.33004410226888,5.99146454710798,FALSE,"OK"
3,500,0.1,0.1,"DML-IVQR",-0.0499999999999999,4.19603295942279,5.99146454710798,TRUE,"OK"
3,500,0.1,0.1,"DML-IVQR",0,4.15585487709298,5.99146454710798,TRUE,"OK"
3,500,0.1,0.1,"DML-IVQR",0.05,4.39406280939666,5.99146454710798,TRUE,"OK"
3,500,0.1,0.1,"DML-IVQR",0.1,3.60640579291541,5.99146454710798,TRUE,"OK"
3,500,0.1,0.1,"DML-IVQR",0.15,5.55213012301862,5.99146454710798,TRUE,"OK"
3,500,0.1,0.1,"DML-IVQR",0.2,4.40635308042523,5.99146454710798,TRUE,"OK"
3,500,0.1,0.1,"DML-IVQR",0.25,4.73266286057917,5.99146454710798,TRUE,"OK"
3,500,0.1,0.1,"DML-IVQR",0.3,4.0101086273071,5.99146454710798,TRUE,"OK"
3,500,0.1,0.1,"DML-IVQR",0.35,2.75124768323185,5.99146454710798,TRUE,"OK"
3,500,0.1,0.1,"DML-IVQR",0.4,5.68972931374514,5.99146454710798,TRUE,"OK"
3,500,0.1,0.1,"DML-IVQR",0.45,5.38072713340592,5.99146454710798,TRUE,"OK"
3,500,0.1,0.1,"DML-IVQR",0.5,5.83442606199469,5.99146454710798,TRUE,"OK"
3,500,0.1,0.1,"DML-IVQR",0.55,6.09228294184707,5.99146454710798,FALSE,"OK"
3,500,0.1,0.1,"DML-IVQR",0.6,6.16735970934044,5.99146454710798,FALSE,"OK"
3,500,0.1,0.1,"DML-IVQR",0.65,3.85823291988845,5.99146454710798,TRUE,"OK"
3,500,0.1,0.1,"DML-IVQR",0.7,6.00436823287435,5.99146454710798,FALSE,"OK"
3,500,0.1,0.1,"DML-IVQR",0.75,6.12395378293372,5.99146454710798,FALSE,"OK"
3,500,0.1,0.1,"DML-IVQR",0.8,5.53770631665394,5.99146454710798,TRUE,"OK"
3,500,0.1,0.1,"DML-IVQR",0.85,5.70839422961157,5.99146454710798,TRUE,"OK"
3,500,0.1,0.1,"DML-IVQR",0.9,4.26989184580288,5.99146454710798,TRUE,"OK"
3,500,0.1,0.1,"DML-IVQR",0.95,4.98522661489958,5.99146454710798,TRUE,"OK"
3,500,0.1,0.1,"DML-IVQR",1,4.49891184184652,5.99146454710798,TRUE,"OK"
3,500,0.1,0.1,"DML-IVQR",1.05,4.76959560909757,5.99146454710798,TRUE,"OK"
3,500,0.1,0.1,"DML-IVQR",1.1,4.81070717441992,5.99146454710798,TRUE,"OK"
3,500,0.1,0.1,"DML-IVQR",1.15,5.02004816108487,5.99146454710798,TRUE,"OK"
3,500,0.1,0.1,"DML-IVQR",1.2,4.96015402605899,5.99146454710798,TRUE,"OK"
3,500,0.1,0.1,"DML-IVQR",1.25,4.57523208864059,5.99146454710798,TRUE,"OK"
3,500,0.1,0.1,"DML-IVQR",1.3,4.29929842813247,5.99146454710798,TRUE,"OK"
3,500,0.1,0.1,"DML-IVQR",1.35,5.47224956080268,5.99146454710798,TRUE,"OK"
3,500,0.1,0.1,"DML-IVQR",1.4,4.71530651385092,5.99146454710798,TRUE,"OK"
3,500,0.1,0.1,"DML-IVQR",1.45,4.29861677232739,5.99146454710798,TRUE,"OK"
3,500,0.1,0.1,"DML-IVQR",1.5,4.82357836046432,5.99146454710798,TRUE,"OK"
3,500,0.1,0.1,"DML-IVQR",1.55,4.82327830168367,5.99146454710798,TRUE,"OK"
3,500,0.1,0.1,"DML-IVQR",1.6,4.73886117191001,5.99146454710798,TRUE,"OK"
3,500,0.1,0.1,"DML-IVQR",1.65,4.76956821167378,5.99146454710798,TRUE,"OK"
3,500,0.1,0.1,"DML-IVQR",1.7,3.41997599044461,5.99146454710798,TRUE,"OK"
3,500,0.1,0.1,"DML-IVQR",1.75,2.40459063221541,5.99146454710798,TRUE,"OK"
3,500,0.1,0.1,"DML-IVQR",1.8,3.27115141004708,5.99146454710798,TRUE,"OK"
3,500,0.1,0.1,"DML-IVQR",1.85,3.77140673217284,5.99146454710798,TRUE,"OK"
3,500,0.1,0.1,"DML-IVQR",1.9,5.14074620768332,5.99146454710798,TRUE,"OK"
3,500,0.1,0.1,"DML-IVQR",1.95,4.56402487636952,5.99146454710798,TRUE,"OK"
3,500,0.1,0.1,"DML-IVQR",2,4.58666040730248,5.99146454710798,TRUE,"OK"
3,500,0.1,0.1,"DML-IVQR",2.05,4.03998679106326,5.99146454710798,TRUE,"OK"
3,500,0.1,0.1,"DML-IVQR",2.1,4.56692205929496,5.99146454710798,TRUE,"OK"
3,500,0.1,0.1,"DML-IVQR",2.15,4.02152628498832,5.99146454710798,TRUE,"OK"
3,500,0.1,0.1,"DML-IVQR",2.2,4.07059634896936,5.99146454710798,TRUE,"OK"
3,500,0.1,0.1,"DML-IVQR",2.25,4.75550791197238,5.99146454710798,TRUE,"OK"
3,500,0.1,0.1,"DML-IVQR",2.3,5.07591707367518,5.99146454710798,TRUE,"OK"
3,500,0.1,0.1,"DML-IVQR",2.35,2.23714212811617,5.99146454710798,TRUE,"OK"
3,500,0.1,0.1,"DML-IVQR",2.4,2.6514366467837,5.99146454710798,TRUE,"OK"
3,500,0.1,0.1,"DML-IVQR",2.45,4.10700291929433,5.99146454710798,TRUE,"OK"
3,500,0.1,0.1,"DML-IVQR",2.5,3.41498377872988,5.99146454710798,TRUE,"OK"
3,500,0.1,0.1,"DML-IVQR",2.55,4.17947730927009,5.99146454710798,TRUE,"OK"
3,500,0.1,0.1,"DML-IVQR",2.6,1.67620880077951,5.99146454710798,TRUE,"OK"
3,500,0.1,0.1,"DML-IVQR",2.65,4.0435141055259,5.99146454710798,TRUE,"OK"
3,500,0.1,0.1,"DML-IVQR",2.7,3.65564422683911,5.99146454710798,TRUE,"OK"
3,500,0.1,0.1,"DML-IVQR",2.75,4.45737234484736,5.99146454710798,TRUE,"OK"
3,500,0.1,0.1,"DML-IVQR",2.8,4.30798719582186,5.99146454710798,TRUE,"OK"
3,500,0.1,0.1,"DML-IVQR",2.85,4.56777086647101,5.99146454710798,TRUE,"OK"
3,500,0.1,0.1,"DML-IVQR",2.9,4.65648326740097,5.99146454710798,TRUE,"OK"
3,500,0.1,0.1,"DML-IVQR",2.95,4.58525304159251,5.99146454710798,TRUE,"OK"
3,500,0.1,0.1,"DML-IVQR",3,2.41791299331841,5.99146454710798,TRUE,"OK"
3,500,0.1,0.5,"Oracle-GMM",-1,2.27881609585785,5.99146454710798,TRUE,"OK"
3,500,0.1,0.5,"Oracle-GMM",-0.95,2.64965058947313,5.99146454710798,TRUE,"OK"
3,500,0.1,0.5,"Oracle-GMM",-0.9,2.22655210577318,5.99146454710798,TRUE,"OK"
3,500,0.1,0.5,"Oracle-GMM",-0.85,2.73480686522746,5.99146454710798,TRUE,"OK"
3,500,0.1,0.5,"Oracle-GMM",-0.8,2.36922776230705,5.99146454710798,TRUE,"OK"
3,500,0.1,0.5,"Oracle-GMM",-0.75,3.03781084588614,5.99146454710798,TRUE,"OK"
3,500,0.1,0.5,"Oracle-GMM",-0.7,3.19843360743111,5.99146454710798,TRUE,"OK"
3,500,0.1,0.5,"Oracle-GMM",-0.65,2.36432330679178,5.99146454710798,TRUE,"OK"
3,500,0.1,0.5,"Oracle-GMM",-0.6,3.80716898469783,5.99146454710798,TRUE,"OK"
3,500,0.1,0.5,"Oracle-GMM",-0.55,4.567691033536,5.99146454710798,TRUE,"OK"
3,500,0.1,0.5,"Oracle-GMM",-0.5,3.4164683759904,5.99146454710798,TRUE,"OK"
3,500,0.1,0.5,"Oracle-GMM",-0.45,4.69051872617116,5.99146454710798,TRUE,"OK"
3,500,0.1,0.5,"Oracle-GMM",-0.4,4.70757455379845,5.99146454710798,TRUE,"OK"
3,500,0.1,0.5,"Oracle-GMM",-0.35,2.97822861378459,5.99146454710798,TRUE,"OK"
3,500,0.1,0.5,"Oracle-GMM",-0.3,2.51381424143224,5.99146454710798,TRUE,"OK"
3,500,0.1,0.5,"Oracle-GMM",-0.25,2.73971617784925,5.99146454710798,TRUE,"OK"
3,500,0.1,0.5,"Oracle-GMM",-0.2,3.56654289725722,5.99146454710798,TRUE,"OK"
3,500,0.1,0.5,"Oracle-GMM",-0.15,2.33091724633723,5.99146454710798,TRUE,"OK"
3,500,0.1,0.5,"Oracle-GMM",-0.1,3.25748198737165,5.99146454710798,TRUE,"OK"
3,500,0.1,0.5,"Oracle-GMM",-0.0499999999999999,2.49174095446186,5.99146454710798,TRUE,"OK"
3,500,0.1,0.5,"Oracle-GMM",0,1.80927091705582,5.99146454710798,TRUE,"OK"
3,500,0.1,0.5,"Oracle-GMM",0.05,3.01162288601442,5.99146454710798,TRUE,"OK"
3,500,0.1,0.5,"Oracle-GMM",0.1,2.57716161257585,5.99146454710798,TRUE,"OK"
3,500,0.1,0.5,"Oracle-GMM",0.15,1.91657992781781,5.99146454710798,TRUE,"OK"
3,500,0.1,0.5,"Oracle-GMM",0.2,1.88636031144146,5.99146454710798,TRUE,"OK"
3,500,0.1,0.5,"Oracle-GMM",0.25,1.84515880591699,5.99146454710798,TRUE,"OK"
3,500,0.1,0.5,"Oracle-GMM",0.3,1.0735605979526,5.99146454710798,TRUE,"OK"
3,500,0.1,0.5,"Oracle-GMM",0.35,0.186269624649262,5.99146454710798,TRUE,"OK"
3,500,0.1,0.5,"Oracle-GMM",0.4,0.00327661514184944,5.99146454710798,TRUE,"OK"
3,500,0.1,0.5,"Oracle-GMM",0.45,0.0197191780397215,5.99146454710798,TRUE,"OK"
3,500,0.1,0.5,"Oracle-GMM",0.5,0.696111897183977,5.99146454710798,TRUE,"OK"
3,500,0.1,0.5,"Oracle-GMM",0.55,0.212603343154896,5.99146454710798,TRUE,"OK"
3,500,0.1,0.5,"Oracle-GMM",0.6,0.286572283329829,5.99146454710798,TRUE,"OK"
3,500,0.1,0.5,"Oracle-GMM",0.65,0.848214186182368,5.99146454710798,TRUE,"OK"
3,500,0.1,0.5,"Oracle-GMM",0.7,0.484712091817543,5.99146454710798,TRUE,"OK"
3,500,0.1,0.5,"Oracle-GMM",0.75,0.657135584587632,5.99146454710798,TRUE,"OK"
3,500,0.1,0.5,"Oracle-GMM",0.8,0.885940790068368,5.99146454710798,TRUE,"OK"
3,500,0.1,0.5,"Oracle-GMM",0.85,0.637406857004109,5.99146454710798,TRUE,"OK"
3,500,0.1,0.5,"Oracle-GMM",0.9,1.20076429318866,5.99146454710798,TRUE,"OK"
3,500,0.1,0.5,"Oracle-GMM",0.95,0.402162740184556,5.99146454710798,TRUE,"OK"
3,500,0.1,0.5,"Oracle-GMM",1,0.439767491758726,5.99146454710798,TRUE,"OK"
3,500,0.1,0.5,"Oracle-GMM",1.05,0.440839947964849,5.99146454710798,TRUE,"OK"
3,500,0.1,0.5,"Oracle-GMM",1.1,0.128803181458186,5.99146454710798,TRUE,"OK"
3,500,0.1,0.5,"Oracle-GMM",1.15,0.152602099073951,5.99146454710798,TRUE,"OK"
3,500,0.1,0.5,"Oracle-GMM",1.2,0.392816645617767,5.99146454710798,TRUE,"OK"
3,500,0.1,0.5,"Oracle-GMM",1.25,0.11724229530415,5.99146454710798,TRUE,"OK"
3,500,0.1,0.5,"Oracle-GMM",1.3,0.290055896036129,5.99146454710798,TRUE,"OK"
3,500,0.1,0.5,"Oracle-GMM",1.35,0.510173868380772,5.99146454710798,TRUE,"OK"
3,500,0.1,0.5,"Oracle-GMM",1.4,1.38787996822773,5.99146454710798,TRUE,"OK"
3,500,0.1,0.5,"Oracle-GMM",1.45,0.871675379887929,5.99146454710798,TRUE,"OK"
3,500,0.1,0.5,"Oracle-GMM",1.5,2.42963367083078,5.99146454710798,TRUE,"OK"
3,500,0.1,0.5,"Oracle-GMM",1.55,2.57275349564156,5.99146454710798,TRUE,"OK"
3,500,0.1,0.5,"Oracle-GMM",1.6,2.07873379174924,5.99146454710798,TRUE,"OK"
3,500,0.1,0.5,"Oracle-GMM",1.65,2.33432604442524,5.99146454710798,TRUE,"OK"
3,500,0.1,0.5,"Oracle-GMM",1.7,1.70907293948352,5.99146454710798,TRUE,"OK"
3,500,0.1,0.5,"Oracle-GMM",1.75,1.18068078653944,5.99146454710798,TRUE,"OK"
3,500,0.1,0.5,"Oracle-GMM",1.8,1.93545026107933,5.99146454710798,TRUE,"OK"
3,500,0.1,0.5,"Oracle-GMM",1.85,1.1309610681128,5.99146454710798,TRUE,"OK"
3,500,0.1,0.5,"Oracle-GMM",1.9,1.10618779301049,5.99146454710798,TRUE,"OK"
3,500,0.1,0.5,"Oracle-GMM",1.95,1.56810241880195,5.99146454710798,TRUE,"OK"
3,500,0.1,0.5,"Oracle-GMM",2,1.34665243614295,5.99146454710798,TRUE,"OK"
3,500,0.1,0.5,"Oracle-GMM",2.05,1.46184297188477,5.99146454710798,TRUE,"OK"
3,500,0.1,0.5,"Oracle-GMM",2.1,1.84378375763027,5.99146454710798,TRUE,"OK"
3,500,0.1,0.5,"Oracle-GMM",2.15,1.56409031798534,5.99146454710798,TRUE,"OK"
3,500,0.1,0.5,"Oracle-GMM",2.2,2.07385069680597,5.99146454710798,TRUE,"OK"
3,500,0.1,0.5,"Oracle-GMM",2.25,1.95380872088986,5.99146454710798,TRUE,"OK"
3,500,0.1,0.5,"Oracle-GMM",2.3,1.78928417577235,5.99146454710798,TRUE,"OK"
3,500,0.1,0.5,"Oracle-GMM",2.35,1.7831507836154,5.99146454710798,TRUE,"OK"
3,500,0.1,0.5,"Oracle-GMM",2.4,3.65870863525118,5.99146454710798,TRUE,"OK"
3,500,0.1,0.5,"Oracle-GMM",2.45,1.86999996896694,5.99146454710798,TRUE,"OK"
3,500,0.1,0.5,"Oracle-GMM",2.5,2.28236430405212,5.99146454710798,TRUE,"OK"
3,500,0.1,0.5,"Oracle-GMM",2.55,1.56471644648532,5.99146454710798,TRUE,"OK"
3,500,0.1,0.5,"Oracle-GMM",2.6,1.25310257488402,5.99146454710798,TRUE,"OK"
3,500,0.1,0.5,"Oracle-GMM",2.65,2.38891343977878,5.99146454710798,TRUE,"OK"
3,500,0.1,0.5,"Oracle-GMM",2.7,1.54688454577428,5.99146454710798,TRUE,"OK"
3,500,0.1,0.5,"Oracle-GMM",2.75,2.02622844686301,5.99146454710798,TRUE,"OK"
3,500,0.1,0.5,"Oracle-GMM",2.8,0.770556779941208,5.99146454710798,TRUE,"OK"
3,500,0.1,0.5,"Oracle-GMM",2.85,1.19868200847076,5.99146454710798,TRUE,"OK"
3,500,0.1,0.5,"Oracle-GMM",2.9,1.69957525969914,5.99146454710798,TRUE,"OK"
3,500,0.1,0.5,"Oracle-GMM",2.95,1.35193000702133,5.99146454710798,TRUE,"OK"
3,500,0.1,0.5,"Oracle-GMM",3,1.55133618583165,5.99146454710798,TRUE,"OK"
3,500,0.1,0.5,"Full-GMM",-1,3.74338703900645,5.99146454710798,TRUE,"OK"
3,500,0.1,0.5,"Full-GMM",-0.95,5.14124818020647,5.99146454710798,TRUE,"OK"
3,500,0.1,0.5,"Full-GMM",-0.9,3.49991856399745,5.99146454710798,TRUE,"OK"
3,500,0.1,0.5,"Full-GMM",-0.85,5.46276100360456,5.99146454710798,TRUE,"OK"
3,500,0.1,0.5,"Full-GMM",-0.8,7.04187957142961,5.99146454710798,FALSE,"OK"
3,500,0.1,0.5,"Full-GMM",-0.75,7.80791865687192,5.99146454710798,FALSE,"OK"
3,500,0.1,0.5,"Full-GMM",-0.7,4.38810886789241,5.99146454710798,TRUE,"OK"
3,500,0.1,0.5,"Full-GMM",-0.65,4.68389140380195,5.99146454710798,TRUE,"OK"
3,500,0.1,0.5,"Full-GMM",-0.6,2.83420218362252,5.99146454710798,TRUE,"OK"
3,500,0.1,0.5,"Full-GMM",-0.55,4.19788690393655,5.99146454710798,TRUE,"OK"
3,500,0.1,0.5,"Full-GMM",-0.5,5.85269167153686,5.99146454710798,TRUE,"OK"
3,500,0.1,0.5,"Full-GMM",-0.45,6.59404400905967,5.99146454710798,FALSE,"OK"
3,500,0.1,0.5,"Full-GMM",-0.4,6.8129316590775,5.99146454710798,FALSE,"OK"
3,500,0.1,0.5,"Full-GMM",-0.35,3.14360547633475,5.99146454710798,TRUE,"OK"
3,500,0.1,0.5,"Full-GMM",-0.3,5.4681306412974,5.99146454710798,TRUE,"OK"
3,500,0.1,0.5,"Full-GMM",-0.25,3.02191978002237,5.99146454710798,TRUE,"OK"
3,500,0.1,0.5,"Full-GMM",-0.2,8.01702431333267,5.99146454710798,FALSE,"OK"
3,500,0.1,0.5,"Full-GMM",-0.15,1.6087306953246,5.99146454710798,TRUE,"OK"
3,500,0.1,0.5,"Full-GMM",-0.1,8.47824431011996,5.99146454710798,FALSE,"OK"
3,500,0.1,0.5,"Full-GMM",-0.0499999999999999,3.37429002452217,5.99146454710798,TRUE,"OK"
3,500,0.1,0.5,"Full-GMM",0,3.14567688467972,5.99146454710798,TRUE,"OK"
3,500,0.1,0.5,"Full-GMM",0.05,9.03659537292078,5.99146454710798,FALSE,"OK"
3,500,0.1,0.5,"Full-GMM",0.1,7.18308589695989,5.99146454710798,FALSE,"OK"
3,500,0.1,0.5,"Full-GMM",0.15,5.32771221432575,5.99146454710798,TRUE,"OK"
3,500,0.1,0.5,"Full-GMM",0.2,3.66911891401594,5.99146454710798,TRUE,"OK"
3,500,0.1,0.5,"Full-GMM",0.25,4.75466705798777,5.99146454710798,TRUE,"OK"
3,500,0.1,0.5,"Full-GMM",0.3,4.44838942928118,5.99146454710798,TRUE,"OK"
3,500,0.1,0.5,"Full-GMM",0.35,4.79888771909203,5.99146454710798,TRUE,"OK"
3,500,0.1,0.5,"Full-GMM",0.4,2.00292385515347,5.99146454710798,TRUE,"OK"
3,500,0.1,0.5,"Full-GMM",0.45,2.05079180330598,5.99146454710798,TRUE,"OK"
3,500,0.1,0.5,"Full-GMM",0.5,3.0291956521861,5.99146454710798,TRUE,"OK"
3,500,0.1,0.5,"Full-GMM",0.55,2.30811170182805,5.99146454710798,TRUE,"OK"
3,500,0.1,0.5,"Full-GMM",0.6,3.9350742837034,5.99146454710798,TRUE,"OK"
3,500,0.1,0.5,"Full-GMM",0.65,1.55787125962211,5.99146454710798,TRUE,"OK"
3,500,0.1,0.5,"Full-GMM",0.7,0.454146259352558,5.99146454710798,TRUE,"OK"
3,500,0.1,0.5,"Full-GMM",0.75,1.19778363677013,5.99146454710798,TRUE,"OK"
3,500,0.1,0.5,"Full-GMM",0.8,0.746972509376648,5.99146454710798,TRUE,"OK"
3,500,0.1,0.5,"Full-GMM",0.85,2.66085345982058,5.99146454710798,TRUE,"OK"
3,500,0.1,0.5,"Full-GMM",0.9,1.22826098695713,5.99146454710798,TRUE,"OK"
3,500,0.1,0.5,"Full-GMM",0.95,0.0573745340250788,5.99146454710798,TRUE,"OK"
3,500,0.1,0.5,"Full-GMM",1,0.215914127678183,5.99146454710798,TRUE,"OK"
3,500,0.1,0.5,"Full-GMM",1.05,0.0735574456340565,5.99146454710798,TRUE,"OK"
3,500,0.1,0.5,"Full-GMM",1.1,0.271394588837024,5.99146454710798,TRUE,"OK"
3,500,0.1,0.5,"Full-GMM",1.15,0.625429560597153,5.99146454710798,TRUE,"OK"
3,500,0.1,0.5,"Full-GMM",1.2,0.87675206217378,5.99146454710798,TRUE,"OK"
3,500,0.1,0.5,"Full-GMM",1.25,0.38762364375537,5.99146454710798,TRUE,"OK"
3,500,0.1,0.5,"Full-GMM",1.3,1.01916905854684,5.99146454710798,TRUE,"OK"
3,500,0.1,0.5,"Full-GMM",1.35,0.619698026662069,5.99146454710798,TRUE,"OK"
3,500,0.1,0.5,"Full-GMM",1.4,0.0185698398253614,5.99146454710798,TRUE,"OK"
3,500,0.1,0.5,"Full-GMM",1.45,1.01000887869731,5.99146454710798,TRUE,"OK"
3,500,0.1,0.5,"Full-GMM",1.5,0.359863906775265,5.99146454710798,TRUE,"OK"
3,500,0.1,0.5,"Full-GMM",1.55,0.873415424697485,5.99146454710798,TRUE,"OK"
3,500,0.1,0.5,"Full-GMM",1.6,0.389814117762167,5.99146454710798,TRUE,"OK"
3,500,0.1,0.5,"Full-GMM",1.65,0.3192812840613,5.99146454710798,TRUE,"OK"
3,500,0.1,0.5,"Full-GMM",1.7,0.365243357268094,5.99146454710798,TRUE,"OK"
3,500,0.1,0.5,"Full-GMM",1.75,0.0614774339761158,5.99146454710798,TRUE,"OK"
3,500,0.1,0.5,"Full-GMM",1.8,1.5764954169212,5.99146454710798,TRUE,"OK"
3,500,0.1,0.5,"Full-GMM",1.85,0.0553501591157409,5.99146454710798,TRUE,"OK"
3,500,0.1,0.5,"Full-GMM",1.9,0.392104702411833,5.99146454710798,TRUE,"OK"
3,500,0.1,0.5,"Full-GMM",1.95,1.03998107939126,5.99146454710798,TRUE,"OK"
3,500,0.1,0.5,"Full-GMM",2,1.53125645457536,5.99146454710798,TRUE,"OK"
3,500,0.1,0.5,"Full-GMM",2.05,1.45262139402852,5.99146454710798,TRUE,"OK"
3,500,0.1,0.5,"Full-GMM",2.1,1.46628829588161,5.99146454710798,TRUE,"OK"
3,500,0.1,0.5,"Full-GMM",2.15,0.362415999366788,5.99146454710798,TRUE,"OK"
3,500,0.1,0.5,"Full-GMM",2.2,0.168067015971687,5.99146454710798,TRUE,"OK"
3,500,0.1,0.5,"Full-GMM",2.25,0.239237602442837,5.99146454710798,TRUE,"OK"
3,500,0.1,0.5,"Full-GMM",2.3,0.41337694012637,5.99146454710798,TRUE,"OK"
3,500,0.1,0.5,"Full-GMM",2.35,0.34535971666502,5.99146454710798,TRUE,"OK"
3,500,0.1,0.5,"Full-GMM",2.4,0.234363521535718,5.99146454710798,TRUE,"OK"
3,500,0.1,0.5,"Full-GMM",2.45,1.62927278156664,5.99146454710798,TRUE,"OK"
3,500,0.1,0.5,"Full-GMM",2.5,0.729821433485233,5.99146454710798,TRUE,"OK"
3,500,0.1,0.5,"Full-GMM",2.55,0.751141824970363,5.99146454710798,TRUE,"OK"
3,500,0.1,0.5,"Full-GMM",2.6,0.405385946150095,5.99146454710798,TRUE,"OK"
3,500,0.1,0.5,"Full-GMM",2.65,1.01337632530493,5.99146454710798,TRUE,"OK"
3,500,0.1,0.5,"Full-GMM",2.7,1.98064198096156,5.99146454710798,TRUE,"OK"
3,500,0.1,0.5,"Full-GMM",2.75,3.06804790444558,5.99146454710798,TRUE,"OK"
3,500,0.1,0.5,"Full-GMM",2.8,0.349302396043524,5.99146454710798,TRUE,"OK"
3,500,0.1,0.5,"Full-GMM",2.85,0.6173575735476,5.99146454710798,TRUE,"OK"
3,500,0.1,0.5,"Full-GMM",2.9,3.81351548995566,5.99146454710798,TRUE,"OK"
3,500,0.1,0.5,"Full-GMM",2.95,1.24161872397089,5.99146454710798,TRUE,"OK"
3,500,0.1,0.5,"Full-GMM",3,0.289539231255768,5.99146454710798,TRUE,"OK"
3,500,0.1,0.5,"DML-IVQR",-1,5.85483248260911,5.99146454710798,TRUE,"OK"
3,500,0.1,0.5,"DML-IVQR",-0.95,6.30878292569613,5.99146454710798,FALSE,"OK"
3,500,0.1,0.5,"DML-IVQR",-0.9,6.13402511635223,5.99146454710798,FALSE,"OK"
3,500,0.1,0.5,"DML-IVQR",-0.85,7.41453981711485,5.99146454710798,FALSE,"OK"
3,500,0.1,0.5,"DML-IVQR",-0.8,5.52791010700004,5.99146454710798,TRUE,"OK"
3,500,0.1,0.5,"DML-IVQR",-0.75,6.31602035033022,5.99146454710798,FALSE,"OK"
3,500,0.1,0.5,"DML-IVQR",-0.7,5.06588209210127,5.99146454710798,TRUE,"OK"
3,500,0.1,0.5,"DML-IVQR",-0.65,5.20502309714175,5.99146454710798,TRUE,"OK"
3,500,0.1,0.5,"DML-IVQR",-0.6,3.24114796999786,5.99146454710798,TRUE,"OK"
3,500,0.1,0.5,"DML-IVQR",-0.55,2.6474831064557,5.99146454710798,TRUE,"OK"
3,500,0.1,0.5,"DML-IVQR",-0.5,2.96050732600936,5.99146454710798,TRUE,"OK"
3,500,0.1,0.5,"DML-IVQR",-0.45,3.48143477785469,5.99146454710798,TRUE,"OK"
3,500,0.1,0.5,"DML-IVQR",-0.4,3.76218403192508,5.99146454710798,TRUE,"OK"
3,500,0.1,0.5,"DML-IVQR",-0.35,4.57204970485119,5.99146454710798,TRUE,"OK"
3,500,0.1,0.5,"DML-IVQR",-0.3,4.62553412435227,5.99146454710798,TRUE,"OK"
3,500,0.1,0.5,"DML-IVQR",-0.25,4.03732223216142,5.99146454710798,TRUE,"OK"
3,500,0.1,0.5,"DML-IVQR",-0.2,3.35889742978024,5.99146454710798,TRUE,"OK"
3,500,0.1,0.5,"DML-IVQR",-0.15,3.95785314108387,5.99146454710798,TRUE,"OK"
3,500,0.1,0.5,"DML-IVQR",-0.1,4.88525533722709,5.99146454710798,TRUE,"OK"
3,500,0.1,0.5,"DML-IVQR",-0.0499999999999999,4.68378912036285,5.99146454710798,TRUE,"OK"
3,500,0.1,0.5,"DML-IVQR",0,5.55129170960891,5.99146454710798,TRUE,"OK"
3,500,0.1,0.5,"DML-IVQR",0.05,4.36013940779589,5.99146454710798,TRUE,"OK"
3,500,0.1,0.5,"DML-IVQR",0.1,4.45701812125859,5.99146454710798,TRUE,"OK"
3,500,0.1,0.5,"DML-IVQR",0.15,3.08493429899733,5.99146454710798,TRUE,"OK"
3,500,0.1,0.5,"DML-IVQR",0.2,2.47539448208292,5.99146454710798,TRUE,"OK"
3,500,0.1,0.5,"DML-IVQR",0.25,1.72530068384079,5.99146454710798,TRUE,"OK"
3,500,0.1,0.5,"DML-IVQR",0.3,1.3066408180802,5.99146454710798,TRUE,"OK"
3,500,0.1,0.5,"DML-IVQR",0.35,1.57718700520202,5.99146454710798,TRUE,"OK"
3,500,0.1,0.5,"DML-IVQR",0.4,2.79938827294801,5.99146454710798,TRUE,"OK"
3,500,0.1,0.5,"DML-IVQR",0.45,2.29355140751252,5.99146454710798,TRUE,"OK"
3,500,0.1,0.5,"DML-IVQR",0.5,1.22671150698607,5.99146454710798,TRUE,"OK"
3,500,0.1,0.5,"DML-IVQR",0.55,1.51321974063853,5.99146454710798,TRUE,"OK"
3,500,0.1,0.5,"DML-IVQR",0.6,1.7730278917959,5.99146454710798,TRUE,"OK"
3,500,0.1,0.5,"DML-IVQR",0.65,0.660168839555854,5.99146454710798,TRUE,"OK"
3,500,0.1,0.5,"DML-IVQR",0.7,0.982817459425926,5.99146454710798,TRUE,"OK"
3,500,0.1,0.5,"DML-IVQR",0.75,1.03125963942193,5.99146454710798,TRUE,"OK"
3,500,0.1,0.5,"DML-IVQR",0.8,1.69077612461075,5.99146454710798,TRUE,"OK"
3,500,0.1,0.5,"DML-IVQR",0.85,2.07462177554703,5.99146454710798,TRUE,"OK"
3,500,0.1,0.5,"DML-IVQR",0.9,0.686855842142555,5.99146454710798,TRUE,"OK"
3,500,0.1,0.5,"DML-IVQR",0.95,0.47564596758872,5.99146454710798,TRUE,"OK"
3,500,0.1,0.5,"DML-IVQR",1,0.5243788921727,5.99146454710798,TRUE,"OK"
3,500,0.1,0.5,"DML-IVQR",1.05,0.366955211426516,5.99146454710798,TRUE,"OK"
3,500,0.1,0.5,"DML-IVQR",1.1,0.519651176512155,5.99146454710798,TRUE,"OK"
3,500,0.1,0.5,"DML-IVQR",1.15,2.96078769884725,5.99146454710798,TRUE,"OK"
3,500,0.1,0.5,"DML-IVQR",1.2,2.27264282872934,5.99146454710798,TRUE,"OK"
3,500,0.1,0.5,"DML-IVQR",1.25,1.79559288314647,5.99146454710798,TRUE,"OK"
3,500,0.1,0.5,"DML-IVQR",1.3,2.44603904503797,5.99146454710798,TRUE,"OK"
3,500,0.1,0.5,"DML-IVQR",1.35,1.74645162833098,5.99146454710798,TRUE,"OK"
3,500,0.1,0.5,"DML-IVQR",1.4,1.42534698631892,5.99146454710798,TRUE,"OK"
3,500,0.1,0.5,"DML-IVQR",1.45,1.09475612978457,5.99146454710798,TRUE,"OK"
3,500,0.1,0.5,"DML-IVQR",1.5,1.82874653580432,5.99146454710798,TRUE,"OK"
3,500,0.1,0.5,"DML-IVQR",1.55,2.12845423756796,5.99146454710798,TRUE,"OK"
3,500,0.1,0.5,"DML-IVQR",1.6,1.49834437677437,5.99146454710798,TRUE,"OK"
3,500,0.1,0.5,"DML-IVQR",1.65,0.591005781257543,5.99146454710798,TRUE,"OK"
3,500,0.1,0.5,"DML-IVQR",1.7,0.665655553893695,5.99146454710798,TRUE,"OK"
3,500,0.1,0.5,"DML-IVQR",1.75,0.913560873959213,5.99146454710798,TRUE,"OK"
3,500,0.1,0.5,"DML-IVQR",1.8,1.5717000132318,5.99146454710798,TRUE,"OK"
3,500,0.1,0.5,"DML-IVQR",1.85,1.47112064620385,5.99146454710798,TRUE,"OK"
3,500,0.1,0.5,"DML-IVQR",1.9,1.57062039492183,5.99146454710798,TRUE,"OK"
3,500,0.1,0.5,"DML-IVQR",1.95,1.26889485828611,5.99146454710798,TRUE,"OK"
3,500,0.1,0.5,"DML-IVQR",2,0.565555487696815,5.99146454710798,TRUE,"OK"
3,500,0.1,0.5,"DML-IVQR",2.05,0.783534303252258,5.99146454710798,TRUE,"OK"
3,500,0.1,0.5,"DML-IVQR",2.1,0.120961397299768,5.99146454710798,TRUE,"OK"
3,500,0.1,0.5,"DML-IVQR",2.15,0.209587834757672,5.99146454710798,TRUE,"OK"
3,500,0.1,0.5,"DML-IVQR",2.2,0.245673928626107,5.99146454710798,TRUE,"OK"
3,500,0.1,0.5,"DML-IVQR",2.25,0.156006954008532,5.99146454710798,TRUE,"OK"
3,500,0.1,0.5,"DML-IVQR",2.3,0.139364331146105,5.99146454710798,TRUE,"OK"
3,500,0.1,0.5,"DML-IVQR",2.35,0.0711849394022992,5.99146454710798,TRUE,"OK"
3,500,0.1,0.5,"DML-IVQR",2.4,0.239877375839122,5.99146454710798,TRUE,"OK"
3,500,0.1,0.5,"DML-IVQR",2.45,0.0840994755728048,5.99146454710798,TRUE,"OK"
3,500,0.1,0.5,"DML-IVQR",2.5,0.0610784470980321,5.99146454710798,TRUE,"OK"
3,500,0.1,0.5,"DML-IVQR",2.55,0.0509329849062393,5.99146454710798,TRUE,"OK"
3,500,0.1,0.5,"DML-IVQR",2.6,0.0464388119223133,5.99146454710798,TRUE,"OK"
3,500,0.1,0.5,"DML-IVQR",2.65,0.264662652777191,5.99146454710798,TRUE,"OK"
3,500,0.1,0.5,"DML-IVQR",2.7,0.543127248259753,5.99146454710798,TRUE,"OK"
3,500,0.1,0.5,"DML-IVQR",2.75,0.505136207012826,5.99146454710798,TRUE,"OK"
3,500,0.1,0.5,"DML-IVQR",2.8,0.506708422726576,5.99146454710798,TRUE,"OK"
3,500,0.1,0.5,"DML-IVQR",2.85,0.839400798111649,5.99146454710798,TRUE,"OK"
3,500,0.1,0.5,"DML-IVQR",2.9,0.725915034315971,5.99146454710798,TRUE,"OK"
3,500,0.1,0.5,"DML-IVQR",2.95,0.299363438512169,5.99146454710798,TRUE,"OK"
3,500,0.1,0.5,"DML-IVQR",3,0.323358555699349,5.99146454710798,TRUE,"OK"
3,500,0.1,0.9,"Oracle-GMM",-1,1.2864318973535,5.99146454710798,TRUE,"OK"
3,500,0.1,0.9,"Oracle-GMM",-0.95,1.21863025568595,5.99146454710798,TRUE,"OK"
3,500,0.1,0.9,"Oracle-GMM",-0.9,1.15914520226832,5.99146454710798,TRUE,"OK"
3,500,0.1,0.9,"Oracle-GMM",-0.85,1.95117760802247,5.99146454710798,TRUE,"OK"
3,500,0.1,0.9,"Oracle-GMM",-0.8,1.94732108990832,5.99146454710798,TRUE,"OK"
3,500,0.1,0.9,"Oracle-GMM",-0.75,1.5418623070528,5.99146454710798,TRUE,"OK"
3,500,0.1,0.9,"Oracle-GMM",-0.7,1.25529455544108,5.99146454710798,TRUE,"OK"
3,500,0.1,0.9,"Oracle-GMM",-0.65,0.84117470791042,5.99146454710798,TRUE,"OK"
3,500,0.1,0.9,"Oracle-GMM",-0.6,0.692781797484252,5.99146454710798,TRUE,"OK"
3,500,0.1,0.9,"Oracle-GMM",-0.55,3.81736271398883,5.99146454710798,TRUE,"OK"
3,500,0.1,0.9,"Oracle-GMM",-0.5,3.39924377286825,5.99146454710798,TRUE,"OK"
3,500,0.1,0.9,"Oracle-GMM",-0.45,3.19619318168315,5.99146454710798,TRUE,"OK"
3,500,0.1,0.9,"Oracle-GMM",-0.4,2.8765630487884,5.99146454710798,TRUE,"OK"
3,500,0.1,0.9,"Oracle-GMM",-0.35,2.23415146336593,5.99146454710798,TRUE,"OK"
3,500,0.1,0.9,"Oracle-GMM",-0.3,2.51579780876694,5.99146454710798,TRUE,"OK"
3,500,0.1,0.9,"Oracle-GMM",-0.25,2.97011346019818,5.99146454710798,TRUE,"OK"
3,500,0.1,0.9,"Oracle-GMM",-0.2,2.79693267534121,5.99146454710798,TRUE,"OK"
3,500,0.1,0.9,"Oracle-GMM",-0.15,3.43370071494248,5.99146454710798,TRUE,"OK"
3,500,0.1,0.9,"Oracle-GMM",-0.1,2.23881336086592,5.99146454710798,TRUE,"OK"
3,500,0.1,0.9,"Oracle-GMM",-0.0499999999999999,1.19333477783651,5.99146454710798,TRUE,"OK"
3,500,0.1,0.9,"Oracle-GMM",0,3.4863636417217,5.99146454710798,TRUE,"OK"
3,500,0.1,0.9,"Oracle-GMM",0.05,2.23278117283959,5.99146454710798,TRUE,"OK"
3,500,0.1,0.9,"Oracle-GMM",0.1,1.27465500292714,5.99146454710798,TRUE,"OK"
3,500,0.1,0.9,"Oracle-GMM",0.15,1.27500699529295,5.99146454710798,TRUE,"OK"
3,500,0.1,0.9,"Oracle-GMM",0.2,1.72480066940174,5.99146454710798,TRUE,"OK"
3,500,0.1,0.9,"Oracle-GMM",0.25,2.17011821586459,5.99146454710798,TRUE,"OK"
3,500,0.1,0.9,"Oracle-GMM",0.3,1.53544483280647,5.99146454710798,TRUE,"OK"
3,500,0.1,0.9,"Oracle-GMM",0.35,2.25073433639845,5.99146454710798,TRUE,"OK"
3,500,0.1,0.9,"Oracle-GMM",0.4,5.05006076487417,5.99146454710798,TRUE,"OK"
3,500,0.1,0.9,"Oracle-GMM",0.45,2.36307557468495,5.99146454710798,TRUE,"OK"
3,500,0.1,0.9,"Oracle-GMM",0.5,4.34282072503931,5.99146454710798,TRUE,"OK"
3,500,0.1,0.9,"Oracle-GMM",0.55,3.9174179749116,5.99146454710798,TRUE,"OK"
3,500,0.1,0.9,"Oracle-GMM",0.6,3.92290981400854,5.99146454710798,TRUE,"OK"
3,500,0.1,0.9,"Oracle-GMM",0.65,2.34958377814421,5.99146454710798,TRUE,"OK"
3,500,0.1,0.9,"Oracle-GMM",0.7,3.50277256114323,5.99146454710798,TRUE,"OK"
3,500,0.1,0.9,"Oracle-GMM",0.75,1.53292627185438,5.99146454710798,TRUE,"OK"
3,500,0.1,0.9,"Oracle-GMM",0.8,3.66735936982506,5.99146454710798,TRUE,"OK"
3,500,0.1,0.9,"Oracle-GMM",0.85,0.880460740103082,5.99146454710798,TRUE,"OK"
3,500,0.1,0.9,"Oracle-GMM",0.9,0.549405464598246,5.99146454710798,TRUE,"OK"
3,500,0.1,0.9,"Oracle-GMM",0.95,2.10493761691047,5.99146454710798,TRUE,"OK"
3,500,0.1,0.9,"Oracle-GMM",1,0.724089649838589,5.99146454710798,TRUE,"OK"
3,500,0.1,0.9,"Oracle-GMM",1.05,0.138660924372029,5.99146454710798,TRUE,"OK"
3,500,0.1,0.9,"Oracle-GMM",1.1,1.74095885157621,5.99146454710798,TRUE,"OK"
3,500,0.1,0.9,"Oracle-GMM",1.15,1.32115239595635,5.99146454710798,TRUE,"OK"
3,500,0.1,0.9,"Oracle-GMM",1.2,1.5330990437172,5.99146454710798,TRUE,"OK"
3,500,0.1,0.9,"Oracle-GMM",1.25,0.624128646417924,5.99146454710798,TRUE,"OK"
3,500,0.1,0.9,"Oracle-GMM",1.3,0.761332040291714,5.99146454710798,TRUE,"OK"
3,500,0.1,0.9,"Oracle-GMM",1.35,0.856174484854537,5.99146454710798,TRUE,"OK"
3,500,0.1,0.9,"Oracle-GMM",1.4,0.279207788874746,5.99146454710798,TRUE,"OK"
3,500,0.1,0.9,"Oracle-GMM",1.45,0.0438530429951602,5.99146454710798,TRUE,"OK"
3,500,0.1,0.9,"Oracle-GMM",1.5,0.710528104069553,5.99146454710798,TRUE,"OK"
3,500,0.1,0.9,"Oracle-GMM",1.55,0.49425510912781,5.99146454710798,TRUE,"OK"
3,500,0.1,0.9,"Oracle-GMM",1.6,1.13425144077808,5.99146454710798,TRUE,"OK"
3,500,0.1,0.9,"Oracle-GMM",1.65,0.693961950819641,5.99146454710798,TRUE,"OK"
3,500,0.1,0.9,"Oracle-GMM",1.7,1.8090825056269,5.99146454710798,TRUE,"OK"
3,500,0.1,0.9,"Oracle-GMM",1.75,0.806944364660239,5.99146454710798,TRUE,"OK"
3,500,0.1,0.9,"Oracle-GMM",1.8,0.820822814699202,5.99146454710798,TRUE,"OK"
3,500,0.1,0.9,"Oracle-GMM",1.85,0.84972578368739,5.99146454710798,TRUE,"OK"
3,500,0.1,0.9,"Oracle-GMM",1.9,0.772969728383907,5.99146454710798,TRUE,"OK"
3,500,0.1,0.9,"Oracle-GMM",1.95,1.30075214782085,5.99146454710798,TRUE,"OK"
3,500,0.1,0.9,"Oracle-GMM",2,1.22762215209311,5.99146454710798,TRUE,"OK"
3,500,0.1,0.9,"Oracle-GMM",2.05,2.22464671470465,5.99146454710798,TRUE,"OK"
3,500,0.1,0.9,"Oracle-GMM",2.1,2.39573958144478,5.99146454710798,TRUE,"OK"
3,500,0.1,0.9,"Oracle-GMM",2.15,1.28525733311855,5.99146454710798,TRUE,"OK"
3,500,0.1,0.9,"Oracle-GMM",2.2,1.28934410915358,5.99146454710798,TRUE,"OK"
3,500,0.1,0.9,"Oracle-GMM",2.25,1.51839631942137,5.99146454710798,TRUE,"OK"
3,500,0.1,0.9,"Oracle-GMM",2.3,3.1622689151963,5.99146454710798,TRUE,"OK"
3,500,0.1,0.9,"Oracle-GMM",2.35,0.882087264636367,5.99146454710798,TRUE,"OK"
3,500,0.1,0.9,"Oracle-GMM",2.4,0.936246640656967,5.99146454710798,TRUE,"OK"
3,500,0.1,0.9,"Oracle-GMM",2.45,1.5932762819968,5.99146454710798,TRUE,"OK"
3,500,0.1,0.9,"Oracle-GMM",2.5,2.47209679726098,5.99146454710798,TRUE,"OK"
3,500,0.1,0.9,"Oracle-GMM",2.55,1.39586104845572,5.99146454710798,TRUE,"OK"
3,500,0.1,0.9,"Oracle-GMM",2.6,2.38814005778599,5.99146454710798,TRUE,"OK"
3,500,0.1,0.9,"Oracle-GMM",2.65,2.29670565359712,5.99146454710798,TRUE,"OK"
3,500,0.1,0.9,"Oracle-GMM",2.7,8.81070678226462,5.99146454710798,FALSE,"OK"
3,500,0.1,0.9,"Oracle-GMM",2.75,5.87591593371685,5.99146454710798,TRUE,"OK"
3,500,0.1,0.9,"Oracle-GMM",2.8,3.26204990789996,5.99146454710798,TRUE,"OK"
3,500,0.1,0.9,"Oracle-GMM",2.85,1.2759194738214,5.99146454710798,TRUE,"OK"
3,500,0.1,0.9,"Oracle-GMM",2.9,3.39492127831676,5.99146454710798,TRUE,"OK"
3,500,0.1,0.9,"Oracle-GMM",2.95,1.82920988984845,5.99146454710798,TRUE,"OK"
3,500,0.1,0.9,"Oracle-GMM",3,0.752211221277815,5.99146454710798,TRUE,"OK"
3,500,0.1,0.9,"Full-GMM",-1,2.00571633522165,5.99146454710798,TRUE,"OK"
3,500,0.1,0.9,"Full-GMM",-0.95,2.8736898924446,5.99146454710798,TRUE,"OK"
3,500,0.1,0.9,"Full-GMM",-0.9,0.173286821714032,5.99146454710798,TRUE,"OK"
3,500,0.1,0.9,"Full-GMM",-0.85,0.56044805943745,5.99146454710798,TRUE,"OK"
3,500,0.1,0.9,"Full-GMM",-0.8,0.342885835987448,5.99146454710798,TRUE,"OK"
3,500,0.1,0.9,"Full-GMM",-0.75,2.1891596171942,5.99146454710798,TRUE,"OK"
3,500,0.1,0.9,"Full-GMM",-0.7,0.879143345524841,5.99146454710798,TRUE,"OK"
3,500,0.1,0.9,"Full-GMM",-0.65,0.51312816969821,5.99146454710798,TRUE,"OK"
3,500,0.1,0.9,"Full-GMM",-0.6,0.822511610736186,5.99146454710798,TRUE,"OK"
3,500,0.1,0.9,"Full-GMM",-0.55,0.424742444561376,5.99146454710798,TRUE,"OK"
3,500,0.1,0.9,"Full-GMM",-0.5,0.244491993992628,5.99146454710798,TRUE,"OK"
3,500,0.1,0.9,"Full-GMM",-0.45,1.10981346353907,5.99146454710798,TRUE,"OK"
3,500,0.1,0.9,"Full-GMM",-0.4,0.430515393951536,5.99146454710798,TRUE,"OK"
3,500,0.1,0.9,"Full-GMM",-0.35,1.65525918170449,5.99146454710798,TRUE,"OK"
3,500,0.1,0.9,"Full-GMM",-0.3,1.80841764573697,5.99146454710798,TRUE,"OK"
3,500,0.1,0.9,"Full-GMM",-0.25,1.36729697785683,5.99146454710798,TRUE,"OK"
3,500,0.1,0.9,"Full-GMM",-0.2,0.341191635111028,5.99146454710798,TRUE,"OK"
3,500,0.1,0.9,"Full-GMM",-0.15,0.0448482686688111,5.99146454710798,TRUE,"OK"
3,500,0.1,0.9,"Full-GMM",-0.1,0.0331642033823119,5.99146454710798,TRUE,"OK"
3,500,0.1,0.9,"Full-GMM",-0.0499999999999999,0.627458020442141,5.99146454710798,TRUE,"OK"
3,500,0.1,0.9,"Full-GMM",0,0.852304872077799,5.99146454710798,TRUE,"OK"
3,500,0.1,0.9,"Full-GMM",0.05,0.226712879579091,5.99146454710798,TRUE,"OK"
3,500,0.1,0.9,"Full-GMM",0.1,1.07932550995637,5.99146454710798,TRUE,"OK"
3,500,0.1,0.9,"Full-GMM",0.15,0.731537611740894,5.99146454710798,TRUE,"OK"
3,500,0.1,0.9,"Full-GMM",0.2,4.09385619799525,5.99146454710798,TRUE,"OK"
3,500,0.1,0.9,"Full-GMM",0.25,0.622772970911802,5.99146454710798,TRUE,"OK"
3,500,0.1,0.9,"Full-GMM",0.3,1.1544542332649,5.99146454710798,TRUE,"OK"
3,500,0.1,0.9,"Full-GMM",0.35,0.273968049138112,5.99146454710798,TRUE,"OK"
3,500,0.1,0.9,"Full-GMM",0.4,6.5889607333393,5.99146454710798,FALSE,"OK"
3,500,0.1,0.9,"Full-GMM",0.45,0.306113405136923,5.99146454710798,TRUE,"OK"
3,500,0.1,0.9,"Full-GMM",0.5,3.74479312965204,5.99146454710798,TRUE,"OK"
3,500,0.1,0.9,"Full-GMM",0.55,5.39602370359463,5.99146454710798,TRUE,"OK"
3,500,0.1,0.9,"Full-GMM",0.6,1.41551710405472,5.99146454710798,TRUE,"OK"
3,500,0.1,0.9,"Full-GMM",0.65,1.13879050227711,5.99146454710798,TRUE,"OK"
3,500,0.1,0.9,"Full-GMM",0.7,3.2042333811133,5.99146454710798,TRUE,"OK"
3,500,0.1,0.9,"Full-GMM",0.75,5.50260537001819,5.99146454710798,TRUE,"OK"
3,500,0.1,0.9,"Full-GMM",0.8,5.94963635371422,5.99146454710798,TRUE,"OK"
3,500,0.1,0.9,"Full-GMM",0.85,3.28683379618417,5.99146454710798,TRUE,"OK"
3,500,0.1,0.9,"Full-GMM",0.9,2.97476667831821,5.99146454710798,TRUE,"OK"
3,500,0.1,0.9,"Full-GMM",0.95,3.06353649395349,5.99146454710798,TRUE,"OK"
3,500,0.1,0.9,"Full-GMM",1,2.61510488311185,5.99146454710798,TRUE,"OK"
3,500,0.1,0.9,"Full-GMM",1.05,1.53099463927513,5.99146454710798,TRUE,"OK"
3,500,0.1,0.9,"Full-GMM",1.1,1.7459070087185,5.99146454710798,TRUE,"OK"
3,500,0.1,0.9,"Full-GMM",1.15,3.19175303587474,5.99146454710798,TRUE,"OK"
3,500,0.1,0.9,"Full-GMM",1.2,1.11935853463246,5.99146454710798,TRUE,"OK"
3,500,0.1,0.9,"Full-GMM",1.25,2.71460748501197,5.99146454710798,TRUE,"OK"
3,500,0.1,0.9,"Full-GMM",1.3,2.25504341947183,5.99146454710798,TRUE,"OK"
3,500,0.1,0.9,"Full-GMM",1.35,0.771005808746129,5.99146454710798,TRUE,"OK"
3,500,0.1,0.9,"Full-GMM",1.4,0.435870324041964,5.99146454710798,TRUE,"OK"
3,500,0.1,0.9,"Full-GMM",1.45,0.323519172012132,5.99146454710798,TRUE,"OK"
3,500,0.1,0.9,"Full-GMM",1.5,1.55192929908655,5.99146454710798,TRUE,"OK"
3,500,0.1,0.9,"Full-GMM",1.55,1.58079720019413,5.99146454710798,TRUE,"OK"
3,500,0.1,0.9,"Full-GMM",1.6,0.183534172631964,5.99146454710798,TRUE,"OK"
3,500,0.1,0.9,"Full-GMM",1.65,0.128261109745695,5.99146454710798,TRUE,"OK"
3,500,0.1,0.9,"Full-GMM",1.7,0.996861195604954,5.99146454710798,TRUE,"OK"
3,500,0.1,0.9,"Full-GMM",1.75,1.44883109866761,5.99146454710798,TRUE,"OK"
3,500,0.1,0.9,"Full-GMM",1.8,0.260521647081886,5.99146454710798,TRUE,"OK"
3,500,0.1,0.9,"Full-GMM",1.85,0.156622740836134,5.99146454710798,TRUE,"OK"
3,500,0.1,0.9,"Full-GMM",1.9,0.410573589917576,5.99146454710798,TRUE,"OK"
3,500,0.1,0.9,"Full-GMM",1.95,0.547264397452895,5.99146454710798,TRUE,"OK"
3,500,0.1,0.9,"Full-GMM",2,1.65742703328858,5.99146454710798,TRUE,"OK"
3,500,0.1,0.9,"Full-GMM",2.05,0.104104252386423,5.99146454710798,TRUE,"OK"
3,500,0.1,0.9,"Full-GMM",2.1,0.593963770242801,5.99146454710798,TRUE,"OK"
3,500,0.1,0.9,"Full-GMM",2.15,0.320624122025958,5.99146454710798,TRUE,"OK"
3,500,0.1,0.9,"Full-GMM",2.2,3.59200166902425,5.99146454710798,TRUE,"OK"
3,500,0.1,0.9,"Full-GMM",2.25,1.95639096911968,5.99146454710798,TRUE,"OK"
3,500,0.1,0.9,"Full-GMM",2.3,1.75606292106811,5.99146454710798,TRUE,"OK"
3,500,0.1,0.9,"Full-GMM",2.35,1.16534960404059,5.99146454710798,TRUE,"OK"
3,500,0.1,0.9,"Full-GMM",2.4,0.61166004622414,5.99146454710798,TRUE,"OK"
3,500,0.1,0.9,"Full-GMM",2.45,2.62922293194827,5.99146454710798,TRUE,"OK"
3,500,0.1,0.9,"Full-GMM",2.5,0.824563499465538,5.99146454710798,TRUE,"OK"
3,500,0.1,0.9,"Full-GMM",2.55,0.632064938562181,5.99146454710798,TRUE,"OK"
3,500,0.1,0.9,"Full-GMM",2.6,1.79145969305333,5.99146454710798,TRUE,"OK"
3,500,0.1,0.9,"Full-GMM",2.65,1.241524216739,5.99146454710798,TRUE,"OK"
3,500,0.1,0.9,"Full-GMM",2.7,1.7787237259404,5.99146454710798,TRUE,"OK"
3,500,0.1,0.9,"Full-GMM",2.75,1.41218708591318,5.99146454710798,TRUE,"OK"
3,500,0.1,0.9,"Full-GMM",2.8,1.21210384893048,5.99146454710798,TRUE,"OK"
3,500,0.1,0.9,"Full-GMM",2.85,1.39593074511464,5.99146454710798,TRUE,"OK"
3,500,0.1,0.9,"Full-GMM",2.9,2.06217269382953,5.99146454710798,TRUE,"OK"
3,500,0.1,0.9,"Full-GMM",2.95,3.2079763114108,5.99146454710798,TRUE,"OK"
3,500,0.1,0.9,"Full-GMM",3,1.51910970136613,5.99146454710798,TRUE,"OK"
3,500,0.1,0.9,"DML-IVQR",-1,1.25596460527052,5.99146454710798,TRUE,"OK"
3,500,0.1,0.9,"DML-IVQR",-0.95,0.870938932041113,5.99146454710798,TRUE,"OK"
3,500,0.1,0.9,"DML-IVQR",-0.9,0.714064868390305,5.99146454710798,TRUE,"OK"
3,500,0.1,0.9,"DML-IVQR",-0.85,0.702640341417941,5.99146454710798,TRUE,"OK"
3,500,0.1,0.9,"DML-IVQR",-0.8,1.45855390695394,5.99146454710798,TRUE,"OK"
3,500,0.1,0.9,"DML-IVQR",-0.75,0.695941906488406,5.99146454710798,TRUE,"OK"
3,500,0.1,0.9,"DML-IVQR",-0.7,2.12185297194887,5.99146454710798,TRUE,"OK"
3,500,0.1,0.9,"DML-IVQR",-0.65,1.68928285021522,5.99146454710798,TRUE,"OK"
3,500,0.1,0.9,"DML-IVQR",-0.6,1.3805276455082,5.99146454710798,TRUE,"OK"
3,500,0.1,0.9,"DML-IVQR",-0.55,1.29660713305164,5.99146454710798,TRUE,"OK"
3,500,0.1,0.9,"DML-IVQR",-0.5,1.47269699781637,5.99146454710798,TRUE,"OK"
3,500,0.1,0.9,"DML-IVQR",-0.45,0.911845125965975,5.99146454710798,TRUE,"OK"
3,500,0.1,0.9,"DML-IVQR",-0.4,1.53846225050902,5.99146454710798,TRUE,"OK"
3,500,0.1,0.9,"DML-IVQR",-0.35,1.39473293060658,5.99146454710798,TRUE,"OK"
3,500,0.1,0.9,"DML-IVQR",-0.3,1.76237453914556,5.99146454710798,TRUE,"OK"
3,500,0.1,0.9,"DML-IVQR",-0.25,1.72208703489846,5.99146454710798,TRUE,"OK"
3,500,0.1,0.9,"DML-IVQR",-0.2,2.14713437518936,5.99146454710798,TRUE,"OK"
3,500,0.1,0.9,"DML-IVQR",-0.15,2.913405707373,5.99146454710798,TRUE,"OK"
3,500,0.1,0.9,"DML-IVQR",-0.1,2.90985301378089,5.99146454710798,TRUE,"OK"
3,500,0.1,0.9,"DML-IVQR",-0.0499999999999999,2.5639521125434,5.99146454710798,TRUE,"OK"
3,500,0.1,0.9,"DML-IVQR",0,2.29154384893779,5.99146454710798,TRUE,"OK"
3,500,0.1,0.9,"DML-IVQR",0.05,2.75872820064957,5.99146454710798,TRUE,"OK"
3,500,0.1,0.9,"DML-IVQR",0.1,3.66703577691306,5.99146454710798,TRUE,"OK"
3,500,0.1,0.9,"DML-IVQR",0.15,2.52364626475159,5.99146454710798,TRUE,"OK"
3,500,0.1,0.9,"DML-IVQR",0.2,3.10322422426282,5.99146454710798,TRUE,"OK"
3,500,0.1,0.9,"DML-IVQR",0.25,3.05167424513627,5.99146454710798,TRUE,"OK"
3,500,0.1,0.9,"DML-IVQR",0.3,2.65078662762074,5.99146454710798,TRUE,"OK"
3,500,0.1,0.9,"DML-IVQR",0.35,1.15151425695515,5.99146454710798,TRUE,"OK"
3,500,0.1,0.9,"DML-IVQR",0.4,1.73394156124165,5.99146454710798,TRUE,"OK"
3,500,0.1,0.9,"DML-IVQR",0.45,0.842039252056445,5.99146454710798,TRUE,"OK"
3,500,0.1,0.9,"DML-IVQR",0.5,2.26134495976816,5.99146454710798,TRUE,"OK"
3,500,0.1,0.9,"DML-IVQR",0.55,1.60048011098298,5.99146454710798,TRUE,"OK"
3,500,0.1,0.9,"DML-IVQR",0.6,1.65836298760854,5.99146454710798,TRUE,"OK"
3,500,0.1,0.9,"DML-IVQR",0.65,1.65709749849897,5.99146454710798,TRUE,"OK"
3,500,0.1,0.9,"DML-IVQR",0.7,1.86167284748512,5.99146454710798,TRUE,"OK"
3,500,0.1,0.9,"DML-IVQR",0.75,1.74743154032783,5.99146454710798,TRUE,"OK"
3,500,0.1,0.9,"DML-IVQR",0.8,2.85566005634339,5.99146454710798,TRUE,"OK"
3,500,0.1,0.9,"DML-IVQR",0.85,2.48548814139172,5.99146454710798,TRUE,"OK"
3,500,0.1,0.9,"DML-IVQR",0.9,2.58512311156826,5.99146454710798,TRUE,"OK"
3,500,0.1,0.9,"DML-IVQR",0.95,2.2743724701148,5.99146454710798,TRUE,"OK"
3,500,0.1,0.9,"DML-IVQR",1,2.16668417575271,5.99146454710798,TRUE,"OK"
3,500,0.1,0.9,"DML-IVQR",1.05,1.52134696653475,5.99146454710798,TRUE,"OK"
3,500,0.1,0.9,"DML-IVQR",1.1,1.49304358916053,5.99146454710798,TRUE,"OK"
3,500,0.1,0.9,"DML-IVQR",1.15,1.12531600628401,5.99146454710798,TRUE,"OK"
3,500,0.1,0.9,"DML-IVQR",1.2,1.77787566569852,5.99146454710798,TRUE,"OK"
3,500,0.1,0.9,"DML-IVQR",1.25,2.43523766099909,5.99146454710798,TRUE,"OK"
3,500,0.1,0.9,"DML-IVQR",1.3,0.866471744241524,5.99146454710798,TRUE,"OK"
3,500,0.1,0.9,"DML-IVQR",1.35,0.821325914046991,5.99146454710798,TRUE,"OK"
3,500,0.1,0.9,"DML-IVQR",1.4,0.938235918794332,5.99146454710798,TRUE,"OK"
3,500,0.1,0.9,"DML-IVQR",1.45,1.27303930255877,5.99146454710798,TRUE,"OK"
3,500,0.1,0.9,"DML-IVQR",1.5,0.276352335643434,5.99146454710798,TRUE,"OK"
3,500,0.1,0.9,"DML-IVQR",1.55,0.833672141856827,5.99146454710798,TRUE,"OK"
3,500,0.1,0.9,"DML-IVQR",1.6,0.753063767295304,5.99146454710798,TRUE,"OK"
3,500,0.1,0.9,"DML-IVQR",1.65,0.66413271874062,5.99146454710798,TRUE,"OK"
3,500,0.1,0.9,"DML-IVQR",1.7,0.277946587508714,5.99146454710798,TRUE,"OK"
3,500,0.1,0.9,"DML-IVQR",1.75,0.122048863267117,5.99146454710798,TRUE,"OK"
3,500,0.1,0.9,"DML-IVQR",1.8,0.241064151654855,5.99146454710798,TRUE,"OK"
3,500,0.1,0.9,"DML-IVQR",1.85,0.0707413351227305,5.99146454710798,TRUE,"OK"
3,500,0.1,0.9,"DML-IVQR",1.9,0.102208002097838,5.99146454710798,TRUE,"OK"
3,500,0.1,0.9,"DML-IVQR",1.95,0.0178859155018318,5.99146454710798,TRUE,"OK"
3,500,0.1,0.9,"DML-IVQR",2,0.0813667066042142,5.99146454710798,TRUE,"OK"
3,500,0.1,0.9,"DML-IVQR",2.05,0.452658318351226,5.99146454710798,TRUE,"OK"
3,500,0.1,0.9,"DML-IVQR",2.1,0.689641602393453,5.99146454710798,TRUE,"OK"
3,500,0.1,0.9,"DML-IVQR",2.15,0.018930310779539,5.99146454710798,TRUE,"OK"
3,500,0.1,0.9,"DML-IVQR",2.2,0.347562317568591,5.99146454710798,TRUE,"OK"
3,500,0.1,0.9,"DML-IVQR",2.25,1.46627388347224,5.99146454710798,TRUE,"OK"
3,500,0.1,0.9,"DML-IVQR",2.3,1.11754093645067,5.99146454710798,TRUE,"OK"
3,500,0.1,0.9,"DML-IVQR",2.35,0.174889975605506,5.99146454710798,TRUE,"OK"
3,500,0.1,0.9,"DML-IVQR",2.4,0.880699172780625,5.99146454710798,TRUE,"OK"
3,500,0.1,0.9,"DML-IVQR",2.45,1.98932568203562,5.99146454710798,TRUE,"OK"
3,500,0.1,0.9,"DML-IVQR",2.5,0.513244344438789,5.99146454710798,TRUE,"OK"
3,500,0.1,0.9,"DML-IVQR",2.55,1.71975634949283,5.99146454710798,TRUE,"OK"
3,500,0.1,0.9,"DML-IVQR",2.6,2.4539030469985,5.99146454710798,TRUE,"OK"
3,500,0.1,0.9,"DML-IVQR",2.65,1.03970631767236,5.99146454710798,TRUE,"OK"
3,500,0.1,0.9,"DML-IVQR",2.7,1.2534045258345,5.99146454710798,TRUE,"OK"
3,500,0.1,0.9,"DML-IVQR",2.75,0.487952857363708,5.99146454710798,TRUE,"OK"
3,500,0.1,0.9,"DML-IVQR",2.8,0.403549816522415,5.99146454710798,TRUE,"OK"
3,500,0.1,0.9,"DML-IVQR",2.85,0.251588342665221,5.99146454710798,TRUE,"OK"
3,500,0.1,0.9,"DML-IVQR",2.9,0.579089582978506,5.99146454710798,TRUE,"OK"
3,500,0.1,0.9,"DML-IVQR",2.95,0.429335243967478,5.99146454710798,TRUE,"OK"
3,500,0.1,0.9,"DML-IVQR",3,2.86400992248475,5.99146454710798,TRUE,"OK"
4,500,0.1,0.1,"Oracle-GMM",-1,1.34030083550809,5.99146454710798,TRUE,"OK"
4,500,0.1,0.1,"Oracle-GMM",-0.95,1.23267861397891,5.99146454710798,TRUE,"OK"
4,500,0.1,0.1,"Oracle-GMM",-0.9,1.415130252449,5.99146454710798,TRUE,"OK"
4,500,0.1,0.1,"Oracle-GMM",-0.85,2.29086029726972,5.99146454710798,TRUE,"OK"
4,500,0.1,0.1,"Oracle-GMM",-0.8,2.43863407011214,5.99146454710798,TRUE,"OK"
4,500,0.1,0.1,"Oracle-GMM",-0.75,3.03943773723886,5.99146454710798,TRUE,"OK"
4,500,0.1,0.1,"Oracle-GMM",-0.7,1.81303564545014,5.99146454710798,TRUE,"OK"
4,500,0.1,0.1,"Oracle-GMM",-0.65,1.95621813403596,5.99146454710798,TRUE,"OK"
4,500,0.1,0.1,"Oracle-GMM",-0.6,1.87962545256893,5.99146454710798,TRUE,"OK"
4,500,0.1,0.1,"Oracle-GMM",-0.55,1.41392622635449,5.99146454710798,TRUE,"OK"
4,500,0.1,0.1,"Oracle-GMM",-0.5,0.536511791400558,5.99146454710798,TRUE,"OK"
4,500,0.1,0.1,"Oracle-GMM",-0.45,0.411428179936937,5.99146454710798,TRUE,"OK"
4,500,0.1,0.1,"Oracle-GMM",-0.4,1.10722201250708,5.99146454710798,TRUE,"OK"
4,500,0.1,0.1,"Oracle-GMM",-0.35,1.04116429602649,5.99146454710798,TRUE,"OK"
4,500,0.1,0.1,"Oracle-GMM",-0.3,0.512589515861725,5.99146454710798,TRUE,"OK"
4,500,0.1,0.1,"Oracle-GMM",-0.25,0.882118323650863,5.99146454710798,TRUE,"OK"
4,500,0.1,0.1,"Oracle-GMM",-0.2,0.206501041557763,5.99146454710798,TRUE,"OK"
4,500,0.1,0.1,"Oracle-GMM",-0.15,0.488968366788888,5.99146454710798,TRUE,"OK"
4,500,0.1,0.1,"Oracle-GMM",-0.1,1.04983081693965,5.99146454710798,TRUE,"OK"
4,500,0.1,0.1,"Oracle-GMM",-0.0499999999999999,2.29618864905415,5.99146454710798,TRUE,"OK"
4,500,0.1,0.1,"Oracle-GMM",0,1.89092237814075,5.99146454710798,TRUE,"OK"
4,500,0.1,0.1,"Oracle-GMM",0.05,2.43063976617236,5.99146454710798,TRUE,"OK"
4,500,0.1,0.1,"Oracle-GMM",0.1,2.75764681648126,5.99146454710798,TRUE,"OK"
4,500,0.1,0.1,"Oracle-GMM",0.15,3.73995795029511,5.99146454710798,TRUE,"OK"
4,500,0.1,0.1,"Oracle-GMM",0.2,2.44665866278495,5.99146454710798,TRUE,"OK"
4,500,0.1,0.1,"Oracle-GMM",0.25,3.92916945632783,5.99146454710798,TRUE,"OK"
4,500,0.1,0.1,"Oracle-GMM",0.3,5.94217588255607,5.99146454710798,TRUE,"OK"
4,500,0.1,0.1,"Oracle-GMM",0.35,5.8291775912264,5.99146454710798,TRUE,"OK"
4,500,0.1,0.1,"Oracle-GMM",0.4,2.91352725139173,5.99146454710798,TRUE,"OK"
4,500,0.1,0.1,"Oracle-GMM",0.45,2.22635089358794,5.99146454710798,TRUE,"OK"
4,500,0.1,0.1,"Oracle-GMM",0.5,1.97515147588616,5.99146454710798,TRUE,"OK"
4,500,0.1,0.1,"Oracle-GMM",0.55,1.20731338077521,5.99146454710798,TRUE,"OK"
4,500,0.1,0.1,"Oracle-GMM",0.6,3.11612529461047,5.99146454710798,TRUE,"OK"
4,500,0.1,0.1,"Oracle-GMM",0.65,2.22584839756296,5.99146454710798,TRUE,"OK"
4,500,0.1,0.1,"Oracle-GMM",0.7,1.83766608646882,5.99146454710798,TRUE,"OK"
4,500,0.1,0.1,"Oracle-GMM",0.75,2.21182979515822,5.99146454710798,TRUE,"OK"
4,500,0.1,0.1,"Oracle-GMM",0.8,2.21883810803576,5.99146454710798,TRUE,"OK"
4,500,0.1,0.1,"Oracle-GMM",0.85,1.25976485072387,5.99146454710798,TRUE,"OK"
4,500,0.1,0.1,"Oracle-GMM",0.9,2.70626542904053,5.99146454710798,TRUE,"OK"
4,500,0.1,0.1,"Oracle-GMM",0.95,2.98761293508907,5.99146454710798,TRUE,"OK"
4,500,0.1,0.1,"Oracle-GMM",1,2.10664788609325,5.99146454710798,TRUE,"OK"
4,500,0.1,0.1,"Oracle-GMM",1.05,2.40499494246882,5.99146454710798,TRUE,"OK"
4,500,0.1,0.1,"Oracle-GMM",1.1,2.12718274556729,5.99146454710798,TRUE,"OK"
4,500,0.1,0.1,"Oracle-GMM",1.15,1.06373653549945,5.99146454710798,TRUE,"OK"
4,500,0.1,0.1,"Oracle-GMM",1.2,1.81537645334987,5.99146454710798,TRUE,"OK"
4,500,0.1,0.1,"Oracle-GMM",1.25,2.95683859454954,5.99146454710798,TRUE,"OK"
4,500,0.1,0.1,"Oracle-GMM",1.3,2.0591420275723,5.99146454710798,TRUE,"OK"
4,500,0.1,0.1,"Oracle-GMM",1.35,2.61960772934553,5.99146454710798,TRUE,"OK"
4,500,0.1,0.1,"Oracle-GMM",1.4,2.44932384872773,5.99146454710798,TRUE,"OK"
4,500,0.1,0.1,"Oracle-GMM",1.45,1.75148401157945,5.99146454710798,TRUE,"OK"
4,500,0.1,0.1,"Oracle-GMM",1.5,1.59176908560504,5.99146454710798,TRUE,"OK"
4,500,0.1,0.1,"Oracle-GMM",1.55,2.13412553411644,5.99146454710798,TRUE,"OK"
4,500,0.1,0.1,"Oracle-GMM",1.6,0.917820166819919,5.99146454710798,TRUE,"OK"
4,500,0.1,0.1,"Oracle-GMM",1.65,1.55339896533503,5.99146454710798,TRUE,"OK"
4,500,0.1,0.1,"Oracle-GMM",1.7,0.931983661687768,5.99146454710798,TRUE,"OK"
4,500,0.1,0.1,"Oracle-GMM",1.75,1.69630388457777,5.99146454710798,TRUE,"OK"
4,500,0.1,0.1,"Oracle-GMM",1.8,1.58212790061508,5.99146454710798,TRUE,"OK"
4,500,0.1,0.1,"Oracle-GMM",1.85,1.66613579052209,5.99146454710798,TRUE,"OK"
4,500,0.1,0.1,"Oracle-GMM",1.9,3.46563681588255,5.99146454710798,TRUE,"OK"
4,500,0.1,0.1,"Oracle-GMM",1.95,2.41730249190773,5.99146454710798,TRUE,"OK"
4,500,0.1,0.1,"Oracle-GMM",2,4.34621406020538,5.99146454710798,TRUE,"OK"
4,500,0.1,0.1,"Oracle-GMM",2.05,2.72849422992832,5.99146454710798,TRUE,"OK"
4,500,0.1,0.1,"Oracle-GMM",2.1,4.10378554766017,5.99146454710798,TRUE,"OK"
4,500,0.1,0.1,"Oracle-GMM",2.15,3.84778037579419,5.99146454710798,TRUE,"OK"
4,500,0.1,0.1,"Oracle-GMM",2.2,3.83738924752453,5.99146454710798,TRUE,"OK"
4,500,0.1,0.1,"Oracle-GMM",2.25,3.04646953786154,5.99146454710798,TRUE,"OK"
4,500,0.1,0.1,"Oracle-GMM",2.3,4.2199081348389,5.99146454710798,TRUE,"OK"
4,500,0.1,0.1,"Oracle-GMM",2.35,3.26625211837337,5.99146454710798,TRUE,"OK"
4,500,0.1,0.1,"Oracle-GMM",2.4,4.12192902936399,5.99146454710798,TRUE,"OK"
4,500,0.1,0.1,"Oracle-GMM",2.45,4.49175218414024,5.99146454710798,TRUE,"OK"
4,500,0.1,0.1,"Oracle-GMM",2.5,4.22903553761259,5.99146454710798,TRUE,"OK"
4,500,0.1,0.1,"Oracle-GMM",2.55,3.52397982115503,5.99146454710798,TRUE,"OK"
4,500,0.1,0.1,"Oracle-GMM",2.6,3.36068280374705,5.99146454710798,TRUE,"OK"
4,500,0.1,0.1,"Oracle-GMM",2.65,2.59819601070481,5.99146454710798,TRUE,"OK"
4,500,0.1,0.1,"Oracle-GMM",2.7,3.65755707452227,5.99146454710798,TRUE,"OK"
4,500,0.1,0.1,"Oracle-GMM",2.75,5.24903511509693,5.99146454710798,TRUE,"OK"
4,500,0.1,0.1,"Oracle-GMM",2.8,4.90889639174948,5.99146454710798,TRUE,"OK"
4,500,0.1,0.1,"Oracle-GMM",2.85,4.50498925463363,5.99146454710798,TRUE,"OK"
4,500,0.1,0.1,"Oracle-GMM",2.9,4.43057132509623,5.99146454710798,TRUE,"OK"
4,500,0.1,0.1,"Oracle-GMM",2.95,4.54326232305342,5.99146454710798,TRUE,"OK"
4,500,0.1,0.1,"Oracle-GMM",3,3.13664204286708,5.99146454710798,TRUE,"OK"
4,500,0.1,0.1,"Full-GMM",-1,7.04582884006039,5.99146454710798,FALSE,"OK"
4,500,0.1,0.1,"Full-GMM",-0.95,3.70235958950851,5.99146454710798,TRUE,"OK"
4,500,0.1,0.1,"Full-GMM",-0.9,2.08166816324201,5.99146454710798,TRUE,"OK"
4,500,0.1,0.1,"Full-GMM",-0.85,2.32689153260483,5.99146454710798,TRUE,"OK"
4,500,0.1,0.1,"Full-GMM",-0.8,2.52624468709695,5.99146454710798,TRUE,"OK"
4,500,0.1,0.1,"Full-GMM",-0.75,0.281131547760087,5.99146454710798,TRUE,"OK"
4,500,0.1,0.1,"Full-GMM",-0.7,3.27877242239175,5.99146454710798,TRUE,"OK"
4,500,0.1,0.1,"Full-GMM",-0.65,1.34374196876809,5.99146454710798,TRUE,"OK"
4,500,0.1,0.1,"Full-GMM",-0.6,2.25830417696309,5.99146454710798,TRUE,"OK"
4,500,0.1,0.1,"Full-GMM",-0.55,1.71764150569967,5.99146454710798,TRUE,"OK"
4,500,0.1,0.1,"Full-GMM",-0.5,4.19467566661537,5.99146454710798,TRUE,"OK"
4,500,0.1,0.1,"Full-GMM",-0.45,1.47218920675715,5.99146454710798,TRUE,"OK"
4,500,0.1,0.1,"Full-GMM",-0.4,4.92304256118283,5.99146454710798,TRUE,"OK"
4,500,0.1,0.1,"Full-GMM",-0.35,2.83379496750986,5.99146454710798,TRUE,"OK"
4,500,0.1,0.1,"Full-GMM",-0.3,1.17363011358139,5.99146454710798,TRUE,"OK"
4,500,0.1,0.1,"Full-GMM",-0.25,0.138274314718099,5.99146454710798,TRUE,"OK"
4,500,0.1,0.1,"Full-GMM",-0.2,2.75845769512331,5.99146454710798,TRUE,"OK"
4,500,0.1,0.1,"Full-GMM",-0.15,2.46476271686617,5.99146454710798,TRUE,"OK"
4,500,0.1,0.1,"Full-GMM",-0.1,0.31572430845665,5.99146454710798,TRUE,"OK"
4,500,0.1,0.1,"Full-GMM",-0.0499999999999999,1.98881746676422,5.99146454710798,TRUE,"OK"
4,500,0.1,0.1,"Full-GMM",0,1.16630343493971,5.99146454710798,TRUE,"OK"
4,500,0.1,0.1,"Full-GMM",0.05,1.16669017112595,5.99146454710798,TRUE,"OK"
4,500,0.1,0.1,"Full-GMM",0.1,0.143306388256352,5.99146454710798,TRUE,"OK"
4,500,0.1,0.1,"Full-GMM",0.15,1.1478518515939,5.99146454710798,TRUE,"OK"
4,500,0.1,0.1,"Full-GMM",0.2,0.285298071691302,5.99146454710798,TRUE,"OK"
4,500,0.1,0.1,"Full-GMM",0.25,0.526569922045225,5.99146454710798,TRUE,"OK"
4,500,0.1,0.1,"Full-GMM",0.3,0.210118639320003,5.99146454710798,TRUE,"OK"
4,500,0.1,0.1,"Full-GMM",0.35,1.01754060751436,5.99146454710798,TRUE,"OK"
4,500,0.1,0.1,"Full-GMM",0.4,2.22473616739768,5.99146454710798,TRUE,"OK"
4,500,0.1,0.1,"Full-GMM",0.45,0.132183783753927,5.99146454710798,TRUE,"OK"
4,500,0.1,0.1,"Full-GMM",0.5,2.21073659964248,5.99146454710798,TRUE,"OK"
4,500,0.1,0.1,"Full-GMM",0.55,1.29402233465447,5.99146454710798,TRUE,"OK"
4,500,0.1,0.1,"Full-GMM",0.6,4.97703020500231,5.99146454710798,TRUE,"OK"
4,500,0.1,0.1,"Full-GMM",0.65,2.75953473299052,5.99146454710798,TRUE,"OK"
4,500,0.1,0.1,"Full-GMM",0.7,3.17765555964826,5.99146454710798,TRUE,"OK"
4,500,0.1,0.1,"Full-GMM",0.75,3.61607270938192,5.99146454710798,TRUE,"OK"
4,500,0.1,0.1,"Full-GMM",0.8,10.6588515161807,5.99146454710798,FALSE,"OK"
4,500,0.1,0.1,"Full-GMM",0.85,4.10154153026921,5.99146454710798,TRUE,"OK"
4,500,0.1,0.1,"Full-GMM",0.9,6.19680355017366,5.99146454710798,FALSE,"OK"
4,500,0.1,0.1,"Full-GMM",0.95,7.04488609628349,5.99146454710798,FALSE,"OK"
4,500,0.1,0.1,"Full-GMM",1,1.52546414663782,5.99146454710798,TRUE,"OK"
4,500,0.1,0.1,"Full-GMM",1.05,2.1251981610913,5.99146454710798,TRUE,"OK"
4,500,0.1,0.1,"Full-GMM",1.1,3.75235063046928,5.99146454710798,TRUE,"OK"
4,500,0.1,0.1,"Full-GMM",1.15,2.11659915541701,5.99146454710798,TRUE,"OK"
4,500,0.1,0.1,"Full-GMM",1.2,0.718749310818599,5.99146454710798,TRUE,"OK"
4,500,0.1,0.1,"Full-GMM",1.25,0.51552068575959,5.99146454710798,TRUE,"OK"
4,500,0.1,0.1,"Full-GMM",1.3,2.40048320809582,5.99146454710798,TRUE,"OK"
4,500,0.1,0.1,"Full-GMM",1.35,0.620550234970487,5.99146454710798,TRUE,"OK"
4,500,0.1,0.1,"Full-GMM",1.4,0.476442675319889,5.99146454710798,TRUE,"OK"
4,500,0.1,0.1,"Full-GMM",1.45,2.82648068986538,5.99146454710798,TRUE,"OK"
4,500,0.1,0.1,"Full-GMM",1.5,4.75379432059016,5.99146454710798,TRUE,"OK"
4,500,0.1,0.1,"Full-GMM",1.55,2.99058545981725,5.99146454710798,TRUE,"OK"
4,500,0.1,0.1,"Full-GMM",1.6,0.418830639823455,5.99146454710798,TRUE,"OK"
4,500,0.1,0.1,"Full-GMM",1.65,2.23736765060759,5.99146454710798,TRUE,"OK"
4,500,0.1,0.1,"Full-GMM",1.7,2.95179040185677,5.99146454710798,TRUE,"OK"
4,500,0.1,0.1,"Full-GMM",1.75,2.80082798768338,5.99146454710798,TRUE,"OK"
4,500,0.1,0.1,"Full-GMM",1.8,1.13504653290513,5.99146454710798,TRUE,"OK"
4,500,0.1,0.1,"Full-GMM",1.85,0.63834387461889,5.99146454710798,TRUE,"OK"
4,500,0.1,0.1,"Full-GMM",1.9,0.497103492208226,5.99146454710798,TRUE,"OK"
4,500,0.1,0.1,"Full-GMM",1.95,2.53605089786375,5.99146454710798,TRUE,"OK"
4,500,0.1,0.1,"Full-GMM",2,0.258542366936225,5.99146454710798,TRUE,"OK"
4,500,0.1,0.1,"Full-GMM",2.05,1.18068314612728,5.99146454710798,TRUE,"OK"
4,500,0.1,0.1,"Full-GMM",2.1,0.0264900441276307,5.99146454710798,TRUE,"OK"
4,500,0.1,0.1,"Full-GMM",2.15,0.00669485483558612,5.99146454710798,TRUE,"OK"
4,500,0.1,0.1,"Full-GMM",2.2,0.404823592669204,5.99146454710798,TRUE,"OK"
4,500,0.1,0.1,"Full-GMM",2.25,0.409452698681989,5.99146454710798,TRUE,"OK"
4,500,0.1,0.1,"Full-GMM",2.3,0.194613194829882,5.99146454710798,TRUE,"OK"
4,500,0.1,0.1,"Full-GMM",2.35,0.983538071288017,5.99146454710798,TRUE,"OK"
4,500,0.1,0.1,"Full-GMM",2.4,0.57393634504005,5.99146454710798,TRUE,"OK"
4,500,0.1,0.1,"Full-GMM",2.45,0.0925967428912247,5.99146454710798,TRUE,"OK"
4,500,0.1,0.1,"Full-GMM",2.5,0.253800055706284,5.99146454710798,TRUE,"OK"
4,500,0.1,0.1,"Full-GMM",2.55,2.16920150042061,5.99146454710798,TRUE,"OK"
4,500,0.1,0.1,"Full-GMM",2.6,0.452275520194727,5.99146454710798,TRUE,"OK"
4,500,0.1,0.1,"Full-GMM",2.65,0.180409765055839,5.99146454710798,TRUE,"OK"
4,500,0.1,0.1,"Full-GMM",2.7,2.60925893778147,5.99146454710798,TRUE,"OK"
4,500,0.1,0.1,"Full-GMM",2.75,0.173093477131334,5.99146454710798,TRUE,"OK"
4,500,0.1,0.1,"Full-GMM",2.8,1.30770356135769,5.99146454710798,TRUE,"OK"
4,500,0.1,0.1,"Full-GMM",2.85,1.86101264288757,5.99146454710798,TRUE,"OK"
4,500,0.1,0.1,"Full-GMM",2.9,0.0792409092967398,5.99146454710798,TRUE,"OK"
4,500,0.1,0.1,"Full-GMM",2.95,0.9803397535401,5.99146454710798,TRUE,"OK"
4,500,0.1,0.1,"Full-GMM",3,0.969709347296797,5.99146454710798,TRUE,"OK"
4,500,0.1,0.1,"DML-IVQR",-1,14.1689796378069,5.99146454710798,FALSE,"OK"
4,500,0.1,0.1,"DML-IVQR",-0.95,8.7586931226829,5.99146454710798,FALSE,"OK"
4,500,0.1,0.1,"DML-IVQR",-0.9,11.0439651118037,5.99146454710798,FALSE,"OK"
4,500,0.1,0.1,"DML-IVQR",-0.85,7.67932926466343,5.99146454710798,FALSE,"OK"
4,500,0.1,0.1,"DML-IVQR",-0.8,9.54857815105057,5.99146454710798,FALSE,"OK"
4,500,0.1,0.1,"DML-IVQR",-0.75,11.1296561772828,5.99146454710798,FALSE,"OK"
4,500,0.1,0.1,"DML-IVQR",-0.7,9.43310575903925,5.99146454710798,FALSE,"OK"
4,500,0.1,0.1,"DML-IVQR",-0.65,9.03736830700162,5.99146454710798,FALSE,"OK"
4,500,0.1,0.1,"DML-IVQR",-0.6,5.76438843823163,5.99146454710798,TRUE,"OK"
4,500,0.1,0.1,"DML-IVQR",-0.55,5.32051935849596,5.99146454710798,TRUE,"OK"
4,500,0.1,0.1,"DML-IVQR",-0.5,5.459163445739,5.99146454710798,TRUE,"OK"
4,500,0.1,0.1,"DML-IVQR",-0.45,5.34505199722288,5.99146454710798,TRUE,"OK"
4,500,0.1,0.1,"DML-IVQR",-0.4,7.80035099812318,5.99146454710798,FALSE,"OK"
4,500,0.1,0.1,"DML-IVQR",-0.35,6.37703436675159,5.99146454710798,FALSE,"OK"
4,500,0.1,0.1,"DML-IVQR",-0.3,6.0197361195492,5.99146454710798,FALSE,"OK"
4,500,0.1,0.1,"DML-IVQR",-0.25,4.42008869183559,5.99146454710798,TRUE,"OK"
4,500,0.1,0.1,"DML-IVQR",-0.2,3.73796133133164,5.99146454710798,TRUE,"OK"
4,500,0.1,0.1,"DML-IVQR",-0.15,2.19442771354033,5.99146454710798,TRUE,"OK"
4,500,0.1,0.1,"DML-IVQR",-0.1,2.26576442453459,5.99146454710798,TRUE,"OK"
4,500,0.1,0.1,"DML-IVQR",-0.0499999999999999,2.1688305842117,5.99146454710798,TRUE,"OK"
4,500,0.1,0.1,"DML-IVQR",0,4.99335369915536,5.99146454710798,TRUE,"OK"
4,500,0.1,0.1,"DML-IVQR",0.05,5.0759087992464,5.99146454710798,TRUE,"OK"
4,500,0.1,0.1,"DML-IVQR",0.1,5.56761559830016,5.99146454710798,TRUE,"OK"
4,500,0.1,0.1,"DML-IVQR",0.15,4.78061186491031,5.99146454710798,TRUE,"OK"
4,500,0.1,0.1,"DML-IVQR",0.2,3.63833331847329,5.99146454710798,TRUE,"OK"
4,500,0.1,0.1,"DML-IVQR",0.25,3.6172786677989,5.99146454710798,TRUE,"OK"
4,500,0.1,0.1,"DML-IVQR",0.3,4.13582468219101,5.99146454710798,TRUE,"OK"
4,500,0.1,0.1,"DML-IVQR",0.35,4.17433198815756,5.99146454710798,TRUE,"OK"
4,500,0.1,0.1,"DML-IVQR",0.4,3.84039691006056,5.99146454710798,TRUE,"OK"
4,500,0.1,0.1,"DML-IVQR",0.45,3.79216050107337,5.99146454710798,TRUE,"OK"
4,500,0.1,0.1,"DML-IVQR",0.5,4.49335158814153,5.99146454710798,TRUE,"OK"
4,500,0.1,0.1,"DML-IVQR",0.55,6.50125826658433,5.99146454710798,FALSE,"OK"
4,500,0.1,0.1,"DML-IVQR",0.6,4.72520092160115,5.99146454710798,TRUE,"OK"
4,500,0.1,0.1,"DML-IVQR",0.65,4.16962812609944,5.99146454710798,TRUE,"OK"
4,500,0.1,0.1,"DML-IVQR",0.7,4.71542613101515,5.99146454710798,TRUE,"OK"
4,500,0.1,0.1,"DML-IVQR",0.75,5.70895362913433,5.99146454710798,TRUE,"OK"
4,500,0.1,0.1,"DML-IVQR",0.8,3.98582193795973,5.99146454710798,TRUE,"OK"
4,500,0.1,0.1,"DML-IVQR",0.85,4.73646353696594,5.99146454710798,TRUE,"OK"
4,500,0.1,0.1,"DML-IVQR",0.9,4.43766409977197,5.99146454710798,TRUE,"OK"
4,500,0.1,0.1,"DML-IVQR",0.95,4.38063239643037,5.99146454710798,TRUE,"OK"
4,500,0.1,0.1,"DML-IVQR",1,3.78286471301917,5.99146454710798,TRUE,"OK"
4,500,0.1,0.1,"DML-IVQR",1.05,3.55679870000584,5.99146454710798,TRUE,"OK"
4,500,0.1,0.1,"DML-IVQR",1.1,3.84413455053346,5.99146454710798,TRUE,"OK"
4,500,0.1,0.1,"DML-IVQR",1.15,1.49725951569731,5.99146454710798,TRUE,"OK"
4,500,0.1,0.1,"DML-IVQR",1.2,1.46040520789672,5.99146454710798,TRUE,"OK"
4,500,0.1,0.1,"DML-IVQR",1.25,3.29948812903175,5.99146454710798,TRUE,"OK"
4,500,0.1,0.1,"DML-IVQR",1.3,3.14541157432072,5.99146454710798,TRUE,"OK"
4,500,0.1,0.1,"DML-IVQR",1.35,2.0088142499753,5.99146454710798,TRUE,"OK"
4,500,0.1,0.1,"DML-IVQR",1.4,4.2906501064805,5.99146454710798,TRUE,"OK"
4,500,0.1,0.1,"DML-IVQR",1.45,2.99497828129283,5.99146454710798,TRUE,"OK"
4,500,0.1,0.1,"DML-IVQR",1.5,4.13229212129154,5.99146454710798,TRUE,"OK"
4,500,0.1,0.1,"DML-IVQR",1.55,3.27617933877225,5.99146454710798,TRUE,"OK"
4,500,0.1,0.1,"DML-IVQR",1.6,1.50351169200028,5.99146454710798,TRUE,"OK"
4,500,0.1,0.1,"DML-IVQR",1.65,3.26723477828448,5.99146454710798,TRUE,"OK"
4,500,0.1,0.1,"DML-IVQR",1.7,2.11864097027066,5.99146454710798,TRUE,"OK"
4,500,0.1,0.1,"DML-IVQR",1.75,2.13649442327809,5.99146454710798,TRUE,"OK"
4,500,0.1,0.1,"DML-IVQR",1.8,1.87025703403367,5.99146454710798,TRUE,"OK"
4,500,0.1,0.1,"DML-IVQR",1.85,2.40106732568208,5.99146454710798,TRUE,"OK"
4,500,0.1,0.1,"DML-IVQR",1.9,1.73262800149599,5.99146454710798,TRUE,"OK"
4,500,0.1,0.1,"DML-IVQR",1.95,1.30354661260128,5.99146454710798,TRUE,"OK"
4,500,0.1,0.1,"DML-IVQR",2,0.888378887264389,5.99146454710798,TRUE,"OK"
4,500,0.1,0.1,"DML-IVQR",2.05,0.578754254553364,5.99146454710798,TRUE,"OK"
4,500,0.1,0.1,"DML-IVQR",2.1,0.835262601253851,5.99146454710798,TRUE,"OK"
4,500,0.1,0.1,"DML-IVQR",2.15,1.10919730369032,5.99146454710798,TRUE,"OK"
4,500,0.1,0.1,"DML-IVQR",2.2,0.627389526173687,5.99146454710798,TRUE,"OK"
4,500,0.1,0.1,"DML-IVQR",2.25,1.2401560926781,5.99146454710798,TRUE,"OK"
4,500,0.1,0.1,"DML-IVQR",2.3,2.04941307889667,5.99146454710798,TRUE,"OK"
4,500,0.1,0.1,"DML-IVQR",2.35,2.04766915108952,5.99146454710798,TRUE,"OK"
4,500,0.1,0.1,"DML-IVQR",2.4,1.65521298659921,5.99146454710798,TRUE,"OK"
4,500,0.1,0.1,"DML-IVQR",2.45,2.06931078090167,5.99146454710798,TRUE,"OK"
4,500,0.1,0.1,"DML-IVQR",2.5,1.44992094870401,5.99146454710798,TRUE,"OK"
4,500,0.1,0.1,"DML-IVQR",2.55,0.937134262279759,5.99146454710798,TRUE,"OK"
4,500,0.1,0.1,"DML-IVQR",2.6,2.13699126383351,5.99146454710798,TRUE,"OK"
4,500,0.1,0.1,"DML-IVQR",2.65,1.51830929777634,5.99146454710798,TRUE,"OK"
4,500,0.1,0.1,"DML-IVQR",2.7,1.54319709215407,5.99146454710798,TRUE,"OK"
4,500,0.1,0.1,"DML-IVQR",2.75,2.19390733977914,5.99146454710798,TRUE,"OK"
4,500,0.1,0.1,"DML-IVQR",2.8,1.66357041910453,5.99146454710798,TRUE,"OK"
4,500,0.1,0.1,"DML-IVQR",2.85,1.67271727748962,5.99146454710798,TRUE,"OK"
4,500,0.1,0.1,"DML-IVQR",2.9,1.78208320917422,5.99146454710798,TRUE,"OK"
4,500,0.1,0.1,"DML-IVQR",2.95,2.68994730393741,5.99146454710798,TRUE,"OK"
4,500,0.1,0.1,"DML-IVQR",3,2.41311220154896,5.99146454710798,TRUE,"OK"
4,500,0.1,0.5,"Oracle-GMM",-1,0.368191586861024,5.99146454710798,TRUE,"OK"
4,500,0.1,0.5,"Oracle-GMM",-0.95,0.760569552522195,5.99146454710798,TRUE,"OK"
4,500,0.1,0.5,"Oracle-GMM",-0.9,1.20927259378721,5.99146454710798,TRUE,"OK"
4,500,0.1,0.5,"Oracle-GMM",-0.85,1.52786633398445,5.99146454710798,TRUE,"OK"
4,500,0.1,0.5,"Oracle-GMM",-0.8,1.14067751380197,5.99146454710798,TRUE,"OK"
4,500,0.1,0.5,"Oracle-GMM",-0.75,1.09896999375316,5.99146454710798,TRUE,"OK"
4,500,0.1,0.5,"Oracle-GMM",-0.7,0.636914767982299,5.99146454710798,TRUE,"OK"
4,500,0.1,0.5,"Oracle-GMM",-0.65,0.667981317706826,5.99146454710798,TRUE,"OK"
4,500,0.1,0.5,"Oracle-GMM",-0.6,0.877887825043625,5.99146454710798,TRUE,"OK"
4,500,0.1,0.5,"Oracle-GMM",-0.55,1.60342630952991,5.99146454710798,TRUE,"OK"
4,500,0.1,0.5,"Oracle-GMM",-0.5,1.3880833553722,5.99146454710798,TRUE,"OK"
4,500,0.1,0.5,"Oracle-GMM",-0.45,1.94902215627824,5.99146454710798,TRUE,"OK"
4,500,0.1,0.5,"Oracle-GMM",-0.4,1.61660949135855,5.99146454710798,TRUE,"OK"
4,500,0.1,0.5,"Oracle-GMM",-0.35,1.88120805049226,5.99146454710798,TRUE,"OK"
4,500,0.1,0.5,"Oracle-GMM",-0.3,2.4993805167933,5.99146454710798,TRUE,"OK"
4,500,0.1,0.5,"Oracle-GMM",-0.25,1.43150318289048,5.99146454710798,TRUE,"OK"
4,500,0.1,0.5,"Oracle-GMM",-0.2,1.85476513115209,5.99146454710798,TRUE,"OK"
4,500,0.1,0.5,"Oracle-GMM",-0.15,2.06519171970565,5.99146454710798,TRUE,"OK"
4,500,0.1,0.5,"Oracle-GMM",-0.1,1.5867226229402,5.99146454710798,TRUE,"OK"
4,500,0.1,0.5,"Oracle-GMM",-0.0499999999999999,0.422533256178024,5.99146454710798,TRUE,"OK"
4,500,0.1,0.5,"Oracle-GMM",0,0.693204772681947,5.99146454710798,TRUE,"OK"
4,500,0.1,0.5,"Oracle-GMM",0.05,0.710139066680116,5.99146454710798,TRUE,"OK"
4,500,0.1,0.5,"Oracle-GMM",0.1,1.08965259720586,5.99146454710798,TRUE,"OK"
4,500,0.1,0.5,"Oracle-GMM",0.15,1.29033665254787,5.99146454710798,TRUE,"OK"
4,500,0.1,0.5,"Oracle-GMM",0.2,0.664443656317189,5.99146454710798,TRUE,"OK"
4,500,0.1,0.5,"Oracle-GMM",0.25,0.520112743604599,5.99146454710798,TRUE,"OK"
4,500,0.1,0.5,"Oracle-GMM",0.3,0.585600583761562,5.99146454710798,TRUE,"OK"
4,500,0.1,0.5,"Oracle-GMM",0.35,1.37723976094224,5.99146454710798,TRUE,"OK"
4,500,0.1,0.5,"Oracle-GMM",0.4,0.569784708498373,5.99146454710798,TRUE,"OK"
4,500,0.1,0.5,"Oracle-GMM",0.45,0.238017201552068,5.99146454710798,TRUE,"OK"
4,500,0.1,0.5,"Oracle-GMM",0.5,0.22276766230945,5.99146454710798,TRUE,"OK"
4,500,0.1,0.5,"Oracle-GMM",0.55,0.794326022276023,5.99146454710798,TRUE,"OK"
4,500,0.1,0.5,"Oracle-GMM",0.6,2.00002494219724,5.99146454710798,TRUE,"OK"
4,500,0.1,0.5,"Oracle-GMM",0.65,1.82988678144707,5.99146454710798,TRUE,"OK"
4,500,0.1,0.5,"Oracle-GMM",0.7,2.24917989584348,5.99146454710798,TRUE,"OK"
4,500,0.1,0.5,"Oracle-GMM",0.75,1.88757081134972,5.99146454710798,TRUE,"OK"
4,500,0.1,0.5,"Oracle-GMM",0.8,1.35493655618535,5.99146454710798,TRUE,"OK"
4,500,0.1,0.5,"Oracle-GMM",0.85,1.41879454129384,5.99146454710798,TRUE,"OK"
4,500,0.1,0.5,"Oracle-GMM",0.9,1.18559122739512,5.99146454710798,TRUE,"OK"
4,500,0.1,0.5,"Oracle-GMM",0.95,1.4350863701159,5.99146454710798,TRUE,"OK"
4,500,0.1,0.5,"Oracle-GMM",1,1.2237092307606,5.99146454710798,TRUE,"OK"
4,500,0.1,0.5,"Oracle-GMM",1.05,2.81856062836868,5.99146454710798,TRUE,"OK"
4,500,0.1,0.5,"Oracle-GMM",1.1,4.08751564688512,5.99146454710798,TRUE,"OK"
4,500,0.1,0.5,"Oracle-GMM",1.15,3.94413339250968,5.99146454710798,TRUE,"OK"
4,500,0.1,0.5,"Oracle-GMM",1.2,2.66711397517123,5.99146454710798,TRUE,"OK"
4,500,0.1,0.5,"Oracle-GMM",1.25,2.90233848297822,5.99146454710798,TRUE,"OK"
4,500,0.1,0.5,"Oracle-GMM",1.3,3.96516219419688,5.99146454710798,TRUE,"OK"
4,500,0.1,0.5,"Oracle-GMM",1.35,4.00078253456128,5.99146454710798,TRUE,"OK"
4,500,0.1,0.5,"Oracle-GMM",1.4,3.27422060330845,5.99146454710798,TRUE,"OK"
4,500,0.1,0.5,"Oracle-GMM",1.45,2.26291675561724,5.99146454710798,TRUE,"OK"
4,500,0.1,0.5,"Oracle-GMM",1.5,3.86731257925124,5.99146454710798,TRUE,"OK"
4,500,0.1,0.5,"Oracle-GMM",1.55,6.50825412969367,5.99146454710798,FALSE,"OK"
4,500,0.1,0.5,"Oracle-GMM",1.6,5.3837658009083,5.99146454710798,TRUE,"OK"
4,500,0.1,0.5,"Oracle-GMM",1.65,5.0990012583381,5.99146454710798,TRUE,"OK"
4,500,0.1,0.5,"Oracle-GMM",1.7,4.3567580635871,5.99146454710798,TRUE,"OK"
4,500,0.1,0.5,"Oracle-GMM",1.75,4.80924350611288,5.99146454710798,TRUE,"OK"
4,500,0.1,0.5,"Oracle-GMM",1.8,5.61003195688401,5.99146454710798,TRUE,"OK"
4,500,0.1,0.5,"Oracle-GMM",1.85,7.0624163147812,5.99146454710798,FALSE,"OK"
4,500,0.1,0.5,"Oracle-GMM",1.9,7.13411412617813,5.99146454710798,FALSE,"OK"
4,500,0.1,0.5,"Oracle-GMM",1.95,5.12584309562518,5.99146454710798,TRUE,"OK"
4,500,0.1,0.5,"Oracle-GMM",2,6.80922739061902,5.99146454710798,FALSE,"OK"
4,500,0.1,0.5,"Oracle-GMM",2.05,5.08424298319097,5.99146454710798,TRUE,"OK"
4,500,0.1,0.5,"Oracle-GMM",2.1,5.0294232612045,5.99146454710798,TRUE,"OK"
4,500,0.1,0.5,"Oracle-GMM",2.15,7.37628941019961,5.99146454710798,FALSE,"OK"
4,500,0.1,0.5,"Oracle-GMM",2.2,6.62167226710308,5.99146454710798,FALSE,"OK"
4,500,0.1,0.5,"Oracle-GMM",2.25,6.80083492869912,5.99146454710798,FALSE,"OK"
4,500,0.1,0.5,"Oracle-GMM",2.3,6.80252264057027,5.99146454710798,FALSE,"OK"
4,500,0.1,0.5,"Oracle-GMM",2.35,6.34958185704931,5.99146454710798,FALSE,"OK"
4,500,0.1,0.5,"Oracle-GMM",2.4,5.54034902128202,5.99146454710798,TRUE,"OK"
4,500,0.1,0.5,"Oracle-GMM",2.45,5.96067086638118,5.99146454710798,TRUE,"OK"
4,500,0.1,0.5,"Oracle-GMM",2.5,4.88205975580524,5.99146454710798,TRUE,"OK"
4,500,0.1,0.5,"Oracle-GMM",2.55,4.3600535074407,5.99146454710798,TRUE,"OK"
4,500,0.1,0.5,"Oracle-GMM",2.6,5.22596823366641,5.99146454710798,TRUE,"OK"
4,500,0.1,0.5,"Oracle-GMM",2.65,6.26391682487288,5.99146454710798,FALSE,"OK"
4,500,0.1,0.5,"Oracle-GMM",2.7,6.04054695725902,5.99146454710798,FALSE,"OK"
4,500,0.1,0.5,"Oracle-GMM",2.75,4.46402751825041,5.99146454710798,TRUE,"OK"
4,500,0.1,0.5,"Oracle-GMM",2.8,5.72693334725877,5.99146454710798,TRUE,"OK"
4,500,0.1,0.5,"Oracle-GMM",2.85,6.25639133994546,5.99146454710798,FALSE,"OK"
4,500,0.1,0.5,"Oracle-GMM",2.9,5.19344703509828,5.99146454710798,TRUE,"OK"
4,500,0.1,0.5,"Oracle-GMM",2.95,6.39620581123566,5.99146454710798,FALSE,"OK"
4,500,0.1,0.5,"Oracle-GMM",3,5.23546475663146,5.99146454710798,TRUE,"OK"
4,500,0.1,0.5,"Full-GMM",-1,3.87478568670335,5.99146454710798,TRUE,"OK"
4,500,0.1,0.5,"Full-GMM",-0.95,6.27300830386705,5.99146454710798,FALSE,"OK"
4,500,0.1,0.5,"Full-GMM",-0.9,3.51529880665904,5.99146454710798,TRUE,"OK"
4,500,0.1,0.5,"Full-GMM",-0.85,3.04939672983776,5.99146454710798,TRUE,"OK"
4,500,0.1,0.5,"Full-GMM",-0.8,3.13193255637581,5.99146454710798,TRUE,"OK"
4,500,0.1,0.5,"Full-GMM",-0.75,5.43156120455828,5.99146454710798,TRUE,"OK"
4,500,0.1,0.5,"Full-GMM",-0.7,2.73505286948488,5.99146454710798,TRUE,"OK"
4,500,0.1,0.5,"Full-GMM",-0.65,3.85626326155162,5.99146454710798,TRUE,"OK"
4,500,0.1,0.5,"Full-GMM",-0.6,2.43462474536744,5.99146454710798,TRUE,"OK"
4,500,0.1,0.5,"Full-GMM",-0.55,1.72663924656047,5.99146454710798,TRUE,"OK"
4,500,0.1,0.5,"Full-GMM",-0.5,3.89320202381237,5.99146454710798,TRUE,"OK"
4,500,0.1,0.5,"Full-GMM",-0.45,5.55524509285238,5.99146454710798,TRUE,"OK"
4,500,0.1,0.5,"Full-GMM",-0.4,3.5124202544147,5.99146454710798,TRUE,"OK"
4,500,0.1,0.5,"Full-GMM",-0.35,3.49956698808753,5.99146454710798,TRUE,"OK"
4,500,0.1,0.5,"Full-GMM",-0.3,1.62743328340377,5.99146454710798,TRUE,"OK"
4,500,0.1,0.5,"Full-GMM",-0.25,4.0734837158028,5.99146454710798,TRUE,"OK"
4,500,0.1,0.5,"Full-GMM",-0.2,2.48710720727889,5.99146454710798,TRUE,"OK"
4,500,0.1,0.5,"Full-GMM",-0.15,3.12857208540734,5.99146454710798,TRUE,"OK"
4,500,0.1,0.5,"Full-GMM",-0.1,2.77337905281768,5.99146454710798,TRUE,"OK"
4,500,0.1,0.5,"Full-GMM",-0.0499999999999999,1.96150218249404,5.99146454710798,TRUE,"OK"
4,500,0.1,0.5,"Full-GMM",0,1.13203904091929,5.99146454710798,TRUE,"OK"
4,500,0.1,0.5,"Full-GMM",0.05,4.02245623756441,5.99146454710798,TRUE,"OK"
4,500,0.1,0.5,"Full-GMM",0.1,0.900521551669855,5.99146454710798,TRUE,"OK"
4,500,0.1,0.5,"Full-GMM",0.15,1.79601735516828,5.99146454710798,TRUE,"OK"
4,500,0.1,0.5,"Full-GMM",0.2,3.14114348370064,5.99146454710798,TRUE,"OK"
4,500,0.1,0.5,"Full-GMM",0.25,2.35805229919808,5.99146454710798,TRUE,"OK"
4,500,0.1,0.5,"Full-GMM",0.3,1.16427611882979,5.99146454710798,TRUE,"OK"
4,500,0.1,0.5,"Full-GMM",0.35,0.895749655427092,5.99146454710798,TRUE,"OK"
4,500,0.1,0.5,"Full-GMM",0.4,1.58906934202555,5.99146454710798,TRUE,"OK"
4,500,0.1,0.5,"Full-GMM",0.45,2.90018889537032,5.99146454710798,TRUE,"OK"
4,500,0.1,0.5,"Full-GMM",0.5,1.05234600644422,5.99146454710798,TRUE,"OK"
4,500,0.1,0.5,"Full-GMM",0.55,1.00808961886726,5.99146454710798,TRUE,"OK"
4,500,0.1,0.5,"Full-GMM",0.6,2.32304834665165,5.99146454710798,TRUE,"OK"
4,500,0.1,0.5,"Full-GMM",0.65,1.86051620068876,5.99146454710798,TRUE,"OK"
4,500,0.1,0.5,"Full-GMM",0.7,1.05722948927453,5.99146454710798,TRUE,"OK"
4,500,0.1,0.5,"Full-GMM",0.75,0.226465659408763,5.99146454710798,TRUE,"OK"
4,500,0.1,0.5,"Full-GMM",0.8,0.57760989919919,5.99146454710798,TRUE,"OK"
4,500,0.1,0.5,"Full-GMM",0.85,0.413807493722378,5.99146454710798,TRUE,"OK"
4,500,0.1,0.5,"Full-GMM",0.9,2.51364392305152,5.99146454710798,TRUE,"OK"
4,500,0.1,0.5,"Full-GMM",0.95,1.72055066570564,5.99146454710798,TRUE,"OK"
4,500,0.1,0.5,"Full-GMM",1,0.799532960015241,5.99146454710798,TRUE,"OK"
4,500,0.1,0.5,"Full-GMM",1.05,0.220065522450157,5.99146454710798,TRUE,"OK"
4,500,0.1,0.5,"Full-GMM",1.1,2.12313516968949,5.99146454710798,TRUE,"OK"
4,500,0.1,0.5,"Full-GMM",1.15,0.797917586177827,5.99146454710798,TRUE,"OK"
4,500,0.1,0.5,"Full-GMM",1.2,0.491499407849424,5.99146454710798,TRUE,"OK"
4,500,0.1,0.5,"Full-GMM",1.25,0.623511609443044,5.99146454710798,TRUE,"OK"
4,500,0.1,0.5,"Full-GMM",1.3,1.13854007483616,5.99146454710798,TRUE,"OK"
4,500,0.1,0.5,"Full-GMM",1.35,2.11240973567382,5.99146454710798,TRUE,"OK"
4,500,0.1,0.5,"Full-GMM",1.4,2.60160144509535,5.99146454710798,TRUE,"OK"
4,500,0.1,0.5,"Full-GMM",1.45,0.687505051644846,5.99146454710798,TRUE,"OK"
4,500,0.1,0.5,"Full-GMM",1.5,0.467158598453318,5.99146454710798,TRUE,"OK"
4,500,0.1,0.5,"Full-GMM",1.55,1.09294982312568,5.99146454710798,TRUE,"OK"
4,500,0.1,0.5,"Full-GMM",1.6,0.900636925730374,5.99146454710798,TRUE,"OK"
4,500,0.1,0.5,"Full-GMM",1.65,0.963389171125299,5.99146454710798,TRUE,"OK"
4,500,0.1,0.5,"Full-GMM",1.7,1.48958913174265,5.99146454710798,TRUE,"OK"
4,500,0.1,0.5,"Full-GMM",1.75,3.9111858682401,5.99146454710798,TRUE,"OK"
4,500,0.1,0.5,"Full-GMM",1.8,2.19736914822745,5.99146454710798,TRUE,"OK"
4,500,0.1,0.5,"Full-GMM",1.85,2.12698312022986,5.99146454710798,TRUE,"OK"
4,500,0.1,0.5,"Full-GMM",1.9,1.47239792525616,5.99146454710798,TRUE,"OK"
4,500,0.1,0.5,"Full-GMM",1.95,4.65483627018632,5.99146454710798,TRUE,"OK"
4,500,0.1,0.5,"Full-GMM",2,7.81357782463958,5.99146454710798,FALSE,"OK"
4,500,0.1,0.5,"Full-GMM",2.05,2.96839448989419,5.99146454710798,TRUE,"OK"
4,500,0.1,0.5,"Full-GMM",2.1,6.85623371121007,5.99146454710798,FALSE,"OK"
4,500,0.1,0.5,"Full-GMM",2.15,4.10721142075255,5.99146454710798,TRUE,"OK"
4,500,0.1,0.5,"Full-GMM",2.2,4.86307646999944,5.99146454710798,TRUE,"OK"
4,500,0.1,0.5,"Full-GMM",2.25,4.68768882019862,5.99146454710798,TRUE,"OK"
4,500,0.1,0.5,"Full-GMM",2.3,7.29490005443026,5.99146454710798,FALSE,"OK"
4,500,0.1,0.5,"Full-GMM",2.35,7.59044381254096,5.99146454710798,FALSE,"OK"
4,500,0.1,0.5,"Full-GMM",2.4,9.27634478912996,5.99146454710798,FALSE,"OK"
4,500,0.1,0.5,"Full-GMM",2.45,3.6727972773204,5.99146454710798,TRUE,"OK"
4,500,0.1,0.5,"Full-GMM",2.5,7.89179880721426,5.99146454710798,FALSE,"OK"
4,500,0.1,0.5,"Full-GMM",2.55,5.16053937401634,5.99146454710798,TRUE,"OK"
4,500,0.1,0.5,"Full-GMM",2.6,2.88899231199524,5.99146454710798,TRUE,"OK"
4,500,0.1,0.5,"Full-GMM",2.65,7.16690101972994,5.99146454710798,FALSE,"OK"
4,500,0.1,0.5,"Full-GMM",2.7,3.23023872814079,5.99146454710798,TRUE,"OK"
4,500,0.1,0.5,"Full-GMM",2.75,4.2762051715455,5.99146454710798,TRUE,"OK"
4,500,0.1,0.5,"Full-GMM",2.8,5.14905948498225,5.99146454710798,TRUE,"OK"
4,500,0.1,0.5,"Full-GMM",2.85,2.95777210206667,5.99146454710798,TRUE,"OK"
4,500,0.1,0.5,"Full-GMM",2.9,5.23812974233934,5.99146454710798,TRUE,"OK"
4,500,0.1,0.5,"Full-GMM",2.95,1.77237668589643,5.99146454710798,TRUE,"OK"
4,500,0.1,0.5,"Full-GMM",3,4.40242065317599,5.99146454710798,TRUE,"OK"
4,500,0.1,0.5,"DML-IVQR",-1,4.95771831515319,5.99146454710798,TRUE,"OK"
4,500,0.1,0.5,"DML-IVQR",-0.95,3.99281765935752,5.99146454710798,TRUE,"OK"
4,500,0.1,0.5,"DML-IVQR",-0.9,3.39013962900657,5.99146454710798,TRUE,"OK"
4,500,0.1,0.5,"DML-IVQR",-0.85,2.56611650171597,5.99146454710798,TRUE,"OK"
4,500,0.1,0.5,"DML-IVQR",-0.8,2.51785317767184,5.99146454710798,TRUE,"OK"
4,500,0.1,0.5,"DML-IVQR",-0.75,2.9942279370853,5.99146454710798,TRUE,"OK"
4,500,0.1,0.5,"DML-IVQR",-0.7,3.2250641453309,5.99146454710798,TRUE,"OK"
4,500,0.1,0.5,"DML-IVQR",-0.65,2.99429825079665,5.99146454710798,TRUE,"OK"
4,500,0.1,0.5,"DML-IVQR",-0.6,3.73730591920611,5.99146454710798,TRUE,"OK"
4,500,0.1,0.5,"DML-IVQR",-0.55,3.47402080131794,5.99146454710798,TRUE,"OK"
4,500,0.1,0.5,"DML-IVQR",-0.5,3.38118841805372,5.99146454710798,TRUE,"OK"
4,500,0.1,0.5,"DML-IVQR",-0.45,3.68004710301107,5.99146454710798,TRUE,"OK"
4,500,0.1,0.5,"DML-IVQR",-0.4,3.27407441705182,5.99146454710798,TRUE,"OK"
4,500,0.1,0.5,"DML-IVQR",-0.35,3.37230032001007,5.99146454710798,TRUE,"OK"
4,500,0.1,0.5,"DML-IVQR",-0.3,3.02475938894972,5.99146454710798,TRUE,"OK"
4,500,0.1,0.5,"DML-IVQR",-0.25,3.7145308885393,5.99146454710798,TRUE,"OK"
4,500,0.1,0.5,"DML-IVQR",-0.2,2.04377286356629,5.99146454710798,TRUE,"OK"
4,500,0.1,0.5,"DML-IVQR",-0.15,1.90281825913855,5.99146454710798,TRUE,"OK"
4,500,0.1,0.5,"DML-IVQR",-0.1,2.23297587246749,5.99146454710798,TRUE,"OK"
4,500,0.1,0.5,"DML-IVQR",-0.0499999999999999,1.81279879568984,5.99146454710798,TRUE,"OK"
4,500,0.1,0.5,"DML-IVQR",0,1.68459196510675,5.99146454710798,TRUE,"OK"
4,500,0.1,0.5,"DML-IVQR",0.05,0.642783068724816,5.99146454710798,TRUE,"OK"
4,500,0.1,0.5,"DML-IVQR",0.1,1.16504263641124,5.99146454710798,TRUE,"OK"
4,500,0.1,0.5,"DML-IVQR",0.15,1.08546669162758,5.99146454710798,TRUE,"OK"
4,500,0.1,0.5,"DML-IVQR",0.2,0.673950384509093,5.99146454710798,TRUE,"OK"
4,500,0.1,0.5,"DML-IVQR",0.25,0.862833929960518,5.99146454710798,TRUE,"OK"
4,500,0.1,0.5,"DML-IVQR",0.3,0.519723367943309,5.99146454710798,TRUE,"OK"
4,500,0.1,0.5,"DML-IVQR",0.35,0.982252391930311,5.99146454710798,TRUE,"OK"
4,500,0.1,0.5,"DML-IVQR",0.4,0.767999149384027,5.99146454710798,TRUE,"OK"
4,500,0.1,0.5,"DML-IVQR",0.45,1.27778664423365,5.99146454710798,TRUE,"OK"
4,500,0.1,0.5,"DML-IVQR",0.5,1.48512632020903,5.99146454710798,TRUE,"OK"
4,500,0.1,0.5,"DML-IVQR",0.55,1.71084475303689,5.99146454710798,TRUE,"OK"
4,500,0.1,0.5,"DML-IVQR",0.6,2.28181252692165,5.99146454710798,TRUE,"OK"
4,500,0.1,0.5,"DML-IVQR",0.65,4.18175128019449,5.99146454710798,TRUE,"OK"
4,500,0.1,0.5,"DML-IVQR",0.7,4.08179800227411,5.99146454710798,TRUE,"OK"
4,500,0.1,0.5,"DML-IVQR",0.75,2.61513894371827,5.99146454710798,TRUE,"OK"
4,500,0.1,0.5,"DML-IVQR",0.8,3.44086449041557,5.99146454710798,TRUE,"OK"
4,500,0.1,0.5,"DML-IVQR",0.85,5.2487783202971,5.99146454710798,TRUE,"OK"
4,500,0.1,0.5,"DML-IVQR",0.9,3.71268206239655,5.99146454710798,TRUE,"OK"
4,500,0.1,0.5,"DML-IVQR",0.95,3.20674766888019,5.99146454710798,TRUE,"OK"
4,500,0.1,0.5,"DML-IVQR",1,1.18849566841557,5.99146454710798,TRUE,"OK"
4,500,0.1,0.5,"DML-IVQR",1.05,2.07305810723066,5.99146454710798,TRUE,"OK"
4,500,0.1,0.5,"DML-IVQR",1.1,3.01988342454574,5.99146454710798,TRUE,"OK"
4,500,0.1,0.5,"DML-IVQR",1.15,2.84036001310245,5.99146454710798,TRUE,"OK"
4,500,0.1,0.5,"DML-IVQR",1.2,1.94560985954791,5.99146454710798,TRUE,"OK"
4,500,0.1,0.5,"DML-IVQR",1.25,1.94760879251915,5.99146454710798,TRUE,"OK"
4,500,0.1,0.5,"DML-IVQR",1.3,2.31659787376316,5.99146454710798,TRUE,"OK"
4,500,0.1,0.5,"DML-IVQR",1.35,2.08908931493207,5.99146454710798,TRUE,"OK"
4,500,0.1,0.5,"DML-IVQR",1.4,2.58794900308477,5.99146454710798,TRUE,"OK"
4,500,0.1,0.5,"DML-IVQR",1.45,2.31046806200631,5.99146454710798,TRUE,"OK"
4,500,0.1,0.5,"DML-IVQR",1.5,3.88026544100115,5.99146454710798,TRUE,"OK"
4,500,0.1,0.5,"DML-IVQR",1.55,3.90143944419015,5.99146454710798,TRUE,"OK"
4,500,0.1,0.5,"DML-IVQR",1.6,4.60993800247013,5.99146454710798,TRUE,"OK"
4,500,0.1,0.5,"DML-IVQR",1.65,5.02851475166857,5.99146454710798,TRUE,"OK"
4,500,0.1,0.5,"DML-IVQR",1.7,3.61529119683482,5.99146454710798,TRUE,"OK"
4,500,0.1,0.5,"DML-IVQR",1.75,5.50810857524326,5.99146454710798,TRUE,"OK"
4,500,0.1,0.5,"DML-IVQR",1.8,5.64823942137973,5.99146454710798,TRUE,"OK"
4,500,0.1,0.5,"DML-IVQR",1.85,3.84115531639631,5.99146454710798,TRUE,"OK"
4,500,0.1,0.5,"DML-IVQR",1.9,5.46553919701365,5.99146454710798,TRUE,"OK"
4,500,0.1,0.5,"DML-IVQR",1.95,5.51357725766991,5.99146454710798,TRUE,"OK"
4,500,0.1,0.5,"DML-IVQR",2,6.4121409852267,5.99146454710798,FALSE,"OK"
4,500,0.1,0.5,"DML-IVQR",2.05,5.05808848657654,5.99146454710798,TRUE,"OK"
4,500,0.1,0.5,"DML-IVQR",2.1,7.42713801492589,5.99146454710798,FALSE,"OK"
4,500,0.1,0.5,"DML-IVQR",2.15,8.65669715776919,5.99146454710798,FALSE,"OK"
4,500,0.1,0.5,"DML-IVQR",2.2,7.85303354753162,5.99146454710798,FALSE,"OK"
4,500,0.1,0.5,"DML-IVQR",2.25,7.7666099065075,5.99146454710798,FALSE,"OK"
4,500,0.1,0.5,"DML-IVQR",2.3,7.6974104490289,5.99146454710798,FALSE,"OK"
4,500,0.1,0.5,"DML-IVQR",2.35,6.87079661080721,5.99146454710798,FALSE,"OK"
4,500,0.1,0.5,"DML-IVQR",2.4,6.70501901575536,5.99146454710798,FALSE,"OK"
4,500,0.1,0.5,"DML-IVQR",2.45,6.70908785467347,5.99146454710798,FALSE,"OK"
4,500,0.1,0.5,"DML-IVQR",2.5,7.18984680276377,5.99146454710798,FALSE,"OK"
4,500,0.1,0.5,"DML-IVQR",2.55,4.63555548084769,5.99146454710798,TRUE,"OK"
4,500,0.1,0.5,"DML-IVQR",2.6,4.05868338798531,5.99146454710798,TRUE,"OK"
4,500,0.1,0.5,"DML-IVQR",2.65,4.63038375252574,5.99146454710798,TRUE,"OK"
4,500,0.1,0.5,"DML-IVQR",2.7,4.33568020279382,5.99146454710798,TRUE,"OK"
4,500,0.1,0.5,"DML-IVQR",2.75,4.10867876636089,5.99146454710798,TRUE,"OK"
4,500,0.1,0.5,"DML-IVQR",2.8,3.69570566075941,5.99146454710798,TRUE,"OK"
4,500,0.1,0.5,"DML-IVQR",2.85,5.64176978256289,5.99146454710798,TRUE,"OK"
4,500,0.1,0.5,"DML-IVQR",2.9,4.32761499895452,5.99146454710798,TRUE,"OK"
4,500,0.1,0.5,"DML-IVQR",2.95,2.8814279435766,5.99146454710798,TRUE,"OK"
4,500,0.1,0.5,"DML-IVQR",3,2.95518736735842,5.99146454710798,TRUE,"OK"
4,500,0.1,0.9,"Oracle-GMM",-1,2.70250261313884,5.99146454710798,TRUE,"OK"
4,500,0.1,0.9,"Oracle-GMM",-0.95,2.1874437676176,5.99146454710798,TRUE,"OK"
4,500,0.1,0.9,"Oracle-GMM",-0.9,3.28348485446618,5.99146454710798,TRUE,"OK"
4,500,0.1,0.9,"Oracle-GMM",-0.85,1.81492812958035,5.99146454710798,TRUE,"OK"
4,500,0.1,0.9,"Oracle-GMM",-0.8,2.33774209125046,5.99146454710798,TRUE,"OK"
4,500,0.1,0.9,"Oracle-GMM",-0.75,3.64507468423702,5.99146454710798,TRUE,"OK"
4,500,0.1,0.9,"Oracle-GMM",-0.7,1.74457841270162,5.99146454710798,TRUE,"OK"
4,500,0.1,0.9,"Oracle-GMM",-0.65,2.76642657548818,5.99146454710798,TRUE,"OK"
4,500,0.1,0.9,"Oracle-GMM",-0.6,1.18033165754355,5.99146454710798,TRUE,"OK"
4,500,0.1,0.9,"Oracle-GMM",-0.55,4.15649717033271,5.99146454710798,TRUE,"OK"
4,500,0.1,0.9,"Oracle-GMM",-0.5,3.12938054683324,5.99146454710798,TRUE,"OK"
4,500,0.1,0.9,"Oracle-GMM",-0.45,3.61029488872871,5.99146454710798,TRUE,"OK"
4,500,0.1,0.9,"Oracle-GMM",-0.4,3.06193380786648,5.99146454710798,TRUE,"OK"
4,500,0.1,0.9,"Oracle-GMM",-0.35,2.39698287766039,5.99146454710798,TRUE,"OK"
4,500,0.1,0.9,"Oracle-GMM",-0.3,3.73508754288466,5.99146454710798,TRUE,"OK"
4,500,0.1,0.9,"Oracle-GMM",-0.25,4.08148102027279,5.99146454710798,TRUE,"OK"
4,500,0.1,0.9,"Oracle-GMM",-0.2,3.47953163376465,5.99146454710798,TRUE,"OK"
4,500,0.1,0.9,"Oracle-GMM",-0.15,3.78809791417327,5.99146454710798,TRUE,"OK"
4,500,0.1,0.9,"Oracle-GMM",-0.1,3.96395527911099,5.99146454710798,TRUE,"OK"
4,500,0.1,0.9,"Oracle-GMM",-0.0499999999999999,2.3079956398053,5.99146454710798,TRUE,"OK"
4,500,0.1,0.9,"Oracle-GMM",0,2.07081606225323,5.99146454710798,TRUE,"OK"
4,500,0.1,0.9,"Oracle-GMM",0.05,4.44855762591394,5.99146454710798,TRUE,"OK"
4,500,0.1,0.9,"Oracle-GMM",0.1,1.77705875376969,5.99146454710798,TRUE,"OK"
4,500,0.1,0.9,"Oracle-GMM",0.15,2.21035352124243,5.99146454710798,TRUE,"OK"
4,500,0.1,0.9,"Oracle-GMM",0.2,2.2983300861984,5.99146454710798,TRUE,"OK"
4,500,0.1,0.9,"Oracle-GMM",0.25,3.35847130447929,5.99146454710798,TRUE,"OK"
4,500,0.1,0.9,"Oracle-GMM",0.3,2.86663622944819,5.99146454710798,TRUE,"OK"
4,500,0.1,0.9,"Oracle-GMM",0.35,2.77315108374878,5.99146454710798,TRUE,"OK"
4,500,0.1,0.9,"Oracle-GMM",0.4,3.08106592324244,5.99146454710798,TRUE,"OK"
4,500,0.1,0.9,"Oracle-GMM",0.45,2.12858939839718,5.99146454710798,TRUE,"OK"
4,500,0.1,0.9,"Oracle-GMM",0.5,2.87991633635175,5.99146454710798,TRUE,"OK"
4,500,0.1,0.9,"Oracle-GMM",0.55,1.46124712631427,5.99146454710798,TRUE,"OK"
4,500,0.1,0.9,"Oracle-GMM",0.6,3.7850144472366,5.99146454710798,TRUE,"OK"
4,500,0.1,0.9,"Oracle-GMM",0.65,2.14715104905658,5.99146454710798,TRUE,"OK"
4,500,0.1,0.9,"Oracle-GMM",0.7,3.87558255677567,5.99146454710798,TRUE,"OK"
4,500,0.1,0.9,"Oracle-GMM",0.75,4.35321260987539,5.99146454710798,TRUE,"OK"
4,500,0.1,0.9,"Oracle-GMM",0.8,3.91363413455111,5.99146454710798,TRUE,"OK"
4,500,0.1,0.9,"Oracle-GMM",0.85,3.72057230639048,5.99146454710798,TRUE,"OK"
4,500,0.1,0.9,"Oracle-GMM",0.9,3.16846764134981,5.99146454710798,TRUE,"OK"
4,500,0.1,0.9,"Oracle-GMM",0.95,2.56955707637368,5.99146454710798,TRUE,"OK"
4,500,0.1,0.9,"Oracle-GMM",1,3.32809203101374,5.99146454710798,TRUE,"OK"
4,500,0.1,0.9,"Oracle-GMM",1.05,4.32717757016467,5.99146454710798,TRUE,"OK"
4,500,0.1,0.9,"Oracle-GMM",1.1,3.55624571676228,5.99146454710798,TRUE,"OK"
4,500,0.1,0.9,"Oracle-GMM",1.15,2.83676264488548,5.99146454710798,TRUE,"OK"
4,500,0.1,0.9,"Oracle-GMM",1.2,2.90994036822392,5.99146454710798,TRUE,"OK"
4,500,0.1,0.9,"Oracle-GMM",1.25,3.17688672856015,5.99146454710798,TRUE,"OK"
4,500,0.1,0.9,"Oracle-GMM",1.3,3.63694331399084,5.99146454710798,TRUE,"OK"
4,500,0.1,0.9,"Oracle-GMM",1.35,4.29085280218754,5.99146454710798,TRUE,"OK"
4,500,0.1,0.9,"Oracle-GMM",1.4,2.51981482022223,5.99146454710798,TRUE,"OK"
4,500,0.1,0.9,"Oracle-GMM",1.45,4.29900285766993,5.99146454710798,TRUE,"OK"
4,500,0.1,0.9,"Oracle-GMM",1.5,2.53976341384544,5.99146454710798,TRUE,"OK"
4,500,0.1,0.9,"Oracle-GMM",1.55,4.22670081666291,5.99146454710798,TRUE,"OK"
4,500,0.1,0.9,"Oracle-GMM",1.6,3.42325009944273,5.99146454710798,TRUE,"OK"
4,500,0.1,0.9,"Oracle-GMM",1.65,2.98890161474269,5.99146454710798,TRUE,"OK"
4,500,0.1,0.9,"Oracle-GMM",1.7,1.87987740411287,5.99146454710798,TRUE,"OK"
4,500,0.1,0.9,"Oracle-GMM",1.75,0.9103247738593,5.99146454710798,TRUE,"OK"
4,500,0.1,0.9,"Oracle-GMM",1.8,1.01943311655728,5.99146454710798,TRUE,"OK"
4,500,0.1,0.9,"Oracle-GMM",1.85,2.65122983551241,5.99146454710798,TRUE,"OK"
4,500,0.1,0.9,"Oracle-GMM",1.9,1.1182594566532,5.99146454710798,TRUE,"OK"
4,500,0.1,0.9,"Oracle-GMM",1.95,2.18010878428378,5.99146454710798,TRUE,"OK"
4,500,0.1,0.9,"Oracle-GMM",2,0.546374255334842,5.99146454710798,TRUE,"OK"
4,500,0.1,0.9,"Oracle-GMM",2.05,0.435681302799448,5.99146454710798,TRUE,"OK"
4,500,0.1,0.9,"Oracle-GMM",2.1,0.410883619630808,5.99146454710798,TRUE,"OK"
4,500,0.1,0.9,"Oracle-GMM",2.15,0.669305299142343,5.99146454710798,TRUE,"OK"
4,500,0.1,0.9,"Oracle-GMM",2.2,1.32659578298891,5.99146454710798,TRUE,"OK"
4,500,0.1,0.9,"Oracle-GMM",2.25,0.443485520492053,5.99146454710798,TRUE,"OK"
4,500,0.1,0.9,"Oracle-GMM",2.3,0.880035056000656,5.99146454710798,TRUE,"OK"
4,500,0.1,0.9,"Oracle-GMM",2.35,0.0686429978403027,5.99146454710798,TRUE,"OK"
4,500,0.1,0.9,"Oracle-GMM",2.4,0.909068589015991,5.99146454710798,TRUE,"OK"
4,500,0.1,0.9,"Oracle-GMM",2.45,1.0773340150861,5.99146454710798,TRUE,"OK"
4,500,0.1,0.9,"Oracle-GMM",2.5,0.279756046627891,5.99146454710798,TRUE,"OK"
4,500,0.1,0.9,"Oracle-GMM",2.55,0.899661921294695,5.99146454710798,TRUE,"OK"
4,500,0.1,0.9,"Oracle-GMM",2.6,1.81164768838183,5.99146454710798,TRUE,"OK"
4,500,0.1,0.9,"Oracle-GMM",2.65,0.00310463477126611,5.99146454710798,TRUE,"OK"
4,500,0.1,0.9,"Oracle-GMM",2.7,1.14516788620412,5.99146454710798,TRUE,"OK"
4,500,0.1,0.9,"Oracle-GMM",2.75,0.00290698646628144,5.99146454710798,TRUE,"OK"
4,500,0.1,0.9,"Oracle-GMM",2.8,0.382372220082102,5.99146454710798,TRUE,"OK"
4,500,0.1,0.9,"Oracle-GMM",2.85,0.279382295178164,5.99146454710798,TRUE,"OK"
4,500,0.1,0.9,"Oracle-GMM",2.9,1.47217211656565,5.99146454710798,TRUE,"OK"
4,500,0.1,0.9,"Oracle-GMM",2.95,0.773919138571472,5.99146454710798,TRUE,"OK"
4,500,0.1,0.9,"Oracle-GMM",3,2.1098277705815,5.99146454710798,TRUE,"OK"
4,500,0.1,0.9,"Full-GMM",-1,6.34146765747603,5.99146454710798,FALSE,"OK"
4,500,0.1,0.9,"Full-GMM",-0.95,3.91803088903649,5.99146454710798,TRUE,"OK"
4,500,0.1,0.9,"Full-GMM",-0.9,3.32135637944215,5.99146454710798,TRUE,"OK"
4,500,0.1,0.9,"Full-GMM",-0.85,7.8501833904217,5.99146454710798,FALSE,"OK"
4,500,0.1,0.9,"Full-GMM",-0.8,0.144836684837813,5.99146454710798,TRUE,"OK"
4,500,0.1,0.9,"Full-GMM",-0.75,0.0562456087710191,5.99146454710798,TRUE,"OK"
4,500,0.1,0.9,"Full-GMM",-0.7,8.4709303956183,5.99146454710798,FALSE,"OK"
4,500,0.1,0.9,"Full-GMM",-0.65,2.88210881844139,5.99146454710798,TRUE,"OK"
4,500,0.1,0.9,"Full-GMM",-0.6,5.32051114055657,5.99146454710798,TRUE,"OK"
4,500,0.1,0.9,"Full-GMM",-0.55,10.4371029313702,5.99146454710798,FALSE,"OK"
4,500,0.1,0.9,"Full-GMM",-0.5,2.96594278081861,5.99146454710798,TRUE,"OK"
4,500,0.1,0.9,"Full-GMM",-0.45,6.27496724020258,5.99146454710798,FALSE,"OK"
4,500,0.1,0.9,"Full-GMM",-0.4,5.60281747274779,5.99146454710798,TRUE,"OK"
4,500,0.1,0.9,"Full-GMM",-0.35,1.73540512144841,5.99146454710798,TRUE,"OK"
4,500,0.1,0.9,"Full-GMM",-0.3,3.81717959194692,5.99146454710798,TRUE,"OK"
4,500,0.1,0.9,"Full-GMM",-0.25,4.15737519021613,5.99146454710798,TRUE,"OK"
4,500,0.1,0.9,"Full-GMM",-0.2,4.02279502340726,5.99146454710798,TRUE,"OK"
4,500,0.1,0.9,"Full-GMM",-0.15,2.99336408388,5.99146454710798,TRUE,"OK"
4,500,0.1,0.9,"Full-GMM",-0.1,1.56248267930626,5.99146454710798,TRUE,"OK"
4,500,0.1,0.9,"Full-GMM",-0.0499999999999999,2.587148917793,5.99146454710798,TRUE,"OK"
4,500,0.1,0.9,"Full-GMM",0,1.61402377896979,5.99146454710798,TRUE,"OK"
4,500,0.1,0.9,"Full-GMM",0.05,0.192627142431557,5.99146454710798,TRUE,"OK"
4,500,0.1,0.9,"Full-GMM",0.1,0.203621380092557,5.99146454710798,TRUE,"OK"
4,500,0.1,0.9,"Full-GMM",0.15,1.15191637228062,5.99146454710798,TRUE,"OK"
4,500,0.1,0.9,"Full-GMM",0.2,2.7166187679286,5.99146454710798,TRUE,"OK"
4,500,0.1,0.9,"Full-GMM",0.25,0.370157978378352,5.99146454710798,TRUE,"OK"
4,500,0.1,0.9,"Full-GMM",0.3,3.4104837918232,5.99146454710798,TRUE,"OK"
4,500,0.1,0.9,"Full-GMM",0.35,0.580770032740941,5.99146454710798,TRUE,"OK"
4,500,0.1,0.9,"Full-GMM",0.4,1.3838814512214,5.99146454710798,TRUE,"OK"
4,500,0.1,0.9,"Full-GMM",0.45,2.29916447552392,5.99146454710798,TRUE,"OK"
4,500,0.1,0.9,"Full-GMM",0.5,1.99243853245093,5.99146454710798,TRUE,"OK"
4,500,0.1,0.9,"Full-GMM",0.55,2.78590728575758,5.99146454710798,TRUE,"OK"
4,500,0.1,0.9,"Full-GMM",0.6,4.61170821230013,5.99146454710798,TRUE,"OK"
4,500,0.1,0.9,"Full-GMM",0.65,4.78466111134772,5.99146454710798,TRUE,"OK"
4,500,0.1,0.9,"Full-GMM",0.7,8.3499408920222,5.99146454710798,FALSE,"OK"
4,500,0.1,0.9,"Full-GMM",0.75,3.53295730725071,5.99146454710798,TRUE,"OK"
4,500,0.1,0.9,"Full-GMM",0.8,1.82193976349513,5.99146454710798,TRUE,"OK"
4,500,0.1,0.9,"Full-GMM",0.85,1.70890288676417,5.99146454710798,TRUE,"OK"
4,500,0.1,0.9,"Full-GMM",0.9,0.569239275432452,5.99146454710798,TRUE,"OK"
4,500,0.1,0.9,"Full-GMM",0.95,8.79838645100708,5.99146454710798,FALSE,"OK"
4,500,0.1,0.9,"Full-GMM",1,3.30213103315999,5.99146454710798,TRUE,"OK"
4,500,0.1,0.9,"Full-GMM",1.05,2.39946188583146,5.99146454710798,TRUE,"OK"
4,500,0.1,0.9,"Full-GMM",1.1,1.44737191665191,5.99146454710798,TRUE,"OK"
4,500,0.1,0.9,"Full-GMM",1.15,5.32410360021,5.99146454710798,TRUE,"OK"
4,500,0.1,0.9,"Full-GMM",1.2,0.900427717529109,5.99146454710798,TRUE,"OK"
4,500,0.1,0.9,"Full-GMM",1.25,1.4503695764728,5.99146454710798,TRUE,"OK"
4,500,0.1,0.9,"Full-GMM",1.3,0.184312445336826,5.99146454710798,TRUE,"OK"
4,500,0.1,0.9,"Full-GMM",1.35,3.04885538082374,5.99146454710798,TRUE,"OK"
4,500,0.1,0.9,"Full-GMM",1.4,2.7244042951526,5.99146454710798,TRUE,"OK"
4,500,0.1,0.9,"Full-GMM",1.45,0.53756981356069,5.99146454710798,TRUE,"OK"
4,500,0.1,0.9,"Full-GMM",1.5,2.32011249080129,5.99146454710798,TRUE,"OK"
4,500,0.1,0.9,"Full-GMM",1.55,0.25227578241633,5.99146454710798,TRUE,"OK"
4,500,0.1,0.9,"Full-GMM",1.6,1.90201138329734,5.99146454710798,TRUE,"OK"
4,500,0.1,0.9,"Full-GMM",1.65,2.30310356123643,5.99146454710798,TRUE,"OK"
4,500,0.1,0.9,"Full-GMM",1.7,2.33429456284765,5.99146454710798,TRUE,"OK"
4,500,0.1,0.9,"Full-GMM",1.75,0.646905843924313,5.99146454710798,TRUE,"OK"
4,500,0.1,0.9,"Full-GMM",1.8,1.30526386727542,5.99146454710798,TRUE,"OK"
4,500,0.1,0.9,"Full-GMM",1.85,2.01256899352587,5.99146454710798,TRUE,"OK"
4,500,0.1,0.9,"Full-GMM",1.9,2.42571686981187,5.99146454710798,TRUE,"OK"
4,500,0.1,0.9,"Full-GMM",1.95,5.68322985580007,5.99146454710798,TRUE,"OK"
4,500,0.1,0.9,"Full-GMM",2,1.33696577812054,5.99146454710798,TRUE,"OK"
4,500,0.1,0.9,"Full-GMM",2.05,0.456062784915888,5.99146454710798,TRUE,"OK"
4,500,0.1,0.9,"Full-GMM",2.1,1.15842112365658,5.99146454710798,TRUE,"OK"
4,500,0.1,0.9,"Full-GMM",2.15,2.5230731763554,5.99146454710798,TRUE,"OK"
4,500,0.1,0.9,"Full-GMM",2.2,1.83752460884674,5.99146454710798,TRUE,"OK"
4,500,0.1,0.9,"Full-GMM",2.25,2.38840838944404,5.99146454710798,TRUE,"OK"
4,500,0.1,0.9,"Full-GMM",2.3,2.65323098104701,5.99146454710798,TRUE,"OK"
4,500,0.1,0.9,"Full-GMM",2.35,3.35888033760437,5.99146454710798,TRUE,"OK"
4,500,0.1,0.9,"Full-GMM",2.4,3.85027154817458,5.99146454710798,TRUE,"OK"
4,500,0.1,0.9,"Full-GMM",2.45,5.01139940508881,5.99146454710798,TRUE,"OK"
4,500,0.1,0.9,"Full-GMM",2.5,2.48613100784344,5.99146454710798,TRUE,"OK"
4,500,0.1,0.9,"Full-GMM",2.55,0.120952337373666,5.99146454710798,TRUE,"OK"
4,500,0.1,0.9,"Full-GMM",2.6,1.54701222425034,5.99146454710798,TRUE,"OK"
4,500,0.1,0.9,"Full-GMM",2.65,0.502048973695861,5.99146454710798,TRUE,"OK"
4,500,0.1,0.9,"Full-GMM",2.7,0.340708121658584,5.99146454710798,TRUE,"OK"
4,500,0.1,0.9,"Full-GMM",2.75,0.197575592327356,5.99146454710798,TRUE,"OK"
4,500,0.1,0.9,"Full-GMM",2.8,0.972404134942744,5.99146454710798,TRUE,"OK"
4,500,0.1,0.9,"Full-GMM",2.85,0.890610107973291,5.99146454710798,TRUE,"OK"
4,500,0.1,0.9,"Full-GMM",2.9,0.0869534591378772,5.99146454710798,TRUE,"OK"
4,500,0.1,0.9,"Full-GMM",2.95,0.230757658968969,5.99146454710798,TRUE,"OK"
4,500,0.1,0.9,"Full-GMM",3,1.70591321503418,5.99146454710798,TRUE,"OK"
4,500,0.1,0.9,"DML-IVQR",-1,2.54465765452595,5.99146454710798,TRUE,"OK"
4,500,0.1,0.9,"DML-IVQR",-0.95,2.40645504906604,5.99146454710798,TRUE,"OK"
4,500,0.1,0.9,"DML-IVQR",-0.9,1.40806192915826,5.99146454710798,TRUE,"OK"
4,500,0.1,0.9,"DML-IVQR",-0.85,1.83839041596744,5.99146454710798,TRUE,"OK"
4,500,0.1,0.9,"DML-IVQR",-0.8,1.83821018885713,5.99146454710798,TRUE,"OK"
4,500,0.1,0.9,"DML-IVQR",-0.75,1.32313833614504,5.99146454710798,TRUE,"OK"
4,500,0.1,0.9,"DML-IVQR",-0.7,1.78055069958712,5.99146454710798,TRUE,"OK"
4,500,0.1,0.9,"DML-IVQR",-0.65,2.55409522767199,5.99146454710798,TRUE,"OK"
4,500,0.1,0.9,"DML-IVQR",-0.6,2.50547405852918,5.99146454710798,TRUE,"OK"
4,500,0.1,0.9,"DML-IVQR",-0.55,2.47323637776236,5.99146454710798,TRUE,"OK"
4,500,0.1,0.9,"DML-IVQR",-0.5,2.44285438385808,5.99146454710798,TRUE,"OK"
4,500,0.1,0.9,"DML-IVQR",-0.45,2.41296935887666,5.99146454710798,TRUE,"OK"
4,500,0.1,0.9,"DML-IVQR",-0.4,2.06967844409602,5.99146454710798,TRUE,"OK"
4,500,0.1,0.9,"DML-IVQR",-0.35,2.84473607521556,5.99146454710798,TRUE,"OK"
4,500,0.1,0.9,"DML-IVQR",-0.3,4.2755274981344,5.99146454710798,TRUE,"OK"
4,500,0.1,0.9,"DML-IVQR",-0.25,3.69401051916612,5.99146454710798,TRUE,"OK"
4,500,0.1,0.9,"DML-IVQR",-0.2,4.02092362912591,5.99146454710798,TRUE,"OK"
4,500,0.1,0.9,"DML-IVQR",-0.15,2.36275663467869,5.99146454710798,TRUE,"OK"
4,500,0.1,0.9,"DML-IVQR",-0.1,2.89390466836603,5.99146454710798,TRUE,"OK"
4,500,0.1,0.9,"DML-IVQR",-0.0499999999999999,3.20710409801385,5.99146454710798,TRUE,"OK"
4,500,0.1,0.9,"DML-IVQR",0,3.37746598691474,5.99146454710798,TRUE,"OK"
4,500,0.1,0.9,"DML-IVQR",0.05,3.87932138420681,5.99146454710798,TRUE,"OK"
4,500,0.1,0.9,"DML-IVQR",0.1,3.77044621259686,5.99146454710798,TRUE,"OK"
4,500,0.1,0.9,"DML-IVQR",0.15,5.55899431540352,5.99146454710798,TRUE,"OK"
4,500,0.1,0.9,"DML-IVQR",0.2,5.58949596494805,5.99146454710798,TRUE,"OK"
4,500,0.1,0.9,"DML-IVQR",0.25,5.56331190238081,5.99146454710798,TRUE,"OK"
4,500,0.1,0.9,"DML-IVQR",0.3,5.78828445560891,5.99146454710798,TRUE,"OK"
4,500,0.1,0.9,"DML-IVQR",0.35,6.84442389088786,5.99146454710798,FALSE,"OK"
4,500,0.1,0.9,"DML-IVQR",0.4,8.03014453883319,5.99146454710798,FALSE,"OK"
4,500,0.1,0.9,"DML-IVQR",0.45,7.42149702979122,5.99146454710798,FALSE,"OK"
4,500,0.1,0.9,"DML-IVQR",0.5,5.56172215389609,5.99146454710798,TRUE,"OK"
4,500,0.1,0.9,"DML-IVQR",0.55,3.04598985892984,5.99146454710798,TRUE,"OK"
4,500,0.1,0.9,"DML-IVQR",0.6,4.26979015309613,5.99146454710798,TRUE,"OK"
4,500,0.1,0.9,"DML-IVQR",0.65,3.4537043595057,5.99146454710798,TRUE,"OK"
4,500,0.1,0.9,"DML-IVQR",0.7,3.2267364857736,5.99146454710798,TRUE,"OK"
4,500,0.1,0.9,"DML-IVQR",0.75,3.18751386165522,5.99146454710798,TRUE,"OK"
4,500,0.1,0.9,"DML-IVQR",0.8,2.31990759686406,5.99146454710798,TRUE,"OK"
4,500,0.1,0.9,"DML-IVQR",0.85,1.82602751754953,5.99146454710798,TRUE,"OK"
4,500,0.1,0.9,"DML-IVQR",0.9,1.81777383202546,5.99146454710798,TRUE,"OK"
4,500,0.1,0.9,"DML-IVQR",0.95,1.19628265173089,5.99146454710798,TRUE,"OK"
4,500,0.1,0.9,"DML-IVQR",1,2.21611858825916,5.99146454710798,TRUE,"OK"
4,500,0.1,0.9,"DML-IVQR",1.05,1.34549434577477,5.99146454710798,TRUE,"OK"
4,500,0.1,0.9,"DML-IVQR",1.1,1.39261518157466,5.99146454710798,TRUE,"OK"
4,500,0.1,0.9,"DML-IVQR",1.15,1.48107122717349,5.99146454710798,TRUE,"OK"
4,500,0.1,0.9,"DML-IVQR",1.2,1.42180596379654,5.99146454710798,TRUE,"OK"
4,500,0.1,0.9,"DML-IVQR",1.25,1.86560614181951,5.99146454710798,TRUE,"OK"
4,500,0.1,0.9,"DML-IVQR",1.3,2.19059386381298,5.99146454710798,TRUE,"OK"
4,500,0.1,0.9,"DML-IVQR",1.35,1.6398359299702,5.99146454710798,TRUE,"OK"
4,500,0.1,0.9,"DML-IVQR",1.4,0.856052778658742,5.99146454710798,TRUE,"OK"
4,500,0.1,0.9,"DML-IVQR",1.45,1.0559253227312,5.99146454710798,TRUE,"OK"
4,500,0.1,0.9,"DML-IVQR",1.5,1.76028662222366,5.99146454710798,TRUE,"OK"
4,500,0.1,0.9,"DML-IVQR",1.55,1.12391849271027,5.99146454710798,TRUE,"OK"
4,500,0.1,0.9,"DML-IVQR",1.6,0.963402589947234,5.99146454710798,TRUE,"OK"
4,500,0.1,0.9,"DML-IVQR",1.65,0.233469288092332,5.99146454710798,TRUE,"OK"
4,500,0.1,0.9,"DML-IVQR",1.7,0.385138282488583,5.99146454710798,TRUE,"OK"
4,500,0.1,0.9,"DML-IVQR",1.75,0.472615494655831,5.99146454710798,TRUE,"OK"
4,500,0.1,0.9,"DML-IVQR",1.8,1.24567250375761,5.99146454710798,TRUE,"OK"
4,500,0.1,0.9,"DML-IVQR",1.85,1.45065481494012,5.99146454710798,TRUE,"OK"
4,500,0.1,0.9,"DML-IVQR",1.9,3.52733633336125,5.99146454710798,TRUE,"OK"
4,500,0.1,0.9,"DML-IVQR",1.95,4.03392933467163,5.99146454710798,TRUE,"OK"
4,500,0.1,0.9,"DML-IVQR",2,2.88347062387766,5.99146454710798,TRUE,"OK"
4,500,0.1,0.9,"DML-IVQR",2.05,2.2025265821738,5.99146454710798,TRUE,"OK"
4,500,0.1,0.9,"DML-IVQR",2.1,1.90757321686625,5.99146454710798,TRUE,"OK"
4,500,0.1,0.9,"DML-IVQR",2.15,1.35635321261141,5.99146454710798,TRUE,"OK"
4,500,0.1,0.9,"DML-IVQR",2.2,1.06454855650909,5.99146454710798,TRUE,"OK"
4,500,0.1,0.9,"DML-IVQR",2.25,1.77755956471199,5.99146454710798,TRUE,"OK"
4,500,0.1,0.9,"DML-IVQR",2.3,0.843179307067172,5.99146454710798,TRUE,"OK"
4,500,0.1,0.9,"DML-IVQR",2.35,1.19184380206354,5.99146454710798,TRUE,"OK"
4,500,0.1,0.9,"DML-IVQR",2.4,1.22988912439363,5.99146454710798,TRUE,"OK"
4,500,0.1,0.9,"DML-IVQR",2.45,2.897269598627,5.99146454710798,TRUE,"OK"
4,500,0.1,0.9,"DML-IVQR",2.5,1.72588275353648,5.99146454710798,TRUE,"OK"
4,500,0.1,0.9,"DML-IVQR",2.55,2.71686991039307,5.99146454710798,TRUE,"OK"
4,500,0.1,0.9,"DML-IVQR",2.6,2.58472045751771,5.99146454710798,TRUE,"OK"
4,500,0.1,0.9,"DML-IVQR",2.65,0.462653650654122,5.99146454710798,TRUE,"OK"
4,500,0.1,0.9,"DML-IVQR",2.7,0.304581033090382,5.99146454710798,TRUE,"OK"
4,500,0.1,0.9,"DML-IVQR",2.75,0.0565581207363029,5.99146454710798,TRUE,"OK"
4,500,0.1,0.9,"DML-IVQR",2.8,0.744886792651736,5.99146454710798,TRUE,"OK"
4,500,0.1,0.9,"DML-IVQR",2.85,0.0550258253142006,5.99146454710798,TRUE,"OK"
4,500,0.1,0.9,"DML-IVQR",2.9,0.78713046552042,5.99146454710798,TRUE,"OK"
4,500,0.1,0.9,"DML-IVQR",2.95,1.22447256906139,5.99146454710798,TRUE,"OK"
4,500,0.1,0.9,"DML-IVQR",3,0.308834116331789,5.99146454710798,TRUE,"OK"
5,500,0.1,0.1,"Oracle-GMM",-1,0.852939428646977,5.99146454710798,TRUE,"OK"
5,500,0.1,0.1,"Oracle-GMM",-0.95,0.504748808219019,5.99146454710798,TRUE,"OK"
5,500,0.1,0.1,"Oracle-GMM",-0.9,0.368978094857503,5.99146454710798,TRUE,"OK"
5,500,0.1,0.1,"Oracle-GMM",-0.85,0.283479364835645,5.99146454710798,TRUE,"OK"
5,500,0.1,0.1,"Oracle-GMM",-0.8,1.3601909883059,5.99146454710798,TRUE,"OK"
5,500,0.1,0.1,"Oracle-GMM",-0.75,3.03092996112062,5.99146454710798,TRUE,"OK"
5,500,0.1,0.1,"Oracle-GMM",-0.7,2.70729993877815,5.99146454710798,TRUE,"OK"
5,500,0.1,0.1,"Oracle-GMM",-0.65,3.59539233922343,5.99146454710798,TRUE,"OK"
5,500,0.1,0.1,"Oracle-GMM",-0.6,4.32572404022611,5.99146454710798,TRUE,"OK"
5,500,0.1,0.1,"Oracle-GMM",-0.55,1.53157283103909,5.99146454710798,TRUE,"OK"
5,500,0.1,0.1,"Oracle-GMM",-0.5,0.728106421634743,5.99146454710798,TRUE,"OK"
5,500,0.1,0.1,"Oracle-GMM",-0.45,0.0895194539490971,5.99146454710798,TRUE,"OK"
5,500,0.1,0.1,"Oracle-GMM",-0.4,0.740721759028219,5.99146454710798,TRUE,"OK"
5,500,0.1,0.1,"Oracle-GMM",-0.35,1.23700614261655,5.99146454710798,TRUE,"OK"
5,500,0.1,0.1,"Oracle-GMM",-0.3,1.26185375638965,5.99146454710798,TRUE,"OK"
5,500,0.1,0.1,"Oracle-GMM",-0.25,1.80636360679379,5.99146454710798,TRUE,"OK"
5,500,0.1,0.1,"Oracle-GMM",-0.2,1.29970609056961,5.99146454710798,TRUE,"OK"
5,500,0.1,0.1,"Oracle-GMM",-0.15,2.9132161460243,5.99146454710798,TRUE,"OK"
5,500,0.1,0.1,"Oracle-GMM",-0.1,3.98318288886935,5.99146454710798,TRUE,"OK"
5,500,0.1,0.1,"Oracle-GMM",-0.0499999999999999,3.01333594716777,5.99146454710798,TRUE,"OK"
5,500,0.1,0.1,"Oracle-GMM",0,2.09439357118487,5.99146454710798,TRUE,"OK"
5,500,0.1,0.1,"Oracle-GMM",0.05,3.54014325511344,5.99146454710798,TRUE,"OK"
5,500,0.1,0.1,"Oracle-GMM",0.1,3.56111960265346,5.99146454710798,TRUE,"OK"
5,500,0.1,0.1,"Oracle-GMM",0.15,1.57214740833081,5.99146454710798,TRUE,"OK"
5,500,0.1,0.1,"Oracle-GMM",0.2,0.467744329380031,5.99146454710798,TRUE,"OK"
5,500,0.1,0.1,"Oracle-GMM",0.25,0.338719104295984,5.99146454710798,TRUE,"OK"
5,500,0.1,0.1,"Oracle-GMM",0.3,0.873956734551855,5.99146454710798,TRUE,"OK"
5,500,0.1,0.1,"Oracle-GMM",0.35,0.8380701790596,5.99146454710798,TRUE,"OK"
5,500,0.1,0.1,"Oracle-GMM",0.4,1.04664058097296,5.99146454710798,TRUE,"OK"
5,500,0.1,0.1,"Oracle-GMM",0.45,0.623164887359315,5.99146454710798,TRUE,"OK"
5,500,0.1,0.1,"Oracle-GMM",0.5,0.27254575584112,5.99146454710798,TRUE,"OK"
5,500,0.1,0.1,"Oracle-GMM",0.55,1.1245037204947,5.99146454710798,TRUE,"OK"
5,500,0.1,0.1,"Oracle-GMM",0.6,0.793386175462858,5.99146454710798,TRUE,"OK"
5,500,0.1,0.1,"Oracle-GMM",0.65,0.886352250574462,5.99146454710798,TRUE,"OK"
5,500,0.1,0.1,"Oracle-GMM",0.7,0.544930165304488,5.99146454710798,TRUE,"OK"
5,500,0.1,0.1,"Oracle-GMM",0.75,0.57123788261789,5.99146454710798,TRUE,"OK"
5,500,0.1,0.1,"Oracle-GMM",0.8,0.170276151786764,5.99146454710798,TRUE,"OK"
5,500,0.1,0.1,"Oracle-GMM",0.85,0.855790486114251,5.99146454710798,TRUE,"OK"
5,500,0.1,0.1,"Oracle-GMM",0.9,0.146586767099798,5.99146454710798,TRUE,"OK"
5,500,0.1,0.1,"Oracle-GMM",0.95,0.36609471779128,5.99146454710798,TRUE,"OK"
5,500,0.1,0.1,"Oracle-GMM",1,0.110456678068844,5.99146454710798,TRUE,"OK"
5,500,0.1,0.1,"Oracle-GMM",1.05,0.406708484150899,5.99146454710798,TRUE,"OK"
5,500,0.1,0.1,"Oracle-GMM",1.1,0.45890877098134,5.99146454710798,TRUE,"OK"
5,500,0.1,0.1,"Oracle-GMM",1.15,2.09423831912918,5.99146454710798,TRUE,"OK"
5,500,0.1,0.1,"Oracle-GMM",1.2,0.436904899322617,5.99146454710798,TRUE,"OK"
5,500,0.1,0.1,"Oracle-GMM",1.25,1.04473238478057,5.99146454710798,TRUE,"OK"
5,500,0.1,0.1,"Oracle-GMM",1.3,1.038968092706,5.99146454710798,TRUE,"OK"
5,500,0.1,0.1,"Oracle-GMM",1.35,1.59786906662263,5.99146454710798,TRUE,"OK"
5,500,0.1,0.1,"Oracle-GMM",1.4,0.752135610594224,5.99146454710798,TRUE,"OK"
5,500,0.1,0.1,"Oracle-GMM",1.45,0.469111845915915,5.99146454710798,TRUE,"OK"
5,500,0.1,0.1,"Oracle-GMM",1.5,0.773577061933529,5.99146454710798,TRUE,"OK"
5,500,0.1,0.1,"Oracle-GMM",1.55,0.293151183107236,5.99146454710798,TRUE,"OK"
5,500,0.1,0.1,"Oracle-GMM",1.6,0.337146725625714,5.99146454710798,TRUE,"OK"
5,500,0.1,0.1,"Oracle-GMM",1.65,0.323446966875687,5.99146454710798,TRUE,"OK"
5,500,0.1,0.1,"Oracle-GMM",1.7,0.841705684680602,5.99146454710798,TRUE,"OK"
5,500,0.1,0.1,"Oracle-GMM",1.75,0.845008926088342,5.99146454710798,TRUE,"OK"
5,500,0.1,0.1,"Oracle-GMM",1.8,1.39669553343767,5.99146454710798,TRUE,"OK"
5,500,0.1,0.1,"Oracle-GMM",1.85,0.55821899522629,5.99146454710798,TRUE,"OK"
5,500,0.1,0.1,"Oracle-GMM",1.9,0.923955680694949,5.99146454710798,TRUE,"OK"
5,500,0.1,0.1,"Oracle-GMM",1.95,0.449110850728201,5.99146454710798,TRUE,"OK"
5,500,0.1,0.1,"Oracle-GMM",2,0.629610407266463,5.99146454710798,TRUE,"OK"
5,500,0.1,0.1,"Oracle-GMM",2.05,0.7661931524954,5.99146454710798,TRUE,"OK"
5,500,0.1,0.1,"Oracle-GMM",2.1,0.789909190746474,5.99146454710798,TRUE,"OK"
5,500,0.1,0.1,"Oracle-GMM",2.15,0.671615638930234,5.99146454710798,TRUE,"OK"
5,500,0.1,0.1,"Oracle-GMM",2.2,0.239676480345965,5.99146454710798,TRUE,"OK"
5,500,0.1,0.1,"Oracle-GMM",2.25,0.541290889697981,5.99146454710798,TRUE,"OK"
5,500,0.1,0.1,"Oracle-GMM",2.3,1.16382649879705,5.99146454710798,TRUE,"OK"
5,500,0.1,0.1,"Oracle-GMM",2.35,0.60948058823076,5.99146454710798,TRUE,"OK"
5,500,0.1,0.1,"Oracle-GMM",2.4,1.15603093830671,5.99146454710798,TRUE,"OK"
5,500,0.1,0.1,"Oracle-GMM",2.45,0.687816635612236,5.99146454710798,TRUE,"OK"
5,500,0.1,0.1,"Oracle-GMM",2.5,1.18343633036113,5.99146454710798,TRUE,"OK"
5,500,0.1,0.1,"Oracle-GMM",2.55,1.04325870385899,5.99146454710798,TRUE,"OK"
5,500,0.1,0.1,"Oracle-GMM",2.6,0.988292373111077,5.99146454710798,TRUE,"OK"
5,500,0.1,0.1,"Oracle-GMM",2.65,1.0782995795029,5.99146454710798,TRUE,"OK"
5,500,0.1,0.1,"Oracle-GMM",2.7,1.04277241886065,5.99146454710798,TRUE,"OK"
5,500,0.1,0.1,"Oracle-GMM",2.75,0.710901732172194,5.99146454710798,TRUE,"OK"
5,500,0.1,0.1,"Oracle-GMM",2.8,0.835752278620932,5.99146454710798,TRUE,"OK"
5,500,0.1,0.1,"Oracle-GMM",2.85,1.71511625007457,5.99146454710798,TRUE,"OK"
5,500,0.1,0.1,"Oracle-GMM",2.9,0.353335411754518,5.99146454710798,TRUE,"OK"
5,500,0.1,0.1,"Oracle-GMM",2.95,0.976664647475912,5.99146454710798,TRUE,"OK"
5,500,0.1,0.1,"Oracle-GMM",3,1.1520519496982,5.99146454710798,TRUE,"OK"
5,500,0.1,0.1,"Full-GMM",-1,0.100552246068898,5.99146454710798,TRUE,"OK"
5,500,0.1,0.1,"Full-GMM",-0.95,1.96884696499492,5.99146454710798,TRUE,"OK"
5,500,0.1,0.1,"Full-GMM",-0.9,0.0265877468468065,5.99146454710798,TRUE,"OK"
5,500,0.1,0.1,"Full-GMM",-0.85,0.364328339936154,5.99146454710798,TRUE,"OK"
5,500,0.1,0.1,"Full-GMM",-0.8,0.350803673502918,5.99146454710798,TRUE,"OK"
5,500,0.1,0.1,"Full-GMM",-0.75,3.4050073435374,5.99146454710798,TRUE,"OK"
5,500,0.1,0.1,"Full-GMM",-0.7,0.0768576248079697,5.99146454710798,TRUE,"OK"
5,500,0.1,0.1,"Full-GMM",-0.65,0.365351223131444,5.99146454710798,TRUE,"OK"
5,500,0.1,0.1,"Full-GMM",-0.6,2.87454263918626,5.99146454710798,TRUE,"OK"
5,500,0.1,0.1,"Full-GMM",-0.55,0.382397578939746,5.99146454710798,TRUE,"OK"
5,500,0.1,0.1,"Full-GMM",-0.5,1.7715609532185,5.99146454710798,TRUE,"OK"
5,500,0.1,0.1,"Full-GMM",-0.45,0.193886213777148,5.99146454710798,TRUE,"OK"
5,500,0.1,0.1,"Full-GMM",-0.4,0.489604066280759,5.99146454710798,TRUE,"OK"
5,500,0.1,0.1,"Full-GMM",-0.35,2.22187965102614,5.99146454710798,TRUE,"OK"
5,500,0.1,0.1,"Full-GMM",-0.3,1.41365346645205,5.99146454710798,TRUE,"OK"
5,500,0.1,0.1,"Full-GMM",-0.25,0.706530430272564,5.99146454710798,TRUE,"OK"
5,500,0.1,0.1,"Full-GMM",-0.2,3.14000477695912,5.99146454710798,TRUE,"OK"
5,500,0.1,0.1,"Full-GMM",-0.15,5.05044862267136,5.99146454710798,TRUE,"OK"
5,500,0.1,0.1,"Full-GMM",-0.1,3.51053378244745,5.99146454710798,TRUE,"OK"
5,500,0.1,0.1,"Full-GMM",-0.0499999999999999,2.66021186380805,5.99146454710798,TRUE,"OK"
5,500,0.1,0.1,"Full-GMM",0,4.38006707024392,5.99146454710798,TRUE,"OK"
5,500,0.1,0.1,"Full-GMM",0.05,1.02010442472871,5.99146454710798,TRUE,"OK"
5,500,0.1,0.1,"Full-GMM",0.1,3.23636456221879,5.99146454710798,TRUE,"OK"
5,500,0.1,0.1,"Full-GMM",0.15,8.50290180966011,5.99146454710798,FALSE,"OK"
5,500,0.1,0.1,"Full-GMM",0.2,2.96648486665531,5.99146454710798,TRUE,"OK"
5,500,0.1,0.1,"Full-GMM",0.25,5.67222938470054,5.99146454710798,TRUE,"OK"
5,500,0.1,0.1,"Full-GMM",0.3,0.283064173752643,5.99146454710798,TRUE,"OK"
5,500,0.1,0.1,"Full-GMM",0.35,2.32897942444115,5.99146454710798,TRUE,"OK"
5,500,0.1,0.1,"Full-GMM",0.4,3.85168096347665,5.99146454710798,TRUE,"OK"
5,500,0.1,0.1,"Full-GMM",0.45,1.42507162344248,5.99146454710798,TRUE,"OK"
5,500,0.1,0.1,"Full-GMM",0.5,1.38980490828217,5.99146454710798,TRUE,"OK"
5,500,0.1,0.1,"Full-GMM",0.55,2.37334799089913,5.99146454710798,TRUE,"OK"
5,500,0.1,0.1,"Full-GMM",0.6,2.53499238332089,5.99146454710798,TRUE,"OK"
5,500,0.1,0.1,"Full-GMM",0.65,0.561624980942199,5.99146454710798,TRUE,"OK"
5,500,0.1,0.1,"Full-GMM",0.7,0.477377354196518,5.99146454710798,TRUE,"OK"
5,500,0.1,0.1,"Full-GMM",0.75,1.17518205104294,5.99146454710798,TRUE,"OK"
5,500,0.1,0.1,"Full-GMM",0.8,1.23122007208446,5.99146454710798,TRUE,"OK"
5,500,0.1,0.1,"Full-GMM",0.85,0.345942558326338,5.99146454710798,TRUE,"OK"
5,500,0.1,0.1,"Full-GMM",0.9,1.48502346381057,5.99146454710798,TRUE,"OK"
5,500,0.1,0.1,"Full-GMM",0.95,0.167170233905217,5.99146454710798,TRUE,"OK"
5,500,0.1,0.1,"Full-GMM",1,0.74902767822723,5.99146454710798,TRUE,"OK"
5,500,0.1,0.1,"Full-GMM",1.05,2.15519093147998,5.99146454710798,TRUE,"OK"
5,500,0.1,0.1,"Full-GMM",1.1,2.95598534298802,5.99146454710798,TRUE,"OK"
5,500,0.1,0.1,"Full-GMM",1.15,0.361915589120003,5.99146454710798,TRUE,"OK"
5,500,0.1,0.1,"Full-GMM",1.2,0.339708109030959,5.99146454710798,TRUE,"OK"
5,500,0.1,0.1,"Full-GMM",1.25,0.0858405617609709,5.99146454710798,TRUE,"OK"
5,500,0.1,0.1,"Full-GMM",1.3,1.11817644443311,5.99146454710798,TRUE,"OK"
5,500,0.1,0.1,"Full-GMM",1.35,0.71040462410855,5.99146454710798,TRUE,"OK"
5,500,0.1,0.1,"Full-GMM",1.4,0.704352552901722,5.99146454710798,TRUE,"OK"
5,500,0.1,0.1,"Full-GMM",1.45,1.23861745920224,5.99146454710798,TRUE,"OK"
5,500,0.1,0.1,"Full-GMM",1.5,0.819089038143224,5.99146454710798,TRUE,"OK"
5,500,0.1,0.1,"Full-GMM",1.55,0.39826926595305,5.99146454710798,TRUE,"OK"
5,500,0.1,0.1,"Full-GMM",1.6,1.23589352760808,5.99146454710798,TRUE,"OK"
5,500,0.1,0.1,"Full-GMM",1.65,2.87755787108034,5.99146454710798,TRUE,"OK"
5,500,0.1,0.1,"Full-GMM",1.7,0.865784467806356,5.99146454710798,TRUE,"OK"
5,500,0.1,0.1,"Full-GMM",1.75,0.465373558686689,5.99146454710798,TRUE,"OK"
5,500,0.1,0.1,"Full-GMM",1.8,1.67788998604009,5.99146454710798,TRUE,"OK"
5,500,0.1,0.1,"Full-GMM",1.85,1.99247086557158,5.99146454710798,TRUE,"OK"
5,500,0.1,0.1,"Full-GMM",1.9,2.86521039930995,5.99146454710798,TRUE,"OK"
5,500,0.1,0.1,"Full-GMM",1.95,0.233840685586775,5.99146454710798,TRUE,"OK"
5,500,0.1,0.1,"Full-GMM",2,0.00412454791716204,5.99146454710798,TRUE,"OK"
5,500,0.1,0.1,"Full-GMM",2.05,0.98652020045703,5.99146454710798,TRUE,"OK"
5,500,0.1,0.1,"Full-GMM",2.1,1.11720359665326,5.99146454710798,TRUE,"OK"
5,500,0.1,0.1,"Full-GMM",2.15,2.07943181366919,5.99146454710798,TRUE,"OK"
5,500,0.1,0.1,"Full-GMM",2.2,4.23806429433416,5.99146454710798,TRUE,"OK"
5,500,0.1,0.1,"Full-GMM",2.25,0.782744775677008,5.99146454710798,TRUE,"OK"
5,500,0.1,0.1,"Full-GMM",2.3,2.7248078137874,5.99146454710798,TRUE,"OK"
5,500,0.1,0.1,"Full-GMM",2.35,0.0231345387156198,5.99146454710798,TRUE,"OK"
5,500,0.1,0.1,"Full-GMM",2.4,4.3377459452026,5.99146454710798,TRUE,"OK"
5,500,0.1,0.1,"Full-GMM",2.45,1.12330271434705,5.99146454710798,TRUE,"OK"
5,500,0.1,0.1,"Full-GMM",2.5,0.29268310545282,5.99146454710798,TRUE,"OK"
5,500,0.1,0.1,"Full-GMM",2.55,4.06800981935443,5.99146454710798,TRUE,"OK"
5,500,0.1,0.1,"Full-GMM",2.6,1.56435412895896,5.99146454710798,TRUE,"OK"
5,500,0.1,0.1,"Full-GMM",2.65,0.869080612172181,5.99146454710798,TRUE,"OK"
5,500,0.1,0.1,"Full-GMM",2.7,0.120181017529654,5.99146454710798,TRUE,"OK"
5,500,0.1,0.1,"Full-GMM",2.75,0.367622944343502,5.99146454710798,TRUE,"OK"
5,500,0.1,0.1,"Full-GMM",2.8,1.66774492903359,5.99146454710798,TRUE,"OK"
5,500,0.1,0.1,"Full-GMM",2.85,2.11643574308596,5.99146454710798,TRUE,"OK"
5,500,0.1,0.1,"Full-GMM",2.9,1.32153989893179,5.99146454710798,TRUE,"OK"
5,500,0.1,0.1,"Full-GMM",2.95,1.25217194179179,5.99146454710798,TRUE,"OK"
5,500,0.1,0.1,"Full-GMM",3,2.14847697744813,5.99146454710798,TRUE,"OK"
5,500,0.1,0.1,"DML-IVQR",-1,1.27929030964267,5.99146454710798,TRUE,"OK"
5,500,0.1,0.1,"DML-IVQR",-0.95,2.58564506143513,5.99146454710798,TRUE,"OK"
5,500,0.1,0.1,"DML-IVQR",-0.9,1.45155939067889,5.99146454710798,TRUE,"OK"
5,500,0.1,0.1,"DML-IVQR",-0.85,1.50150806250764,5.99146454710798,TRUE,"OK"
5,500,0.1,0.1,"DML-IVQR",-0.8,1.59807773565922,5.99146454710798,TRUE,"OK"
5,500,0.1,0.1,"DML-IVQR",-0.75,0.732112945584321,5.99146454710798,TRUE,"OK"
5,500,0.1,0.1,"DML-IVQR",-0.7,0.997361074363045,5.99146454710798,TRUE,"OK"
5,500,0.1,0.1,"DML-IVQR",-0.65,1.46351809708091,5.99146454710798,TRUE,"OK"
5,500,0.1,0.1,"DML-IVQR",-0.6,1.01157566873986,5.99146454710798,TRUE,"OK"
5,500,0.1,0.1,"DML-IVQR",-0.55,0.401154554606529,5.99146454710798,TRUE,"OK"
5,500,0.1,0.1,"DML-IVQR",-0.5,0.742461060821925,5.99146454710798,TRUE,"OK"
5,500,0.1,0.1,"DML-IVQR",-0.45,3.99564784757216,5.99146454710798,TRUE,"OK"
5,500,0.1,0.1,"DML-IVQR",-0.4,3.28511962459074,5.99146454710798,TRUE,"OK"
5,500,0.1,0.1,"DML-IVQR",-0.35,2.82586120438081,5.99146454710798,TRUE,"OK"
5,500,0.1,0.1,"DML-IVQR",-0.3,2.0505289826622,5.99146454710798,TRUE,"OK"
5,500,0.1,0.1,"DML-IVQR",-0.25,1.99552377203143,5.99146454710798,TRUE,"OK"
5,500,0.1,0.1,"DML-IVQR",-0.2,4.16842837853464,5.99146454710798,TRUE,"OK"
5,500,0.1,0.1,"DML-IVQR",-0.15,4.74008261658921,5.99146454710798,TRUE,"OK"
5,500,0.1,0.1,"DML-IVQR",-0.1,3.85429112273675,5.99146454710798,TRUE,"OK"
5,500,0.1,0.1,"DML-IVQR",-0.0499999999999999,2.81828596935342,5.99146454710798,TRUE,"OK"
5,500,0.1,0.1,"DML-IVQR",0,3.41227517543075,5.99146454710798,TRUE,"OK"
5,500,0.1,0.1,"DML-IVQR",0.05,5.69048200191914,5.99146454710798,TRUE,"OK"
5,500,0.1,0.1,"DML-IVQR",0.1,5.0512169595266,5.99146454710798,TRUE,"OK"
5,500,0.1,0.1,"DML-IVQR",0.15,6.30789546291844,5.99146454710798,FALSE,"OK"
5,500,0.1,0.1,"DML-IVQR",0.2,4.20359624745558,5.99146454710798,TRUE,"OK"
5,500,0.1,0.1,"DML-IVQR",0.25,3.61071553713354,5.99146454710798,TRUE,"OK"
5,500,0.1,0.1,"DML-IVQR",0.3,4.18408314754662,5.99146454710798,TRUE,"OK"
5,500,0.1,0.1,"DML-IVQR",0.35,2.82363872261715,5.99146454710798,TRUE,"OK"
5,500,0.1,0.1,"DML-IVQR",0.4,2.11587628584806,5.99146454710798,TRUE,"OK"
5,500,0.1,0.1,"DML-IVQR",0.45,2.52512237240093,5.99146454710798,TRUE,"OK"
5,500,0.1,0.1,"DML-IVQR",0.5,2.68987671245786,5.99146454710798,TRUE,"OK"
5,500,0.1,0.1,"DML-IVQR",0.55,2.57711121710348,5.99146454710798,TRUE,"OK"
5,500,0.1,0.1,"DML-IVQR",0.6,3.40360632124816,5.99146454710798,TRUE,"OK"
5,500,0.1,0.1,"DML-IVQR",0.65,3.74841803905669,5.99146454710798,TRUE,"OK"
5,500,0.1,0.1,"DML-IVQR",0.7,3.42224956158609,5.99146454710798,TRUE,"OK"
5,500,0.1,0.1,"DML-IVQR",0.75,1.95997973178405,5.99146454710798,TRUE,"OK"
5,500,0.1,0.1,"DML-IVQR",0.8,2.11497502044882,5.99146454710798,TRUE,"OK"
5,500,0.1,0.1,"DML-IVQR",0.85,3.92486279459256,5.99146454710798,TRUE,"OK"
5,500,0.1,0.1,"DML-IVQR",0.9,1.69401352858513,5.99146454710798,TRUE,"OK"
5,500,0.1,0.1,"DML-IVQR",0.95,2.34446740827042,5.99146454710798,TRUE,"OK"
5,500,0.1,0.1,"DML-IVQR",1,4.44099760764254,5.99146454710798,TRUE,"OK"
5,500,0.1,0.1,"DML-IVQR",1.05,3.14736570755957,5.99146454710798,TRUE,"OK"
5,500,0.1,0.1,"DML-IVQR",1.1,2.54559564305596,5.99146454710798,TRUE,"OK"
5,500,0.1,0.1,"DML-IVQR",1.15,1.73551303573471,5.99146454710798,TRUE,"OK"
5,500,0.1,0.1,"DML-IVQR",1.2,0.845446578880227,5.99146454710798,TRUE,"OK"
5,500,0.1,0.1,"DML-IVQR",1.25,2.21727559587503,5.99146454710798,TRUE,"OK"
5,500,0.1,0.1,"DML-IVQR",1.3,2.86462842836028,5.99146454710798,TRUE,"OK"
5,500,0.1,0.1,"DML-IVQR",1.35,2.85814500202924,5.99146454710798,TRUE,"OK"
5,500,0.1,0.1,"DML-IVQR",1.4,2.87674953885915,5.99146454710798,TRUE,"OK"
5,500,0.1,0.1,"DML-IVQR",1.45,2.89810518220856,5.99146454710798,TRUE,"OK"
5,500,0.1,0.1,"DML-IVQR",1.5,1.96517336231389,5.99146454710798,TRUE,"OK"
5,500,0.1,0.1,"DML-IVQR",1.55,1.3526511179355,5.99146454710798,TRUE,"OK"
5,500,0.1,0.1,"DML-IVQR",1.6,2.0663045657925,5.99146454710798,TRUE,"OK"
5,500,0.1,0.1,"DML-IVQR",1.65,2.56375516268658,5.99146454710798,TRUE,"OK"
5,500,0.1,0.1,"DML-IVQR",1.7,2.52614791044433,5.99146454710798,TRUE,"OK"
5,500,0.1,0.1,"DML-IVQR",1.75,2.49366734203097,5.99146454710798,TRUE,"OK"
5,500,0.1,0.1,"DML-IVQR",1.8,2.49509897453235,5.99146454710798,TRUE,"OK"
5,500,0.1,0.1,"DML-IVQR",1.85,2.48251899968179,5.99146454710798,TRUE,"OK"
5,500,0.1,0.1,"DML-IVQR",1.9,2.47110651915466,5.99146454710798,TRUE,"OK"
5,500,0.1,0.1,"DML-IVQR",1.95,3.63428116438199,5.99146454710798,TRUE,"OK"
5,500,0.1,0.1,"DML-IVQR",2,3.65321933678494,5.99146454710798,TRUE,"OK"
5,500,0.1,0.1,"DML-IVQR",2.05,3.8037626464322,5.99146454710798,TRUE,"OK"
5,500,0.1,0.1,"DML-IVQR",2.1,3.73773093066407,5.99146454710798,TRUE,"OK"
5,500,0.1,0.1,"DML-IVQR",2.15,3.63193221010309,5.99146454710798,TRUE,"OK"
5,500,0.1,0.1,"DML-IVQR",2.2,2.4854255262424,5.99146454710798,TRUE,"OK"
5,500,0.1,0.1,"DML-IVQR",2.25,3.01919912045403,5.99146454710798,TRUE,"OK"
5,500,0.1,0.1,"DML-IVQR",2.3,2.99534719382706,5.99146454710798,TRUE,"OK"
5,500,0.1,0.1,"DML-IVQR",2.35,3.95601652458457,5.99146454710798,TRUE,"OK"
5,500,0.1,0.1,"DML-IVQR",2.4,2.95121003423125,5.99146454710798,TRUE,"OK"
5,500,0.1,0.1,"DML-IVQR",2.45,2.9161484553717,5.99146454710798,TRUE,"OK"
5,500,0.1,0.1,"DML-IVQR",2.5,2.91945359407564,5.99146454710798,TRUE,"OK"
5,500,0.1,0.1,"DML-IVQR",2.55,4.30085872543142,5.99146454710798,TRUE,"OK"
5,500,0.1,0.1,"DML-IVQR",2.6,2.94488492958,5.99146454710798,TRUE,"OK"
5,500,0.1,0.1,"DML-IVQR",2.65,2.79870352303648,5.99146454710798,TRUE,"OK"
5,500,0.1,0.1,"DML-IVQR",2.7,2.80993952007561,5.99146454710798,TRUE,"OK"
5,500,0.1,0.1,"DML-IVQR",2.75,2.83162346792567,5.99146454710798,TRUE,"OK"
5,500,0.1,0.1,"DML-IVQR",2.8,3.28176600847368,5.99146454710798,TRUE,"OK"
5,500,0.1,0.1,"DML-IVQR",2.85,5.41664575664864,5.99146454710798,TRUE,"OK"
5,500,0.1,0.1,"DML-IVQR",2.9,3.14966139883007,5.99146454710798,TRUE,"OK"
5,500,0.1,0.1,"DML-IVQR",2.95,3.07181299310242,5.99146454710798,TRUE,"OK"
5,500,0.1,0.1,"DML-IVQR",3,3.06129206358343,5.99146454710798,TRUE,"OK"
5,500,0.1,0.5,"Oracle-GMM",-1,3.84941467705854,5.99146454710798,TRUE,"OK"
5,500,0.1,0.5,"Oracle-GMM",-0.95,2.6588180285218,5.99146454710798,TRUE,"OK"
5,500,0.1,0.5,"Oracle-GMM",-0.9,1.88676603697092,5.99146454710798,TRUE,"OK"
5,500,0.1,0.5,"Oracle-GMM",-0.85,1.87059128822123,5.99146454710798,TRUE,"OK"
5,500,0.1,0.5,"Oracle-GMM",-0.8,2.85854815062908,5.99146454710798,TRUE,"OK"
5,500,0.1,0.5,"Oracle-GMM",-0.75,3.05186450500598,5.99146454710798,TRUE,"OK"
5,500,0.1,0.5,"Oracle-GMM",-0.7,2.7086220129416,5.99146454710798,TRUE,"OK"
5,500,0.1,0.5,"Oracle-GMM",-0.65,3.31066997318926,5.99146454710798,TRUE,"OK"
5,500,0.1,0.5,"Oracle-GMM",-0.6,2.30813759070329,5.99146454710798,TRUE,"OK"
5,500,0.1,0.5,"Oracle-GMM",-0.55,2.97653997397653,5.99146454710798,TRUE,"OK"
5,500,0.1,0.5,"Oracle-GMM",-0.5,3.28504474241736,5.99146454710798,TRUE,"OK"
5,500,0.1,0.5,"Oracle-GMM",-0.45,3.02831763433293,5.99146454710798,TRUE,"OK"
5,500,0.1,0.5,"Oracle-GMM",-0.4,3.21114342849206,5.99146454710798,TRUE,"OK"
5,500,0.1,0.5,"Oracle-GMM",-0.35,3.23624969456678,5.99146454710798,TRUE,"OK"
5,500,0.1,0.5,"Oracle-GMM",-0.3,4.39899451748585,5.99146454710798,TRUE,"OK"
5,500,0.1,0.5,"Oracle-GMM",-0.25,3.3307889396092,5.99146454710798,TRUE,"OK"
5,500,0.1,0.5,"Oracle-GMM",-0.2,3.38739854735607,5.99146454710798,TRUE,"OK"
5,500,0.1,0.5,"Oracle-GMM",-0.15,4.39502982574222,5.99146454710798,TRUE,"OK"
5,500,0.1,0.5,"Oracle-GMM",-0.1,3.11536558255333,5.99146454710798,TRUE,"OK"
5,500,0.1,0.5,"Oracle-GMM",-0.0499999999999999,3.0671955348315,5.99146454710798,TRUE,"OK"
5,500,0.1,0.5,"Oracle-GMM",0,2.29561273794519,5.99146454710798,TRUE,"OK"
5,500,0.1,0.5,"Oracle-GMM",0.05,2.44698102093201,5.99146454710798,TRUE,"OK"
5,500,0.1,0.5,"Oracle-GMM",0.1,1.53915772559249,5.99146454710798,TRUE,"OK"
5,500,0.1,0.5,"Oracle-GMM",0.15,1.70814275930861,5.99146454710798,TRUE,"OK"
5,500,0.1,0.5,"Oracle-GMM",0.2,0.876242784212449,5.99146454710798,TRUE,"OK"
5,500,0.1,0.5,"Oracle-GMM",0.25,1.01210351223174,5.99146454710798,TRUE,"OK"
5,500,0.1,0.5,"Oracle-GMM",0.3,0.915453914321949,5.99146454710798,TRUE,"OK"
5,500,0.1,0.5,"Oracle-GMM",0.35,0.722041791106283,5.99146454710798,TRUE,"OK"
5,500,0.1,0.5,"Oracle-GMM",0.4,0.765017172254874,5.99146454710798,TRUE,"OK"
5,500,0.1,0.5,"Oracle-GMM",0.45,0.493988845878448,5.99146454710798,TRUE,"OK"
5,500,0.1,0.5,"Oracle-GMM",0.5,0.269647515857101,5.99146454710798,TRUE,"OK"
5,500,0.1,0.5,"Oracle-GMM",0.55,0.307667130353798,5.99146454710798,TRUE,"OK"
5,500,0.1,0.5,"Oracle-GMM",0.6,0.218499328578564,5.99146454710798,TRUE,"OK"
5,500,0.1,0.5,"Oracle-GMM",0.65,0.12289655057878,5.99146454710798,TRUE,"OK"
5,500,0.1,0.5,"Oracle-GMM",0.7,0.0387236698951062,5.99146454710798,TRUE,"OK"
5,500,0.1,0.5,"Oracle-GMM",0.75,0.0207243081378325,5.99146454710798,TRUE,"OK"
5,500,0.1,0.5,"Oracle-GMM",0.8,0.244584556681717,5.99146454710798,TRUE,"OK"
5,500,0.1,0.5,"Oracle-GMM",0.85,0.837081814992402,5.99146454710798,TRUE,"OK"
5,500,0.1,0.5,"Oracle-GMM",0.9,0.563241575945811,5.99146454710798,TRUE,"OK"
5,500,0.1,0.5,"Oracle-GMM",0.95,0.314154261389375,5.99146454710798,TRUE,"OK"
5,500,0.1,0.5,"Oracle-GMM",1,0.696012268399474,5.99146454710798,TRUE,"OK"
5,500,0.1,0.5,"Oracle-GMM",1.05,0.708881635358793,5.99146454710798,TRUE,"OK"
5,500,0.1,0.5,"Oracle-GMM",1.1,1.4711313315072,5.99146454710798,TRUE,"OK"
5,500,0.1,0.5,"Oracle-GMM",1.15,1.17240216163938,5.99146454710798,TRUE,"OK"
5,500,0.1,0.5,"Oracle-GMM",1.2,0.6547557368595,5.99146454710798,TRUE,"OK"
5,500,0.1,0.5,"Oracle-GMM",1.25,1.15951813976486,5.99146454710798,TRUE,"OK"
5,500,0.1,0.5,"Oracle-GMM",1.3,1.01235233586265,5.99146454710798,TRUE,"OK"
5,500,0.1,0.5,"Oracle-GMM",1.35,1.78588079150606,5.99146454710798,TRUE,"OK"
5,500,0.1,0.5,"Oracle-GMM",1.4,0.870727191783304,5.99146454710798,TRUE,"OK"
5,500,0.1,0.5,"Oracle-GMM",1.45,2.26634473592695,5.99146454710798,TRUE,"OK"
5,500,0.1,0.5,"Oracle-GMM",1.5,1.85065453317639,5.99146454710798,TRUE,"OK"
5,500,0.1,0.5,"Oracle-GMM",1.55,2.07279784956891,5.99146454710798,TRUE,"OK"
5,500,0.1,0.5,"Oracle-GMM",1.6,1.16978516486316,5.99146454710798,TRUE,"OK"
5,500,0.1,0.5,"Oracle-GMM",1.65,1.97005889995142,5.99146454710798,TRUE,"OK"
5,500,0.1,0.5,"Oracle-GMM",1.7,1.56964812517537,5.99146454710798,TRUE,"OK"
5,500,0.1,0.5,"Oracle-GMM",1.75,0.605645017789236,5.99146454710798,TRUE,"OK"
5,500,0.1,0.5,"Oracle-GMM",1.8,1.52309271476246,5.99146454710798,TRUE,"OK"
5,500,0.1,0.5,"Oracle-GMM",1.85,2.4679043175825,5.99146454710798,TRUE,"OK"
5,500,0.1,0.5,"Oracle-GMM",1.9,1.35751024626916,5.99146454710798,TRUE,"OK"
5,500,0.1,0.5,"Oracle-GMM",1.95,1.21379545362569,5.99146454710798,TRUE,"OK"
5,500,0.1,0.5,"Oracle-GMM",2,1.46694327652689,5.99146454710798,TRUE,"OK"
5,500,0.1,0.5,"Oracle-GMM",2.05,0.510496233737326,5.99146454710798,TRUE,"OK"
5,500,0.1,0.5,"Oracle-GMM",2.1,0.504406376219409,5.99146454710798,TRUE,"OK"
5,500,0.1,0.5,"Oracle-GMM",2.15,0.649558987584211,5.99146454710798,TRUE,"OK"
5,500,0.1,0.5,"Oracle-GMM",2.2,1.31604415636084,5.99146454710798,TRUE,"OK"
5,500,0.1,0.5,"Oracle-GMM",2.25,0.60616621415773,5.99146454710798,TRUE,"OK"
5,500,0.1,0.5,"Oracle-GMM",2.3,1.04218472066238,5.99146454710798,TRUE,"OK"
5,500,0.1,0.5,"Oracle-GMM",2.35,1.39148436713379,5.99146454710798,TRUE,"OK"
5,500,0.1,0.5,"Oracle-GMM",2.4,0.427635417381857,5.99146454710798,TRUE,"OK"
5,500,0.1,0.5,"Oracle-GMM",2.45,0.385533169913449,5.99146454710798,TRUE,"OK"
5,500,0.1,0.5,"Oracle-GMM",2.5,0.322707997184811,5.99146454710798,TRUE,"OK"
5,500,0.1,0.5,"Oracle-GMM",2.55,1.34452840175083,5.99146454710798,TRUE,"OK"
5,500,0.1,0.5,"Oracle-GMM",2.6,2.22768030877514,5.99146454710798,TRUE,"OK"
5,500,0.1,0.5,"Oracle-GMM",2.65,1.31943419063983,5.99146454710798,TRUE,"OK"
5,500,0.1,0.5,"Oracle-GMM",2.7,1.85662635758153,5.99146454710798,TRUE,"OK"
5,500,0.1,0.5,"Oracle-GMM",2.75,0.82286173058718,5.99146454710798,TRUE,"OK"
5,500,0.1,0.5,"Oracle-GMM",2.8,0.962831904410387,5.99146454710798,TRUE,"OK"
5,500,0.1,0.5,"Oracle-GMM",2.85,2.21757769049751,5.99146454710798,TRUE,"OK"
5,500,0.1,0.5,"Oracle-GMM",2.9,1.5533052889733,5.99146454710798,TRUE,"OK"
5,500,0.1,0.5,"Oracle-GMM",2.95,2.19384507455149,5.99146454710798,TRUE,"OK"
5,500,0.1,0.5,"Oracle-GMM",3,2.10905648816184,5.99146454710798,TRUE,"OK"
5,500,0.1,0.5,"Full-GMM",-1,0.846658706120117,5.99146454710798,TRUE,"OK"
5,500,0.1,0.5,"Full-GMM",-0.95,0.181113020396753,5.99146454710798,TRUE,"OK"
5,500,0.1,0.5,"Full-GMM",-0.9,1.22603019456974,5.99146454710798,TRUE,"OK"
5,500,0.1,0.5,"Full-GMM",-0.85,0.607089987068714,5.99146454710798,TRUE,"OK"
5,500,0.1,0.5,"Full-GMM",-0.8,1.35545298266749,5.99146454710798,TRUE,"OK"
5,500,0.1,0.5,"Full-GMM",-0.75,0.747970806028269,5.99146454710798,TRUE,"OK"
5,500,0.1,0.5,"Full-GMM",-0.7,0.906465823667419,5.99146454710798,TRUE,"OK"
5,500,0.1,0.5,"Full-GMM",-0.65,0.666043548690052,5.99146454710798,TRUE,"OK"
5,500,0.1,0.5,"Full-GMM",-0.6,1.46518743834456,5.99146454710798,TRUE,"OK"
5,500,0.1,0.5,"Full-GMM",-0.55,1.34717514113545,5.99146454710798,TRUE,"OK"
5,500,0.1,0.5,"Full-GMM",-0.5,2.359614847131,5.99146454710798,TRUE,"OK"
5,500,0.1,0.5,"Full-GMM",-0.45,1.06648330940977,5.99146454710798,TRUE,"OK"
5,500,0.1,0.5,"Full-GMM",-0.4,2.05246315766628,5.99146454710798,TRUE,"OK"
5,500,0.1,0.5,"Full-GMM",-0.35,0.336179705665379,5.99146454710798,TRUE,"OK"
5,500,0.1,0.5,"Full-GMM",-0.3,0.410565743719142,5.99146454710798,TRUE,"OK"
5,500,0.1,0.5,"Full-GMM",-0.25,0.901856451077078,5.99146454710798,TRUE,"OK"
5,500,0.1,0.5,"Full-GMM",-0.2,0.784583420779356,5.99146454710798,TRUE,"OK"
5,500,0.1,0.5,"Full-GMM",-0.15,1.56411551539218,5.99146454710798,TRUE,"OK"
5,500,0.1,0.5,"Full-GMM",-0.1,0.677190947525751,5.99146454710798,TRUE,"OK"
5,500,0.1,0.5,"Full-GMM",-0.0499999999999999,0.522295689522635,5.99146454710798,TRUE,"OK"
5,500,0.1,0.5,"Full-GMM",0,2.02214035975826,5.99146454710798,TRUE,"OK"
5,500,0.1,0.5,"Full-GMM",0.05,2.39505154748117,5.99146454710798,TRUE,"OK"
5,500,0.1,0.5,"Full-GMM",0.1,1.29661883988591,5.99146454710798,TRUE,"OK"
5,500,0.1,0.5,"Full-GMM",0.15,2.18186649060075,5.99146454710798,TRUE,"OK"
5,500,0.1,0.5,"Full-GMM",0.2,2.28783499216879,5.99146454710798,TRUE,"OK"
5,500,0.1,0.5,"Full-GMM",0.25,1.16325059851359,5.99146454710798,TRUE,"OK"
5,500,0.1,0.5,"Full-GMM",0.3,4.06112213688881,5.99146454710798,TRUE,"OK"
5,500,0.1,0.5,"Full-GMM",0.35,2.40509153777372,5.99146454710798,TRUE,"OK"
5,500,0.1,0.5,"Full-GMM",0.4,0.927928551455791,5.99146454710798,TRUE,"OK"
5,500,0.1,0.5,"Full-GMM",0.45,3.38826261694634,5.99146454710798,TRUE,"OK"
5,500,0.1,0.5,"Full-GMM",0.5,2.78207496156946,5.99146454710798,TRUE,"OK"
5,500,0.1,0.5,"Full-GMM",0.55,5.62062065635268,5.99146454710798,TRUE,"OK"
5,500,0.1,0.5,"Full-GMM",0.6,2.2252636024855,5.99146454710798,TRUE,"OK"
5,500,0.1,0.5,"Full-GMM",0.65,1.15929393519338,5.99146454710798,TRUE,"OK"
5,500,0.1,0.5,"Full-GMM",0.7,1.07440321286285,5.99146454710798,TRUE,"OK"
5,500,0.1,0.5,"Full-GMM",0.75,1.24994135294661,5.99146454710798,TRUE,"OK"
5,500,0.1,0.5,"Full-GMM",0.8,2.6583126928266,5.99146454710798,TRUE,"OK"
5,500,0.1,0.5,"Full-GMM",0.85,3.78938653420079,5.99146454710798,TRUE,"OK"
5,500,0.1,0.5,"Full-GMM",0.9,6.03651261047647,5.99146454710798,FALSE,"OK"
5,500,0.1,0.5,"Full-GMM",0.95,0.687692528743371,5.99146454710798,TRUE,"OK"
5,500,0.1,0.5,"Full-GMM",1,2.75112042512664,5.99146454710798,TRUE,"OK"
5,500,0.1,0.5,"Full-GMM",1.05,1.04835470288134,5.99146454710798,TRUE,"OK"
5,500,0.1,0.5,"Full-GMM",1.1,2.31693698631806,5.99146454710798,TRUE,"OK"
5,500,0.1,0.5,"Full-GMM",1.15,1.95695109747046,5.99146454710798,TRUE,"OK"
5,500,0.1,0.5,"Full-GMM",1.2,0.623282193058971,5.99146454710798,TRUE,"OK"
5,500,0.1,0.5,"Full-GMM",1.25,1.23249851132854,5.99146454710798,TRUE,"OK"
5,500,0.1,0.5,"Full-GMM",1.3,2.1711444135388,5.99146454710798,TRUE,"OK"
5,500,0.1,0.5,"Full-GMM",1.35,0.871659007609048,5.99146454710798,TRUE,"OK"
5,500,0.1,0.5,"Full-GMM",1.4,0.846467458004122,5.99146454710798,TRUE,"OK"
5,500,0.1,0.5,"Full-GMM",1.45,2.48290563053285,5.99146454710798,TRUE,"OK"
5,500,0.1,0.5,"Full-GMM",1.5,1.01982644079532,5.99146454710798,TRUE,"OK"
5,500,0.1,0.5,"Full-GMM",1.55,1.13777060172186,5.99146454710798,TRUE,"OK"
5,500,0.1,0.5,"Full-GMM",1.6,0.434098360064405,5.99146454710798,TRUE,"OK"
5,500,0.1,0.5,"Full-GMM",1.65,1.00267460627143,5.99146454710798,TRUE,"OK"
5,500,0.1,0.5,"Full-GMM",1.7,0.773771523668883,5.99146454710798,TRUE,"OK"
5,500,0.1,0.5,"Full-GMM",1.75,0.804734288566437,5.99146454710798,TRUE,"OK"
5,500,0.1,0.5,"Full-GMM",1.8,1.28004169023514,5.99146454710798,TRUE,"OK"
5,500,0.1,0.5,"Full-GMM",1.85,0.56969912707887,5.99146454710798,TRUE,"OK"
5,500,0.1,0.5,"Full-GMM",1.9,0.998894956168988,5.99146454710798,TRUE,"OK"
5,500,0.1,0.5,"Full-GMM",1.95,1.375143196887,5.99146454710798,TRUE,"OK"
5,500,0.1,0.5,"Full-GMM",2,0.67747376494623,5.99146454710798,TRUE,"OK"
5,500,0.1,0.5,"Full-GMM",2.05,0.83436021001192,5.99146454710798,TRUE,"OK"
5,500,0.1,0.5,"Full-GMM",2.1,2.0825128940586,5.99146454710798,TRUE,"OK"
5,500,0.1,0.5,"Full-GMM",2.15,0.637682084575648,5.99146454710798,TRUE,"OK"
5,500,0.1,0.5,"Full-GMM",2.2,0.552179185936788,5.99146454710798,TRUE,"OK"
5,500,0.1,0.5,"Full-GMM",2.25,0.118879057536693,5.99146454710798,TRUE,"OK"
5,500,0.1,0.5,"Full-GMM",2.3,0.457086781577239,5.99146454710798,TRUE,"OK"
5,500,0.1,0.5,"Full-GMM",2.35,0.237567542957014,5.99146454710798,TRUE,"OK"
5,500,0.1,0.5,"Full-GMM",2.4,0.134324371413882,5.99146454710798,TRUE,"OK"
5,500,0.1,0.5,"Full-GMM",2.45,0.0512301497384124,5.99146454710798,TRUE,"OK"
5,500,0.1,0.5,"Full-GMM",2.5,0.0271740456045857,5.99146454710798,TRUE,"OK"
5,500,0.1,0.5,"Full-GMM",2.55,0.183715968684035,5.99146454710798,TRUE,"OK"
5,500,0.1,0.5,"Full-GMM",2.6,0.0324931532215928,5.99146454710798,TRUE,"OK"
5,500,0.1,0.5,"Full-GMM",2.65,0.15694754847725,5.99146454710798,TRUE,"OK"
5,500,0.1,0.5,"Full-GMM",2.7,0.620666252932997,5.99146454710798,TRUE,"OK"
5,500,0.1,0.5,"Full-GMM",2.75,0.318629326067465,5.99146454710798,TRUE,"OK"
5,500,0.1,0.5,"Full-GMM",2.8,0.0430551654073462,5.99146454710798,TRUE,"OK"
5,500,0.1,0.5,"Full-GMM",2.85,0.00119061767660585,5.99146454710798,TRUE,"OK"
5,500,0.1,0.5,"Full-GMM",2.9,0.708696138139731,5.99146454710798,TRUE,"OK"
5,500,0.1,0.5,"Full-GMM",2.95,0.127505346479347,5.99146454710798,TRUE,"OK"
5,500,0.1,0.5,"Full-GMM",3,0.0122286769477612,5.99146454710798,TRUE,"OK"
5,500,0.1,0.5,"DML-IVQR",-1,5.40900983682396,5.99146454710798,TRUE,"OK"
5,500,0.1,0.5,"DML-IVQR",-0.95,5.37771907341639,5.99146454710798,TRUE,"OK"
5,500,0.1,0.5,"DML-IVQR",-0.9,5.57680682944026,5.99146454710798,TRUE,"OK"
5,500,0.1,0.5,"DML-IVQR",-0.85,6.42340044703687,5.99146454710798,FALSE,"OK"
5,500,0.1,0.5,"DML-IVQR",-0.8,5.1831140384705,5.99146454710798,TRUE,"OK"
5,500,0.1,0.5,"DML-IVQR",-0.75,4.67525711581515,5.99146454710798,TRUE,"OK"
5,500,0.1,0.5,"DML-IVQR",-0.7,6.14633355505813,5.99146454710798,FALSE,"OK"
5,500,0.1,0.5,"DML-IVQR",-0.65,6.12457591491061,5.99146454710798,FALSE,"OK"
5,500,0.1,0.5,"DML-IVQR",-0.6,3.81216812867702,5.99146454710798,TRUE,"OK"
5,500,0.1,0.5,"DML-IVQR",-0.55,4.49607531980391,5.99146454710798,TRUE,"OK"
5,500,0.1,0.5,"DML-IVQR",-0.5,4.41619780919819,5.99146454710798,TRUE,"OK"
5,500,0.1,0.5,"DML-IVQR",-0.45,3.49548293400985,5.99146454710798,TRUE,"OK"
5,500,0.1,0.5,"DML-IVQR",-0.4,3.79083695335994,5.99146454710798,TRUE,"OK"
5,500,0.1,0.5,"DML-IVQR",-0.35,3.30036126255084,5.99146454710798,TRUE,"OK"
5,500,0.1,0.5,"DML-IVQR",-0.3,1.95214869478111,5.99146454710798,TRUE,"OK"
5,500,0.1,0.5,"DML-IVQR",-0.25,1.29667162496804,5.99146454710798,TRUE,"OK"
5,500,0.1,0.5,"DML-IVQR",-0.2,1.76468894605047,5.99146454710798,TRUE,"OK"
5,500,0.1,0.5,"DML-IVQR",-0.15,1.13708400067199,5.99146454710798,TRUE,"OK"
5,500,0.1,0.5,"DML-IVQR",-0.1,0.436646010567553,5.99146454710798,TRUE,"OK"
5,500,0.1,0.5,"DML-IVQR",-0.0499999999999999,0.945721506714671,5.99146454710798,TRUE,"OK"
5,500,0.1,0.5,"DML-IVQR",0,0.769032714775553,5.99146454710798,TRUE,"OK"
5,500,0.1,0.5,"DML-IVQR",0.05,0.455812652559948,5.99146454710798,TRUE,"OK"
5,500,0.1,0.5,"DML-IVQR",0.1,0.109133758528158,5.99146454710798,TRUE,"OK"
5,500,0.1,0.5,"DML-IVQR",0.15,0.212990465455647,5.99146454710798,TRUE,"OK"
5,500,0.1,0.5,"DML-IVQR",0.2,0.579888404466905,5.99146454710798,TRUE,"OK"
5,500,0.1,0.5,"DML-IVQR",0.25,1.05762528239193,5.99146454710798,TRUE,"OK"
5,500,0.1,0.5,"DML-IVQR",0.3,0.925850876314588,5.99146454710798,TRUE,"OK"
5,500,0.1,0.5,"DML-IVQR",0.35,0.881854067053351,5.99146454710798,TRUE,"OK"
5,500,0.1,0.5,"DML-IVQR",0.4,0.816307868456243,5.99146454710798,TRUE,"OK"
5,500,0.1,0.5,"DML-IVQR",0.45,0.525389489043687,5.99146454710798,TRUE,"OK"
5,500,0.1,0.5,"DML-IVQR",0.5,0.911265396128235,5.99146454710798,TRUE,"OK"
5,500,0.1,0.5,"DML-IVQR",0.55,1.82758095391811,5.99146454710798,TRUE,"OK"
5,500,0.1,0.5,"DML-IVQR",0.6,1.48204452571616,5.99146454710798,TRUE,"OK"
5,500,0.1,0.5,"DML-IVQR",0.65,1.93966238636452,5.99146454710798,TRUE,"OK"
5,500,0.1,0.5,"DML-IVQR",0.7,2.22505102714664,5.99146454710798,TRUE,"OK"
5,500,0.1,0.5,"DML-IVQR",0.75,0.765819529354959,5.99146454710798,TRUE,"OK"
5,500,0.1,0.5,"DML-IVQR",0.8,1.43226018086411,5.99146454710798,TRUE,"OK"
5,500,0.1,0.5,"DML-IVQR",0.85,0.952763883546984,5.99146454710798,TRUE,"OK"
5,500,0.1,0.5,"DML-IVQR",0.9,1.07269791456956,5.99146454710798,TRUE,"OK"
5,500,0.1,0.5,"DML-IVQR",0.95,1.79045624728983,5.99146454710798,TRUE,"OK"
5,500,0.1,0.5,"DML-IVQR",1,1.33014567524695,5.99146454710798,TRUE,"OK"
5,500,0.1,0.5,"DML-IVQR",1.05,1.56787801355181,5.99146454710798,TRUE,"OK"
5,500,0.1,0.5,"DML-IVQR",1.1,2.74114176705878,5.99146454710798,TRUE,"OK"
5,500,0.1,0.5,"DML-IVQR",1.15,0.525126615994719,5.99146454710798,TRUE,"OK"
5,500,0.1,0.5,"DML-IVQR",1.2,0.876222609095442,5.99146454710798,TRUE,"OK"
5,500,0.1,0.5,"DML-IVQR",1.25,0.947867000691666,5.99146454710798,TRUE,"OK"
5,500,0.1,0.5,"DML-IVQR",1.3,0.555004291375451,5.99146454710798,TRUE,"OK"
5,500,0.1,0.5,"DML-IVQR",1.35,1.33331869720935,5.99146454710798,TRUE,"OK"
5,500,0.1,0.5,"DML-IVQR",1.4,1.30124305296012,5.99146454710798,TRUE,"OK"
5,500,0.1,0.5,"DML-IVQR",1.45,0.14918153921744,5.99146454710798,TRUE,"OK"
5,500,0.1,0.5,"DML-IVQR",1.5,0.540371415587137,5.99146454710798,TRUE,"OK"
5,500,0.1,0.5,"DML-IVQR",1.55,0.862551321074602,5.99146454710798,TRUE,"OK"
5,500,0.1,0.5,"DML-IVQR",1.6,0.808707003425576,5.99146454710798,TRUE,"OK"
5,500,0.1,0.5,"DML-IVQR",1.65,1.11050438572157,5.99146454710798,TRUE,"OK"
5,500,0.1,0.5,"DML-IVQR",1.7,1.83712086498203,5.99146454710798,TRUE,"OK"
5,500,0.1,0.5,"DML-IVQR",1.75,1.57114213084755,5.99146454710798,TRUE,"OK"
5,500,0.1,0.5,"DML-IVQR",1.8,0.854104399042242,5.99146454710798,TRUE,"OK"
5,500,0.1,0.5,"DML-IVQR",1.85,1.25544111125885,5.99146454710798,TRUE,"OK"
5,500,0.1,0.5,"DML-IVQR",1.9,1.40714748844838,5.99146454710798,TRUE,"OK"
5,500,0.1,0.5,"DML-IVQR",1.95,1.9996734411466,5.99146454710798,TRUE,"OK"
5,500,0.1,0.5,"DML-IVQR",2,1.65401406049341,5.99146454710798,TRUE,"OK"
5,500,0.1,0.5,"DML-IVQR",2.05,1.25574119530086,5.99146454710798,TRUE,"OK"
5,500,0.1,0.5,"DML-IVQR",2.1,0.701107124801182,5.99146454710798,TRUE,"OK"
5,500,0.1,0.5,"DML-IVQR",2.15,0.695699622541899,5.99146454710798,TRUE,"OK"
5,500,0.1,0.5,"DML-IVQR",2.2,0.69349703888803,5.99146454710798,TRUE,"OK"
5,500,0.1,0.5,"DML-IVQR",2.25,0.730188356884096,5.99146454710798,TRUE,"OK"
5,500,0.1,0.5,"DML-IVQR",2.3,0.516073259553189,5.99146454710798,TRUE,"OK"
5,500,0.1,0.5,"DML-IVQR",2.35,0.683230719445138,5.99146454710798,TRUE,"OK"
5,500,0.1,0.5,"DML-IVQR",2.4,0.901452108441338,5.99146454710798,TRUE,"OK"
5,500,0.1,0.5,"DML-IVQR",2.45,0.431516020427038,5.99146454710798,TRUE,"OK"
5,500,0.1,0.5,"DML-IVQR",2.5,0.65362646275417,5.99146454710798,TRUE,"OK"
5,500,0.1,0.5,"DML-IVQR",2.55,0.773737285438584,5.99146454710798,TRUE,"OK"
5,500,0.1,0.5,"DML-IVQR",2.6,1.09629331535863,5.99146454710798,TRUE,"OK"
5,500,0.1,0.5,"DML-IVQR",2.65,1.30730439408971,5.99146454710798,TRUE,"OK"
5,500,0.1,0.5,"DML-IVQR",2.7,0.558140834904529,5.99146454710798,TRUE,"OK"
5,500,0.1,0.5,"DML-IVQR",2.75,0.867123522188384,5.99146454710798,TRUE,"OK"
5,500,0.1,0.5,"DML-IVQR",2.8,0.36541892028543,5.99146454710798,TRUE,"OK"
5,500,0.1,0.5,"DML-IVQR",2.85,0.687798425097349,5.99146454710798,TRUE,"OK"
5,500,0.1,0.5,"DML-IVQR",2.9,1.30859924629844,5.99146454710798,TRUE,"OK"
5,500,0.1,0.5,"DML-IVQR",2.95,1.18463174758452,5.99146454710798,TRUE,"OK"
5,500,0.1,0.5,"DML-IVQR",3,1.21784059493393,5.99146454710798,TRUE,"OK"
5,500,0.1,0.9,"Oracle-GMM",-1,1.31496520049121,5.99146454710798,TRUE,"OK"
5,500,0.1,0.9,"Oracle-GMM",-0.95,1.50356751289607,5.99146454710798,TRUE,"OK"
5,500,0.1,0.9,"Oracle-GMM",-0.9,3.22270220211241,5.99146454710798,TRUE,"OK"
5,500,0.1,0.9,"Oracle-GMM",-0.85,2.71201448804108,5.99146454710798,TRUE,"OK"
5,500,0.1,0.9,"Oracle-GMM",-0.8,2.13113786742424,5.99146454710798,TRUE,"OK"
5,500,0.1,0.9,"Oracle-GMM",-0.75,0.992389061142594,5.99146454710798,TRUE,"OK"
5,500,0.1,0.9,"Oracle-GMM",-0.7,1.3634741499837,5.99146454710798,TRUE,"OK"
5,500,0.1,0.9,"Oracle-GMM",-0.65,1.2962860981089,5.99146454710798,TRUE,"OK"
5,500,0.1,0.9,"Oracle-GMM",-0.6,2.3209395867899,5.99146454710798,TRUE,"OK"
5,500,0.1,0.9,"Oracle-GMM",-0.55,1.11480158592955,5.99146454710798,TRUE,"OK"
5,500,0.1,0.9,"Oracle-GMM",-0.5,1.65420616622935,5.99146454710798,TRUE,"OK"
5,500,0.1,0.9,"Oracle-GMM",-0.45,1.65559183782431,5.99146454710798,TRUE,"OK"
5,500,0.1,0.9,"Oracle-GMM",-0.4,0.822393710147007,5.99146454710798,TRUE,"OK"
5,500,0.1,0.9,"Oracle-GMM",-0.35,0.622395366731014,5.99146454710798,TRUE,"OK"
5,500,0.1,0.9,"Oracle-GMM",-0.3,0.735433629622682,5.99146454710798,TRUE,"OK"
5,500,0.1,0.9,"Oracle-GMM",-0.25,1.60253592152294,5.99146454710798,TRUE,"OK"
5,500,0.1,0.9,"Oracle-GMM",-0.2,1.87338730506652,5.99146454710798,TRUE,"OK"
5,500,0.1,0.9,"Oracle-GMM",-0.15,1.99885069012986,5.99146454710798,TRUE,"OK"
5,500,0.1,0.9,"Oracle-GMM",-0.1,1.97636683118318,5.99146454710798,TRUE,"OK"
5,500,0.1,0.9,"Oracle-GMM",-0.0499999999999999,2.19385246496369,5.99146454710798,TRUE,"OK"
5,500,0.1,0.9,"Oracle-GMM",0,1.40508791458329,5.99146454710798,TRUE,"OK"
5,500,0.1,0.9,"Oracle-GMM",0.05,0.742176172702926,5.99146454710798,TRUE,"OK"
5,500,0.1,0.9,"Oracle-GMM",0.1,1.57680255647988,5.99146454710798,TRUE,"OK"
5,500,0.1,0.9,"Oracle-GMM",0.15,1.15264432148698,5.99146454710798,TRUE,"OK"
5,500,0.1,0.9,"Oracle-GMM",0.2,0.956287351855968,5.99146454710798,TRUE,"OK"
5,500,0.1,0.9,"Oracle-GMM",0.25,0.57089461118865,5.99146454710798,TRUE,"OK"
5,500,0.1,0.9,"Oracle-GMM",0.3,1.05871901132842,5.99146454710798,TRUE,"OK"
5,500,0.1,0.9,"Oracle-GMM",0.35,1.27750696118077,5.99146454710798,TRUE,"OK"
5,500,0.1,0.9,"Oracle-GMM",0.4,0.741547767580118,5.99146454710798,TRUE,"OK"
5,500,0.1,0.9,"Oracle-GMM",0.45,1.10609525830869,5.99146454710798,TRUE,"OK"
5,500,0.1,0.9,"Oracle-GMM",0.5,0.626609898531558,5.99146454710798,TRUE,"OK"
5,500,0.1,0.9,"Oracle-GMM",0.55,0.675571554916102,5.99146454710798,TRUE,"OK"
5,500,0.1,0.9,"Oracle-GMM",0.6,1.061988012114,5.99146454710798,TRUE,"OK"
5,500,0.1,0.9,"Oracle-GMM",0.65,1.67105114246336,5.99146454710798,TRUE,"OK"
5,500,0.1,0.9,"Oracle-GMM",0.7,1.07167936138085,5.99146454710798,TRUE,"OK"
5,500,0.1,0.9,"Oracle-GMM",0.75,0.547827474591031,5.99146454710798,TRUE,"OK"
5,500,0.1,0.9,"Oracle-GMM",0.8,0.528312912226216,5.99146454710798,TRUE,"OK"
5,500,0.1,0.9,"Oracle-GMM",0.85,0.740499716759255,5.99146454710798,TRUE,"OK"
5,500,0.1,0.9,"Oracle-GMM",0.9,0.816617220220187,5.99146454710798,TRUE,"OK"
5,500,0.1,0.9,"Oracle-GMM",0.95,0.714661304470006,5.99146454710798,TRUE,"OK"
5,500,0.1,0.9,"Oracle-GMM",1,0.936464725295899,5.99146454710798,TRUE,"OK"
5,500,0.1,0.9,"Oracle-GMM",1.05,1.93210069913998,5.99146454710798,TRUE,"OK"
5,500,0.1,0.9,"Oracle-GMM",1.1,0.880496998650685,5.99146454710798,TRUE,"OK"
5,500,0.1,0.9,"Oracle-GMM",1.15,1.1203216678621,5.99146454710798,TRUE,"OK"
5,500,0.1,0.9,"Oracle-GMM",1.2,0.566048457391898,5.99146454710798,TRUE,"OK"
5,500,0.1,0.9,"Oracle-GMM",1.25,1.27317124312072,5.99146454710798,TRUE,"OK"
5,500,0.1,0.9,"Oracle-GMM",1.3,1.11287636607306,5.99146454710798,TRUE,"OK"
5,500,0.1,0.9,"Oracle-GMM",1.35,1.38077131252725,5.99146454710798,TRUE,"OK"
5,500,0.1,0.9,"Oracle-GMM",1.4,2.32529733876985,5.99146454710798,TRUE,"OK"
5,500,0.1,0.9,"Oracle-GMM",1.45,0.66260369261617,5.99146454710798,TRUE,"OK"
5,500,0.1,0.9,"Oracle-GMM",1.5,2.16974536188313,5.99146454710798,TRUE,"OK"
5,500,0.1,0.9,"Oracle-GMM",1.55,1.13038126171507,5.99146454710798,TRUE,"OK"
5,500,0.1,0.9,"Oracle-GMM",1.6,0.30129721300246,5.99146454710798,TRUE,"OK"
5,500,0.1,0.9,"Oracle-GMM",1.65,1.01955630881661,5.99146454710798,TRUE,"OK"
5,500,0.1,0.9,"Oracle-GMM",1.7,0.53414303739706,5.99146454710798,TRUE,"OK"
5,500,0.1,0.9,"Oracle-GMM",1.75,0.756951111505276,5.99146454710798,TRUE,"OK"
5,500,0.1,0.9,"Oracle-GMM",1.8,0.456444104842753,5.99146454710798,TRUE,"OK"
5,500,0.1,0.9,"Oracle-GMM",1.85,1.15128524900655,5.99146454710798,TRUE,"OK"
5,500,0.1,0.9,"Oracle-GMM",1.9,1.00200404386966,5.99146454710798,TRUE,"OK"
5,500,0.1,0.9,"Oracle-GMM",1.95,1.56469182988484,5.99146454710798,TRUE,"OK"
5,500,0.1,0.9,"Oracle-GMM",2,0.956069180877941,5.99146454710798,TRUE,"OK"
5,500,0.1,0.9,"Oracle-GMM",2.05,0.399845368944394,5.99146454710798,TRUE,"OK"
5,500,0.1,0.9,"Oracle-GMM",2.1,0.787525215666095,5.99146454710798,TRUE,"OK"
5,500,0.1,0.9,"Oracle-GMM",2.15,0.590603633803327,5.99146454710798,TRUE,"OK"
5,500,0.1,0.9,"Oracle-GMM",2.2,0.898481429004744,5.99146454710798,TRUE,"OK"
5,500,0.1,0.9,"Oracle-GMM",2.25,0.996457964712206,5.99146454710798,TRUE,"OK"
5,500,0.1,0.9,"Oracle-GMM",2.3,0.461061728080126,5.99146454710798,TRUE,"OK"
5,500,0.1,0.9,"Oracle-GMM",2.35,2.15433609180687,5.99146454710798,TRUE,"OK"
5,500,0.1,0.9,"Oracle-GMM",2.4,2.29726545746284,5.99146454710798,TRUE,"OK"
5,500,0.1,0.9,"Oracle-GMM",2.45,3.11911294840335,5.99146454710798,TRUE,"OK"
5,500,0.1,0.9,"Oracle-GMM",2.5,0.831389271242808,5.99146454710798,TRUE,"OK"
5,500,0.1,0.9,"Oracle-GMM",2.55,0.747595014884608,5.99146454710798,TRUE,"OK"
5,500,0.1,0.9,"Oracle-GMM",2.6,0.866168620660113,5.99146454710798,TRUE,"OK"
5,500,0.1,0.9,"Oracle-GMM",2.65,1.25480789733127,5.99146454710798,TRUE,"OK"
5,500,0.1,0.9,"Oracle-GMM",2.7,0.70085610210376,5.99146454710798,TRUE,"OK"
5,500,0.1,0.9,"Oracle-GMM",2.75,0.684457654919672,5.99146454710798,TRUE,"OK"
5,500,0.1,0.9,"Oracle-GMM",2.8,0.777945531082184,5.99146454710798,TRUE,"OK"
5,500,0.1,0.9,"Oracle-GMM",2.85,0.878747178581538,5.99146454710798,TRUE,"OK"
5,500,0.1,0.9,"Oracle-GMM",2.9,0.0477566663344351,5.99146454710798,TRUE,"OK"
5,500,0.1,0.9,"Oracle-GMM",2.95,1.41036879240854,5.99146454710798,TRUE,"OK"
5,500,0.1,0.9,"Oracle-GMM",3,1.62095410498901,5.99146454710798,TRUE,"OK"
5,500,0.1,0.9,"Full-GMM",-1,1.05604103650447,5.99146454710798,TRUE,"OK"
5,500,0.1,0.9,"Full-GMM",-0.95,0.285556913138137,5.99146454710798,TRUE,"OK"
5,500,0.1,0.9,"Full-GMM",-0.9,1.15890424404138,5.99146454710798,TRUE,"OK"
5,500,0.1,0.9,"Full-GMM",-0.85,0.371111781091426,5.99146454710798,TRUE,"OK"
5,500,0.1,0.9,"Full-GMM",-0.8,0.591189099422677,5.99146454710798,TRUE,"OK"
5,500,0.1,0.9,"Full-GMM",-0.75,0.373898700025341,5.99146454710798,TRUE,"OK"
5,500,0.1,0.9,"Full-GMM",-0.7,0.0338694465590863,5.99146454710798,TRUE,"OK"
5,500,0.1,0.9,"Full-GMM",-0.65,0.477652755102575,5.99146454710798,TRUE,"OK"
5,500,0.1,0.9,"Full-GMM",-0.6,0.277811476322211,5.99146454710798,TRUE,"OK"
5,500,0.1,0.9,"Full-GMM",-0.55,3.15850068576648,5.99146454710798,TRUE,"OK"
5,500,0.1,0.9,"Full-GMM",-0.5,0.191738644437523,5.99146454710798,TRUE,"OK"
5,500,0.1,0.9,"Full-GMM",-0.45,1.78658198022591,5.99146454710798,TRUE,"OK"
5,500,0.1,0.9,"Full-GMM",-0.4,1.97876246239122,5.99146454710798,TRUE,"OK"
5,500,0.1,0.9,"Full-GMM",-0.35,2.68505553398578,5.99146454710798,TRUE,"OK"
5,500,0.1,0.9,"Full-GMM",-0.3,0.194555432399759,5.99146454710798,TRUE,"OK"
5,500,0.1,0.9,"Full-GMM",-0.25,1.41550621939438,5.99146454710798,TRUE,"OK"
5,500,0.1,0.9,"Full-GMM",-0.2,1.28122443920245,5.99146454710798,TRUE,"OK"
5,500,0.1,0.9,"Full-GMM",-0.15,5.30608813658063,5.99146454710798,TRUE,"OK"
5,500,0.1,0.9,"Full-GMM",-0.1,0.701915814730347,5.99146454710798,TRUE,"OK"
5,500,0.1,0.9,"Full-GMM",-0.0499999999999999,1.49093697005369,5.99146454710798,TRUE,"OK"
5,500,0.1,0.9,"Full-GMM",0,0.175738889983615,5.99146454710798,TRUE,"OK"
5,500,0.1,0.9,"Full-GMM",0.05,0.00455974654274154,5.99146454710798,TRUE,"OK"
5,500,0.1,0.9,"Full-GMM",0.1,1.08689939911591,5.99146454710798,TRUE,"OK"
5,500,0.1,0.9,"Full-GMM",0.15,0.598432441463543,5.99146454710798,TRUE,"OK"
5,500,0.1,0.9,"Full-GMM",0.2,2.01136427713011,5.99146454710798,TRUE,"OK"
5,500,0.1,0.9,"Full-GMM",0.25,1.66360039603395,5.99146454710798,TRUE,"OK"
5,500,0.1,0.9,"Full-GMM",0.3,2.93005573494751,5.99146454710798,TRUE,"OK"
5,500,0.1,0.9,"Full-GMM",0.35,1.10115891930079,5.99146454710798,TRUE,"OK"
5,500,0.1,0.9,"Full-GMM",0.4,1.06400184376444,5.99146454710798,TRUE,"OK"
5,500,0.1,0.9,"Full-GMM",0.45,0.655797511144266,5.99146454710798,TRUE,"OK"
5,500,0.1,0.9,"Full-GMM",0.5,6.66033841334556,5.99146454710798,FALSE,"OK"
5,500,0.1,0.9,"Full-GMM",0.55,0.378695249105695,5.99146454710798,TRUE,"OK"
5,500,0.1,0.9,"Full-GMM",0.6,3.13018648730369,5.99146454710798,TRUE,"OK"
5,500,0.1,0.9,"Full-GMM",0.65,0.801527408247597,5.99146454710798,TRUE,"OK"
5,500,0.1,0.9,"Full-GMM",0.7,3.99645896704977,5.99146454710798,TRUE,"OK"
5,500,0.1,0.9,"Full-GMM",0.75,5.70952538698329,5.99146454710798,TRUE,"OK"
5,500,0.1,0.9,"Full-GMM",0.8,1.55403785604093,5.99146454710798,TRUE,"OK"
5,500,0.1,0.9,"Full-GMM",0.85,4.21321944644161,5.99146454710798,TRUE,"OK"
5,500,0.1,0.9,"Full-GMM",0.9,1.67008867765843,5.99146454710798,TRUE,"OK"
5,500,0.1,0.9,"Full-GMM",0.95,0.345310095821449,5.99146454710798,TRUE,"OK"
5,500,0.1,0.9,"Full-GMM",1,7.61837273447195,5.99146454710798,FALSE,"OK"
5,500,0.1,0.9,"Full-GMM",1.05,0.815333332842719,5.99146454710798,TRUE,"OK"
5,500,0.1,0.9,"Full-GMM",1.1,4.02629099132659,5.99146454710798,TRUE,"OK"
5,500,0.1,0.9,"Full-GMM",1.15,5.21427015763541,5.99146454710798,TRUE,"OK"
5,500,0.1,0.9,"Full-GMM",1.2,7.70478687682121,5.99146454710798,FALSE,"OK"
5,500,0.1,0.9,"Full-GMM",1.25,5.98673166761582,5.99146454710798,TRUE,"OK"
5,500,0.1,0.9,"Full-GMM",1.3,0.931017038393639,5.99146454710798,TRUE,"OK"
5,500,0.1,0.9,"Full-GMM",1.35,5.96692333467036,5.99146454710798,TRUE,"OK"
5,500,0.1,0.9,"Full-GMM",1.4,5.79748933916849,5.99146454710798,TRUE,"OK"
5,500,0.1,0.9,"Full-GMM",1.45,4.25230200504722,5.99146454710798,TRUE,"OK"
5,500,0.1,0.9,"Full-GMM",1.5,2.42662920332891,5.99146454710798,TRUE,"OK"
5,500,0.1,0.9,"Full-GMM",1.55,0.992674193766616,5.99146454710798,TRUE,"OK"
5,500,0.1,0.9,"Full-GMM",1.6,4.08715325801036,5.99146454710798,TRUE,"OK"
5,500,0.1,0.9,"Full-GMM",1.65,0.692483394460902,5.99146454710798,TRUE,"OK"
5,500,0.1,0.9,"Full-GMM",1.7,0.0808129388350475,5.99146454710798,TRUE,"OK"
5,500,0.1,0.9,"Full-GMM",1.75,2.25330473730182,5.99146454710798,TRUE,"OK"
5,500,0.1,0.9,"Full-GMM",1.8,2.12495552404318,5.99146454710798,TRUE,"OK"
5,500,0.1,0.9,"Full-GMM",1.85,0.691711985223913,5.99146454710798,TRUE,"OK"
5,500,0.1,0.9,"Full-GMM",1.9,3.73266468286251,5.99146454710798,TRUE,"OK"
5,500,0.1,0.9,"Full-GMM",1.95,1.1732745987242,5.99146454710798,TRUE,"OK"
5,500,0.1,0.9,"Full-GMM",2,0.693511991794505,5.99146454710798,TRUE,"OK"
5,500,0.1,0.9,"Full-GMM",2.05,2.49338144599211,5.99146454710798,TRUE,"OK"
5,500,0.1,0.9,"Full-GMM",2.1,1.48335440370704,5.99146454710798,TRUE,"OK"
5,500,0.1,0.9,"Full-GMM",2.15,2.48476321971057,5.99146454710798,TRUE,"OK"
5,500,0.1,0.9,"Full-GMM",2.2,2.21831697882168,5.99146454710798,TRUE,"OK"
5,500,0.1,0.9,"Full-GMM",2.25,3.2245455113009,5.99146454710798,TRUE,"OK"
5,500,0.1,0.9,"Full-GMM",2.3,4.81424442537333,5.99146454710798,TRUE,"OK"
5,500,0.1,0.9,"Full-GMM",2.35,0.0572294753404387,5.99146454710798,TRUE,"OK"
5,500,0.1,0.9,"Full-GMM",2.4,3.72915976832865,5.99146454710798,TRUE,"OK"
5,500,0.1,0.9,"Full-GMM",2.45,2.13510318378397,5.99146454710798,TRUE,"OK"
5,500,0.1,0.9,"Full-GMM",2.5,1.6202945353899,5.99146454710798,TRUE,"OK"
5,500,0.1,0.9,"Full-GMM",2.55,6.02090058859031,5.99146454710798,FALSE,"OK"
5,500,0.1,0.9,"Full-GMM",2.6,3.43345476358758,5.99146454710798,TRUE,"OK"
5,500,0.1,0.9,"Full-GMM",2.65,0.0642156661690805,5.99146454710798,TRUE,"OK"
5,500,0.1,0.9,"Full-GMM",2.7,0.586437652173967,5.99146454710798,TRUE,"OK"
5,500,0.1,0.9,"Full-GMM",2.75,0.532294438336619,5.99146454710798,TRUE,"OK"
5,500,0.1,0.9,"Full-GMM",2.8,1.62817583525251,5.99146454710798,TRUE,"OK"
5,500,0.1,0.9,"Full-GMM",2.85,1.6434023477219,5.99146454710798,TRUE,"OK"
5,500,0.1,0.9,"Full-GMM",2.9,0.214399960521915,5.99146454710798,TRUE,"OK"
5,500,0.1,0.9,"Full-GMM",2.95,3.4889851564964,5.99146454710798,TRUE,"OK"
5,500,0.1,0.9,"Full-GMM",3,0.690178507280765,5.99146454710798,TRUE,"OK"
5,500,0.1,0.9,"DML-IVQR",-1,3.16589127645022,5.99146454710798,TRUE,"OK"
5,500,0.1,0.9,"DML-IVQR",-0.95,2.28681341071478,5.99146454710798,TRUE,"OK"
5,500,0.1,0.9,"DML-IVQR",-0.9,2.07655865607064,5.99146454710798,TRUE,"OK"
5,500,0.1,0.9,"DML-IVQR",-0.85,4.22831926776474,5.99146454710798,TRUE,"OK"
5,500,0.1,0.9,"DML-IVQR",-0.8,5.88617258881979,5.99146454710798,TRUE,"OK"
5,500,0.1,0.9,"DML-IVQR",-0.75,5.9908596291451,5.99146454710798,TRUE,"OK"
5,500,0.1,0.9,"DML-IVQR",-0.7,6.90034197035776,5.99146454710798,FALSE,"OK"
5,500,0.1,0.9,"DML-IVQR",-0.65,7.17425865560838,5.99146454710798,FALSE,"OK"
5,500,0.1,0.9,"DML-IVQR",-0.6,5.93894566611094,5.99146454710798,TRUE,"OK"
5,500,0.1,0.9,"DML-IVQR",-0.55,6.28452613954561,5.99146454710798,FALSE,"OK"
5,500,0.1,0.9,"DML-IVQR",-0.5,6.46031709253042,5.99146454710798,FALSE,"OK"
5,500,0.1,0.9,"DML-IVQR",-0.45,6.28715548084427,5.99146454710798,FALSE,"OK"
5,500,0.1,0.9,"DML-IVQR",-0.4,6.27919262301555,5.99146454710798,FALSE,"OK"
5,500,0.1,0.9,"DML-IVQR",-0.35,6.28125854829681,5.99146454710798,FALSE,"OK"
5,500,0.1,0.9,"DML-IVQR",-0.3,6.27354225523647,5.99146454710798,FALSE,"OK"
5,500,0.1,0.9,"DML-IVQR",-0.25,4.39327673990549,5.99146454710798,TRUE,"OK"
5,500,0.1,0.9,"DML-IVQR",-0.2,6.12203438408804,5.99146454710798,FALSE,"OK"
5,500,0.1,0.9,"DML-IVQR",-0.15,4.38166823498399,5.99146454710798,TRUE,"OK"
5,500,0.1,0.9,"DML-IVQR",-0.1,5.84633519293538,5.99146454710798,TRUE,"OK"
5,500,0.1,0.9,"DML-IVQR",-0.0499999999999999,4.00721967869287,5.99146454710798,TRUE,"OK"
5,500,0.1,0.9,"DML-IVQR",0,4.86732419218651,5.99146454710798,TRUE,"OK"
5,500,0.1,0.9,"DML-IVQR",0.05,3.9640795241994,5.99146454710798,TRUE,"OK"
5,500,0.1,0.9,"DML-IVQR",0.1,3.42218072095866,5.99146454710798,TRUE,"OK"
5,500,0.1,0.9,"DML-IVQR",0.15,4.47611156474868,5.99146454710798,TRUE,"OK"
5,500,0.1,0.9,"DML-IVQR",0.2,3.07114522468717,5.99146454710798,TRUE,"OK"
5,500,0.1,0.9,"DML-IVQR",0.25,2.82295020226506,5.99146454710798,TRUE,"OK"
5,500,0.1,0.9,"DML-IVQR",0.3,3.46020201259845,5.99146454710798,TRUE,"OK"
5,500,0.1,0.9,"DML-IVQR",0.35,3.37360606650571,5.99146454710798,TRUE,"OK"
5,500,0.1,0.9,"DML-IVQR",0.4,3.44757938249773,5.99146454710798,TRUE,"OK"
5,500,0.1,0.9,"DML-IVQR",0.45,2.55219298370242,5.99146454710798,TRUE,"OK"
5,500,0.1,0.9,"DML-IVQR",0.5,3.37801286273063,5.99146454710798,TRUE,"OK"
5,500,0.1,0.9,"DML-IVQR",0.55,4.10719275578396,5.99146454710798,TRUE,"OK"
5,500,0.1,0.9,"DML-IVQR",0.6,7.49367828222931,5.99146454710798,FALSE,"OK"
5,500,0.1,0.9,"DML-IVQR",0.65,6.66066073698162,5.99146454710798,FALSE,"OK"
5,500,0.1,0.9,"DML-IVQR",0.7,5.05967689531854,5.99146454710798,TRUE,"OK"
5,500,0.1,0.9,"DML-IVQR",0.75,5.53707290791644,5.99146454710798,TRUE,"OK"
5,500,0.1,0.9,"DML-IVQR",0.8,1.83263239529659,5.99146454710798,TRUE,"OK"
5,500,0.1,0.9,"DML-IVQR",0.85,1.92627406821502,5.99146454710798,TRUE,"OK"
5,500,0.1,0.9,"DML-IVQR",0.9,1.4592702242711,5.99146454710798,TRUE,"OK"
5,500,0.1,0.9,"DML-IVQR",0.95,1.3719670921096,5.99146454710798,TRUE,"OK"
5,500,0.1,0.9,"DML-IVQR",1,2.16273273842544,5.99146454710798,TRUE,"OK"
5,500,0.1,0.9,"DML-IVQR",1.05,2.5845393183115,5.99146454710798,TRUE,"OK"
5,500,0.1,0.9,"DML-IVQR",1.1,1.99063734593986,5.99146454710798,TRUE,"OK"
5,500,0.1,0.9,"DML-IVQR",1.15,1.72324779679576,5.99146454710798,TRUE,"OK"
5,500,0.1,0.9,"DML-IVQR",1.2,2.33512439124145,5.99146454710798,TRUE,"OK"
5,500,0.1,0.9,"DML-IVQR",1.25,1.88378191400718,5.99146454710798,TRUE,"OK"
5,500,0.1,0.9,"DML-IVQR",1.3,1.0216842853667,5.99146454710798,TRUE,"OK"
5,500,0.1,0.9,"DML-IVQR",1.35,1.21858562165478,5.99146454710798,TRUE,"OK"
5,500,0.1,0.9,"DML-IVQR",1.4,0.361324378096837,5.99146454710798,TRUE,"OK"
5,500,0.1,0.9,"DML-IVQR",1.45,0.912417568482495,5.99146454710798,TRUE,"OK"
5,500,0.1,0.9,"DML-IVQR",1.5,0.348067187529929,5.99146454710798,TRUE,"OK"
5,500,0.1,0.9,"DML-IVQR",1.55,0.239090325704289,5.99146454710798,TRUE,"OK"
5,500,0.1,0.9,"DML-IVQR",1.6,0.634656159160754,5.99146454710798,TRUE,"OK"
5,500,0.1,0.9,"DML-IVQR",1.65,0.944368647546255,5.99146454710798,TRUE,"OK"
5,500,0.1,0.9,"DML-IVQR",1.7,2.49953913008392,5.99146454710798,TRUE,"OK"
5,500,0.1,0.9,"DML-IVQR",1.75,1.34404116237845,5.99146454710798,TRUE,"OK"
5,500,0.1,0.9,"DML-IVQR",1.8,1.42055964668029,5.99146454710798,TRUE,"OK"
5,500,0.1,0.9,"DML-IVQR",1.85,2.3226514293472,5.99146454710798,TRUE,"OK"
5,500,0.1,0.9,"DML-IVQR",1.9,3.06491389197572,5.99146454710798,TRUE,"OK"
5,500,0.1,0.9,"DML-IVQR",1.95,2.04090265231242,5.99146454710798,TRUE,"OK"
5,500,0.1,0.9,"DML-IVQR",2,1.03298427036567,5.99146454710798,TRUE,"OK"
5,500,0.1,0.9,"DML-IVQR",2.05,1.57270963238463,5.99146454710798,TRUE,"OK"
5,500,0.1,0.9,"DML-IVQR",2.1,0.664829656487496,5.99146454710798,TRUE,"OK"
5,500,0.1,0.9,"DML-IVQR",2.15,2.45664062955179,5.99146454710798,TRUE,"OK"
5,500,0.1,0.9,"DML-IVQR",2.2,2.95731581857531,5.99146454710798,TRUE,"OK"
5,500,0.1,0.9,"DML-IVQR",2.25,0.990095862652002,5.99146454710798,TRUE,"OK"
5,500,0.1,0.9,"DML-IVQR",2.3,1.55392655841334,5.99146454710798,TRUE,"OK"
5,500,0.1,0.9,"DML-IVQR",2.35,1.96784065926841,5.99146454710798,TRUE,"OK"
5,500,0.1,0.9,"DML-IVQR",2.4,1.19877396411379,5.99146454710798,TRUE,"OK"
5,500,0.1,0.9,"DML-IVQR",2.45,2.95502679028771,5.99146454710798,TRUE,"OK"
5,500,0.1,0.9,"DML-IVQR",2.5,1.97595404098517,5.99146454710798,TRUE,"OK"
5,500,0.1,0.9,"DML-IVQR",2.55,1.61056526670845,5.99146454710798,TRUE,"OK"
5,500,0.1,0.9,"DML-IVQR",2.6,0.2481575770238,5.99146454710798,TRUE,"OK"
5,500,0.1,0.9,"DML-IVQR",2.65,0.257433687320034,5.99146454710798,TRUE,"OK"
5,500,0.1,0.9,"DML-IVQR",2.7,0.227659473449461,5.99146454710798,TRUE,"OK"
5,500,0.1,0.9,"DML-IVQR",2.75,0.118309928255878,5.99146454710798,TRUE,"OK"
5,500,0.1,0.9,"DML-IVQR",2.8,0.0256698086930127,5.99146454710798,TRUE,"OK"
5,500,0.1,0.9,"DML-IVQR",2.85,0.00115719015609028,5.99146454710798,TRUE,"OK"
5,500,0.1,0.9,"DML-IVQR",2.9,0.0758249061854522,5.99146454710798,TRUE,"OK"
5,500,0.1,0.9,"DML-IVQR",2.95,0.0622163436680448,5.99146454710798,TRUE,"OK"
5,500,0.1,0.9,"DML-IVQR",3,0.0626504475924485,5.99146454710798,TRUE,"OK"
6,500,0.1,0.1,"Oracle-GMM",-1,1.43073687958868,5.99146454710798,TRUE,"OK"
6,500,0.1,0.1,"Oracle-GMM",-0.95,0.878413795031111,5.99146454710798,TRUE,"OK"
6,500,0.1,0.1,"Oracle-GMM",-0.9,0.467007449944899,5.99146454710798,TRUE,"OK"
6,500,0.1,0.1,"Oracle-GMM",-0.85,1.24595274531606,5.99146454710798,TRUE,"OK"
6,500,0.1,0.1,"Oracle-GMM",-0.8,1.67517425511588,5.99146454710798,TRUE,"OK"
6,500,0.1,0.1,"Oracle-GMM",-0.75,0.545881917941326,5.99146454710798,TRUE,"OK"
6,500,0.1,0.1,"Oracle-GMM",-0.7,0.660546227462775,5.99146454710798,TRUE,"OK"
6,500,0.1,0.1,"Oracle-GMM",-0.65,0.294527201239745,5.99146454710798,TRUE,"OK"
6,500,0.1,0.1,"Oracle-GMM",-0.6,0.413155108442387,5.99146454710798,TRUE,"OK"
6,500,0.1,0.1,"Oracle-GMM",-0.55,0.621581688523273,5.99146454710798,TRUE,"OK"
6,500,0.1,0.1,"Oracle-GMM",-0.5,0.519288474586722,5.99146454710798,TRUE,"OK"
6,500,0.1,0.1,"Oracle-GMM",-0.45,0.356840988353122,5.99146454710798,TRUE,"OK"
6,500,0.1,0.1,"Oracle-GMM",-0.4,0.733600791488218,5.99146454710798,TRUE,"OK"
6,500,0.1,0.1,"Oracle-GMM",-0.35,0.353092007803423,5.99146454710798,TRUE,"OK"
6,500,0.1,0.1,"Oracle-GMM",-0.3,0.336488679622077,5.99146454710798,TRUE,"OK"
6,500,0.1,0.1,"Oracle-GMM",-0.25,0.340292475699168,5.99146454710798,TRUE,"OK"
6,500,0.1,0.1,"Oracle-GMM",-0.2,0.653848588932347,5.99146454710798,TRUE,"OK"
6,500,0.1,0.1,"Oracle-GMM",-0.15,0.806634490360823,5.99146454710798,TRUE,"OK"
6,500,0.1,0.1,"Oracle-GMM",-0.1,0.317860201361576,5.99146454710798,TRUE,"OK"
6,500,0.1,0.1,"Oracle-GMM",-0.0499999999999999,0.570157053423837,5.99146454710798,TRUE,"OK"
6,500,0.1,0.1,"Oracle-GMM",0,1.62280760129476,5.99146454710798,TRUE,"OK"
6,500,0.1,0.1,"Oracle-GMM",0.05,1.21362584685562,5.99146454710798,TRUE,"OK"
6,500,0.1,0.1,"Oracle-GMM",0.1,0.689264244519035,5.99146454710798,TRUE,"OK"
6,500,0.1,0.1,"Oracle-GMM",0.15,0.900304256673738,5.99146454710798,TRUE,"OK"
6,500,0.1,0.1,"Oracle-GMM",0.2,1.40089964042251,5.99146454710798,TRUE,"OK"
6,500,0.1,0.1,"Oracle-GMM",0.25,1.5014670822343,5.99146454710798,TRUE,"OK"
6,500,0.1,0.1,"Oracle-GMM",0.3,2.70725742782868,5.99146454710798,TRUE,"OK"
6,500,0.1,0.1,"Oracle-GMM",0.35,2.53318091486809,5.99146454710798,TRUE,"OK"
6,500,0.1,0.1,"Oracle-GMM",0.4,1.82633401154909,5.99146454710798,TRUE,"OK"
6,500,0.1,0.1,"Oracle-GMM",0.45,2.19585481391954,5.99146454710798,TRUE,"OK"
6,500,0.1,0.1,"Oracle-GMM",0.5,2.18541849422459,5.99146454710798,TRUE,"OK"
6,500,0.1,0.1,"Oracle-GMM",0.55,3.3728945138021,5.99146454710798,TRUE,"OK"
6,500,0.1,0.1,"Oracle-GMM",0.6,2.87048129090028,5.99146454710798,TRUE,"OK"
6,500,0.1,0.1,"Oracle-GMM",0.65,2.31596745806038,5.99146454710798,TRUE,"OK"
6,500,0.1,0.1,"Oracle-GMM",0.7,4.5601683604361,5.99146454710798,TRUE,"OK"
6,500,0.1,0.1,"Oracle-GMM",0.75,4.69031112494907,5.99146454710798,TRUE,"OK"
6,500,0.1,0.1,"Oracle-GMM",0.8,4.52740360872239,5.99146454710798,TRUE,"OK"
6,500,0.1,0.1,"Oracle-GMM",0.85,5.72042573398779,5.99146454710798,TRUE,"OK"
6,500,0.1,0.1,"Oracle-GMM",0.9,4.25086358019222,5.99146454710798,TRUE,"OK"
6,500,0.1,0.1,"Oracle-GMM",0.95,6.70689366848546,5.99146454710798,FALSE,"OK"
6,500,0.1,0.1,"Oracle-GMM",1,7.96465110210727,5.99146454710798,FALSE,"OK"
6,500,0.1,0.1,"Oracle-GMM",1.05,6.38226086264826,5.99146454710798,FALSE,"OK"
6,500,0.1,0.1,"Oracle-GMM",1.1,4.10507176732117,5.99146454710798,TRUE,"OK"
6,500,0.1,0.1,"Oracle-GMM",1.15,7.31828073177549,5.99146454710798,FALSE,"OK"
6,500,0.1,0.1,"Oracle-GMM",1.2,5.74066792421256,5.99146454710798,TRUE,"OK"
6,500,0.1,0.1,"Oracle-GMM",1.25,7.1392935115174,5.99146454710798,FALSE,"OK"
6,500,0.1,0.1,"Oracle-GMM",1.3,5.9205161594723,5.99146454710798,TRUE,"OK"
6,500,0.1,0.1,"Oracle-GMM",1.35,7.02835892678204,5.99146454710798,FALSE,"OK"
6,500,0.1,0.1,"Oracle-GMM",1.4,2.03825618783197,5.99146454710798,TRUE,"OK"
6,500,0.1,0.1,"Oracle-GMM",1.45,6.53665967376858,5.99146454710798,FALSE,"OK"
6,500,0.1,0.1,"Oracle-GMM",1.5,2.56502397093839,5.99146454710798,TRUE,"OK"
6,500,0.1,0.1,"Oracle-GMM",1.55,2.7324347458545,5.99146454710798,TRUE,"OK"
6,500,0.1,0.1,"Oracle-GMM",1.6,3.99893625997539,5.99146454710798,TRUE,"OK"
6,500,0.1,0.1,"Oracle-GMM",1.65,5.30651325556241,5.99146454710798,TRUE,"OK"
6,500,0.1,0.1,"Oracle-GMM",1.7,4.65621104391022,5.99146454710798,TRUE,"OK"
6,500,0.1,0.1,"Oracle-GMM",1.75,3.31320747046113,5.99146454710798,TRUE,"OK"
6,500,0.1,0.1,"Oracle-GMM",1.8,3.89052844278514,5.99146454710798,TRUE,"OK"
6,500,0.1,0.1,"Oracle-GMM",1.85,3.06483608728866,5.99146454710798,TRUE,"OK"
6,500,0.1,0.1,"Oracle-GMM",1.9,4.11615539430057,5.99146454710798,TRUE,"OK"
6,500,0.1,0.1,"Oracle-GMM",1.95,3.35784156390995,5.99146454710798,TRUE,"OK"
6,500,0.1,0.1,"Oracle-GMM",2,4.33001341931698,5.99146454710798,TRUE,"OK"
6,500,0.1,0.1,"Oracle-GMM",2.05,3.6427256078158,5.99146454710798,TRUE,"OK"
6,500,0.1,0.1,"Oracle-GMM",2.1,3.55537110417696,5.99146454710798,TRUE,"OK"
6,500,0.1,0.1,"Oracle-GMM",2.15,3.98311343451288,5.99146454710798,TRUE,"OK"
6,500,0.1,0.1,"Oracle-GMM",2.2,4.03574049218559,5.99146454710798,TRUE,"OK"
6,500,0.1,0.1,"Oracle-GMM",2.25,2.56200552574824,5.99146454710798,TRUE,"OK"
6,500,0.1,0.1,"Oracle-GMM",2.3,3.71704973978095,5.99146454710798,TRUE,"OK"
6,500,0.1,0.1,"Oracle-GMM",2.35,2.5143647329234,5.99146454710798,TRUE,"OK"
6,500,0.1,0.1,"Oracle-GMM",2.4,2.90132138530667,5.99146454710798,TRUE,"OK"
6,500,0.1,0.1,"Oracle-GMM",2.45,2.54805975955392,5.99146454710798,TRUE,"OK"
6,500,0.1,0.1,"Oracle-GMM",2.5,1.60108398416987,5.99146454710798,TRUE,"OK"
6,500,0.1,0.1,"Oracle-GMM",2.55,1.70791965573315,5.99146454710798,TRUE,"OK"
6,500,0.1,0.1,"Oracle-GMM",2.6,1.40185713878821,5.99146454710798,TRUE,"OK"
6,500,0.1,0.1,"Oracle-GMM",2.65,1.42365247241776,5.99146454710798,TRUE,"OK"
6,500,0.1,0.1,"Oracle-GMM",2.7,1.59314786789609,5.99146454710798,TRUE,"OK"
6,500,0.1,0.1,"Oracle-GMM",2.75,1.58419895644192,5.99146454710798,TRUE,"OK"
6,500,0.1,0.1,"Oracle-GMM",2.8,1.98270400916555,5.99146454710798,TRUE,"OK"
6,500,0.1,0.1,"Oracle-GMM",2.85,1.03605898911853,5.99146454710798,TRUE,"OK"
6,500,0.1,0.1,"Oracle-GMM",2.9,3.10633399090117,5.99146454710798,TRUE,"OK"
6,500,0.1,0.1,"Oracle-GMM",2.95,3.02657113730439,5.99146454710798,TRUE,"OK"
6,500,0.1,0.1,"Oracle-GMM",3,2.21793804006549,5.99146454710798,TRUE,"OK"
6,500,0.1,0.1,"Full-GMM",-1,2.45114973442867,5.99146454710798,TRUE,"OK"
6,500,0.1,0.1,"Full-GMM",-0.95,2.29893347650724,5.99146454710798,TRUE,"OK"
6,500,0.1,0.1,"Full-GMM",-0.9,0.0759784526975689,5.99146454710798,TRUE,"OK"
6,500,0.1,0.1,"Full-GMM",-0.85,0.968852945833453,5.99146454710798,TRUE,"OK"
6,500,0.1,0.1,"Full-GMM",-0.8,0.0691153137200669,5.99146454710798,TRUE,"OK"
6,500,0.1,0.1,"Full-GMM",-0.75,0.114217220431448,5.99146454710798,TRUE,"OK"
6,500,0.1,0.1,"Full-GMM",-0.7,3.19671815030413,5.99146454710798,TRUE,"OK"
6,500,0.1,0.1,"Full-GMM",-0.65,1.18035303282484,5.99146454710798,TRUE,"OK"
6,500,0.1,0.1,"Full-GMM",-0.6,0.564548052985671,5.99146454710798,TRUE,"OK"
6,500,0.1,0.1,"Full-GMM",-0.55,1.0645910477973,5.99146454710798,TRUE,"OK"
6,500,0.1,0.1,"Full-GMM",-0.5,0.570960462627575,5.99146454710798,TRUE,"OK"
6,500,0.1,0.1,"Full-GMM",-0.45,2.22790063766597,5.99146454710798,TRUE,"OK"
6,500,0.1,0.1,"Full-GMM",-0.4,0.533761503088298,5.99146454710798,TRUE,"OK"
6,500,0.1,0.1,"Full-GMM",-0.35,2.58456455609472,5.99146454710798,TRUE,"OK"
6,500,0.1,0.1,"Full-GMM",-0.3,0.594202509164392,5.99146454710798,TRUE,"OK"
6,500,0.1,0.1,"Full-GMM",-0.25,6.5725761574182,5.99146454710798,FALSE,"OK"
6,500,0.1,0.1,"Full-GMM",-0.2,1.66913479889697,5.99146454710798,TRUE,"OK"
6,500,0.1,0.1,"Full-GMM",-0.15,4.08763735999067,5.99146454710798,TRUE,"OK"
6,500,0.1,0.1,"Full-GMM",-0.1,0.903898297465726,5.99146454710798,TRUE,"OK"
6,500,0.1,0.1,"Full-GMM",-0.0499999999999999,0.111607859785784,5.99146454710798,TRUE,"OK"
6,500,0.1,0.1,"Full-GMM",0,5.27239264254677,5.99146454710798,TRUE,"OK"
6,500,0.1,0.1,"Full-GMM",0.05,0.832738117551425,5.99146454710798,TRUE,"OK"
6,500,0.1,0.1,"Full-GMM",0.1,1.66888919256993,5.99146454710798,TRUE,"OK"
6,500,0.1,0.1,"Full-GMM",0.15,1.20241107362978,5.99146454710798,TRUE,"OK"
6,500,0.1,0.1,"Full-GMM",0.2,3.23411848875611,5.99146454710798,TRUE,"OK"
6,500,0.1,0.1,"Full-GMM",0.25,1.3780482728166,5.99146454710798,TRUE,"OK"
6,500,0.1,0.1,"Full-GMM",0.3,2.50421342115386,5.99146454710798,TRUE,"OK"
6,500,0.1,0.1,"Full-GMM",0.35,1.04608586181828,5.99146454710798,TRUE,"OK"
6,500,0.1,0.1,"Full-GMM",0.4,3.61083663423004,5.99146454710798,TRUE,"OK"
6,500,0.1,0.1,"Full-GMM",0.45,1.52635198509069,5.99146454710798,TRUE,"OK"
6,500,0.1,0.1,"Full-GMM",0.5,1.66343834490495,5.99146454710798,TRUE,"OK"
6,500,0.1,0.1,"Full-GMM",0.55,2.46777658396305,5.99146454710798,TRUE,"OK"
6,500,0.1,0.1,"Full-GMM",0.6,1.31883848779482,5.99146454710798,TRUE,"OK"
6,500,0.1,0.1,"Full-GMM",0.65,2.21274858904027,5.99146454710798,TRUE,"OK"
6,500,0.1,0.1,"Full-GMM",0.7,0.0280911576741428,5.99146454710798,TRUE,"OK"
6,500,0.1,0.1,"Full-GMM",0.75,2.26989245927724,5.99146454710798,TRUE,"OK"
6,500,0.1,0.1,"Full-GMM",0.8,0.108825487619194,5.99146454710798,TRUE,"OK"
6,500,0.1,0.1,"Full-GMM",0.85,0.725629262880814,5.99146454710798,TRUE,"OK"
6,500,0.1,0.1,"Full-GMM",0.9,2.54334102824823,5.99146454710798,TRUE,"OK"
6,500,0.1,0.1,"Full-GMM",0.95,0.801575297587325,5.99146454710798,TRUE,"OK"
6,500,0.1,0.1,"Full-GMM",1,1.90531754041063,5.99146454710798,TRUE,"OK"
6,500,0.1,0.1,"Full-GMM",1.05,1.91948451935989,5.99146454710798,TRUE,"OK"
6,500,0.1,0.1,"Full-GMM",1.1,0.0451039376070092,5.99146454710798,TRUE,"OK"
6,500,0.1,0.1,"Full-GMM",1.15,0.0936470775378074,5.99146454710798,TRUE,"OK"
6,500,0.1,0.1,"Full-GMM",1.2,0.0560550514807843,5.99146454710798,TRUE,"OK"
6,500,0.1,0.1,"Full-GMM",1.25,0.135529432653774,5.99146454710798,TRUE,"OK"
6,500,0.1,0.1,"Full-GMM",1.3,3.02660231167869,5.99146454710798,TRUE,"OK"
6,500,0.1,0.1,"Full-GMM",1.35,3.69600321092879,5.99146454710798,TRUE,"OK"
6,500,0.1,0.1,"Full-GMM",1.4,1.66896870753143,5.99146454710798,TRUE,"OK"
6,500,0.1,0.1,"Full-GMM",1.45,1.45709499990471,5.99146454710798,TRUE,"OK"
6,500,0.1,0.1,"Full-GMM",1.5,0.191454839126953,5.99146454710798,TRUE,"OK"
6,500,0.1,0.1,"Full-GMM",1.55,1.51327137664448,5.99146454710798,TRUE,"OK"
6,500,0.1,0.1,"Full-GMM",1.6,1.74562789580292,5.99146454710798,TRUE,"OK"
6,500,0.1,0.1,"Full-GMM",1.65,0.345747716878087,5.99146454710798,TRUE,"OK"
6,500,0.1,0.1,"Full-GMM",1.7,2.49387640488291,5.99146454710798,TRUE,"OK"
6,500,0.1,0.1,"Full-GMM",1.75,0.996317583871363,5.99146454710798,TRUE,"OK"
6,500,0.1,0.1,"Full-GMM",1.8,3.78941387790985,5.99146454710798,TRUE,"OK"
6,500,0.1,0.1,"Full-GMM",1.85,1.77665683210295,5.99146454710798,TRUE,"OK"
6,500,0.1,0.1,"Full-GMM",1.9,4.12054363045892,5.99146454710798,TRUE,"OK"
6,500,0.1,0.1,"Full-GMM",1.95,2.10785356381534,5.99146454710798,TRUE,"OK"
6,500,0.1,0.1,"Full-GMM",2,4.23697962494966,5.99146454710798,TRUE,"OK"
6,500,0.1,0.1,"Full-GMM",2.05,1.39172102202453,5.99146454710798,TRUE,"OK"
6,500,0.1,0.1,"Full-GMM",2.1,0.600670300765778,5.99146454710798,TRUE,"OK"
6,500,0.1,0.1,"Full-GMM",2.15,4.28408250368481,5.99146454710798,TRUE,"OK"
6,500,0.1,0.1,"Full-GMM",2.2,0.801124388444726,5.99146454710798,TRUE,"OK"
6,500,0.1,0.1,"Full-GMM",2.25,3.94749947520758,5.99146454710798,TRUE,"OK"
6,500,0.1,0.1,"Full-GMM",2.3,3.53470575782579,5.99146454710798,TRUE,"OK"
6,500,0.1,0.1,"Full-GMM",2.35,2.35816472511587,5.99146454710798,TRUE,"OK"
6,500,0.1,0.1,"Full-GMM",2.4,1.5773972118036,5.99146454710798,TRUE,"OK"
6,500,0.1,0.1,"Full-GMM",2.45,0.0420111439128538,5.99146454710798,TRUE,"OK"
6,500,0.1,0.1,"Full-GMM",2.5,1.64476885069923,5.99146454710798,TRUE,"OK"
6,500,0.1,0.1,"Full-GMM",2.55,0.105269669151775,5.99146454710798,TRUE,"OK"
6,500,0.1,0.1,"Full-GMM",2.6,2.54829552571858,5.99146454710798,TRUE,"OK"
6,500,0.1,0.1,"Full-GMM",2.65,0.682756184875379,5.99146454710798,TRUE,"OK"
6,500,0.1,0.1,"Full-GMM",2.7,3.82064118185779,5.99146454710798,TRUE,"OK"
6,500,0.1,0.1,"Full-GMM",2.75,1.09488595292139,5.99146454710798,TRUE,"OK"
6,500,0.1,0.1,"Full-GMM",2.8,2.33929059856195,5.99146454710798,TRUE,"OK"
6,500,0.1,0.1,"Full-GMM",2.85,8.88368451664638,5.99146454710798,FALSE,"OK"
6,500,0.1,0.1,"Full-GMM",2.9,4.71197360572635,5.99146454710798,TRUE,"OK"
6,500,0.1,0.1,"Full-GMM",2.95,4.42807611808683,5.99146454710798,TRUE,"OK"
6,500,0.1,0.1,"Full-GMM",3,2.39359646253408,5.99146454710798,TRUE,"OK"
6,500,0.1,0.1,"DML-IVQR",-1,1.78194655029598,5.99146454710798,TRUE,"OK"
6,500,0.1,0.1,"DML-IVQR",-0.95,0.890700438945034,5.99146454710798,TRUE,"OK"
6,500,0.1,0.1,"DML-IVQR",-0.9,1.18937952306608,5.99146454710798,TRUE,"OK"
6,500,0.1,0.1,"DML-IVQR",-0.85,1.5493820480322,5.99146454710798,TRUE,"OK"
6,500,0.1,0.1,"DML-IVQR",-0.8,0.876375284022163,5.99146454710798,TRUE,"OK"
6,500,0.1,0.1,"DML-IVQR",-0.75,1.19095029589321,5.99146454710798,TRUE,"OK"
6,500,0.1,0.1,"DML-IVQR",-0.7,0.372369632943178,5.99146454710798,TRUE,"OK"
6,500,0.1,0.1,"DML-IVQR",-0.65,0.167487826367896,5.99146454710798,TRUE,"OK"
6,500,0.1,0.1,"DML-IVQR",-0.6,0.174540476969079,5.99146454710798,TRUE,"OK"
6,500,0.1,0.1,"DML-IVQR",-0.55,1.05942803255979,5.99146454710798,TRUE,"OK"
6,500,0.1,0.1,"DML-IVQR",-0.5,2.07966806727025,5.99146454710798,TRUE,"OK"
6,500,0.1,0.1,"DML-IVQR",-0.45,2.31737491663517,5.99146454710798,TRUE,"OK"
6,500,0.1,0.1,"DML-IVQR",-0.4,1.67879390876783,5.99146454710798,TRUE,"OK"
6,500,0.1,0.1,"DML-IVQR",-0.35,1.7605989904526,5.99146454710798,TRUE,"OK"
6,500,0.1,0.1,"DML-IVQR",-0.3,1.02758459767839,5.99146454710798,TRUE,"OK"
6,500,0.1,0.1,"DML-IVQR",-0.25,0.95964656574307,5.99146454710798,TRUE,"OK"
6,500,0.1,0.1,"DML-IVQR",-0.2,2.12135651601452,5.99146454710798,TRUE,"OK"
6,500,0.1,0.1,"DML-IVQR",-0.15,0.0520766860014569,5.99146454710798,TRUE,"OK"
6,500,0.1,0.1,"DML-IVQR",-0.1,1.26397630366291,5.99146454710798,TRUE,"OK"
6,500,0.1,0.1,"DML-IVQR",-0.0499999999999999,1.4525267944444,5.99146454710798,TRUE,"OK"
6,500,0.1,0.1,"DML-IVQR",0,1.36425018698192,5.99146454710798,TRUE,"OK"
6,500,0.1,0.1,"DML-IVQR",0.05,1.48512152581528,5.99146454710798,TRUE,"OK"
6,500,0.1,0.1,"DML-IVQR",0.1,1.56046752309037,5.99146454710798,TRUE,"OK"
6,500,0.1,0.1,"DML-IVQR",0.15,1.12347447565993,5.99146454710798,TRUE,"OK"
6,500,0.1,0.1,"DML-IVQR",0.2,1.54699228984911,5.99146454710798,TRUE,"OK"
6,500,0.1,0.1,"DML-IVQR",0.25,1.10662509867886,5.99146454710798,TRUE,"OK"
6,500,0.1,0.1,"DML-IVQR",0.3,1.76132516695465,5.99146454710798,TRUE,"OK"
6,500,0.1,0.1,"DML-IVQR",0.35,1.20209974374248,5.99146454710798,TRUE,"OK"
6,500,0.1,0.1,"DML-IVQR",0.4,1.20235131679638,5.99146454710798,TRUE,"OK"
6,500,0.1,0.1,"DML-IVQR",0.45,1.12596208989971,5.99146454710798,TRUE,"OK"
6,500,0.1,0.1,"DML-IVQR",0.5,0.358046350704196,5.99146454710798,TRUE,"OK"
6,500,0.1,0.1,"DML-IVQR",0.55,0.797047363918246,5.99146454710798,TRUE,"OK"
6,500,0.1,0.1,"DML-IVQR",0.6,1.3601858365577,5.99146454710798,TRUE,"OK"
6,500,0.1,0.1,"DML-IVQR",0.65,1.02375875482461,5.99146454710798,TRUE,"OK"
6,500,0.1,0.1,"DML-IVQR",0.7,0.28623120836433,5.99146454710798,TRUE,"OK"
6,500,0.1,0.1,"DML-IVQR",0.75,0.19202917384539,5.99146454710798,TRUE,"OK"
6,500,0.1,0.1,"DML-IVQR",0.8,0.424689121273994,5.99146454710798,TRUE,"OK"
6,500,0.1,0.1,"DML-IVQR",0.85,0.46309174311382,5.99146454710798,TRUE,"OK"
6,500,0.1,0.1,"DML-IVQR",0.9,0.511231781978258,5.99146454710798,TRUE,"OK"
6,500,0.1,0.1,"DML-IVQR",0.95,0.236077316186131,5.99146454710798,TRUE,"OK"
6,500,0.1,0.1,"DML-IVQR",1,0.413774934654907,5.99146454710798,TRUE,"OK"
6,500,0.1,0.1,"DML-IVQR",1.05,0.535368258418641,5.99146454710798,TRUE,"OK"
6,500,0.1,0.1,"DML-IVQR",1.1,0.569117331637731,5.99146454710798,TRUE,"OK"
6,500,0.1,0.1,"DML-IVQR",1.15,0.404079400621863,5.99146454710798,TRUE,"OK"
6,500,0.1,0.1,"DML-IVQR",1.2,0.691761097640349,5.99146454710798,TRUE,"OK"
6,500,0.1,0.1,"DML-IVQR",1.25,0.68775354659081,5.99146454710798,TRUE,"OK"
6,500,0.1,0.1,"DML-IVQR",1.3,0.685065253659657,5.99146454710798,TRUE,"OK"
6,500,0.1,0.1,"DML-IVQR",1.35,0.526007868744,5.99146454710798,TRUE,"OK"
6,500,0.1,0.1,"DML-IVQR",1.4,1.86050390794759,5.99146454710798,TRUE,"OK"
6,500,0.1,0.1,"DML-IVQR",1.45,1.57531202970214,5.99146454710798,TRUE,"OK"
6,500,0.1,0.1,"DML-IVQR",1.5,1.87071002351113,5.99146454710798,TRUE,"OK"
6,500,0.1,0.1,"DML-IVQR",1.55,2.12326728607005,5.99146454710798,TRUE,"OK"
6,500,0.1,0.1,"DML-IVQR",1.6,0.640242086545138,5.99146454710798,TRUE,"OK"
6,500,0.1,0.1,"DML-IVQR",1.65,0.95996270029928,5.99146454710798,TRUE,"OK"
6,500,0.1,0.1,"DML-IVQR",1.7,1.87132134920466,5.99146454710798,TRUE,"OK"
6,500,0.1,0.1,"DML-IVQR",1.75,1.07912207560098,5.99146454710798,TRUE,"OK"
6,500,0.1,0.1,"DML-IVQR",1.8,1.93761617428172,5.99146454710798,TRUE,"OK"
6,500,0.1,0.1,"DML-IVQR",1.85,1.94538194653264,5.99146454710798,TRUE,"OK"
6,500,0.1,0.1,"DML-IVQR",1.9,2.23288531340448,5.99146454710798,TRUE,"OK"
6,500,0.1,0.1,"DML-IVQR",1.95,1.78118874315873,5.99146454710798,TRUE,"OK"
6,500,0.1,0.1,"DML-IVQR",2,2.24824363630844,5.99146454710798,TRUE,"OK"
6,500,0.1,0.1,"DML-IVQR",2.05,2.25518992282403,5.99146454710798,TRUE,"OK"
6,500,0.1,0.1,"DML-IVQR",2.1,2.01783886866939,5.99146454710798,TRUE,"OK"
6,500,0.1,0.1,"DML-IVQR",2.15,3.09704147647936,5.99146454710798,TRUE,"OK"
6,500,0.1,0.1,"DML-IVQR",2.2,2.10526513410948,5.99146454710798,TRUE,"OK"
6,500,0.1,0.1,"DML-IVQR",2.25,2.54220570459638,5.99146454710798,TRUE,"OK"
6,500,0.1,0.1,"DML-IVQR",2.3,3.23499534643602,5.99146454710798,TRUE,"OK"
6,500,0.1,0.1,"DML-IVQR",2.35,1.04620316778093,5.99146454710798,TRUE,"OK"
6,500,0.1,0.1,"DML-IVQR",2.4,4.15978187797593,5.99146454710798,TRUE,"OK"
6,500,0.1,0.1,"DML-IVQR",2.45,1.00104492034931,5.99146454710798,TRUE,"OK"
6,500,0.1,0.1,"DML-IVQR",2.5,1.38186137596655,5.99146454710798,TRUE,"OK"
6,500,0.1,0.1,"DML-IVQR",2.55,1.38899892312947,5.99146454710798,TRUE,"OK"
6,500,0.1,0.1,"DML-IVQR",2.6,1.40039649729018,5.99146454710798,TRUE,"OK"
6,500,0.1,0.1,"DML-IVQR",2.65,1.29764490469388,5.99146454710798,TRUE,"OK"
6,500,0.1,0.1,"DML-IVQR",2.7,1.69518939524044,5.99146454710798,TRUE,"OK"
6,500,0.1,0.1,"DML-IVQR",2.75,1.74262544465647,5.99146454710798,TRUE,"OK"
6,500,0.1,0.1,"DML-IVQR",2.8,1.63881956640851,5.99146454710798,TRUE,"OK"
6,500,0.1,0.1,"DML-IVQR",2.85,1.64956584855221,5.99146454710798,TRUE,"OK"
6,500,0.1,0.1,"DML-IVQR",2.9,1.67289232805675,5.99146454710798,TRUE,"OK"
6,500,0.1,0.1,"DML-IVQR",2.95,3.04571719329442,5.99146454710798,TRUE,"OK"
6,500,0.1,0.1,"DML-IVQR",3,2.5161762099893,5.99146454710798,TRUE,"OK"
6,500,0.1,0.5,"Oracle-GMM",-1,1.57910382389207,5.99146454710798,TRUE,"OK"
6,500,0.1,0.5,"Oracle-GMM",-0.95,2.42438721525743,5.99146454710798,TRUE,"OK"
6,500,0.1,0.5,"Oracle-GMM",-0.9,3.07637409132444,5.99146454710798,TRUE,"OK"
6,500,0.1,0.5,"Oracle-GMM",-0.85,2.11738767260807,5.99146454710798,TRUE,"OK"
6,500,0.1,0.5,"Oracle-GMM",-0.8,1.45596489288791,5.99146454710798,TRUE,"OK"
6,500,0.1,0.5,"Oracle-GMM",-0.75,2.17191042770069,5.99146454710798,TRUE,"OK"
6,500,0.1,0.5,"Oracle-GMM",-0.7,1.90281888226632,5.99146454710798,TRUE,"OK"
6,500,0.1,0.5,"Oracle-GMM",-0.65,2.00961028737895,5.99146454710798,TRUE,"OK"
6,500,0.1,0.5,"Oracle-GMM",-0.6,2.20602804267698,5.99146454710798,TRUE,"OK"
6,500,0.1,0.5,"Oracle-GMM",-0.55,2.30131520650295,5.99146454710798,TRUE,"OK"
6,500,0.1,0.5,"Oracle-GMM",-0.5,0.705503999038958,5.99146454710798,TRUE,"OK"
6,500,0.1,0.5,"Oracle-GMM",-0.45,1.48170614361814,5.99146454710798,TRUE,"OK"
6,500,0.1,0.5,"Oracle-GMM",-0.4,1.43089012634857,5.99146454710798,TRUE,"OK"
6,500,0.1,0.5,"Oracle-GMM",-0.35,1.20293477100967,5.99146454710798,TRUE,"OK"
6,500,0.1,0.5,"Oracle-GMM",-0.3,0.836523081520633,5.99146454710798,TRUE,"OK"
6,500,0.1,0.5,"Oracle-GMM",-0.25,1.00248205418974,5.99146454710798,TRUE,"OK"
6,500,0.1,0.5,"Oracle-GMM",-0.2,0.582165795175321,5.99146454710798,TRUE,"OK"
6,500,0.1,0.5,"Oracle-GMM",-0.15,1.21279157819566,5.99146454710798,TRUE,"OK"
6,500,0.1,0.5,"Oracle-GMM",-0.1,0.721883377387401,5.99146454710798,TRUE,"OK"
6,500,0.1,0.5,"Oracle-GMM",-0.0499999999999999,1.50943495751436,5.99146454710798,TRUE,"OK"
6,500,0.1,0.5,"Oracle-GMM",0,0.758988101990428,5.99146454710798,TRUE,"OK"
6,500,0.1,0.5,"Oracle-GMM",0.05,1.33321129537513,5.99146454710798,TRUE,"OK"
6,500,0.1,0.5,"Oracle-GMM",0.1,1.30801726183341,5.99146454710798,TRUE,"OK"
6,500,0.1,0.5,"Oracle-GMM",0.15,1.23145524150648,5.99146454710798,TRUE,"OK"
6,500,0.1,0.5,"Oracle-GMM",0.2,1.03124444957191,5.99146454710798,TRUE,"OK"
6,500,0.1,0.5,"Oracle-GMM",0.25,0.554587060983466,5.99146454710798,TRUE,"OK"
6,500,0.1,0.5,"Oracle-GMM",0.3,0.605812779950476,5.99146454710798,TRUE,"OK"
6,500,0.1,0.5,"Oracle-GMM",0.35,0.535735827263136,5.99146454710798,TRUE,"OK"
6,500,0.1,0.5,"Oracle-GMM",0.4,1.11063008788792,5.99146454710798,TRUE,"OK"
6,500,0.1,0.5,"Oracle-GMM",0.45,3.62527757894986,5.99146454710798,TRUE,"OK"
6,500,0.1,0.5,"Oracle-GMM",0.5,1.84700152995133,5.99146454710798,TRUE,"OK"
6,500,0.1,0.5,"Oracle-GMM",0.55,3.3111810304247,5.99146454710798,TRUE,"OK"
6,500,0.1,0.5,"Oracle-GMM",0.6,3.41156759698438,5.99146454710798,TRUE,"OK"
6,500,0.1,0.5,"Oracle-GMM",0.65,1.25036167768735,5.99146454710798,TRUE,"OK"
6,500,0.1,0.5,"Oracle-GMM",0.7,1.21340214634413,5.99146454710798,TRUE,"OK"
6,500,0.1,0.5,"Oracle-GMM",0.75,1.36582221460606,5.99146454710798,TRUE,"OK"
6,500,0.1,0.5,"Oracle-GMM",0.8,0.600948029131667,5.99146454710798,TRUE,"OK"
6,500,0.1,0.5,"Oracle-GMM",0.85,0.481526350563768,5.99146454710798,TRUE,"OK"
6,500,0.1,0.5,"Oracle-GMM",0.9,0.678742936321277,5.99146454710798,TRUE,"OK"
6,500,0.1,0.5,"Oracle-GMM",0.95,0.647778536561524,5.99146454710798,TRUE,"OK"
6,500,0.1,0.5,"Oracle-GMM",1,0.242054754916535,5.99146454710798,TRUE,"OK"
6,500,0.1,0.5,"Oracle-GMM",1.05,0.777284304057584,5.99146454710798,TRUE,"OK"
6,500,0.1,0.5,"Oracle-GMM",1.1,0.421473438877217,5.99146454710798,TRUE,"OK"
6,500,0.1,0.5,"Oracle-GMM",1.15,0.172478061890777,5.99146454710798,TRUE,"OK"
6,500,0.1,0.5,"Oracle-GMM",1.2,0.840294856724647,5.99146454710798,TRUE,"OK"
6,500,0.1,0.5,"Oracle-GMM",1.25,0.595991218196497,5.99146454710798,TRUE,"OK"
6,500,0.1,0.5,"Oracle-GMM",1.3,1.60192764359697,5.99146454710798,TRUE,"OK"
6,500,0.1,0.5,"Oracle-GMM",1.35,1.23432216212874,5.99146454710798,TRUE,"OK"
6,500,0.1,0.5,"Oracle-GMM",1.4,1.30717220633142,5.99146454710798,TRUE,"OK"
6,500,0.1,0.5,"Oracle-GMM",1.45,2.49407944191571,5.99146454710798,TRUE,"OK"
6,500,0.1,0.5,"Oracle-GMM",1.5,1.27179813997582,5.99146454710798,TRUE,"OK"
6,500,0.1,0.5,"Oracle-GMM",1.55,1.24916168420899,5.99146454710798,TRUE,"OK"
6,500,0.1,0.5,"Oracle-GMM",1.6,1.34661029867617,5.99146454710798,TRUE,"OK"
6,500,0.1,0.5,"Oracle-GMM",1.65,0.95380653227066,5.99146454710798,TRUE,"OK"
6,500,0.1,0.5,"Oracle-GMM",1.7,1.54977281160823,5.99146454710798,TRUE,"OK"
6,500,0.1,0.5,"Oracle-GMM",1.75,1.04206521690324,5.99146454710798,TRUE,"OK"
6,500,0.1,0.5,"Oracle-GMM",1.8,0.769680285315853,5.99146454710798,TRUE,"OK"
6,500,0.1,0.5,"Oracle-GMM",1.85,1.1293177647642,5.99146454710798,TRUE,"OK"
6,500,0.1,0.5,"Oracle-GMM",1.9,2.15233917681204,5.99146454710798,TRUE,"OK"
6,500,0.1,0.5,"Oracle-GMM",1.95,2.50286107488672,5.99146454710798,TRUE,"OK"
6,500,0.1,0.5,"Oracle-GMM",2,2.76812382015412,5.99146454710798,TRUE,"OK"
6,500,0.1,0.5,"Oracle-GMM",2.05,2.21344825909155,5.99146454710798,TRUE,"OK"
6,500,0.1,0.5,"Oracle-GMM",2.1,3.04374455653395,5.99146454710798,TRUE,"OK"
6,500,0.1,0.5,"Oracle-GMM",2.15,2.5877351083282,5.99146454710798,TRUE,"OK"
6,500,0.1,0.5,"Oracle-GMM",2.2,1.88188998879978,5.99146454710798,TRUE,"OK"
6,500,0.1,0.5,"Oracle-GMM",2.25,2.68987497900232,5.99146454710798,TRUE,"OK"
6,500,0.1,0.5,"Oracle-GMM",2.3,2.65988789946302,5.99146454710798,TRUE,"OK"
6,500,0.1,0.5,"Oracle-GMM",2.35,2.25217083363648,5.99146454710798,TRUE,"OK"
6,500,0.1,0.5,"Oracle-GMM",2.4,2.06729387108137,5.99146454710798,TRUE,"OK"
6,500,0.1,0.5,"Oracle-GMM",2.45,1.04764960975052,5.99146454710798,TRUE,"OK"
6,500,0.1,0.5,"Oracle-GMM",2.5,2.1199679230013,5.99146454710798,TRUE,"OK"
6,500,0.1,0.5,"Oracle-GMM",2.55,1.72330351719494,5.99146454710798,TRUE,"OK"
6,500,0.1,0.5,"Oracle-GMM",2.6,0.681242715186796,5.99146454710798,TRUE,"OK"
6,500,0.1,0.5,"Oracle-GMM",2.65,1.52612036175607,5.99146454710798,TRUE,"OK"
6,500,0.1,0.5,"Oracle-GMM",2.7,0.251518183375179,5.99146454710798,TRUE,"OK"
6,500,0.1,0.5,"Oracle-GMM",2.75,0.782340165784821,5.99146454710798,TRUE,"OK"
6,500,0.1,0.5,"Oracle-GMM",2.8,0.0251285030692415,5.99146454710798,TRUE,"OK"
6,500,0.1,0.5,"Oracle-GMM",2.85,0.132200539528237,5.99146454710798,TRUE,"OK"
6,500,0.1,0.5,"Oracle-GMM",2.9,0.19984991770596,5.99146454710798,TRUE,"OK"
6,500,0.1,0.5,"Oracle-GMM",2.95,0.1429280655737,5.99146454710798,TRUE,"OK"
6,500,0.1,0.5,"Oracle-GMM",3,0.0772180505050842,5.99146454710798,TRUE,"OK"
6,500,0.1,0.5,"Full-GMM",-1,6.49182265496589,5.99146454710798,FALSE,"OK"
6,500,0.1,0.5,"Full-GMM",-0.95,7.98666607227544,5.99146454710798,FALSE,"OK"
6,500,0.1,0.5,"Full-GMM",-0.9,4.61341218072245,5.99146454710798,TRUE,"OK"
6,500,0.1,0.5,"Full-GMM",-0.85,6.11143365539535,5.99146454710798,FALSE,"OK"
6,500,0.1,0.5,"Full-GMM",-0.8,3.87895831687756,5.99146454710798,TRUE,"OK"
6,500,0.1,0.5,"Full-GMM",-0.75,4.62963740513644,5.99146454710798,TRUE,"OK"
6,500,0.1,0.5,"Full-GMM",-0.7,3.7577902744236,5.99146454710798,TRUE,"OK"
6,500,0.1,0.5,"Full-GMM",-0.65,4.90151779155498,5.99146454710798,TRUE,"OK"
6,500,0.1,0.5,"Full-GMM",-0.6,5.56960223992217,5.99146454710798,TRUE,"OK"
6,500,0.1,0.5,"Full-GMM",-0.55,4.62146009536785,5.99146454710798,TRUE,"OK"
6,500,0.1,0.5,"Full-GMM",-0.5,2.58365582854599,5.99146454710798,TRUE,"OK"
6,500,0.1,0.5,"Full-GMM",-0.45,6.55375733927315,5.99146454710798,FALSE,"OK"
6,500,0.1,0.5,"Full-GMM",-0.4,6.43443813047337,5.99146454710798,FALSE,"OK"
6,500,0.1,0.5,"Full-GMM",-0.35,1.53217987502638,5.99146454710798,TRUE,"OK"
6,500,0.1,0.5,"Full-GMM",-0.3,2.9240192382647,5.99146454710798,TRUE,"OK"
6,500,0.1,0.5,"Full-GMM",-0.25,4.24426507646827,5.99146454710798,TRUE,"OK"
6,500,0.1,0.5,"Full-GMM",-0.2,4.00246980265596,5.99146454710798,TRUE,"OK"
6,500,0.1,0.5,"Full-GMM",-0.15,2.94436316840361,5.99146454710798,TRUE,"OK"
6,500,0.1,0.5,"Full-GMM",-0.1,1.27785695461636,5.99146454710798,TRUE,"OK"
6,500,0.1,0.5,"Full-GMM",-0.0499999999999999,5.24522438055351,5.99146454710798,TRUE,"OK"
6,500,0.1,0.5,"Full-GMM",0,0.925263960877845,5.99146454710798,TRUE,"OK"
6,500,0.1,0.5,"Full-GMM",0.05,3.35547272853205,5.99146454710798,TRUE,"OK"
6,500,0.1,0.5,"Full-GMM",0.1,2.59185893158761,5.99146454710798,TRUE,"OK"
6,500,0.1,0.5,"Full-GMM",0.15,4.80442054023131,5.99146454710798,TRUE,"OK"
6,500,0.1,0.5,"Full-GMM",0.2,3.51577961745557,5.99146454710798,TRUE,"OK"
6,500,0.1,0.5,"Full-GMM",0.25,2.24825810119937,5.99146454710798,TRUE,"OK"
6,500,0.1,0.5,"Full-GMM",0.3,2.97622110499226,5.99146454710798,TRUE,"OK"
6,500,0.1,0.5,"Full-GMM",0.35,3.82511363521429,5.99146454710798,TRUE,"OK"
6,500,0.1,0.5,"Full-GMM",0.4,0.560486118598196,5.99146454710798,TRUE,"OK"
6,500,0.1,0.5,"Full-GMM",0.45,0.625633982024196,5.99146454710798,TRUE,"OK"
6,500,0.1,0.5,"Full-GMM",0.5,0.068138687068473,5.99146454710798,TRUE,"OK"
6,500,0.1,0.5,"Full-GMM",0.55,1.5414476436844,5.99146454710798,TRUE,"OK"
6,500,0.1,0.5,"Full-GMM",0.6,1.89207728002381,5.99146454710798,TRUE,"OK"
6,500,0.1,0.5,"Full-GMM",0.65,0.932373198269989,5.99146454710798,TRUE,"OK"
6,500,0.1,0.5,"Full-GMM",0.7,0.340892444173101,5.99146454710798,TRUE,"OK"
6,500,0.1,0.5,"Full-GMM",0.75,0.395181943308811,5.99146454710798,TRUE,"OK"
6,500,0.1,0.5,"Full-GMM",0.8,0.866972857284087,5.99146454710798,TRUE,"OK"
6,500,0.1,0.5,"Full-GMM",0.85,0.000661648738994196,5.99146454710798,TRUE,"OK"
6,500,0.1,0.5,"Full-GMM",0.9,1.25197773597652,5.99146454710798,TRUE,"OK"
6,500,0.1,0.5,"Full-GMM",0.95,0.592600787569162,5.99146454710798,TRUE,"OK"
6,500,0.1,0.5,"Full-GMM",1,0.485293115075963,5.99146454710798,TRUE,"OK"
6,500,0.1,0.5,"Full-GMM",1.05,0.546607592461411,5.99146454710798,TRUE,"OK"
6,500,0.1,0.5,"Full-GMM",1.1,1.18398982185107,5.99146454710798,TRUE,"OK"
6,500,0.1,0.5,"Full-GMM",1.15,0.568770207218327,5.99146454710798,TRUE,"OK"
6,500,0.1,0.5,"Full-GMM",1.2,0.671076078037693,5.99146454710798,TRUE,"OK"
6,500,0.1,0.5,"Full-GMM",1.25,0.499166371802344,5.99146454710798,TRUE,"OK"
6,500,0.1,0.5,"Full-GMM",1.3,0.726082568750001,5.99146454710798,TRUE,"OK"
6,500,0.1,0.5,"Full-GMM",1.35,0.691766710844827,5.99146454710798,TRUE,"OK"
6,500,0.1,0.5,"Full-GMM",1.4,0.279133342268809,5.99146454710798,TRUE,"OK"
6,500,0.1,0.5,"Full-GMM",1.45,1.12487133909242,5.99146454710798,TRUE,"OK"
6,500,0.1,0.5,"Full-GMM",1.5,0.893615441697494,5.99146454710798,TRUE,"OK"
6,500,0.1,0.5,"Full-GMM",1.55,0.714890639508588,5.99146454710798,TRUE,"OK"
6,500,0.1,0.5,"Full-GMM",1.6,1.84971537656825,5.99146454710798,TRUE,"OK"
6,500,0.1,0.5,"Full-GMM",1.65,1.0224006039355,5.99146454710798,TRUE,"OK"
6,500,0.1,0.5,"Full-GMM",1.7,0.491066872516168,5.99146454710798,TRUE,"OK"
6,500,0.1,0.5,"Full-GMM",1.75,3.23357502226415,5.99146454710798,TRUE,"OK"
6,500,0.1,0.5,"Full-GMM",1.8,2.10763673057822,5.99146454710798,TRUE,"OK"
6,500,0.1,0.5,"Full-GMM",1.85,3.71831175687282,5.99146454710798,TRUE,"OK"
6,500,0.1,0.5,"Full-GMM",1.9,3.9447635138167,5.99146454710798,TRUE,"OK"
6,500,0.1,0.5,"Full-GMM",1.95,3.21152188096937,5.99146454710798,TRUE,"OK"
6,500,0.1,0.5,"Full-GMM",2,4.5152258554918,5.99146454710798,TRUE,"OK"
6,500,0.1,0.5,"Full-GMM",2.05,0.727777826177763,5.99146454710798,TRUE,"OK"
6,500,0.1,0.5,"Full-GMM",2.1,1.50061628263345,5.99146454710798,TRUE,"OK"
6,500,0.1,0.5,"Full-GMM",2.15,2.20615505601222,5.99146454710798,TRUE,"OK"
6,500,0.1,0.5,"Full-GMM",2.2,0.752615570841476,5.99146454710798,TRUE,"OK"
6,500,0.1,0.5,"Full-GMM",2.25,1.42834719944019,5.99146454710798,TRUE,"OK"
6,500,0.1,0.5,"Full-GMM",2.3,1.24175165429264,5.99146454710798,TRUE,"OK"
6,500,0.1,0.5,"Full-GMM",2.35,0.972510758553169,5.99146454710798,TRUE,"OK"
6,500,0.1,0.5,"Full-GMM",2.4,1.18656219554849,5.99146454710798,TRUE,"OK"
6,500,0.1,0.5,"Full-GMM",2.45,2.26636264820435,5.99146454710798,TRUE,"OK"
6,500,0.1,0.5,"Full-GMM",2.5,2.19530130551949,5.99146454710798,TRUE,"OK"
6,500,0.1,0.5,"Full-GMM",2.55,1.03968891239953,5.99146454710798,TRUE,"OK"
6,500,0.1,0.5,"Full-GMM",2.6,0.0175194476617192,5.99146454710798,TRUE,"OK"
6,500,0.1,0.5,"Full-GMM",2.65,1.04382992714043,5.99146454710798,TRUE,"OK"
6,500,0.1,0.5,"Full-GMM",2.7,1.29863959022737,5.99146454710798,TRUE,"OK"
6,500,0.1,0.5,"Full-GMM",2.75,0.280428798163745,5.99146454710798,TRUE,"OK"
6,500,0.1,0.5,"Full-GMM",2.8,0.947950849615325,5.99146454710798,TRUE,"OK"
6,500,0.1,0.5,"Full-GMM",2.85,1.36542587762422,5.99146454710798,TRUE,"OK"
6,500,0.1,0.5,"Full-GMM",2.9,3.11201581557067,5.99146454710798,TRUE,"OK"
6,500,0.1,0.5,"Full-GMM",2.95,1.7265527060344,5.99146454710798,TRUE,"OK"
6,500,0.1,0.5,"Full-GMM",3,0.420747500799738,5.99146454710798,TRUE,"OK"
6,500,0.1,0.5,"DML-IVQR",-1,2.30295802483618,5.99146454710798,TRUE,"OK"
6,500,0.1,0.5,"DML-IVQR",-0.95,2.18266134652735,5.99146454710798,TRUE,"OK"
6,500,0.1,0.5,"DML-IVQR",-0.9,2.15048362145765,5.99146454710798,TRUE,"OK"
6,500,0.1,0.5,"DML-IVQR",-0.85,1.36086236529538,5.99146454710798,TRUE,"OK"
6,500,0.1,0.5,"DML-IVQR",-0.8,3.25379904394419,5.99146454710798,TRUE,"OK"
6,500,0.1,0.5,"DML-IVQR",-0.75,2.14229784744592,5.99146454710798,TRUE,"OK"
6,500,0.1,0.5,"DML-IVQR",-0.7,1.80050248402222,5.99146454710798,TRUE,"OK"
6,500,0.1,0.5,"DML-IVQR",-0.65,2.11442124103552,5.99146454710798,TRUE,"OK"
6,500,0.1,0.5,"DML-IVQR",-0.6,1.87251001932409,5.99146454710798,TRUE,"OK"
6,500,0.1,0.5,"DML-IVQR",-0.55,1.48251817868651,5.99146454710798,TRUE,"OK"
6,500,0.1,0.5,"DML-IVQR",-0.5,1.66459254991359,5.99146454710798,TRUE,"OK"
6,500,0.1,0.5,"DML-IVQR",-0.45,0.943722369941632,5.99146454710798,TRUE,"OK"
6,500,0.1,0.5,"DML-IVQR",-0.4,1.20996873604703,5.99146454710798,TRUE,"OK"
6,500,0.1,0.5,"DML-IVQR",-0.35,1.71235898623705,5.99146454710798,TRUE,"OK"
6,500,0.1,0.5,"DML-IVQR",-0.3,1.51456196468859,5.99146454710798,TRUE,"OK"
6,500,0.1,0.5,"DML-IVQR",-0.25,2.16144183255033,5.99146454710798,TRUE,"OK"
6,500,0.1,0.5,"DML-IVQR",-0.2,2.11997044660674,5.99146454710798,TRUE,"OK"
6,500,0.1,0.5,"DML-IVQR",-0.15,1.8941151862449,5.99146454710798,TRUE,"OK"
6,500,0.1,0.5,"DML-IVQR",-0.1,2.27604756399761,5.99146454710798,TRUE,"OK"
6,500,0.1,0.5,"DML-IVQR",-0.0499999999999999,2.48289937422996,5.99146454710798,TRUE,"OK"
6,500,0.1,0.5,"DML-IVQR",0,4.39534615083458,5.99146454710798,TRUE,"OK"
6,500,0.1,0.5,"DML-IVQR",0.05,3.81269586169181,5.99146454710798,TRUE,"OK"
6,500,0.1,0.5,"DML-IVQR",0.1,5.39769770054442,5.99146454710798,TRUE,"OK"
6,500,0.1,0.5,"DML-IVQR",0.15,4.98292666449825,5.99146454710798,TRUE,"OK"
6,500,0.1,0.5,"DML-IVQR",0.2,5.43777904791432,5.99146454710798,TRUE,"OK"
6,500,0.1,0.5,"DML-IVQR",0.25,4.65035921214656,5.99146454710798,TRUE,"OK"
6,500,0.1,0.5,"DML-IVQR",0.3,5.93473381860754,5.99146454710798,TRUE,"OK"
6,500,0.1,0.5,"DML-IVQR",0.35,3.56818781820789,5.99146454710798,TRUE,"OK"
6,500,0.1,0.5,"DML-IVQR",0.4,3.31805097671316,5.99146454710798,TRUE,"OK"
6,500,0.1,0.5,"DML-IVQR",0.45,3.22841721435618,5.99146454710798,TRUE,"OK"
6,500,0.1,0.5,"DML-IVQR",0.5,3.01933081923454,5.99146454710798,TRUE,"OK"
6,500,0.1,0.5,"DML-IVQR",0.55,4.05330581523876,5.99146454710798,TRUE,"OK"
6,500,0.1,0.5,"DML-IVQR",0.6,3.36295936808796,5.99146454710798,TRUE,"OK"
6,500,0.1,0.5,"DML-IVQR",0.65,1.24181988988887,5.99146454710798,TRUE,"OK"
6,500,0.1,0.5,"DML-IVQR",0.7,1.49902030000257,5.99146454710798,TRUE,"OK"
6,500,0.1,0.5,"DML-IVQR",0.75,1.72006714616135,5.99146454710798,TRUE,"OK"
6,500,0.1,0.5,"DML-IVQR",0.8,0.84140523923601,5.99146454710798,TRUE,"OK"
6,500,0.1,0.5,"DML-IVQR",0.85,1.14596605701168,5.99146454710798,TRUE,"OK"
6,500,0.1,0.5,"DML-IVQR",0.9,2.14472734363635,5.99146454710798,TRUE,"OK"
6,500,0.1,0.5,"DML-IVQR",0.95,0.943817598810285,5.99146454710798,TRUE,"OK"
6,500,0.1,0.5,"DML-IVQR",1,1.52813877265933,5.99146454710798,TRUE,"OK"
6,500,0.1,0.5,"DML-IVQR",1.05,1.30630131488317,5.99146454710798,TRUE,"OK"
6,500,0.1,0.5,"DML-IVQR",1.1,1.24136434797629,5.99146454710798,TRUE,"OK"
6,500,0.1,0.5,"DML-IVQR",1.15,1.36056232692794,5.99146454710798,TRUE,"OK"
6,500,0.1,0.5,"DML-IVQR",1.2,0.873765079665045,5.99146454710798,TRUE,"OK"
6,500,0.1,0.5,"DML-IVQR",1.25,1.18018281789268,5.99146454710798,TRUE,"OK"
6,500,0.1,0.5,"DML-IVQR",1.3,0.879970359468324,5.99146454710798,TRUE,"OK"
6,500,0.1,0.5,"DML-IVQR",1.35,0.522963502944276,5.99146454710798,TRUE,"OK"
6,500,0.1,0.5,"DML-IVQR",1.4,0.129393802972961,5.99146454710798,TRUE,"OK"
6,500,0.1,0.5,"DML-IVQR",1.45,0.302442049272735,5.99146454710798,TRUE,"OK"
6,500,0.1,0.5,"DML-IVQR",1.5,0.0290114563737818,5.99146454710798,TRUE,"OK"
6,500,0.1,0.5,"DML-IVQR",1.55,0.00248417127506074,5.99146454710798,TRUE,"OK"
6,500,0.1,0.5,"DML-IVQR",1.6,0.147909997127075,5.99146454710798,TRUE,"OK"
6,500,0.1,0.5,"DML-IVQR",1.65,0.426582314496116,5.99146454710798,TRUE,"OK"
6,500,0.1,0.5,"DML-IVQR",1.7,1.25823293438168,5.99146454710798,TRUE,"OK"
6,500,0.1,0.5,"DML-IVQR",1.75,1.16115485485217,5.99146454710798,TRUE,"OK"
6,500,0.1,0.5,"DML-IVQR",1.8,1.80016182324485,5.99146454710798,TRUE,"OK"
6,500,0.1,0.5,"DML-IVQR",1.85,2.02747988839301,5.99146454710798,TRUE,"OK"
6,500,0.1,0.5,"DML-IVQR",1.9,2.44699369174218,5.99146454710798,TRUE,"OK"
6,500,0.1,0.5,"DML-IVQR",1.95,2.10932464778591,5.99146454710798,TRUE,"OK"
6,500,0.1,0.5,"DML-IVQR",2,1.90355760139305,5.99146454710798,TRUE,"OK"
6,500,0.1,0.5,"DML-IVQR",2.05,1.42165031690492,5.99146454710798,TRUE,"OK"
6,500,0.1,0.5,"DML-IVQR",2.1,1.8466105172468,5.99146454710798,TRUE,"OK"
6,500,0.1,0.5,"DML-IVQR",2.15,1.87303935731575,5.99146454710798,TRUE,"OK"
6,500,0.1,0.5,"DML-IVQR",2.2,1.08596989883605,5.99146454710798,TRUE,"OK"
6,500,0.1,0.5,"DML-IVQR",2.25,1.61320307938617,5.99146454710798,TRUE,"OK"
6,500,0.1,0.5,"DML-IVQR",2.3,1.6293963953267,5.99146454710798,TRUE,"OK"
6,500,0.1,0.5,"DML-IVQR",2.35,1.58617408131602,5.99146454710798,TRUE,"OK"
6,500,0.1,0.5,"DML-IVQR",2.4,2.1464199455146,5.99146454710798,TRUE,"OK"
6,500,0.1,0.5,"DML-IVQR",2.45,3.11287113317729,5.99146454710798,TRUE,"OK"
6,500,0.1,0.5,"DML-IVQR",2.5,2.72761388948516,5.99146454710798,TRUE,"OK"
6,500,0.1,0.5,"DML-IVQR",2.55,3.26911923456543,5.99146454710798,TRUE,"OK"
6,500,0.1,0.5,"DML-IVQR",2.6,2.48195423630698,5.99146454710798,TRUE,"OK"
6,500,0.1,0.5,"DML-IVQR",2.65,2.39720603424757,5.99146454710798,TRUE,"OK"
6,500,0.1,0.5,"DML-IVQR",2.7,1.84791419513784,5.99146454710798,TRUE,"OK"
6,500,0.1,0.5,"DML-IVQR",2.75,2.13645077105916,5.99146454710798,TRUE,"OK"
6,500,0.1,0.5,"DML-IVQR",2.8,1.79095722497957,5.99146454710798,TRUE,"OK"
6,500,0.1,0.5,"DML-IVQR",2.85,1.84101436370417,5.99146454710798,TRUE,"OK"
6,500,0.1,0.5,"DML-IVQR",2.9,2.32410196977773,5.99146454710798,TRUE,"OK"
6,500,0.1,0.5,"DML-IVQR",2.95,2.45375534494683,5.99146454710798,TRUE,"OK"
6,500,0.1,0.5,"DML-IVQR",3,2.1402399499099,5.99146454710798,TRUE,"OK"
6,500,0.1,0.9,"Oracle-GMM",-1,1.80757594582249,5.99146454710798,TRUE,"OK"
6,500,0.1,0.9,"Oracle-GMM",-0.95,0.708975097420589,5.99146454710798,TRUE,"OK"
6,500,0.1,0.9,"Oracle-GMM",-0.9,0.590489611345024,5.99146454710798,TRUE,"OK"
6,500,0.1,0.9,"Oracle-GMM",-0.85,0.895718276018124,5.99146454710798,TRUE,"OK"
6,500,0.1,0.9,"Oracle-GMM",-0.8,2.13407656824413,5.99146454710798,TRUE,"OK"
6,500,0.1,0.9,"Oracle-GMM",-0.75,0.65282802574031,5.99146454710798,TRUE,"OK"
6,500,0.1,0.9,"Oracle-GMM",-0.7,2.37641341499686,5.99146454710798,TRUE,"OK"
6,500,0.1,0.9,"Oracle-GMM",-0.65,1.43302978902458,5.99146454710798,TRUE,"OK"
6,500,0.1,0.9,"Oracle-GMM",-0.6,1.54391513800598,5.99146454710798,TRUE,"OK"
6,500,0.1,0.9,"Oracle-GMM",-0.55,0.858622011494459,5.99146454710798,TRUE,"OK"
6,500,0.1,0.9,"Oracle-GMM",-0.5,1.11024002377887,5.99146454710798,TRUE,"OK"
6,500,0.1,0.9,"Oracle-GMM",-0.45,0.967735520526756,5.99146454710798,TRUE,"OK"
6,500,0.1,0.9,"Oracle-GMM",-0.4,1.11683220941548,5.99146454710798,TRUE,"OK"
6,500,0.1,0.9,"Oracle-GMM",-0.35,1.29140319766935,5.99146454710798,TRUE,"OK"
6,500,0.1,0.9,"Oracle-GMM",-0.3,0.889290125074256,5.99146454710798,TRUE,"OK"
6,500,0.1,0.9,"Oracle-GMM",-0.25,0.723338512448101,5.99146454710798,TRUE,"OK"
6,500,0.1,0.9,"Oracle-GMM",-0.2,0.723372976456649,5.99146454710798,TRUE,"OK"
6,500,0.1,0.9,"Oracle-GMM",-0.15,0.657957304419239,5.99146454710798,TRUE,"OK"
6,500,0.1,0.9,"Oracle-GMM",-0.1,0.617649573082779,5.99146454710798,TRUE,"OK"
6,500,0.1,0.9,"Oracle-GMM",-0.0499999999999999,0.759123052782992,5.99146454710798,TRUE,"OK"
6,500,0.1,0.9,"Oracle-GMM",0,0.591311567983921,5.99146454710798,TRUE,"OK"
6,500,0.1,0.9,"Oracle-GMM",0.05,0.880713005198941,5.99146454710798,TRUE,"OK"
6,500,0.1,0.9,"Oracle-GMM",0.1,1.1021340549445,5.99146454710798,TRUE,"OK"
6,500,0.1,0.9,"Oracle-GMM",0.15,0.876360600911897,5.99146454710798,TRUE,"OK"
6,500,0.1,0.9,"Oracle-GMM",0.2,0.489132826142181,5.99146454710798,TRUE,"OK"
6,500,0.1,0.9,"Oracle-GMM",0.25,0.864728504943765,5.99146454710798,TRUE,"OK"
6,500,0.1,0.9,"Oracle-GMM",0.3,0.408975568992515,5.99146454710798,TRUE,"OK"
6,500,0.1,0.9,"Oracle-GMM",0.35,0.479296016906114,5.99146454710798,TRUE,"OK"
6,500,0.1,0.9,"Oracle-GMM",0.4,0.642903177071146,5.99146454710798,TRUE,"OK"
6,500,0.1,0.9,"Oracle-GMM",0.45,0.868518096960457,5.99146454710798,TRUE,"OK"
6,500,0.1,0.9,"Oracle-GMM",0.5,0.472886283804297,5.99146454710798,TRUE,"OK"
6,500,0.1,0.9,"Oracle-GMM",0.55,0.328949796422059,5.99146454710798,TRUE,"OK"
6,500,0.1,0.9,"Oracle-GMM",0.6,0.437828486721255,5.99146454710798,TRUE,"OK"
6,500,0.1,0.9,"Oracle-GMM",0.65,0.789136337421952,5.99146454710798,TRUE,"OK"
6,500,0.1,0.9,"Oracle-GMM",0.7,0.555725122810425,5.99146454710798,TRUE,"OK"
6,500,0.1,0.9,"Oracle-GMM",0.75,0.633476826384328,5.99146454710798,TRUE,"OK"
6,500,0.1,0.9,"Oracle-GMM",0.8,0.765463122353054,5.99146454710798,TRUE,"OK"
6,500,0.1,0.9,"Oracle-GMM",0.85,0.0521853794051242,5.99146454710798,TRUE,"OK"
6,500,0.1,0.9,"Oracle-GMM",0.9,0.46222480404508,5.99146454710798,TRUE,"OK"
6,500,0.1,0.9,"Oracle-GMM",0.95,0.972891767073153,5.99146454710798,TRUE,"OK"
6,500,0.1,0.9,"Oracle-GMM",1,0.63945184596822,5.99146454710798,TRUE,"OK"
6,500,0.1,0.9,"Oracle-GMM",1.05,0.452916060630306,5.99146454710798,TRUE,"OK"
6,500,0.1,0.9,"Oracle-GMM",1.1,0.254744503938721,5.99146454710798,TRUE,"OK"
6,500,0.1,0.9,"Oracle-GMM",1.15,0.413197568631672,5.99146454710798,TRUE,"OK"
6,500,0.1,0.9,"Oracle-GMM",1.2,1.12384582473613,5.99146454710798,TRUE,"OK"
6,500,0.1,0.9,"Oracle-GMM",1.25,1.20453061346233,5.99146454710798,TRUE,"OK"
6,500,0.1,0.9,"Oracle-GMM",1.3,0.0686964948309748,5.99146454710798,TRUE,"OK"
6,500,0.1,0.9,"Oracle-GMM",1.35,0.058647102158129,5.99146454710798,TRUE,"OK"
6,500,0.1,0.9,"Oracle-GMM",1.4,0.122976856607937,5.99146454710798,TRUE,"OK"
6,500,0.1,0.9,"Oracle-GMM",1.45,0.406327714535867,5.99146454710798,TRUE,"OK"
6,500,0.1,0.9,"Oracle-GMM",1.5,0.317254426131818,5.99146454710798,TRUE,"OK"
6,500,0.1,0.9,"Oracle-GMM",1.55,0.147152281927806,5.99146454710798,TRUE,"OK"
6,500,0.1,0.9,"Oracle-GMM",1.6,0.312899800561918,5.99146454710798,TRUE,"OK"
6,500,0.1,0.9,"Oracle-GMM",1.65,1.25703231715035,5.99146454710798,TRUE,"OK"
6,500,0.1,0.9,"Oracle-GMM",1.7,0.662691502944062,5.99146454710798,TRUE,"OK"
6,500,0.1,0.9,"Oracle-GMM",1.75,0.55613835462952,5.99146454710798,TRUE,"OK"
6,500,0.1,0.9,"Oracle-GMM",1.8,0.197682407082117,5.99146454710798,TRUE,"OK"
6,500,0.1,0.9,"Oracle-GMM",1.85,1.32077770351761,5.99146454710798,TRUE,"OK"
6,500,0.1,0.9,"Oracle-GMM",1.9,0.129627648978854,5.99146454710798,TRUE,"OK"
6,500,0.1,0.9,"Oracle-GMM",1.95,1.19466277614917,5.99146454710798,TRUE,"OK"
6,500,0.1,0.9,"Oracle-GMM",2,0.619887060624834,5.99146454710798,TRUE,"OK"
6,500,0.1,0.9,"Oracle-GMM",2.05,0.380412064681174,5.99146454710798,TRUE,"OK"
6,500,0.1,0.9,"Oracle-GMM",2.1,0.424479423539398,5.99146454710798,TRUE,"OK"
6,500,0.1,0.9,"Oracle-GMM",2.15,0.109946822083467,5.99146454710798,TRUE,"OK"
6,500,0.1,0.9,"Oracle-GMM",2.2,1.30683611348446,5.99146454710798,TRUE,"OK"
6,500,0.1,0.9,"Oracle-GMM",2.25,0.126918826018095,5.99146454710798,TRUE,"OK"
6,500,0.1,0.9,"Oracle-GMM",2.3,0.995656504515035,5.99146454710798,TRUE,"OK"
6,500,0.1,0.9,"Oracle-GMM",2.35,0.764980033205514,5.99146454710798,TRUE,"OK"
6,500,0.1,0.9,"Oracle-GMM",2.4,1.22708389013977,5.99146454710798,TRUE,"OK"
6,500,0.1,0.9,"Oracle-GMM",2.45,2.71868743739351,5.99146454710798,TRUE,"OK"
6,500,0.1,0.9,"Oracle-GMM",2.5,3.0297678835909,5.99146454710798,TRUE,"OK"
6,500,0.1,0.9,"Oracle-GMM",2.55,1.93699139404215,5.99146454710798,TRUE,"OK"
6,500,0.1,0.9,"Oracle-GMM",2.6,0.8640462855931,5.99146454710798,TRUE,"OK"
6,500,0.1,0.9,"Oracle-GMM",2.65,2.21880388279214,5.99146454710798,TRUE,"OK"
6,500,0.1,0.9,"Oracle-GMM",2.7,1.57105171409785,5.99146454710798,TRUE,"OK"
6,500,0.1,0.9,"Oracle-GMM",2.75,1.06175401082362,5.99146454710798,TRUE,"OK"
6,500,0.1,0.9,"Oracle-GMM",2.8,1.12598119549014,5.99146454710798,TRUE,"OK"
6,500,0.1,0.9,"Oracle-GMM",2.85,1.31039550981198,5.99146454710798,TRUE,"OK"
6,500,0.1,0.9,"Oracle-GMM",2.9,1.07037064983114,5.99146454710798,TRUE,"OK"
6,500,0.1,0.9,"Oracle-GMM",2.95,0.0581353604932834,5.99146454710798,TRUE,"OK"
6,500,0.1,0.9,"Oracle-GMM",3,0.659452639189938,5.99146454710798,TRUE,"OK"
6,500,0.1,0.9,"Full-GMM",-1,1.61034644423897,5.99146454710798,TRUE,"OK"
6,500,0.1,0.9,"Full-GMM",-0.95,0.604599566158417,5.99146454710798,TRUE,"OK"
6,500,0.1,0.9,"Full-GMM",-0.9,0.996598724025547,5.99146454710798,TRUE,"OK"
6,500,0.1,0.9,"Full-GMM",-0.85,0.00213107540173561,5.99146454710798,TRUE,"OK"
6,500,0.1,0.9,"Full-GMM",-0.8,0.670568830463226,5.99146454710798,TRUE,"OK"
6,500,0.1,0.9,"Full-GMM",-0.75,0.525423754675764,5.99146454710798,TRUE,"OK"
6,500,0.1,0.9,"Full-GMM",-0.7,0.703434568439417,5.99146454710798,TRUE,"OK"
6,500,0.1,0.9,"Full-GMM",-0.65,0.487987053812746,5.99146454710798,TRUE,"OK"
6,500,0.1,0.9,"Full-GMM",-0.6,0.808900742491263,5.99146454710798,TRUE,"OK"
6,500,0.1,0.9,"Full-GMM",-0.55,0.809115186315215,5.99146454710798,TRUE,"OK"
6,500,0.1,0.9,"Full-GMM",-0.5,2.3896418701389,5.99146454710798,TRUE,"OK"
6,500,0.1,0.9,"Full-GMM",-0.45,1.41162629590785,5.99146454710798,TRUE,"OK"
6,500,0.1,0.9,"Full-GMM",-0.4,2.87432727300593,5.99146454710798,TRUE,"OK"
6,500,0.1,0.9,"Full-GMM",-0.35,1.36323209198198,5.99146454710798,TRUE,"OK"
6,500,0.1,0.9,"Full-GMM",-0.3,1.15965423409037,5.99146454710798,TRUE,"OK"
6,500,0.1,0.9,"Full-GMM",-0.25,0.965696011663583,5.99146454710798,TRUE,"OK"
6,500,0.1,0.9,"Full-GMM",-0.2,0.159407779693395,5.99146454710798,TRUE,"OK"
6,500,0.1,0.9,"Full-GMM",-0.15,1.59482148571984,5.99146454710798,TRUE,"OK"
6,500,0.1,0.9,"Full-GMM",-0.1,0.973855417965185,5.99146454710798,TRUE,"OK"
6,500,0.1,0.9,"Full-GMM",-0.0499999999999999,0.3015698677333,5.99146454710798,TRUE,"OK"
6,500,0.1,0.9,"Full-GMM",0,0.0291080624317796,5.99146454710798,TRUE,"OK"
6,500,0.1,0.9,"Full-GMM",0.05,3.02617937372144,5.99146454710798,TRUE,"OK"
6,500,0.1,0.9,"Full-GMM",0.1,0.370358401541481,5.99146454710798,TRUE,"OK"
6,500,0.1,0.9,"Full-GMM",0.15,1.26197543801209,5.99146454710798,TRUE,"OK"
6,500,0.1,0.9,"Full-GMM",0.2,1.76207133379864,5.99146454710798,TRUE,"OK"
6,500,0.1,0.9,"Full-GMM",0.25,0.259168446981988,5.99146454710798,TRUE,"OK"
6,500,0.1,0.9,"Full-GMM",0.3,2.49874770461793,5.99146454710798,TRUE,"OK"
6,500,0.1,0.9,"Full-GMM",0.35,3.44522894969043,5.99146454710798,TRUE,"OK"
6,500,0.1,0.9,"Full-GMM",0.4,2.46913319006592,5.99146454710798,TRUE,"OK"
6,500,0.1,0.9,"Full-GMM",0.45,0.49046959621871,5.99146454710798,TRUE,"OK"
6,500,0.1,0.9,"Full-GMM",0.5,1.66394012481075,5.99146454710798,TRUE,"OK"
6,500,0.1,0.9,"Full-GMM",0.55,0.20629795278576,5.99146454710798,TRUE,"OK"
6,500,0.1,0.9,"Full-GMM",0.6,0.753869849966268,5.99146454710798,TRUE,"OK"
6,500,0.1,0.9,"Full-GMM",0.65,0.42060913703711,5.99146454710798,TRUE,"OK"
6,500,0.1,0.9,"Full-GMM",0.7,0.359691053923914,5.99146454710798,TRUE,"OK"
6,500,0.1,0.9,"Full-GMM",0.75,1.90096204037595,5.99146454710798,TRUE,"OK"
6,500,0.1,0.9,"Full-GMM",0.8,0.910958008493858,5.99146454710798,TRUE,"OK"
6,500,0.1,0.9,"Full-GMM",0.85,3.08068411270921,5.99146454710798,TRUE,"OK"
6,500,0.1,0.9,"Full-GMM",0.9,0.138954612231898,5.99146454710798,TRUE,"OK"
6,500,0.1,0.9,"Full-GMM",0.95,1.48283532575428,5.99146454710798,TRUE,"OK"
6,500,0.1,0.9,"Full-GMM",1,3.47847231214687,5.99146454710798,TRUE,"OK"
6,500,0.1,0.9,"Full-GMM",1.05,1.35814142031981,5.99146454710798,TRUE,"OK"
6,500,0.1,0.9,"Full-GMM",1.1,3.71158452821015,5.99146454710798,TRUE,"OK"
6,500,0.1,0.9,"Full-GMM",1.15,0.259019775498286,5.99146454710798,TRUE,"OK"
6,500,0.1,0.9,"Full-GMM",1.2,0.33642776083337,5.99146454710798,TRUE,"OK"
6,500,0.1,0.9,"Full-GMM",1.25,4.82921447600886,5.99146454710798,TRUE,"OK"
6,500,0.1,0.9,"Full-GMM",1.3,2.36992083704215,5.99146454710798,TRUE,"OK"
6,500,0.1,0.9,"Full-GMM",1.35,2.36691421336008,5.99146454710798,TRUE,"OK"
6,500,0.1,0.9,"Full-GMM",1.4,0.871296513842117,5.99146454710798,TRUE,"OK"
6,500,0.1,0.9,"Full-GMM",1.45,0.824530272583553,5.99146454710798,TRUE,"OK"
6,500,0.1,0.9,"Full-GMM",1.5,0.458869683604895,5.99146454710798,TRUE,"OK"
6,500,0.1,0.9,"Full-GMM",1.55,2.55095465839244,5.99146454710798,TRUE,"OK"
6,500,0.1,0.9,"Full-GMM",1.6,0.170637397487661,5.99146454710798,TRUE,"OK"
6,500,0.1,0.9,"Full-GMM",1.65,1.34308856815044,5.99146454710798,TRUE,"OK"
6,500,0.1,0.9,"Full-GMM",1.7,1.67753281779978,5.99146454710798,TRUE,"OK"
6,500,0.1,0.9,"Full-GMM",1.75,1.22471437400497,5.99146454710798,TRUE,"OK"
6,500,0.1,0.9,"Full-GMM",1.8,0.599758102806461,5.99146454710798,TRUE,"OK"
6,500,0.1,0.9,"Full-GMM",1.85,4.46455775775977,5.99146454710798,TRUE,"OK"
6,500,0.1,0.9,"Full-GMM",1.9,3.33318470750064,5.99146454710798,TRUE,"OK"
6,500,0.1,0.9,"Full-GMM",1.95,5.89398218449744,5.99146454710798,TRUE,"OK"
6,500,0.1,0.9,"Full-GMM",2,1.05535838987061,5.99146454710798,TRUE,"OK"
6,500,0.1,0.9,"Full-GMM",2.05,3.78493029343926,5.99146454710798,TRUE,"OK"
6,500,0.1,0.9,"Full-GMM",2.1,2.72296055102646,5.99146454710798,TRUE,"OK"
6,500,0.1,0.9,"Full-GMM",2.15,6.33430521984641,5.99146454710798,FALSE,"OK"
6,500,0.1,0.9,"Full-GMM",2.2,0.688598307561352,5.99146454710798,TRUE,"OK"
6,500,0.1,0.9,"Full-GMM",2.25,0.105327139174592,5.99146454710798,TRUE,"OK"
6,500,0.1,0.9,"Full-GMM",2.3,0.520263589021647,5.99146454710798,TRUE,"OK"
6,500,0.1,0.9,"Full-GMM",2.35,0.0674135511247816,5.99146454710798,TRUE,"OK"
6,500,0.1,0.9,"Full-GMM",2.4,1.70834183701947,5.99146454710798,TRUE,"OK"
6,500,0.1,0.9,"Full-GMM",2.45,2.18088598929115,5.99146454710798,TRUE,"OK"
6,500,0.1,0.9,"Full-GMM",2.5,1.32014852654127,5.99146454710798,TRUE,"OK"
6,500,0.1,0.9,"Full-GMM",2.55,0.401610222967549,5.99146454710798,TRUE,"OK"
6,500,0.1,0.9,"Full-GMM",2.6,3.64107959643488,5.99146454710798,TRUE,"OK"
6,500,0.1,0.9,"Full-GMM",2.65,5.34026628595081,5.99146454710798,TRUE,"OK"
6,500,0.1,0.9,"Full-GMM",2.7,2.53551014605687,5.99146454710798,TRUE,"OK"
6,500,0.1,0.9,"Full-GMM",2.75,6.52052641109781,5.99146454710798,FALSE,"OK"
6,500,0.1,0.9,"Full-GMM",2.8,0.633020868807476,5.99146454710798,TRUE,"OK"
6,500,0.1,0.9,"Full-GMM",2.85,3.40466873047023,5.99146454710798,TRUE,"OK"
6,500,0.1,0.9,"Full-GMM",2.9,9.15114954422988,5.99146454710798,FALSE,"OK"
6,500,0.1,0.9,"Full-GMM",2.95,13.289430064063,5.99146454710798,FALSE,"OK"
6,500,0.1,0.9,"Full-GMM",3,3.54090645125514,5.99146454710798,TRUE,"OK"
6,500,0.1,0.9,"DML-IVQR",-1,1.09209961912654,5.99146454710798,TRUE,"OK"
6,500,0.1,0.9,"DML-IVQR",-0.95,1.36494556101717,5.99146454710798,TRUE,"OK"
6,500,0.1,0.9,"DML-IVQR",-0.9,1.20143993546203,5.99146454710798,TRUE,"OK"
6,500,0.1,0.9,"DML-IVQR",-0.85,0.649919844805656,5.99146454710798,TRUE,"OK"
6,500,0.1,0.9,"DML-IVQR",-0.8,0.687469027896375,5.99146454710798,TRUE,"OK"
6,500,0.1,0.9,"DML-IVQR",-0.75,0.711293957312788,5.99146454710798,TRUE,"OK"
6,500,0.1,0.9,"DML-IVQR",-0.7,0.728816068635532,5.99146454710798,TRUE,"OK"
6,500,0.1,0.9,"DML-IVQR",-0.65,0.738695029761396,5.99146454710798,TRUE,"OK"
6,500,0.1,0.9,"DML-IVQR",-0.6,0.798470846949979,5.99146454710798,TRUE,"OK"
6,500,0.1,0.9,"DML-IVQR",-0.55,1.32542885924051,5.99146454710798,TRUE,"OK"
6,500,0.1,0.9,"DML-IVQR",-0.5,1.02848231007561,5.99146454710798,TRUE,"OK"
6,500,0.1,0.9,"DML-IVQR",-0.45,0.274407914924807,5.99146454710798,TRUE,"OK"
6,500,0.1,0.9,"DML-IVQR",-0.4,1.01480098247195,5.99146454710798,TRUE,"OK"
6,500,0.1,0.9,"DML-IVQR",-0.35,0.431374991516508,5.99146454710798,TRUE,"OK"
6,500,0.1,0.9,"DML-IVQR",-0.3,0.741316559042889,5.99146454710798,TRUE,"OK"
6,500,0.1,0.9,"DML-IVQR",-0.25,1.09950181393967,5.99146454710798,TRUE,"OK"
6,500,0.1,0.9,"DML-IVQR",-0.2,1.42791623905042,5.99146454710798,TRUE,"OK"
6,500,0.1,0.9,"DML-IVQR",-0.15,1.12032445643743,5.99146454710798,TRUE,"OK"
6,500,0.1,0.9,"DML-IVQR",-0.1,1.42206406084404,5.99146454710798,TRUE,"OK"
6,500,0.1,0.9,"DML-IVQR",-0.0499999999999999,1.03371409421681,5.99146454710798,TRUE,"OK"
6,500,0.1,0.9,"DML-IVQR",0,1.69055643308588,5.99146454710798,TRUE,"OK"
6,500,0.1,0.9,"DML-IVQR",0.05,0.566612620014891,5.99146454710798,TRUE,"OK"
6,500,0.1,0.9,"DML-IVQR",0.1,1.69079594708352,5.99146454710798,TRUE,"OK"
6,500,0.1,0.9,"DML-IVQR",0.15,1.63337316361764,5.99146454710798,TRUE,"OK"
6,500,0.1,0.9,"DML-IVQR",0.2,1.04095723274077,5.99146454710798,TRUE,"OK"
6,500,0.1,0.9,"DML-IVQR",0.25,1.03057836438897,5.99146454710798,TRUE,"OK"
6,500,0.1,0.9,"DML-IVQR",0.3,0.902307101616875,5.99146454710798,TRUE,"OK"
6,500,0.1,0.9,"DML-IVQR",0.35,1.27337318827697,5.99146454710798,TRUE,"OK"
6,500,0.1,0.9,"DML-IVQR",0.4,0.784428957328848,5.99146454710798,TRUE,"OK"
6,500,0.1,0.9,"DML-IVQR",0.45,0.774497735938011,5.99146454710798,TRUE,"OK"
6,500,0.1,0.9,"DML-IVQR",0.5,0.773310299380402,5.99146454710798,TRUE,"OK"
6,500,0.1,0.9,"DML-IVQR",0.55,0.8141120541963,5.99146454710798,TRUE,"OK"
6,500,0.1,0.9,"DML-IVQR",0.6,0.690100073843604,5.99146454710798,TRUE,"OK"
6,500,0.1,0.9,"DML-IVQR",0.65,1.02668003155976,5.99146454710798,TRUE,"OK"
6,500,0.1,0.9,"DML-IVQR",0.7,0.901550693204838,5.99146454710798,TRUE,"OK"
6,500,0.1,0.9,"DML-IVQR",0.75,0.68598211518681,5.99146454710798,TRUE,"OK"
6,500,0.1,0.9,"DML-IVQR",0.8,0.976698234836839,5.99146454710798,TRUE,"OK"
6,500,0.1,0.9,"DML-IVQR",0.85,1.77734575560795,5.99146454710798,TRUE,"OK"
6,500,0.1,0.9,"DML-IVQR",0.9,2.31427888856541,5.99146454710798,TRUE,"OK"
6,500,0.1,0.9,"DML-IVQR",0.95,2.10853439575869,5.99146454710798,TRUE,"OK"
6,500,0.1,0.9,"DML-IVQR",1,0.323645885123814,5.99146454710798,TRUE,"OK"
6,500,0.1,0.9,"DML-IVQR",1.05,0.951186242467253,5.99146454710798,TRUE,"OK"
6,500,0.1,0.9,"DML-IVQR",1.1,0.702690135237725,5.99146454710798,TRUE,"OK"
6,500,0.1,0.9,"DML-IVQR",1.15,0.865479987744537,5.99146454710798,TRUE,"OK"
6,500,0.1,0.9,"DML-IVQR",1.2,1.4219407994894,5.99146454710798,TRUE,"OK"
6,500,0.1,0.9,"DML-IVQR",1.25,1.52619801582553,5.99146454710798,TRUE,"OK"
6,500,0.1,0.9,"DML-IVQR",1.3,0.922009707531596,5.99146454710798,TRUE,"OK"
6,500,0.1,0.9,"DML-IVQR",1.35,1.42796714234049,5.99146454710798,TRUE,"OK"
6,500,0.1,0.9,"DML-IVQR",1.4,0.84931914729154,5.99146454710798,TRUE,"OK"
6,500,0.1,0.9,"DML-IVQR",1.45,1.2702363912917,5.99146454710798,TRUE,"OK"
6,500,0.1,0.9,"DML-IVQR",1.5,0.537171366787465,5.99146454710798,TRUE,"OK"
6,500,0.1,0.9,"DML-IVQR",1.55,0.598871227925807,5.99146454710798,TRUE,"OK"
6,500,0.1,0.9,"DML-IVQR",1.6,1.0216299356,5.99146454710798,TRUE,"OK"
6,500,0.1,0.9,"DML-IVQR",1.65,1.14824674270662,5.99146454710798,TRUE,"OK"
6,500,0.1,0.9,"DML-IVQR",1.7,0.420791660070679,5.99146454710798,TRUE,"OK"
6,500,0.1,0.9,"DML-IVQR",1.75,0.646205165588204,5.99146454710798,TRUE,"OK"
6,500,0.1,0.9,"DML-IVQR",1.8,2.13412154778852,5.99146454710798,TRUE,"OK"
6,500,0.1,0.9,"DML-IVQR",1.85,4.63690731633655,5.99146454710798,TRUE,"OK"
6,500,0.1,0.9,"DML-IVQR",1.9,3.49003113275292,5.99146454710798,TRUE,"OK"
6,500,0.1,0.9,"DML-IVQR",1.95,2.6765226220414,5.99146454710798,TRUE,"OK"
6,500,0.1,0.9,"DML-IVQR",2,1.86893224417232,5.99146454710798,TRUE,"OK"
6,500,0.1,0.9,"DML-IVQR",2.05,2.48689479060521,5.99146454710798,TRUE,"OK"
6,500,0.1,0.9,"DML-IVQR",2.1,2.07597997893874,5.99146454710798,TRUE,"OK"
6,500,0.1,0.9,"DML-IVQR",2.15,0.700260777476756,5.99146454710798,TRUE,"OK"
6,500,0.1,0.9,"DML-IVQR",2.2,2.30412432721216,5.99146454710798,TRUE,"OK"
6,500,0.1,0.9,"DML-IVQR",2.25,1.82116146122826,5.99146454710798,TRUE,"OK"
6,500,0.1,0.9,"DML-IVQR",2.3,1.4310028500535,5.99146454710798,TRUE,"OK"
6,500,0.1,0.9,"DML-IVQR",2.35,5.08183770832084,5.99146454710798,TRUE,"OK"
6,500,0.1,0.9,"DML-IVQR",2.4,3.91860708255922,5.99146454710798,TRUE,"OK"
6,500,0.1,0.9,"DML-IVQR",2.45,5.24601071957693,5.99146454710798,TRUE,"OK"
6,500,0.1,0.9,"DML-IVQR",2.5,3.96140582793746,5.99146454710798,TRUE,"OK"
6,500,0.1,0.9,"DML-IVQR",2.55,2.95193464806467,5.99146454710798,TRUE,"OK"
6,500,0.1,0.9,"DML-IVQR",2.6,0.845877313808769,5.99146454710798,TRUE,"OK"
6,500,0.1,0.9,"DML-IVQR",2.65,0.681235275006787,5.99146454710798,TRUE,"OK"
6,500,0.1,0.9,"DML-IVQR",2.7,0.825922133917277,5.99146454710798,TRUE,"OK"
6,500,0.1,0.9,"DML-IVQR",2.75,1.35302929877378,5.99146454710798,TRUE,"OK"
6,500,0.1,0.9,"DML-IVQR",2.8,0.521623721784241,5.99146454710798,TRUE,"OK"
6,500,0.1,0.9,"DML-IVQR",2.85,0.743132511341728,5.99146454710798,TRUE,"OK"
6,500,0.1,0.9,"DML-IVQR",2.9,1.67591940746347,5.99146454710798,TRUE,"OK"
6,500,0.1,0.9,"DML-IVQR",2.95,2.10508406886241,5.99146454710798,TRUE,"OK"
6,500,0.1,0.9,"DML-IVQR",3,1.08581648359326,5.99146454710798,TRUE,"OK"
7,500,0.1,0.1,"Oracle-GMM",-1,0.518525649110219,5.99146454710798,TRUE,"OK"
7,500,0.1,0.1,"Oracle-GMM",-0.95,2.21316662939593,5.99146454710798,TRUE,"OK"
7,500,0.1,0.1,"Oracle-GMM",-0.9,0.315450580210707,5.99146454710798,TRUE,"OK"
7,500,0.1,0.1,"Oracle-GMM",-0.85,2.59186220116341,5.99146454710798,TRUE,"OK"
7,500,0.1,0.1,"Oracle-GMM",-0.8,1.07600607008348,5.99146454710798,TRUE,"OK"
7,500,0.1,0.1,"Oracle-GMM",-0.75,1.24699658686067,5.99146454710798,TRUE,"OK"
7,500,0.1,0.1,"Oracle-GMM",-0.7,1.3486143501666,5.99146454710798,TRUE,"OK"
7,500,0.1,0.1,"Oracle-GMM",-0.65,1.48267543807716,5.99146454710798,TRUE,"OK"
7,500,0.1,0.1,"Oracle-GMM",-0.6,2.7246772358422,5.99146454710798,TRUE,"OK"
7,500,0.1,0.1,"Oracle-GMM",-0.55,2.25100983880269,5.99146454710798,TRUE,"OK"
7,500,0.1,0.1,"Oracle-GMM",-0.5,1.23742616783938,5.99146454710798,TRUE,"OK"
7,500,0.1,0.1,"Oracle-GMM",-0.45,1.88211424887725,5.99146454710798,TRUE,"OK"
7,500,0.1,0.1,"Oracle-GMM",-0.4,1.1383166826198,5.99146454710798,TRUE,"OK"
7,500,0.1,0.1,"Oracle-GMM",-0.35,0.0450409363458248,5.99146454710798,TRUE,"OK"
7,500,0.1,0.1,"Oracle-GMM",-0.3,0.5420620482818,5.99146454710798,TRUE,"OK"
7,500,0.1,0.1,"Oracle-GMM",-0.25,1.6947514183539,5.99146454710798,TRUE,"OK"
7,500,0.1,0.1,"Oracle-GMM",-0.2,1.32626279688517,5.99146454710798,TRUE,"OK"
7,500,0.1,0.1,"Oracle-GMM",-0.15,1.03188558483789,5.99146454710798,TRUE,"OK"
7,500,0.1,0.1,"Oracle-GMM",-0.1,0.775325280849093,5.99146454710798,TRUE,"OK"
7,500,0.1,0.1,"Oracle-GMM",-0.0499999999999999,2.4893071600952,5.99146454710798,TRUE,"OK"
7,500,0.1,0.1,"Oracle-GMM",0,1.46875713070753,5.99146454710798,TRUE,"OK"
7,500,0.1,0.1,"Oracle-GMM",0.05,2.16558178766158,5.99146454710798,TRUE,"OK"
7,500,0.1,0.1,"Oracle-GMM",0.1,1.41095839912968,5.99146454710798,TRUE,"OK"
7,500,0.1,0.1,"Oracle-GMM",0.15,1.13296443748996,5.99146454710798,TRUE,"OK"
7,500,0.1,0.1,"Oracle-GMM",0.2,1.26940608410691,5.99146454710798,TRUE,"OK"
7,500,0.1,0.1,"Oracle-GMM",0.25,0.864234442867846,5.99146454710798,TRUE,"OK"
7,500,0.1,0.1,"Oracle-GMM",0.3,0.154421199594756,5.99146454710798,TRUE,"OK"
7,500,0.1,0.1,"Oracle-GMM",0.35,0.111124766284453,5.99146454710798,TRUE,"OK"
7,500,0.1,0.1,"Oracle-GMM",0.4,0.100726025230266,5.99146454710798,TRUE,"OK"
7,500,0.1,0.1,"Oracle-GMM",0.45,0.238162970991218,5.99146454710798,TRUE,"OK"
7,500,0.1,0.1,"Oracle-GMM",0.5,0.180650097327172,5.99146454710798,TRUE,"OK"
7,500,0.1,0.1,"Oracle-GMM",0.55,0.724313307165707,5.99146454710798,TRUE,"OK"
7,500,0.1,0.1,"Oracle-GMM",0.6,1.07773859302264,5.99146454710798,TRUE,"OK"
7,500,0.1,0.1,"Oracle-GMM",0.65,3.40601860455384,5.99146454710798,TRUE,"OK"
7,500,0.1,0.1,"Oracle-GMM",0.7,5.35165160314148,5.99146454710798,TRUE,"OK"
7,500,0.1,0.1,"Oracle-GMM",0.75,3.22315922523083,5.99146454710798,TRUE,"OK"
7,500,0.1,0.1,"Oracle-GMM",0.8,2.64184593962513,5.99146454710798,TRUE,"OK"
7,500,0.1,0.1,"Oracle-GMM",0.85,3.82452186920708,5.99146454710798,TRUE,"OK"
7,500,0.1,0.1,"Oracle-GMM",0.9,4.44006171635102,5.99146454710798,TRUE,"OK"
7,500,0.1,0.1,"Oracle-GMM",0.95,5.30047094129032,5.99146454710798,TRUE,"OK"
7,500,0.1,0.1,"Oracle-GMM",1,2.07384600240663,5.99146454710798,TRUE,"OK"
7,500,0.1,0.1,"Oracle-GMM",1.05,4.81016805290593,5.99146454710798,TRUE,"OK"
7,500,0.1,0.1,"Oracle-GMM",1.1,3.69569125998675,5.99146454710798,TRUE,"OK"
7,500,0.1,0.1,"Oracle-GMM",1.15,2.98532893418558,5.99146454710798,TRUE,"OK"
7,500,0.1,0.1,"Oracle-GMM",1.2,8.75281224977527,5.99146454710798,FALSE,"OK"
7,500,0.1,0.1,"Oracle-GMM",1.25,7.80048484700363,5.99146454710798,FALSE,"OK"
7,500,0.1,0.1,"Oracle-GMM",1.3,7.94039078376012,5.99146454710798,FALSE,"OK"
7,500,0.1,0.1,"Oracle-GMM",1.35,6.64224241766704,5.99146454710798,FALSE,"OK"
7,500,0.1,0.1,"Oracle-GMM",1.4,5.22077237036003,5.99146454710798,TRUE,"OK"
7,500,0.1,0.1,"Oracle-GMM",1.45,5.22019355330547,5.99146454710798,TRUE,"OK"
7,500,0.1,0.1,"Oracle-GMM",1.5,5.54284438033689,5.99146454710798,TRUE,"OK"
7,500,0.1,0.1,"Oracle-GMM",1.55,6.25230377326654,5.99146454710798,FALSE,"OK"
7,500,0.1,0.1,"Oracle-GMM",1.6,5.7022576308856,5.99146454710798,TRUE,"OK"
7,500,0.1,0.1,"Oracle-GMM",1.65,5.63754722466438,5.99146454710798,TRUE,"OK"
7,500,0.1,0.1,"Oracle-GMM",1.7,7.2990971750265,5.99146454710798,FALSE,"OK"
7,500,0.1,0.1,"Oracle-GMM",1.75,7.18605492652279,5.99146454710798,FALSE,"OK"
7,500,0.1,0.1,"Oracle-GMM",1.8,6.11718066259807,5.99146454710798,FALSE,"OK"
7,500,0.1,0.1,"Oracle-GMM",1.85,6.86032878867334,5.99146454710798,FALSE,"OK"
7,500,0.1,0.1,"Oracle-GMM",1.9,7.10853626587411,5.99146454710798,FALSE,"OK"
7,500,0.1,0.1,"Oracle-GMM",1.95,7.42876410700838,5.99146454710798,FALSE,"OK"
7,500,0.1,0.1,"Oracle-GMM",2,6.2146161014647,5.99146454710798,FALSE,"OK"
7,500,0.1,0.1,"Oracle-GMM",2.05,6.98645840538612,5.99146454710798,FALSE,"OK"
7,500,0.1,0.1,"Oracle-GMM",2.1,4.30939637929072,5.99146454710798,TRUE,"OK"
7,500,0.1,0.1,"Oracle-GMM",2.15,5.60524912379283,5.99146454710798,TRUE,"OK"
7,500,0.1,0.1,"Oracle-GMM",2.2,5.75154980349738,5.99146454710798,TRUE,"OK"
7,500,0.1,0.1,"Oracle-GMM",2.25,5.31441887568961,5.99146454710798,TRUE,"OK"
7,500,0.1,0.1,"Oracle-GMM",2.3,6.27866672150998,5.99146454710798,FALSE,"OK"
7,500,0.1,0.1,"Oracle-GMM",2.35,6.97520756776355,5.99146454710798,FALSE,"OK"
7,500,0.1,0.1,"Oracle-GMM",2.4,6.28453970243675,5.99146454710798,FALSE,"OK"
7,500,0.1,0.1,"Oracle-GMM",2.45,5.26702430034505,5.99146454710798,TRUE,"OK"
7,500,0.1,0.1,"Oracle-GMM",2.5,6.41773123109883,5.99146454710798,FALSE,"OK"
7,500,0.1,0.1,"Oracle-GMM",2.55,8.3216492432718,5.99146454710798,FALSE,"OK"
7,500,0.1,0.1,"Oracle-GMM",2.6,8.33420696570291,5.99146454710798,FALSE,"OK"
7,500,0.1,0.1,"Oracle-GMM",2.65,7.47109169292861,5.99146454710798,FALSE,"OK"
7,500,0.1,0.1,"Oracle-GMM",2.7,7.30178184666175,5.99146454710798,FALSE,"OK"
7,500,0.1,0.1,"Oracle-GMM",2.75,8.77572379490874,5.99146454710798,FALSE,"OK"
7,500,0.1,0.1,"Oracle-GMM",2.8,9.77276679828506,5.99146454710798,FALSE,"OK"
7,500,0.1,0.1,"Oracle-GMM",2.85,8.50041261186136,5.99146454710798,FALSE,"OK"
7,500,0.1,0.1,"Oracle-GMM",2.9,9.81075867904096,5.99146454710798,FALSE,"OK"
7,500,0.1,0.1,"Oracle-GMM",2.95,6.88698279955489,5.99146454710798,FALSE,"OK"
7,500,0.1,0.1,"Oracle-GMM",3,10.6440862766279,5.99146454710798,FALSE,"OK"
7,500,0.1,0.1,"Full-GMM",-1,4.53811345783742,5.99146454710798,TRUE,"OK"
7,500,0.1,0.1,"Full-GMM",-0.95,1.87466709819996,5.99146454710798,TRUE,"OK"
7,500,0.1,0.1,"Full-GMM",-0.9,0.251064701988117,5.99146454710798,TRUE,"OK"
7,500,0.1,0.1,"Full-GMM",-0.85,2.47634766990059,5.99146454710798,TRUE,"OK"
7,500,0.1,0.1,"Full-GMM",-0.8,0.756470044222207,5.99146454710798,TRUE,"OK"
7,500,0.1,0.1,"Full-GMM",-0.75,0.689571337497753,5.99146454710798,TRUE,"OK"
7,500,0.1,0.1,"Full-GMM",-0.7,0.629952834430417,5.99146454710798,TRUE,"OK"
7,500,0.1,0.1,"Full-GMM",-0.65,3.82293064950163,5.99146454710798,TRUE,"OK"
7,500,0.1,0.1,"Full-GMM",-0.6,5.08048121102199,5.99146454710798,TRUE,"OK"
7,500,0.1,0.1,"Full-GMM",-0.55,10.4162109048934,5.99146454710798,FALSE,"OK"
7,500,0.1,0.1,"Full-GMM",-0.5,0.00706573303693116,5.99146454710798,TRUE,"OK"
7,500,0.1,0.1,"Full-GMM",-0.45,4.66297049292292,5.99146454710798,TRUE,"OK"
7,500,0.1,0.1,"Full-GMM",-0.4,0.416277856813138,5.99146454710798,TRUE,"OK"
7,500,0.1,0.1,"Full-GMM",-0.35,1.58300585430306,5.99146454710798,TRUE,"OK"
7,500,0.1,0.1,"Full-GMM",-0.3,0.426104243082379,5.99146454710798,TRUE,"OK"
7,500,0.1,0.1,"Full-GMM",-0.25,0.461417292113678,5.99146454710798,TRUE,"OK"
7,500,0.1,0.1,"Full-GMM",-0.2,1.86023927747381,5.99146454710798,TRUE,"OK"
7,500,0.1,0.1,"Full-GMM",-0.15,0.894592511739446,5.99146454710798,TRUE,"OK"
7,500,0.1,0.1,"Full-GMM",-0.1,0.765123331958554,5.99146454710798,TRUE,"OK"
7,500,0.1,0.1,"Full-GMM",-0.0499999999999999,2.2791524684925,5.99146454710798,TRUE,"OK"
7,500,0.1,0.1,"Full-GMM",0,0.264541223794114,5.99146454710798,TRUE,"OK"
7,500,0.1,0.1,"Full-GMM",0.05,0.195325521972234,5.99146454710798,TRUE,"OK"
7,500,0.1,0.1,"Full-GMM",0.1,1.41812665392572,5.99146454710798,TRUE,"OK"
7,500,0.1,0.1,"Full-GMM",0.15,1.61669919905048,5.99146454710798,TRUE,"OK"
7,500,0.1,0.1,"Full-GMM",0.2,1.88652668420249,5.99146454710798,TRUE,"OK"
7,500,0.1,0.1,"Full-GMM",0.25,2.72780859814725,5.99146454710798,TRUE,"OK"
7,500,0.1,0.1,"Full-GMM",0.3,0.478522168807159,5.99146454710798,TRUE,"OK"
7,500,0.1,0.1,"Full-GMM",0.35,2.98080026027773,5.99146454710798,TRUE,"OK"
7,500,0.1,0.1,"Full-GMM",0.4,0.492617334905331,5.99146454710798,TRUE,"OK"
7,500,0.1,0.1,"Full-GMM",0.45,3.62108854019878,5.99146454710798,TRUE,"OK"
7,500,0.1,0.1,"Full-GMM",0.5,0.288247457599695,5.99146454710798,TRUE,"OK"
7,500,0.1,0.1,"Full-GMM",0.55,1.8440769805252,5.99146454710798,TRUE,"OK"
7,500,0.1,0.1,"Full-GMM",0.6,0.0918906963024724,5.99146454710798,TRUE,"OK"
7,500,0.1,0.1,"Full-GMM",0.65,0.55916444921236,5.99146454710798,TRUE,"OK"
7,500,0.1,0.1,"Full-GMM",0.7,0.148712455627779,5.99146454710798,TRUE,"OK"
7,500,0.1,0.1,"Full-GMM",0.75,1.59015839407171,5.99146454710798,TRUE,"OK"
7,500,0.1,0.1,"Full-GMM",0.8,0.403653805725009,5.99146454710798,TRUE,"OK"
7,500,0.1,0.1,"Full-GMM",0.85,1.05603477928318,5.99146454710798,TRUE,"OK"
7,500,0.1,0.1,"Full-GMM",0.9,0.188581032666085,5.99146454710798,TRUE,"OK"
7,500,0.1,0.1,"Full-GMM",0.95,0.0546399126493412,5.99146454710798,TRUE,"OK"
7,500,0.1,0.1,"Full-GMM",1,0.709785866231195,5.99146454710798,TRUE,"OK"
7,500,0.1,0.1,"Full-GMM",1.05,0.892746878835084,5.99146454710798,TRUE,"OK"
7,500,0.1,0.1,"Full-GMM",1.1,1.70762464258935,5.99146454710798,TRUE,"OK"
7,500,0.1,0.1,"Full-GMM",1.15,0.22281557605552,5.99146454710798,TRUE,"OK"
7,500,0.1,0.1,"Full-GMM",1.2,1.50125863645353,5.99146454710798,TRUE,"OK"
7,500,0.1,0.1,"Full-GMM",1.25,0.418735236187084,5.99146454710798,TRUE,"OK"
7,500,0.1,0.1,"Full-GMM",1.3,2.22454769163792,5.99146454710798,TRUE,"OK"
7,500,0.1,0.1,"Full-GMM",1.35,1.94971796595571,5.99146454710798,TRUE,"OK"
7,500,0.1,0.1,"Full-GMM",1.4,5.19121492089027,5.99146454710798,TRUE,"OK"
7,500,0.1,0.1,"Full-GMM",1.45,2.58196686644243,5.99146454710798,TRUE,"OK"
7,500,0.1,0.1,"Full-GMM",1.5,1.71071774570766,5.99146454710798,TRUE,"OK"
7,500,0.1,0.1,"Full-GMM",1.55,0.862374465914342,5.99146454710798,TRUE,"OK"
7,500,0.1,0.1,"Full-GMM",1.6,0.636877613934086,5.99146454710798,TRUE,"OK"
7,500,0.1,0.1,"Full-GMM",1.65,1.94595127285264,5.99146454710798,TRUE,"OK"
7,500,0.1,0.1,"Full-GMM",1.7,1.19321402485105,5.99146454710798,TRUE,"OK"
7,500,0.1,0.1,"Full-GMM",1.75,2.52519530759486,5.99146454710798,TRUE,"OK"
7,500,0.1,0.1,"Full-GMM",1.8,1.45918905442763,5.99146454710798,TRUE,"OK"
7,500,0.1,0.1,"Full-GMM",1.85,1.28558194653723,5.99146454710798,TRUE,"OK"
7,500,0.1,0.1,"Full-GMM",1.9,2.84158171214896,5.99146454710798,TRUE,"OK"
7,500,0.1,0.1,"Full-GMM",1.95,3.67520192562518,5.99146454710798,TRUE,"OK"
7,500,0.1,0.1,"Full-GMM",2,0.0827190082929677,5.99146454710798,TRUE,"OK"
7,500,0.1,0.1,"Full-GMM",2.05,0.88231148210846,5.99146454710798,TRUE,"OK"
7,500,0.1,0.1,"Full-GMM",2.1,2.23966561742088,5.99146454710798,TRUE,"OK"
7,500,0.1,0.1,"Full-GMM",2.15,1.66375025398931,5.99146454710798,TRUE,"OK"
7,500,0.1,0.1,"Full-GMM",2.2,4.0718102251544,5.99146454710798,TRUE,"OK"
7,500,0.1,0.1,"Full-GMM",2.25,2.13779934102055,5.99146454710798,TRUE,"OK"
7,500,0.1,0.1,"Full-GMM",2.3,0.681678966423165,5.99146454710798,TRUE,"OK"
7,500,0.1,0.1,"Full-GMM",2.35,1.19688088770003,5.99146454710798,TRUE,"OK"
7,500,0.1,0.1,"Full-GMM",2.4,0.568555657356872,5.99146454710798,TRUE,"OK"
7,500,0.1,0.1,"Full-GMM",2.45,0.323719334985198,5.99146454710798,TRUE,"OK"
7,500,0.1,0.1,"Full-GMM",2.5,0.649905243782714,5.99146454710798,TRUE,"OK"
7,500,0.1,0.1,"Full-GMM",2.55,0.745728330376339,5.99146454710798,TRUE,"OK"
7,500,0.1,0.1,"Full-GMM",2.6,1.56248343027247,5.99146454710798,TRUE,"OK"
7,500,0.1,0.1,"Full-GMM",2.65,2.73531823606808,5.99146454710798,TRUE,"OK"
7,500,0.1,0.1,"Full-GMM",2.7,2.21926331161059,5.99146454710798,TRUE,"OK"
7,500,0.1,0.1,"Full-GMM",2.75,0.507685457211574,5.99146454710798,TRUE,"OK"
7,500,0.1,0.1,"Full-GMM",2.8,0.706359141848373,5.99146454710798,TRUE,"OK"
7,500,0.1,0.1,"Full-GMM",2.85,0.816123335495808,5.99146454710798,TRUE,"OK"
7,500,0.1,0.1,"Full-GMM",2.9,0.0394551037249267,5.99146454710798,TRUE,"OK"
7,500,0.1,0.1,"Full-GMM",2.95,1.79816674809968,5.99146454710798,TRUE,"OK"
7,500,0.1,0.1,"Full-GMM",3,10.6521053243898,5.99146454710798,FALSE,"OK"
7,500,0.1,0.1,"DML-IVQR",-1,2.65613494779481,5.99146454710798,TRUE,"OK"
7,500,0.1,0.1,"DML-IVQR",-0.95,0.987145558608898,5.99146454710798,TRUE,"OK"
7,500,0.1,0.1,"DML-IVQR",-0.9,1.01453599313731,5.99146454710798,TRUE,"OK"
7,500,0.1,0.1,"DML-IVQR",-0.85,1.03870658320099,5.99146454710798,TRUE,"OK"
7,500,0.1,0.1,"DML-IVQR",-0.8,0.490432211863061,5.99146454710798,TRUE,"OK"
7,500,0.1,0.1,"DML-IVQR",-0.75,0.472791705608191,5.99146454710798,TRUE,"OK"
7,500,0.1,0.1,"DML-IVQR",-0.7,0.635460256443252,5.99146454710798,TRUE,"OK"
7,500,0.1,0.1,"DML-IVQR",-0.65,0.693434973713824,5.99146454710798,TRUE,"OK"
7,500,0.1,0.1,"DML-IVQR",-0.6,1.69463531004258,5.99146454710798,TRUE,"OK"
7,500,0.1,0.1,"DML-IVQR",-0.55,0.102897051050431,5.99146454710798,TRUE,"OK"
7,500,0.1,0.1,"DML-IVQR",-0.5,0.00690303710800232,5.99146454710798,TRUE,"OK"
7,500,0.1,0.1,"DML-IVQR",-0.45,0.332585273490375,5.99146454710798,TRUE,"OK"
7,500,0.1,0.1,"DML-IVQR",-0.4,0.111927276181968,5.99146454710798,TRUE,"OK"
7,500,0.1,0.1,"DML-IVQR",-0.35,0.146331316202403,5.99146454710798,TRUE,"OK"
7,500,0.1,0.1,"DML-IVQR",-0.3,0.0462175491122087,5.99146454710798,TRUE,"OK"
7,500,0.1,0.1,"DML-IVQR",-0.25,0.120194133864944,5.99146454710798,TRUE,"OK"
7,500,0.1,0.1,"DML-IVQR",-0.2,0.207722925744413,5.99146454710798,TRUE,"OK"
7,500,0.1,0.1,"DML-IVQR",-0.15,1.83476446322594,5.99146454710798,TRUE,"OK"
7,500,0.1,0.1,"DML-IVQR",-0.1,1.31841439467469,5.99146454710798,TRUE,"OK"
7,500,0.1,0.1,"DML-IVQR",-0.0499999999999999,1.3712339641002,5.99146454710798,TRUE,"OK"
7,500,0.1,0.1,"DML-IVQR",0,0.911327351651948,5.99146454710798,TRUE,"OK"
7,500,0.1,0.1,"DML-IVQR",0.05,1.64767110111444,5.99146454710798,TRUE,"OK"
7,500,0.1,0.1,"DML-IVQR",0.1,1.561746674695,5.99146454710798,TRUE,"OK"
7,500,0.1,0.1,"DML-IVQR",0.15,0.924472944059474,5.99146454710798,TRUE,"OK"
7,500,0.1,0.1,"DML-IVQR",0.2,1.94563338948613,5.99146454710798,TRUE,"OK"
7,500,0.1,0.1,"DML-IVQR",0.25,0.240405390987803,5.99146454710798,TRUE,"OK"
7,500,0.1,0.1,"DML-IVQR",0.3,0.334975396884455,5.99146454710798,TRUE,"OK"
7,500,0.1,0.1,"DML-IVQR",0.35,0.539911649401922,5.99146454710798,TRUE,"OK"
7,500,0.1,0.1,"DML-IVQR",0.4,0.796498225081256,5.99146454710798,TRUE,"OK"
7,500,0.1,0.1,"DML-IVQR",0.45,0.152560586398466,5.99146454710798,TRUE,"OK"
7,500,0.1,0.1,"DML-IVQR",0.5,0.236989553895697,5.99146454710798,TRUE,"OK"
7,500,0.1,0.1,"DML-IVQR",0.55,0.16258479978309,5.99146454710798,TRUE,"OK"
7,500,0.1,0.1,"DML-IVQR",0.6,0.758179718123307,5.99146454710798,TRUE,"OK"
7,500,0.1,0.1,"DML-IVQR",0.65,0.942522882561771,5.99146454710798,TRUE,"OK"
7,500,0.1,0.1,"DML-IVQR",0.7,0.841060450268637,5.99146454710798,TRUE,"OK"
7,500,0.1,0.1,"DML-IVQR",0.75,0.483436769083248,5.99146454710798,TRUE,"OK"
7,500,0.1,0.1,"DML-IVQR",0.8,1.15191832372806,5.99146454710798,TRUE,"OK"
7,500,0.1,0.1,"DML-IVQR",0.85,0.790544105154614,5.99146454710798,TRUE,"OK"
7,500,0.1,0.1,"DML-IVQR",0.9,0.141827103021385,5.99146454710798,TRUE,"OK"
7,500,0.1,0.1,"DML-IVQR",0.95,0.146738404302614,5.99146454710798,TRUE,"OK"
7,500,0.1,0.1,"DML-IVQR",1,0.366800776820999,5.99146454710798,TRUE,"OK"
7,500,0.1,0.1,"DML-IVQR",1.05,0.320398197521953,5.99146454710798,TRUE,"OK"
7,500,0.1,0.1,"DML-IVQR",1.1,0.383839858987396,5.99146454710798,TRUE,"OK"
7,500,0.1,0.1,"DML-IVQR",1.15,0.395803824284037,5.99146454710798,TRUE,"OK"
7,500,0.1,0.1,"DML-IVQR",1.2,0.235687397623882,5.99146454710798,TRUE,"OK"
7,500,0.1,0.1,"DML-IVQR",1.25,0.0543431599826306,5.99146454710798,TRUE,"OK"
7,500,0.1,0.1,"DML-IVQR",1.3,0.282277078129094,5.99146454710798,TRUE,"OK"
7,500,0.1,0.1,"DML-IVQR",1.35,0.298058235736268,5.99146454710798,TRUE,"OK"
7,500,0.1,0.1,"DML-IVQR",1.4,0.698562927774458,5.99146454710798,TRUE,"OK"
7,500,0.1,0.1,"DML-IVQR",1.45,0.707359620059185,5.99146454710798,TRUE,"OK"
7,500,0.1,0.1,"DML-IVQR",1.5,2.07386815237735,5.99146454710798,TRUE,"OK"
7,500,0.1,0.1,"DML-IVQR",1.55,2.17262193961232,5.99146454710798,TRUE,"OK"
7,500,0.1,0.1,"DML-IVQR",1.6,1.67103294375398,5.99146454710798,TRUE,"OK"
7,500,0.1,0.1,"DML-IVQR",1.65,1.61295856688087,5.99146454710798,TRUE,"OK"
7,500,0.1,0.1,"DML-IVQR",1.7,0.608412899300814,5.99146454710798,TRUE,"OK"
7,500,0.1,0.1,"DML-IVQR",1.75,1.82601097670243,5.99146454710798,TRUE,"OK"
7,500,0.1,0.1,"DML-IVQR",1.8,1.65495739487728,5.99146454710798,TRUE,"OK"
7,500,0.1,0.1,"DML-IVQR",1.85,1.68134089547235,5.99146454710798,TRUE,"OK"
7,500,0.1,0.1,"DML-IVQR",1.9,1.48101988009779,5.99146454710798,TRUE,"OK"
7,500,0.1,0.1,"DML-IVQR",1.95,2.82073765390696,5.99146454710798,TRUE,"OK"
7,500,0.1,0.1,"DML-IVQR",2,3.23134688708541,5.99146454710798,TRUE,"OK"
7,500,0.1,0.1,"DML-IVQR",2.05,3.16302803378792,5.99146454710798,TRUE,"OK"
7,500,0.1,0.1,"DML-IVQR",2.1,2.17913406264644,5.99146454710798,TRUE,"OK"
7,500,0.1,0.1,"DML-IVQR",2.15,2.20459570289709,5.99146454710798,TRUE,"OK"
7,500,0.1,0.1,"DML-IVQR",2.2,3.10964821803878,5.99146454710798,TRUE,"OK"
7,500,0.1,0.1,"DML-IVQR",2.25,3.13478905910042,5.99146454710798,TRUE,"OK"
7,500,0.1,0.1,"DML-IVQR",2.3,3.13324899968226,5.99146454710798,TRUE,"OK"
7,500,0.1,0.1,"DML-IVQR",2.35,1.20284324923015,5.99146454710798,TRUE,"OK"
7,500,0.1,0.1,"DML-IVQR",2.4,3.12435733471132,5.99146454710798,TRUE,"OK"
7,500,0.1,0.1,"DML-IVQR",2.45,3.09560388683939,5.99146454710798,TRUE,"OK"
7,500,0.1,0.1,"DML-IVQR",2.5,3.06930280016059,5.99146454710798,TRUE,"OK"
7,500,0.1,0.1,"DML-IVQR",2.55,3.04315297827022,5.99146454710798,TRUE,"OK"
7,500,0.1,0.1,"DML-IVQR",2.6,1.77337562923614,5.99146454710798,TRUE,"OK"
7,500,0.1,0.1,"DML-IVQR",2.65,3.02144527792011,5.99146454710798,TRUE,"OK"
7,500,0.1,0.1,"DML-IVQR",2.7,1.87450060912754,5.99146454710798,TRUE,"OK"
7,500,0.1,0.1,"DML-IVQR",2.75,2.99103877070171,5.99146454710798,TRUE,"OK"
7,500,0.1,0.1,"DML-IVQR",2.8,3.00398842038603,5.99146454710798,TRUE,"OK"
7,500,0.1,0.1,"DML-IVQR",2.85,2.00858528388295,5.99146454710798,TRUE,"OK"
7,500,0.1,0.1,"DML-IVQR",2.9,2.23398237245029,5.99146454710798,TRUE,"OK"
7,500,0.1,0.1,"DML-IVQR",2.95,3.13091812952924,5.99146454710798,TRUE,"OK"
7,500,0.1,0.1,"DML-IVQR",3,2.26909348493231,5.99146454710798,TRUE,"OK"
7,500,0.1,0.5,"Oracle-GMM",-1,4.26514088268522,5.99146454710798,TRUE,"OK"
7,500,0.1,0.5,"Oracle-GMM",-0.95,5.26525951116614,5.99146454710798,TRUE,"OK"
7,500,0.1,0.5,"Oracle-GMM",-0.9,3.73641105210824,5.99146454710798,TRUE,"OK"
7,500,0.1,0.5,"Oracle-GMM",-0.85,3.32809186135538,5.99146454710798,TRUE,"OK"
7,500,0.1,0.5,"Oracle-GMM",-0.8,3.83443683772848,5.99146454710798,TRUE,"OK"
7,500,0.1,0.5,"Oracle-GMM",-0.75,3.62208244318614,5.99146454710798,TRUE,"OK"
7,500,0.1,0.5,"Oracle-GMM",-0.7,4.18813432729714,5.99146454710798,TRUE,"OK"
7,500,0.1,0.5,"Oracle-GMM",-0.65,3.60309094022724,5.99146454710798,TRUE,"OK"
7,500,0.1,0.5,"Oracle-GMM",-0.6,3.38005328023919,5.99146454710798,TRUE,"OK"
7,500,0.1,0.5,"Oracle-GMM",-0.55,3.37918124648444,5.99146454710798,TRUE,"OK"
7,500,0.1,0.5,"Oracle-GMM",-0.5,3.17309905150658,5.99146454710798,TRUE,"OK"
7,500,0.1,0.5,"Oracle-GMM",-0.45,2.47778909892363,5.99146454710798,TRUE,"OK"
7,500,0.1,0.5,"Oracle-GMM",-0.4,2.83303163833857,5.99146454710798,TRUE,"OK"
7,500,0.1,0.5,"Oracle-GMM",-0.35,2.65410377629657,5.99146454710798,TRUE,"OK"
7,500,0.1,0.5,"Oracle-GMM",-0.3,1.49479271612859,5.99146454710798,TRUE,"OK"
7,500,0.1,0.5,"Oracle-GMM",-0.25,1.1209040272952,5.99146454710798,TRUE,"OK"
7,500,0.1,0.5,"Oracle-GMM",-0.2,1.85802468657124,5.99146454710798,TRUE,"OK"
7,500,0.1,0.5,"Oracle-GMM",-0.15,1.39562670790794,5.99146454710798,TRUE,"OK"
7,500,0.1,0.5,"Oracle-GMM",-0.1,2.65181112198995,5.99146454710798,TRUE,"OK"
7,500,0.1,0.5,"Oracle-GMM",-0.0499999999999999,1.42827412542481,5.99146454710798,TRUE,"OK"
7,500,0.1,0.5,"Oracle-GMM",0,1.9362858804679,5.99146454710798,TRUE,"OK"
7,500,0.1,0.5,"Oracle-GMM",0.05,0.964199165581217,5.99146454710798,TRUE,"OK"
7,500,0.1,0.5,"Oracle-GMM",0.1,0.837052381307113,5.99146454710798,TRUE,"OK"
7,500,0.1,0.5,"Oracle-GMM",0.15,0.45420309456046,5.99146454710798,TRUE,"OK"
7,500,0.1,0.5,"Oracle-GMM",0.2,0.238446377172453,5.99146454710798,TRUE,"OK"
7,500,0.1,0.5,"Oracle-GMM",0.25,0.826916211930823,5.99146454710798,TRUE,"OK"
7,500,0.1,0.5,"Oracle-GMM",0.3,0.396670655642472,5.99146454710798,TRUE,"OK"
7,500,0.1,0.5,"Oracle-GMM",0.35,0.107243242679196,5.99146454710798,TRUE,"OK"
7,500,0.1,0.5,"Oracle-GMM",0.4,0.0661824857262799,5.99146454710798,TRUE,"OK"
7,500,0.1,0.5,"Oracle-GMM",0.45,0.492024683299501,5.99146454710798,TRUE,"OK"
7,500,0.1,0.5,"Oracle-GMM",0.5,0.0334874859515667,5.99146454710798,TRUE,"OK"
7,500,0.1,0.5,"Oracle-GMM",0.55,0.12093981723207,5.99146454710798,TRUE,"OK"
7,500,0.1,0.5,"Oracle-GMM",0.6,0.185043934798889,5.99146454710798,TRUE,"OK"
7,500,0.1,0.5,"Oracle-GMM",0.65,0.256713495304164,5.99146454710798,TRUE,"OK"
7,500,0.1,0.5,"Oracle-GMM",0.7,0.162232636962049,5.99146454710798,TRUE,"OK"
7,500,0.1,0.5,"Oracle-GMM",0.75,0.223289915299573,5.99146454710798,TRUE,"OK"
7,500,0.1,0.5,"Oracle-GMM",0.8,0.626911140493648,5.99146454710798,TRUE,"OK"
7,500,0.1,0.5,"Oracle-GMM",0.85,0.0920175390253913,5.99146454710798,TRUE,"OK"
7,500,0.1,0.5,"Oracle-GMM",0.9,0.188436832902269,5.99146454710798,TRUE,"OK"
7,500,0.1,0.5,"Oracle-GMM",0.95,0.248686059060915,5.99146454710798,TRUE,"OK"
7,500,0.1,0.5,"Oracle-GMM",1,0.227410451047321,5.99146454710798,TRUE,"OK"
7,500,0.1,0.5,"Oracle-GMM",1.05,0.809011468453608,5.99146454710798,TRUE,"OK"
7,500,0.1,0.5,"Oracle-GMM",1.1,1.72399219973369,5.99146454710798,TRUE,"OK"
7,500,0.1,0.5,"Oracle-GMM",1.15,2.32855096110063,5.99146454710798,TRUE,"OK"
7,500,0.1,0.5,"Oracle-GMM",1.2,3.11860863246887,5.99146454710798,TRUE,"OK"
7,500,0.1,0.5,"Oracle-GMM",1.25,2.45946879826919,5.99146454710798,TRUE,"OK"
7,500,0.1,0.5,"Oracle-GMM",1.3,1.24897431162098,5.99146454710798,TRUE,"OK"
7,500,0.1,0.5,"Oracle-GMM",1.35,1.08442053376623,5.99146454710798,TRUE,"OK"
7,500,0.1,0.5,"Oracle-GMM",1.4,1.56425543621141,5.99146454710798,TRUE,"OK"
7,500,0.1,0.5,"Oracle-GMM",1.45,2.7658950992459,5.99146454710798,TRUE,"OK"
7,500,0.1,0.5,"Oracle-GMM",1.5,2.92336806893756,5.99146454710798,TRUE,"OK"
7,500,0.1,0.5,"Oracle-GMM",1.55,3.0487484558049,5.99146454710798,TRUE,"OK"
7,500,0.1,0.5,"Oracle-GMM",1.6,3.17566585712998,5.99146454710798,TRUE,"OK"
7,500,0.1,0.5,"Oracle-GMM",1.65,2.78932854916941,5.99146454710798,TRUE,"OK"
7,500,0.1,0.5,"Oracle-GMM",1.7,2.27967062635423,5.99146454710798,TRUE,"OK"
7,500,0.1,0.5,"Oracle-GMM",1.75,2.74229408409677,5.99146454710798,TRUE,"OK"
7,500,0.1,0.5,"Oracle-GMM",1.8,3.33911908190086,5.99146454710798,TRUE,"OK"
7,500,0.1,0.5,"Oracle-GMM",1.85,3.32998114811341,5.99146454710798,TRUE,"OK"
7,500,0.1,0.5,"Oracle-GMM",1.9,2.93980010779487,5.99146454710798,TRUE,"OK"
7,500,0.1,0.5,"Oracle-GMM",1.95,3.37741643656932,5.99146454710798,TRUE,"OK"
7,500,0.1,0.5,"Oracle-GMM",2,2.21180158387359,5.99146454710798,TRUE,"OK"
7,500,0.1,0.5,"Oracle-GMM",2.05,2.25423643436447,5.99146454710798,TRUE,"OK"
7,500,0.1,0.5,"Oracle-GMM",2.1,2.10642923652872,5.99146454710798,TRUE,"OK"
7,500,0.1,0.5,"Oracle-GMM",2.15,1.94329663088645,5.99146454710798,TRUE,"OK"
7,500,0.1,0.5,"Oracle-GMM",2.2,2.59348992728435,5.99146454710798,TRUE,"OK"
7,500,0.1,0.5,"Oracle-GMM",2.25,2.16588945058651,5.99146454710798,TRUE,"OK"
7,500,0.1,0.5,"Oracle-GMM",2.3,1.5485204893197,5.99146454710798,TRUE,"OK"
7,500,0.1,0.5,"Oracle-GMM",2.35,1.94813271051569,5.99146454710798,TRUE,"OK"
7,500,0.1,0.5,"Oracle-GMM",2.4,2.06119227313548,5.99146454710798,TRUE,"OK"
7,500,0.1,0.5,"Oracle-GMM",2.45,3.41911148168559,5.99146454710798,TRUE,"OK"
7,500,0.1,0.5,"Oracle-GMM",2.5,3.22452214018546,5.99146454710798,TRUE,"OK"
7,500,0.1,0.5,"Oracle-GMM",2.55,3.99141640572701,5.99146454710798,TRUE,"OK"
7,500,0.1,0.5,"Oracle-GMM",2.6,4.45298357534654,5.99146454710798,TRUE,"OK"
7,500,0.1,0.5,"Oracle-GMM",2.65,4.3433017151291,5.99146454710798,TRUE,"OK"
7,500,0.1,0.5,"Oracle-GMM",2.7,3.11088385096328,5.99146454710798,TRUE,"OK"
7,500,0.1,0.5,"Oracle-GMM",2.75,4.22527390261623,5.99146454710798,TRUE,"OK"
7,500,0.1,0.5,"Oracle-GMM",2.8,2.91614138076581,5.99146454710798,TRUE,"OK"
7,500,0.1,0.5,"Oracle-GMM",2.85,4.70078879049341,5.99146454710798,TRUE,"OK"
7,500,0.1,0.5,"Oracle-GMM",2.9,3.13031158478481,5.99146454710798,TRUE,"OK"
7,500,0.1,0.5,"Oracle-GMM",2.95,5.87939308146834,5.99146454710798,TRUE,"OK"
7,500,0.1,0.5,"Oracle-GMM",3,3.34323723989937,5.99146454710798,TRUE,"OK"
7,500,0.1,0.5,"Full-GMM",-1,2.52003105554751,5.99146454710798,TRUE,"OK"
7,500,0.1,0.5,"Full-GMM",-0.95,3.05150368248801,5.99146454710798,TRUE,"OK"
7,500,0.1,0.5,"Full-GMM",-0.9,7.57064811453065,5.99146454710798,FALSE,"OK"
7,500,0.1,0.5,"Full-GMM",-0.85,6.88112999979889,5.99146454710798,FALSE,"OK"
7,500,0.1,0.5,"Full-GMM",-0.8,4.62986295364012,5.99146454710798,TRUE,"OK"
7,500,0.1,0.5,"Full-GMM",-0.75,5.92176853235937,5.99146454710798,TRUE,"OK"
7,500,0.1,0.5,"Full-GMM",-0.7,5.44833900075672,5.99146454710798,TRUE,"OK"
7,500,0.1,0.5,"Full-GMM",-0.65,2.42483659702762,5.99146454710798,TRUE,"OK"
7,500,0.1,0.5,"Full-GMM",-0.6,9.31368180614938,5.99146454710798,FALSE,"OK"
7,500,0.1,0.5,"Full-GMM",-0.55,2.16152993178037,5.99146454710798,TRUE,"OK"
7,500,0.1,0.5,"Full-GMM",-0.5,2.79263884589819,5.99146454710798,TRUE,"OK"
7,500,0.1,0.5,"Full-GMM",-0.45,3.65496373659724,5.99146454710798,TRUE,"OK"
7,500,0.1,0.5,"Full-GMM",-0.4,3.05639249737869,5.99146454710798,TRUE,"OK"
7,500,0.1,0.5,"Full-GMM",-0.35,3.92973068080127,5.99146454710798,TRUE,"OK"
7,500,0.1,0.5,"Full-GMM",-0.3,3.23209626224514,5.99146454710798,TRUE,"OK"
7,500,0.1,0.5,"Full-GMM",-0.25,4.91090458376535,5.99146454710798,TRUE,"OK"
7,500,0.1,0.5,"Full-GMM",-0.2,1.21039401573712,5.99146454710798,TRUE,"OK"
7,500,0.1,0.5,"Full-GMM",-0.15,2.94179360186415,5.99146454710798,TRUE,"OK"
7,500,0.1,0.5,"Full-GMM",-0.1,2.55303797383263,5.99146454710798,TRUE,"OK"
7,500,0.1,0.5,"Full-GMM",-0.0499999999999999,2.84480831411395,5.99146454710798,TRUE,"OK"
7,500,0.1,0.5,"Full-GMM",0,1.34435055409258,5.99146454710798,TRUE,"OK"
7,500,0.1,0.5,"Full-GMM",0.05,1.25711420367593,5.99146454710798,TRUE,"OK"
7,500,0.1,0.5,"Full-GMM",0.1,0.766751628187619,5.99146454710798,TRUE,"OK"
7,500,0.1,0.5,"Full-GMM",0.15,3.56400544560515,5.99146454710798,TRUE,"OK"
7,500,0.1,0.5,"Full-GMM",0.2,1.29110141406289,5.99146454710798,TRUE,"OK"
7,500,0.1,0.5,"Full-GMM",0.25,0.919582639219307,5.99146454710798,TRUE,"OK"
7,500,0.1,0.5,"Full-GMM",0.3,1.31536232159263,5.99146454710798,TRUE,"OK"
7,500,0.1,0.5,"Full-GMM",0.35,1.59837254667527,5.99146454710798,TRUE,"OK"
7,500,0.1,0.5,"Full-GMM",0.4,0.105180269952841,5.99146454710798,TRUE,"OK"
7,500,0.1,0.5,"Full-GMM",0.45,1.15956904214499,5.99146454710798,TRUE,"OK"
7,500,0.1,0.5,"Full-GMM",0.5,1.11832961705158,5.99146454710798,TRUE,"OK"
7,500,0.1,0.5,"Full-GMM",0.55,1.57556873054762,5.99146454710798,TRUE,"OK"
7,500,0.1,0.5,"Full-GMM",0.6,1.06412118008839,5.99146454710798,TRUE,"OK"
7,500,0.1,0.5,"Full-GMM",0.65,2.24194466164196,5.99146454710798,TRUE,"OK"
7,500,0.1,0.5,"Full-GMM",0.7,0.783805410535504,5.99146454710798,TRUE,"OK"
7,500,0.1,0.5,"Full-GMM",0.75,1.15117383932012,5.99146454710798,TRUE,"OK"
7,500,0.1,0.5,"Full-GMM",0.8,3.7724221824379,5.99146454710798,TRUE,"OK"
7,500,0.1,0.5,"Full-GMM",0.85,0.184403734588993,5.99146454710798,TRUE,"OK"
7,500,0.1,0.5,"Full-GMM",0.9,0.378784058220697,5.99146454710798,TRUE,"OK"
7,500,0.1,0.5,"Full-GMM",0.95,2.19641124288196,5.99146454710798,TRUE,"OK"
7,500,0.1,0.5,"Full-GMM",1,0.807458807742438,5.99146454710798,TRUE,"OK"
7,500,0.1,0.5,"Full-GMM",1.05,2.72671478939377,5.99146454710798,TRUE,"OK"
7,500,0.1,0.5,"Full-GMM",1.1,1.29468048682003,5.99146454710798,TRUE,"OK"
7,500,0.1,0.5,"Full-GMM",1.15,0.0360462056663898,5.99146454710798,TRUE,"OK"
7,500,0.1,0.5,"Full-GMM",1.2,0.224418658844941,5.99146454710798,TRUE,"OK"
7,500,0.1,0.5,"Full-GMM",1.25,0.475062784990446,5.99146454710798,TRUE,"OK"
7,500,0.1,0.5,"Full-GMM",1.3,0.201531770950255,5.99146454710798,TRUE,"OK"
7,500,0.1,0.5,"Full-GMM",1.35,0.170091063496621,5.99146454710798,TRUE,"OK"
7,500,0.1,0.5,"Full-GMM",1.4,2.359275689547,5.99146454710798,TRUE,"OK"
7,500,0.1,0.5,"Full-GMM",1.45,0.628134944302428,5.99146454710798,TRUE,"OK"
7,500,0.1,0.5,"Full-GMM",1.5,1.61462186234143,5.99146454710798,TRUE,"OK"
7,500,0.1,0.5,"Full-GMM",1.55,2.39206110553165,5.99146454710798,TRUE,"OK"
7,500,0.1,0.5,"Full-GMM",1.6,0.878235826905573,5.99146454710798,TRUE,"OK"
7,500,0.1,0.5,"Full-GMM",1.65,4.63225750842296,5.99146454710798,TRUE,"OK"
7,500,0.1,0.5,"Full-GMM",1.7,1.08704209664661,5.99146454710798,TRUE,"OK"
7,500,0.1,0.5,"Full-GMM",1.75,1.52720591378879,5.99146454710798,TRUE,"OK"
7,500,0.1,0.5,"Full-GMM",1.8,1.12059408959257,5.99146454710798,TRUE,"OK"
7,500,0.1,0.5,"Full-GMM",1.85,1.1039107073098,5.99146454710798,TRUE,"OK"
7,500,0.1,0.5,"Full-GMM",1.9,1.94672960259613,5.99146454710798,TRUE,"OK"
7,500,0.1,0.5,"Full-GMM",1.95,0.763147020549566,5.99146454710798,TRUE,"OK"
7,500,0.1,0.5,"Full-GMM",2,1.19604202104425,5.99146454710798,TRUE,"OK"
7,500,0.1,0.5,"Full-GMM",2.05,2.19847879316725,5.99146454710798,TRUE,"OK"
7,500,0.1,0.5,"Full-GMM",2.1,0.815862831018932,5.99146454710798,TRUE,"OK"
7,500,0.1,0.5,"Full-GMM",2.15,1.71672628298792,5.99146454710798,TRUE,"OK"
7,500,0.1,0.5,"Full-GMM",2.2,1.78319835436309,5.99146454710798,TRUE,"OK"
7,500,0.1,0.5,"Full-GMM",2.25,2.00540592217148,5.99146454710798,TRUE,"OK"
7,500,0.1,0.5,"Full-GMM",2.3,2.97406355720524,5.99146454710798,TRUE,"OK"
7,500,0.1,0.5,"Full-GMM",2.35,1.73801228717878,5.99146454710798,TRUE,"OK"
7,500,0.1,0.5,"Full-GMM",2.4,2.51577297335287,5.99146454710798,TRUE,"OK"
7,500,0.1,0.5,"Full-GMM",2.45,1.5459278833499,5.99146454710798,TRUE,"OK"
7,500,0.1,0.5,"Full-GMM",2.5,1.57732144542155,5.99146454710798,TRUE,"OK"
7,500,0.1,0.5,"Full-GMM",2.55,2.12808507886991,5.99146454710798,TRUE,"OK"
7,500,0.1,0.5,"Full-GMM",2.6,2.20753546077403,5.99146454710798,TRUE,"OK"
7,500,0.1,0.5,"Full-GMM",2.65,2.9343462345069,5.99146454710798,TRUE,"OK"
7,500,0.1,0.5,"Full-GMM",2.7,1.12672669604095,5.99146454710798,TRUE,"OK"
7,500,0.1,0.5,"Full-GMM",2.75,0.924953338198136,5.99146454710798,TRUE,"OK"
7,500,0.1,0.5,"Full-GMM",2.8,1.96527831069503,5.99146454710798,TRUE,"OK"
7,500,0.1,0.5,"Full-GMM",2.85,1.27943236822387,5.99146454710798,TRUE,"OK"
7,500,0.1,0.5,"Full-GMM",2.9,0.896886130399651,5.99146454710798,TRUE,"OK"
7,500,0.1,0.5,"Full-GMM",2.95,1.34880286341614,5.99146454710798,TRUE,"OK"
7,500,0.1,0.5,"Full-GMM",3,4.46770824846299,5.99146454710798,TRUE,"OK"
7,500,0.1,0.5,"DML-IVQR",-1,4.01132336909204,5.99146454710798,TRUE,"OK"
7,500,0.1,0.5,"DML-IVQR",-0.95,3.55178776251902,5.99146454710798,TRUE,"OK"
7,500,0.1,0.5,"DML-IVQR",-0.9,3.34227747176198,5.99146454710798,TRUE,"OK"
7,500,0.1,0.5,"DML-IVQR",-0.85,3.43738805175217,5.99146454710798,TRUE,"OK"
7,500,0.1,0.5,"DML-IVQR",-0.8,4.17703055045828,5.99146454710798,TRUE,"OK"
7,500,0.1,0.5,"DML-IVQR",-0.75,3.21908214221752,5.99146454710798,TRUE,"OK"
7,500,0.1,0.5,"DML-IVQR",-0.7,4.16931584780894,5.99146454710798,TRUE,"OK"
7,500,0.1,0.5,"DML-IVQR",-0.65,3.17000959449242,5.99146454710798,TRUE,"OK"
7,500,0.1,0.5,"DML-IVQR",-0.6,2.55366519031337,5.99146454710798,TRUE,"OK"
7,500,0.1,0.5,"DML-IVQR",-0.55,3.68179333971419,5.99146454710798,TRUE,"OK"
7,500,0.1,0.5,"DML-IVQR",-0.5,3.7771128507223,5.99146454710798,TRUE,"OK"
7,500,0.1,0.5,"DML-IVQR",-0.45,2.63220662046162,5.99146454710798,TRUE,"OK"
7,500,0.1,0.5,"DML-IVQR",-0.4,3.1783072250975,5.99146454710798,TRUE,"OK"
7,500,0.1,0.5,"DML-IVQR",-0.35,3.13063078585195,5.99146454710798,TRUE,"OK"
7,500,0.1,0.5,"DML-IVQR",-0.3,2.79087501321427,5.99146454710798,TRUE,"OK"
7,500,0.1,0.5,"DML-IVQR",-0.25,2.78017627724153,5.99146454710798,TRUE,"OK"
7,500,0.1,0.5,"DML-IVQR",-0.2,2.585801311192,5.99146454710798,TRUE,"OK"
7,500,0.1,0.5,"DML-IVQR",-0.15,2.65344774514227,5.99146454710798,TRUE,"OK"
7,500,0.1,0.5,"DML-IVQR",-0.1,3.75649998121561,5.99146454710798,TRUE,"OK"
7,500,0.1,0.5,"DML-IVQR",-0.0499999999999999,3.69812046351847,5.99146454710798,TRUE,"OK"
7,500,0.1,0.5,"DML-IVQR",0,4.53759610555663,5.99146454710798,TRUE,"OK"
7,500,0.1,0.5,"DML-IVQR",0.05,3.47583317964981,5.99146454710798,TRUE,"OK"
7,500,0.1,0.5,"DML-IVQR",0.1,3.13193328181877,5.99146454710798,TRUE,"OK"
7,500,0.1,0.5,"DML-IVQR",0.15,3.34504426703084,5.99146454710798,TRUE,"OK"
7,500,0.1,0.5,"DML-IVQR",0.2,1.95563735366274,5.99146454710798,TRUE,"OK"
7,500,0.1,0.5,"DML-IVQR",0.25,1.54851777628779,5.99146454710798,TRUE,"OK"
7,500,0.1,0.5,"DML-IVQR",0.3,1.29517241494749,5.99146454710798,TRUE,"OK"
7,500,0.1,0.5,"DML-IVQR",0.35,0.493719452744928,5.99146454710798,TRUE,"OK"
7,500,0.1,0.5,"DML-IVQR",0.4,0.507845297765325,5.99146454710798,TRUE,"OK"
7,500,0.1,0.5,"DML-IVQR",0.45,0.277259655007277,5.99146454710798,TRUE,"OK"
7,500,0.1,0.5,"DML-IVQR",0.5,0.0122394779123551,5.99146454710798,TRUE,"OK"
7,500,0.1,0.5,"DML-IVQR",0.55,0.337777457916976,5.99146454710798,TRUE,"OK"
7,500,0.1,0.5,"DML-IVQR",0.6,0.461901214693589,5.99146454710798,TRUE,"OK"
7,500,0.1,0.5,"DML-IVQR",0.65,0.0549069785381388,5.99146454710798,TRUE,"OK"
7,500,0.1,0.5,"DML-IVQR",0.7,0.0099239933489246,5.99146454710798,TRUE,"OK"
7,500,0.1,0.5,"DML-IVQR",0.75,0.141449394190864,5.99146454710798,TRUE,"OK"
7,500,0.1,0.5,"DML-IVQR",0.8,0.0195855236679024,5.99146454710798,TRUE,"OK"
7,500,0.1,0.5,"DML-IVQR",0.85,0.192229564790698,5.99146454710798,TRUE,"OK"
7,500,0.1,0.5,"DML-IVQR",0.9,0.566877219337642,5.99146454710798,TRUE,"OK"
7,500,0.1,0.5,"DML-IVQR",0.95,0.371269045986532,5.99146454710798,TRUE,"OK"
7,500,0.1,0.5,"DML-IVQR",1,1.11451775713499,5.99146454710798,TRUE,"OK"
7,500,0.1,0.5,"DML-IVQR",1.05,0.163601274469379,5.99146454710798,TRUE,"OK"
7,500,0.1,0.5,"DML-IVQR",1.1,0.928843791299257,5.99146454710798,TRUE,"OK"
7,500,0.1,0.5,"DML-IVQR",1.15,1.86832326248503,5.99146454710798,TRUE,"OK"
7,500,0.1,0.5,"DML-IVQR",1.2,2.22122050877258,5.99146454710798,TRUE,"OK"
7,500,0.1,0.5,"DML-IVQR",1.25,2.2170257345669,5.99146454710798,TRUE,"OK"
7,500,0.1,0.5,"DML-IVQR",1.3,0.823519175121808,5.99146454710798,TRUE,"OK"
7,500,0.1,0.5,"DML-IVQR",1.35,1.68626382669551,5.99146454710798,TRUE,"OK"
7,500,0.1,0.5,"DML-IVQR",1.4,1.06416322685926,5.99146454710798,TRUE,"OK"
7,500,0.1,0.5,"DML-IVQR",1.45,1.53810240809891,5.99146454710798,TRUE,"OK"
7,500,0.1,0.5,"DML-IVQR",1.5,2.71718446176296,5.99146454710798,TRUE,"OK"
7,500,0.1,0.5,"DML-IVQR",1.55,1.47684579752479,5.99146454710798,TRUE,"OK"
7,500,0.1,0.5,"DML-IVQR",1.6,2.07957111099708,5.99146454710798,TRUE,"OK"
7,500,0.1,0.5,"DML-IVQR",1.65,1.88099849733063,5.99146454710798,TRUE,"OK"
7,500,0.1,0.5,"DML-IVQR",1.7,0.640229932325266,5.99146454710798,TRUE,"OK"
7,500,0.1,0.5,"DML-IVQR",1.75,1.22481872420652,5.99146454710798,TRUE,"OK"
7,500,0.1,0.5,"DML-IVQR",1.8,1.40770502247846,5.99146454710798,TRUE,"OK"
7,500,0.1,0.5,"DML-IVQR",1.85,1.89320121693619,5.99146454710798,TRUE,"OK"
7,500,0.1,0.5,"DML-IVQR",1.9,1.77392486807984,5.99146454710798,TRUE,"OK"
7,500,0.1,0.5,"DML-IVQR",1.95,2.42236413090878,5.99146454710798,TRUE,"OK"
7,500,0.1,0.5,"DML-IVQR",2,1.43870146269215,5.99146454710798,TRUE,"OK"
7,500,0.1,0.5,"DML-IVQR",2.05,1.28604234180599,5.99146454710798,TRUE,"OK"
7,500,0.1,0.5,"DML-IVQR",2.1,0.981866903183326,5.99146454710798,TRUE,"OK"
7,500,0.1,0.5,"DML-IVQR",2.15,0.751720441008842,5.99146454710798,TRUE,"OK"
7,500,0.1,0.5,"DML-IVQR",2.2,1.09129715059439,5.99146454710798,TRUE,"OK"
7,500,0.1,0.5,"DML-IVQR",2.25,0.428264343115974,5.99146454710798,TRUE,"OK"
7,500,0.1,0.5,"DML-IVQR",2.3,0.242057573985227,5.99146454710798,TRUE,"OK"
7,500,0.1,0.5,"DML-IVQR",2.35,0.329739568130331,5.99146454710798,TRUE,"OK"
7,500,0.1,0.5,"DML-IVQR",2.4,0.243931913472339,5.99146454710798,TRUE,"OK"
7,500,0.1,0.5,"DML-IVQR",2.45,0.397344581296438,5.99146454710798,TRUE,"OK"
7,500,0.1,0.5,"DML-IVQR",2.5,0.43256714484877,5.99146454710798,TRUE,"OK"
7,500,0.1,0.5,"DML-IVQR",2.55,0.153310972873744,5.99146454710798,TRUE,"OK"
7,500,0.1,0.5,"DML-IVQR",2.6,0.114039799313355,5.99146454710798,TRUE,"OK"
7,500,0.1,0.5,"DML-IVQR",2.65,0.081160004287867,5.99146454710798,TRUE,"OK"
7,500,0.1,0.5,"DML-IVQR",2.7,0.667703898147132,5.99146454710798,TRUE,"OK"
7,500,0.1,0.5,"DML-IVQR",2.75,0.106324383653671,5.99146454710798,TRUE,"OK"
7,500,0.1,0.5,"DML-IVQR",2.8,1.30758165754168,5.99146454710798,TRUE,"OK"
7,500,0.1,0.5,"DML-IVQR",2.85,1.22900778561968,5.99146454710798,TRUE,"OK"
7,500,0.1,0.5,"DML-IVQR",2.9,1.24973562278895,5.99146454710798,TRUE,"OK"
7,500,0.1,0.5,"DML-IVQR",2.95,1.27171581044723,5.99146454710798,TRUE,"OK"
7,500,0.1,0.5,"DML-IVQR",3,1.2555012845023,5.99146454710798,TRUE,"OK"
7,500,0.1,0.9,"Oracle-GMM",-1,3.54304249717566,5.99146454710798,TRUE,"OK"
7,500,0.1,0.9,"Oracle-GMM",-0.95,5.08934046148674,5.99146454710798,TRUE,"OK"
7,500,0.1,0.9,"Oracle-GMM",-0.9,5.14795496601156,5.99146454710798,TRUE,"OK"
7,500,0.1,0.9,"Oracle-GMM",-0.85,3.74881322283511,5.99146454710798,TRUE,"OK"
7,500,0.1,0.9,"Oracle-GMM",-0.8,5.72356556052461,5.99146454710798,TRUE,"OK"
7,500,0.1,0.9,"Oracle-GMM",-0.75,5.72296145508073,5.99146454710798,TRUE,"OK"
7,500,0.1,0.9,"Oracle-GMM",-0.7,4.84354728530172,5.99146454710798,TRUE,"OK"
7,500,0.1,0.9,"Oracle-GMM",-0.65,4.32650242382368,5.99146454710798,TRUE,"OK"
7,500,0.1,0.9,"Oracle-GMM",-0.6,4.61641512795513,5.99146454710798,TRUE,"OK"
7,500,0.1,0.9,"Oracle-GMM",-0.55,4.60689443625111,5.99146454710798,TRUE,"OK"
7,500,0.1,0.9,"Oracle-GMM",-0.5,5.88040457269159,5.99146454710798,TRUE,"OK"
7,500,0.1,0.9,"Oracle-GMM",-0.45,6.30232051585983,5.99146454710798,FALSE,"OK"
7,500,0.1,0.9,"Oracle-GMM",-0.4,5.19467376994232,5.99146454710798,TRUE,"OK"
7,500,0.1,0.9,"Oracle-GMM",-0.35,4.84412875652556,5.99146454710798,TRUE,"OK"
7,500,0.1,0.9,"Oracle-GMM",-0.3,3.8998659393498,5.99146454710798,TRUE,"OK"
7,500,0.1,0.9,"Oracle-GMM",-0.25,4.82241848256095,5.99146454710798,TRUE,"OK"
7,500,0.1,0.9,"Oracle-GMM",-0.2,5.058965495077,5.99146454710798,TRUE,"OK"
7,500,0.1,0.9,"Oracle-GMM",-0.15,4.01020212470762,5.99146454710798,TRUE,"OK"
7,500,0.1,0.9,"Oracle-GMM",-0.1,4.53700724611302,5.99146454710798,TRUE,"OK"
7,500,0.1,0.9,"Oracle-GMM",-0.0499999999999999,3.64869179617457,5.99146454710798,TRUE,"OK"
7,500,0.1,0.9,"Oracle-GMM",0,4.87455395665728,5.99146454710798,TRUE,"OK"
7,500,0.1,0.9,"Oracle-GMM",0.05,6.10562725045612,5.99146454710798,FALSE,"OK"
7,500,0.1,0.9,"Oracle-GMM",0.1,6.43798646149857,5.99146454710798,FALSE,"OK"
7,500,0.1,0.9,"Oracle-GMM",0.15,4.00785173878411,5.99146454710798,TRUE,"OK"
7,500,0.1,0.9,"Oracle-GMM",0.2,4.9089732864016,5.99146454710798,TRUE,"OK"
7,500,0.1,0.9,"Oracle-GMM",0.25,5.37081476976428,5.99146454710798,TRUE,"OK"
7,500,0.1,0.9,"Oracle-GMM",0.3,6.50930580604655,5.99146454710798,FALSE,"OK"
7,500,0.1,0.9,"Oracle-GMM",0.35,4.51306040638202,5.99146454710798,TRUE,"OK"
7,500,0.1,0.9,"Oracle-GMM",0.4,4.50292673765623,5.99146454710798,TRUE,"OK"
7,500,0.1,0.9,"Oracle-GMM",0.45,6.05436062407198,5.99146454710798,FALSE,"OK"
7,500,0.1,0.9,"Oracle-GMM",0.5,4.9307792179835,5.99146454710798,TRUE,"OK"
7,500,0.1,0.9,"Oracle-GMM",0.55,6.24527154851582,5.99146454710798,FALSE,"OK"
7,500,0.1,0.9,"Oracle-GMM",0.6,4.57950879721636,5.99146454710798,TRUE,"OK"
7,500,0.1,0.9,"Oracle-GMM",0.65,6.18699886315598,5.99146454710798,FALSE,"OK"
7,500,0.1,0.9,"Oracle-GMM",0.7,4.75172655733288,5.99146454710798,TRUE,"OK"
7,500,0.1,0.9,"Oracle-GMM",0.75,5.89069099663952,5.99146454710798,TRUE,"OK"
7,500,0.1,0.9,"Oracle-GMM",0.8,4.75380525290125,5.99146454710798,TRUE,"OK"
7,500,0.1,0.9,"Oracle-GMM",0.85,7.10490328792329,5.99146454710798,FALSE,"OK"
7,500,0.1,0.9,"Oracle-GMM",0.9,5.6139939998954,5.99146454710798,TRUE,"OK"
7,500,0.1,0.9,"Oracle-GMM",0.95,3.97208633325217,5.99146454710798,TRUE,"OK"
7,500,0.1,0.9,"Oracle-GMM",1,5.72244901084537,5.99146454710798,TRUE,"OK"
7,500,0.1,0.9,"Oracle-GMM",1.05,6.03950752273339,5.99146454710798,FALSE,"OK"
7,500,0.1,0.9,"Oracle-GMM",1.1,5.71627726969893,5.99146454710798,TRUE,"OK"
7,500,0.1,0.9,"Oracle-GMM",1.15,5.05819865609397,5.99146454710798,TRUE,"OK"
7,500,0.1,0.9,"Oracle-GMM",1.2,3.64263129148336,5.99146454710798,TRUE,"OK"
7,500,0.1,0.9,"Oracle-GMM",1.25,4.89303816702192,5.99146454710798,TRUE,"OK"
7,500,0.1,0.9,"Oracle-GMM",1.3,3.72001296431185,5.99146454710798,TRUE,"OK"
7,500,0.1,0.9,"Oracle-GMM",1.35,3.3089507046955,5.99146454710798,TRUE,"OK"
7,500,0.1,0.9,"Oracle-GMM",1.4,3.26481655886771,5.99146454710798,TRUE,"OK"
7,500,0.1,0.9,"Oracle-GMM",1.45,3.26217732003736,5.99146454710798,TRUE,"OK"
7,500,0.1,0.9,"Oracle-GMM",1.5,1.95881038913295,5.99146454710798,TRUE,"OK"
7,500,0.1,0.9,"Oracle-GMM",1.55,1.51608515407324,5.99146454710798,TRUE,"OK"
7,500,0.1,0.9,"Oracle-GMM",1.6,2.04364372738607,5.99146454710798,TRUE,"OK"
7,500,0.1,0.9,"Oracle-GMM",1.65,2.4486798754988,5.99146454710798,TRUE,"OK"
7,500,0.1,0.9,"Oracle-GMM",1.7,2.81597805881763,5.99146454710798,TRUE,"OK"
7,500,0.1,0.9,"Oracle-GMM",1.75,3.7628188180199,5.99146454710798,TRUE,"OK"
7,500,0.1,0.9,"Oracle-GMM",1.8,5.23964551107317,5.99146454710798,TRUE,"OK"
7,500,0.1,0.9,"Oracle-GMM",1.85,4.31022805432685,5.99146454710798,TRUE,"OK"
7,500,0.1,0.9,"Oracle-GMM",1.9,7.98551398053293,5.99146454710798,FALSE,"OK"
7,500,0.1,0.9,"Oracle-GMM",1.95,5.99361929329709,5.99146454710798,FALSE,"OK"
7,500,0.1,0.9,"Oracle-GMM",2,5.38625685229658,5.99146454710798,TRUE,"OK"
7,500,0.1,0.9,"Oracle-GMM",2.05,4.67763878995025,5.99146454710798,TRUE,"OK"
7,500,0.1,0.9,"Oracle-GMM",2.1,5.52300388372224,5.99146454710798,TRUE,"OK"
7,500,0.1,0.9,"Oracle-GMM",2.15,7.47249245905621,5.99146454710798,FALSE,"OK"
7,500,0.1,0.9,"Oracle-GMM",2.2,8.76354847375279,5.99146454710798,FALSE,"OK"
7,500,0.1,0.9,"Oracle-GMM",2.25,7.56837699072385,5.99146454710798,FALSE,"OK"
7,500,0.1,0.9,"Oracle-GMM",2.3,7.64620947193494,5.99146454710798,FALSE,"OK"
7,500,0.1,0.9,"Oracle-GMM",2.35,9.88184378268073,5.99146454710798,FALSE,"OK"
7,500,0.1,0.9,"Oracle-GMM",2.4,9.11353262076929,5.99146454710798,FALSE,"OK"
7,500,0.1,0.9,"Oracle-GMM",2.45,7.06758786022588,5.99146454710798,FALSE,"OK"
7,500,0.1,0.9,"Oracle-GMM",2.5,4.40390622890402,5.99146454710798,TRUE,"OK"
7,500,0.1,0.9,"Oracle-GMM",2.55,5.63411571724778,5.99146454710798,TRUE,"OK"
7,500,0.1,0.9,"Oracle-GMM",2.6,6.30001424101368,5.99146454710798,FALSE,"OK"
7,500,0.1,0.9,"Oracle-GMM",2.65,4.22964539787608,5.99146454710798,TRUE,"OK"
7,500,0.1,0.9,"Oracle-GMM",2.7,0.447207364018813,5.99146454710798,TRUE,"OK"
7,500,0.1,0.9,"Oracle-GMM",2.75,0.730218480485041,5.99146454710798,TRUE,"OK"
7,500,0.1,0.9,"Oracle-GMM",2.8,3.16146410064315,5.99146454710798,TRUE,"OK"
7,500,0.1,0.9,"Oracle-GMM",2.85,1.76669923836046,5.99146454710798,TRUE,"OK"
7,500,0.1,0.9,"Oracle-GMM",2.9,2.8282503379571,5.99146454710798,TRUE,"OK"
7,500,0.1,0.9,"Oracle-GMM",2.95,1.93315548273672,5.99146454710798,TRUE,"OK"
7,500,0.1,0.9,"Oracle-GMM",3,1.19652792570298,5.99146454710798,TRUE,"OK"
7,500,0.1,0.9,"Full-GMM",-1,4.47749991039267,5.99146454710798,TRUE,"OK"
7,500,0.1,0.9,"Full-GMM",-0.95,2.92193081953346,5.99146454710798,TRUE,"OK"
7,500,0.1,0.9,"Full-GMM",-0.9,0.473502663591531,5.99146454710798,TRUE,"OK"
7,500,0.1,0.9,"Full-GMM",-0.85,3.37879598639328,5.99146454710798,TRUE,"OK"
7,500,0.1,0.9,"Full-GMM",-0.8,5.04756448178548,5.99146454710798,TRUE,"OK"
7,500,0.1,0.9,"Full-GMM",-0.75,1.07771033203767,5.99146454710798,TRUE,"OK"
7,500,0.1,0.9,"Full-GMM",-0.7,0.0506766956489368,5.99146454710798,TRUE,"OK"
7,500,0.1,0.9,"Full-GMM",-0.65,1.44554134172043,5.99146454710798,TRUE,"OK"
7,500,0.1,0.9,"Full-GMM",-0.6,0.261130018766781,5.99146454710798,TRUE,"OK"
7,500,0.1,0.9,"Full-GMM",-0.55,1.57485014292352,5.99146454710798,TRUE,"OK"
7,500,0.1,0.9,"Full-GMM",-0.5,1.83735939482778,5.99146454710798,TRUE,"OK"
7,500,0.1,0.9,"Full-GMM",-0.45,0.010453237324495,5.99146454710798,TRUE,"OK"
7,500,0.1,0.9,"Full-GMM",-0.4,0.745871009632338,5.99146454710798,TRUE,"OK"
7,500,0.1,0.9,"Full-GMM",-0.35,1.26934703030199,5.99146454710798,TRUE,"OK"
7,500,0.1,0.9,"Full-GMM",-0.3,2.74270381255583,5.99146454710798,TRUE,"OK"
7,500,0.1,0.9,"Full-GMM",-0.25,0.385248626359293,5.99146454710798,TRUE,"OK"
7,500,0.1,0.9,"Full-GMM",-0.2,3.0770088869352,5.99146454710798,TRUE,"OK"
7,500,0.1,0.9,"Full-GMM",-0.15,0.598304101919562,5.99146454710798,TRUE,"OK"
7,500,0.1,0.9,"Full-GMM",-0.1,0.064947676169684,5.99146454710798,TRUE,"OK"
7,500,0.1,0.9,"Full-GMM",-0.0499999999999999,2.64850783493561,5.99146454710798,TRUE,"OK"
7,500,0.1,0.9,"Full-GMM",0,2.03605783732278,5.99146454710798,TRUE,"OK"
7,500,0.1,0.9,"Full-GMM",0.05,0.183851154685524,5.99146454710798,TRUE,"OK"
7,500,0.1,0.9,"Full-GMM",0.1,1.35884637883088,5.99146454710798,TRUE,"OK"
7,500,0.1,0.9,"Full-GMM",0.15,0.27635324907463,5.99146454710798,TRUE,"OK"
7,500,0.1,0.9,"Full-GMM",0.2,1.35627035846654,5.99146454710798,TRUE,"OK"
7,500,0.1,0.9,"Full-GMM",0.25,0.984588396232761,5.99146454710798,TRUE,"OK"
7,500,0.1,0.9,"Full-GMM",0.3,0.711817523468734,5.99146454710798,TRUE,"OK"
7,500,0.1,0.9,"Full-GMM",0.35,3.15217718365798,5.99146454710798,TRUE,"OK"
7,500,0.1,0.9,"Full-GMM",0.4,0.0180792796611671,5.99146454710798,TRUE,"OK"
7,500,0.1,0.9,"Full-GMM",0.45,3.5006314650268,5.99146454710798,TRUE,"OK"
7,500,0.1,0.9,"Full-GMM",0.5,0.423694334028552,5.99146454710798,TRUE,"OK"
7,500,0.1,0.9,"Full-GMM",0.55,0.868301773691348,5.99146454710798,TRUE,"OK"
7,500,0.1,0.9,"Full-GMM",0.6,2.23305232480655,5.99146454710798,TRUE,"OK"
7,500,0.1,0.9,"Full-GMM",0.65,0.268195612090433,5.99146454710798,TRUE,"OK"
7,500,0.1,0.9,"Full-GMM",0.7,0.454222537842912,5.99146454710798,TRUE,"OK"
7,500,0.1,0.9,"Full-GMM",0.75,0.663548593840545,5.99146454710798,TRUE,"OK"
7,500,0.1,0.9,"Full-GMM",0.8,2.35915754010893,5.99146454710798,TRUE,"OK"
7,500,0.1,0.9,"Full-GMM",0.85,0.360906364807531,5.99146454710798,TRUE,"OK"
7,500,0.1,0.9,"Full-GMM",0.9,0.783384986053812,5.99146454710798,TRUE,"OK"
7,500,0.1,0.9,"Full-GMM",0.95,2.19609708838155,5.99146454710798,TRUE,"OK"
7,500,0.1,0.9,"Full-GMM",1,0.0618789012469466,5.99146454710798,TRUE,"OK"
7,500,0.1,0.9,"Full-GMM",1.05,2.02282336043815,5.99146454710798,TRUE,"OK"
7,500,0.1,0.9,"Full-GMM",1.1,0.721072116829607,5.99146454710798,TRUE,"OK"
7,500,0.1,0.9,"Full-GMM",1.15,2.32050054195025,5.99146454710798,TRUE,"OK"
7,500,0.1,0.9,"Full-GMM",1.2,2.34042475096445,5.99146454710798,TRUE,"OK"
7,500,0.1,0.9,"Full-GMM",1.25,1.00600481129294,5.99146454710798,TRUE,"OK"
7,500,0.1,0.9,"Full-GMM",1.3,1.14212686392659,5.99146454710798,TRUE,"OK"
7,500,0.1,0.9,"Full-GMM",1.35,6.10643550959692,5.99146454710798,FALSE,"OK"
7,500,0.1,0.9,"Full-GMM",1.4,2.04502100032744,5.99146454710798,TRUE,"OK"
7,500,0.1,0.9,"Full-GMM",1.45,2.7111434106821,5.99146454710798,TRUE,"OK"
7,500,0.1,0.9,"Full-GMM",1.5,2.92617959344941,5.99146454710798,TRUE,"OK"
7,500,0.1,0.9,"Full-GMM",1.55,1.75685295892726,5.99146454710798,TRUE,"OK"
7,500,0.1,0.9,"Full-GMM",1.6,2.96594379496398,5.99146454710798,TRUE,"OK"
7,500,0.1,0.9,"Full-GMM",1.65,3.69296956559631,5.99146454710798,TRUE,"OK"
7,500,0.1,0.9,"Full-GMM",1.7,4.09622021833961,5.99146454710798,TRUE,"OK"
7,500,0.1,0.9,"Full-GMM",1.75,6.36226680132004,5.99146454710798,FALSE,"OK"
7,500,0.1,0.9,"Full-GMM",1.8,3.19664737995866,5.99146454710798,TRUE,"OK"
7,500,0.1,0.9,"Full-GMM",1.85,2.85148859073913,5.99146454710798,TRUE,"OK"
7,500,0.1,0.9,"Full-GMM",1.9,2.26885831177112,5.99146454710798,TRUE,"OK"
7,500,0.1,0.9,"Full-GMM",1.95,2.3240826501867,5.99146454710798,TRUE,"OK"
7,500,0.1,0.9,"Full-GMM",2,5.69547128260904,5.99146454710798,TRUE,"OK"
7,500,0.1,0.9,"Full-GMM",2.05,0.414930785855693,5.99146454710798,TRUE,"OK"
7,500,0.1,0.9,"Full-GMM",2.1,3.13469460503594,5.99146454710798,TRUE,"OK"
7,500,0.1,0.9,"Full-GMM",2.15,2.87523415361331,5.99146454710798,TRUE,"OK"
7,500,0.1,0.9,"Full-GMM",2.2,3.4056419504378,5.99146454710798,TRUE,"OK"
7,500,0.1,0.9,"Full-GMM",2.25,1.81500575895877,5.99146454710798,TRUE,"OK"
7,500,0.1,0.9,"Full-GMM",2.3,0.324800138995036,5.99146454710798,TRUE,"OK"
7,500,0.1,0.9,"Full-GMM",2.35,1.94588346153744,5.99146454710798,TRUE,"OK"
7,500,0.1,0.9,"Full-GMM",2.4,1.15509197819484,5.99146454710798,TRUE,"OK"
7,500,0.1,0.9,"Full-GMM",2.45,1.30323365325155,5.99146454710798,TRUE,"OK"
7,500,0.1,0.9,"Full-GMM",2.5,1.73129520416048,5.99146454710798,TRUE,"OK"
7,500,0.1,0.9,"Full-GMM",2.55,2.83305480031814,5.99146454710798,TRUE,"OK"
7,500,0.1,0.9,"Full-GMM",2.6,0.521165430633991,5.99146454710798,TRUE,"OK"
7,500,0.1,0.9,"Full-GMM",2.65,3.01261406033394,5.99146454710798,TRUE,"OK"
7,500,0.1,0.9,"Full-GMM",2.7,1.26862771018832,5.99146454710798,TRUE,"OK"
7,500,0.1,0.9,"Full-GMM",2.75,0.0909739963463977,5.99146454710798,TRUE,"OK"
7,500,0.1,0.9,"Full-GMM",2.8,1.22176389498553,5.99146454710798,TRUE,"OK"
7,500,0.1,0.9,"Full-GMM",2.85,1.00825933029582,5.99146454710798,TRUE,"OK"
7,500,0.1,0.9,"Full-GMM",2.9,0.00868842178566582,5.99146454710798,TRUE,"OK"
7,500,0.1,0.9,"Full-GMM",2.95,1.04711226174844,5.99146454710798,TRUE,"OK"
7,500,0.1,0.9,"Full-GMM",3,0.784751756208288,5.99146454710798,TRUE,"OK"
7,500,0.1,0.9,"DML-IVQR",-1,4.23749018125484,5.99146454710798,TRUE,"OK"
7,500,0.1,0.9,"DML-IVQR",-0.95,5.2836661049491,5.99146454710798,TRUE,"OK"
7,500,0.1,0.9,"DML-IVQR",-0.9,4.27056411470532,5.99146454710798,TRUE,"OK"
7,500,0.1,0.9,"DML-IVQR",-0.85,5.89183303574708,5.99146454710798,TRUE,"OK"
7,500,0.1,0.9,"DML-IVQR",-0.8,4.92460236574083,5.99146454710798,TRUE,"OK"
7,500,0.1,0.9,"DML-IVQR",-0.75,6.27644897042999,5.99146454710798,FALSE,"OK"
7,500,0.1,0.9,"DML-IVQR",-0.7,5.94765949241189,5.99146454710798,TRUE,"OK"
7,500,0.1,0.9,"DML-IVQR",-0.65,4.91860338317645,5.99146454710798,TRUE,"OK"
7,500,0.1,0.9,"DML-IVQR",-0.6,4.48071132186897,5.99146454710798,TRUE,"OK"
7,500,0.1,0.9,"DML-IVQR",-0.55,4.46123036780143,5.99146454710798,TRUE,"OK"
7,500,0.1,0.9,"DML-IVQR",-0.5,4.87935915573776,5.99146454710798,TRUE,"OK"
7,500,0.1,0.9,"DML-IVQR",-0.45,5.72199483400485,5.99146454710798,TRUE,"OK"
7,500,0.1,0.9,"DML-IVQR",-0.4,6.83394785158327,5.99146454710798,FALSE,"OK"
7,500,0.1,0.9,"DML-IVQR",-0.35,4.52285102722486,5.99146454710798,TRUE,"OK"
7,500,0.1,0.9,"DML-IVQR",-0.3,6.72966904672876,5.99146454710798,FALSE,"OK"
7,500,0.1,0.9,"DML-IVQR",-0.25,3.04063713400774,5.99146454710798,TRUE,"OK"
7,500,0.1,0.9,"DML-IVQR",-0.2,7.35073852497187,5.99146454710798,FALSE,"OK"
7,500,0.1,0.9,"DML-IVQR",-0.15,7.12251119619018,5.99146454710798,FALSE,"OK"
7,500,0.1,0.9,"DML-IVQR",-0.1,7.19538504985468,5.99146454710798,FALSE,"OK"
7,500,0.1,0.9,"DML-IVQR",-0.0499999999999999,5.04574890568527,5.99146454710798,TRUE,"OK"
7,500,0.1,0.9,"DML-IVQR",0,5.66098371900177,5.99146454710798,TRUE,"OK"
7,500,0.1,0.9,"DML-IVQR",0.05,4.7236379738784,5.99146454710798,TRUE,"OK"
7,500,0.1,0.9,"DML-IVQR",0.1,4.7345576775222,5.99146454710798,TRUE,"OK"
7,500,0.1,0.9,"DML-IVQR",0.15,4.73137614906982,5.99146454710798,TRUE,"OK"
7,500,0.1,0.9,"DML-IVQR",0.2,5.596560677848,5.99146454710798,TRUE,"OK"
7,500,0.1,0.9,"DML-IVQR",0.25,5.04235058103477,5.99146454710798,TRUE,"OK"
7,500,0.1,0.9,"DML-IVQR",0.3,5.25163298774179,5.99146454710798,TRUE,"OK"
7,500,0.1,0.9,"DML-IVQR",0.35,4.94523550930793,5.99146454710798,TRUE,"OK"
7,500,0.1,0.9,"DML-IVQR",0.4,4.96171843999462,5.99146454710798,TRUE,"OK"
7,500,0.1,0.9,"DML-IVQR",0.45,6.54273048706076,5.99146454710798,FALSE,"OK"
7,500,0.1,0.9,"DML-IVQR",0.5,5.60195966807323,5.99146454710798,TRUE,"OK"
7,500,0.1,0.9,"DML-IVQR",0.55,5.04737847500427,5.99146454710798,TRUE,"OK"
7,500,0.1,0.9,"DML-IVQR",0.6,4.56214998331453,5.99146454710798,TRUE,"OK"
7,500,0.1,0.9,"DML-IVQR",0.65,4.72556830470306,5.99146454710798,TRUE,"OK"
7,500,0.1,0.9,"DML-IVQR",0.7,4.43558581295901,5.99146454710798,TRUE,"OK"
7,500,0.1,0.9,"DML-IVQR",0.75,4.72615432848145,5.99146454710798,TRUE,"OK"
7,500,0.1,0.9,"DML-IVQR",0.8,4.72158347320137,5.99146454710798,TRUE,"OK"
7,500,0.1,0.9,"DML-IVQR",0.85,5.04257451893226,5.99146454710798,TRUE,"OK"
7,500,0.1,0.9,"DML-IVQR",0.9,5.02943281152686,5.99146454710798,TRUE,"OK"
7,500,0.1,0.9,"DML-IVQR",0.95,5.06797425071913,5.99146454710798,TRUE,"OK"
7,500,0.1,0.9,"DML-IVQR",1,4.7017805433922,5.99146454710798,TRUE,"OK"
7,500,0.1,0.9,"DML-IVQR",1.05,5.37447365792796,5.99146454710798,TRUE,"OK"
7,500,0.1,0.9,"DML-IVQR",1.1,3.51817404984707,5.99146454710798,TRUE,"OK"
7,500,0.1,0.9,"DML-IVQR",1.15,2.5239684366142,5.99146454710798,TRUE,"OK"
7,500,0.1,0.9,"DML-IVQR",1.2,2.1350045779415,5.99146454710798,TRUE,"OK"
7,500,0.1,0.9,"DML-IVQR",1.25,2.48624750521705,5.99146454710798,TRUE,"OK"
7,500,0.1,0.9,"DML-IVQR",1.3,2.96538589765029,5.99146454710798,TRUE,"OK"
7,500,0.1,0.9,"DML-IVQR",1.35,2.48617266118997,5.99146454710798,TRUE,"OK"
7,500,0.1,0.9,"DML-IVQR",1.4,2.94959795466862,5.99146454710798,TRUE,"OK"
7,500,0.1,0.9,"DML-IVQR",1.45,2.5949502064487,5.99146454710798,TRUE,"OK"
7,500,0.1,0.9,"DML-IVQR",1.5,3.08957160889546,5.99146454710798,TRUE,"OK"
7,500,0.1,0.9,"DML-IVQR",1.55,3.88243092488897,5.99146454710798,TRUE,"OK"
7,500,0.1,0.9,"DML-IVQR",1.6,4.62035483322877,5.99146454710798,TRUE,"OK"
7,500,0.1,0.9,"DML-IVQR",1.65,5.01856839570404,5.99146454710798,TRUE,"OK"
7,500,0.1,0.9,"DML-IVQR",1.7,4.87408386399198,5.99146454710798,TRUE,"OK"
7,500,0.1,0.9,"DML-IVQR",1.75,6.24671197975659,5.99146454710798,FALSE,"OK"
7,500,0.1,0.9,"DML-IVQR",1.8,7.06468921189967,5.99146454710798,FALSE,"OK"
7,500,0.1,0.9,"DML-IVQR",1.85,7.50612812458725,5.99146454710798,FALSE,"OK"
7,500,0.1,0.9,"DML-IVQR",1.9,7.29548168561768,5.99146454710798,FALSE,"OK"
7,500,0.1,0.9,"DML-IVQR",1.95,4.31979186640521,5.99146454710798,TRUE,"OK"
7,500,0.1,0.9,"DML-IVQR",2,5.24324738398797,5.99146454710798,TRUE,"OK"
7,500,0.1,0.9,"DML-IVQR",2.05,5.16146786497197,5.99146454710798,TRUE,"OK"
7,500,0.1,0.9,"DML-IVQR",2.1,3.67470793290458,5.99146454710798,TRUE,"OK"
7,500,0.1,0.9,"DML-IVQR",2.15,3.87407422427264,5.99146454710798,TRUE,"OK"
7,500,0.1,0.9,"DML-IVQR",2.2,6.98278060642515,5.99146454710798,FALSE,"OK"
7,500,0.1,0.9,"DML-IVQR",2.25,10.6281583929083,5.99146454710798,FALSE,"OK"
7,500,0.1,0.9,"DML-IVQR",2.3,9.39871119680949,5.99146454710798,FALSE,"OK"
7,500,0.1,0.9,"DML-IVQR",2.35,6.43157927398269,5.99146454710798,FALSE,"OK"
7,500,0.1,0.9,"DML-IVQR",2.4,8.41545443131569,5.99146454710798,FALSE,"OK"
7,500,0.1,0.9,"DML-IVQR",2.45,9.14829416079923,5.99146454710798,FALSE,"OK"
7,500,0.1,0.9,"DML-IVQR",2.5,6.24288828200916,5.99146454710798,FALSE,"OK"
7,500,0.1,0.9,"DML-IVQR",2.55,3.97469361443863,5.99146454710798,TRUE,"OK"
7,500,0.1,0.9,"DML-IVQR",2.6,3.95185262119442,5.99146454710798,TRUE,"OK"
7,500,0.1,0.9,"DML-IVQR",2.65,2.45149798611667,5.99146454710798,TRUE,"OK"
7,500,0.1,0.9,"DML-IVQR",2.7,1.4204175256136,5.99146454710798,TRUE,"OK"
7,500,0.1,0.9,"DML-IVQR",2.75,0.838949175042011,5.99146454710798,TRUE,"OK"
7,500,0.1,0.9,"DML-IVQR",2.8,0.320030018522275,5.99146454710798,TRUE,"OK"
7,500,0.1,0.9,"DML-IVQR",2.85,1.26221400655066,5.99146454710798,TRUE,"OK"
7,500,0.1,0.9,"DML-IVQR",2.9,0.826603158513764,5.99146454710798,TRUE,"OK"
7,500,0.1,0.9,"DML-IVQR",2.95,0.737886437388445,5.99146454710798,TRUE,"OK"
7,500,0.1,0.9,"DML-IVQR",3,0.746620363401005,5.99146454710798,TRUE,"OK"
8,500,0.1,0.1,"Oracle-GMM",-1,1.80927792184688,5.99146454710798,TRUE,"OK"
8,500,0.1,0.1,"Oracle-GMM",-0.95,1.44813974281498,5.99146454710798,TRUE,"OK"
8,500,0.1,0.1,"Oracle-GMM",-0.9,2.65774680386578,5.99146454710798,TRUE,"OK"
8,500,0.1,0.1,"Oracle-GMM",-0.85,1.28913538318127,5.99146454710798,TRUE,"OK"
8,500,0.1,0.1,"Oracle-GMM",-0.8,4.59781748442227,5.99146454710798,TRUE,"OK"
8,500,0.1,0.1,"Oracle-GMM",-0.75,3.60596052746601,5.99146454710798,TRUE,"OK"
8,500,0.1,0.1,"Oracle-GMM",-0.7,3.424046498735,5.99146454710798,TRUE,"OK"
8,500,0.1,0.1,"Oracle-GMM",-0.65,3.34685098741843,5.99146454710798,TRUE,"OK"
8,500,0.1,0.1,"Oracle-GMM",-0.6,4.71773433460899,5.99146454710798,TRUE,"OK"
8,500,0.1,0.1,"Oracle-GMM",-0.55,5.1981966829964,5.99146454710798,TRUE,"OK"
8,500,0.1,0.1,"Oracle-GMM",-0.5,5.12995902521737,5.99146454710798,TRUE,"OK"
8,500,0.1,0.1,"Oracle-GMM",-0.45,6.39056583563036,5.99146454710798,FALSE,"OK"
8,500,0.1,0.1,"Oracle-GMM",-0.4,2.97404154303646,5.99146454710798,TRUE,"OK"
8,500,0.1,0.1,"Oracle-GMM",-0.35,2.32100592919166,5.99146454710798,TRUE,"OK"
8,500,0.1,0.1,"Oracle-GMM",-0.3,1.7937414218824,5.99146454710798,TRUE,"OK"
8,500,0.1,0.1,"Oracle-GMM",-0.25,2.15815517884198,5.99146454710798,TRUE,"OK"
8,500,0.1,0.1,"Oracle-GMM",-0.2,0.209532473331485,5.99146454710798,TRUE,"OK"
8,500,0.1,0.1,"Oracle-GMM",-0.15,0.45247326299484,5.99146454710798,TRUE,"OK"
8,500,0.1,0.1,"Oracle-GMM",-0.1,0.585044412704664,5.99146454710798,TRUE,"OK"
8,500,0.1,0.1,"Oracle-GMM",-0.0499999999999999,0.338613197830043,5.99146454710798,TRUE,"OK"
8,500,0.1,0.1,"Oracle-GMM",0,0.0388322327775332,5.99146454710798,TRUE,"OK"
8,500,0.1,0.1,"Oracle-GMM",0.05,0.0658417085954609,5.99146454710798,TRUE,"OK"
8,500,0.1,0.1,"Oracle-GMM",0.1,0.117817051974472,5.99146454710798,TRUE,"OK"
8,500,0.1,0.1,"Oracle-GMM",0.15,0.198065976328586,5.99146454710798,TRUE,"OK"
8,500,0.1,0.1,"Oracle-GMM",0.2,1.02477213689993,5.99146454710798,TRUE,"OK"
8,500,0.1,0.1,"Oracle-GMM",0.25,0.243928501296221,5.99146454710798,TRUE,"OK"
8,500,0.1,0.1,"Oracle-GMM",0.3,2.62247137565487,5.99146454710798,TRUE,"OK"
8,500,0.1,0.1,"Oracle-GMM",0.35,3.15221492301566,5.99146454710798,TRUE,"OK"
8,500,0.1,0.1,"Oracle-GMM",0.4,0.595335104330653,5.99146454710798,TRUE,"OK"
8,500,0.1,0.1,"Oracle-GMM",0.45,0.990935808290666,5.99146454710798,TRUE,"OK"
8,500,0.1,0.1,"Oracle-GMM",0.5,0.926009336279146,5.99146454710798,TRUE,"OK"
8,500,0.1,0.1,"Oracle-GMM",0.55,0.72036931884408,5.99146454710798,TRUE,"OK"
8,500,0.1,0.1,"Oracle-GMM",0.6,0.271696389286929,5.99146454710798,TRUE,"OK"
8,500,0.1,0.1,"Oracle-GMM",0.65,0.226885426566278,5.99146454710798,TRUE,"OK"
8,500,0.1,0.1,"Oracle-GMM",0.7,1.06620070505498,5.99146454710798,TRUE,"OK"
8,500,0.1,0.1,"Oracle-GMM",0.75,0.59883445978738,5.99146454710798,TRUE,"OK"
8,500,0.1,0.1,"Oracle-GMM",0.8,0.55117867700553,5.99146454710798,TRUE,"OK"
8,500,0.1,0.1,"Oracle-GMM",0.85,0.739648628207168,5.99146454710798,TRUE,"OK"
8,500,0.1,0.1,"Oracle-GMM",0.9,0.316008732082976,5.99146454710798,TRUE,"OK"
8,500,0.1,0.1,"Oracle-GMM",0.95,0.669021921260568,5.99146454710798,TRUE,"OK"
8,500,0.1,0.1,"Oracle-GMM",1,0.916998264045709,5.99146454710798,TRUE,"OK"
8,500,0.1,0.1,"Oracle-GMM",1.05,0.421182804563912,5.99146454710798,TRUE,"OK"
8,500,0.1,0.1,"Oracle-GMM",1.1,1.20708257826404,5.99146454710798,TRUE,"OK"
8,500,0.1,0.1,"Oracle-GMM",1.15,0.28365112090254,5.99146454710798,TRUE,"OK"
8,500,0.1,0.1,"Oracle-GMM",1.2,0.867958263352822,5.99146454710798,TRUE,"OK"
8,500,0.1,0.1,"Oracle-GMM",1.25,0.239890450081064,5.99146454710798,TRUE,"OK"
8,500,0.1,0.1,"Oracle-GMM",1.3,1.17368370595237,5.99146454710798,TRUE,"OK"
8,500,0.1,0.1,"Oracle-GMM",1.35,1.52823431849928,5.99146454710798,TRUE,"OK"
8,500,0.1,0.1,"Oracle-GMM",1.4,1.11074781547872,5.99146454710798,TRUE,"OK"
8,500,0.1,0.1,"Oracle-GMM",1.45,0.92198851552044,5.99146454710798,TRUE,"OK"
8,500,0.1,0.1,"Oracle-GMM",1.5,0.988630829741122,5.99146454710798,TRUE,"OK"
8,500,0.1,0.1,"Oracle-GMM",1.55,1.25184171267537,5.99146454710798,TRUE,"OK"
8,500,0.1,0.1,"Oracle-GMM",1.6,1.36287130444964,5.99146454710798,TRUE,"OK"
8,500,0.1,0.1,"Oracle-GMM",1.65,2.38220533933986,5.99146454710798,TRUE,"OK"
8,500,0.1,0.1,"Oracle-GMM",1.7,2.09912702425236,5.99146454710798,TRUE,"OK"
8,500,0.1,0.1,"Oracle-GMM",1.75,2.68845169400872,5.99146454710798,TRUE,"OK"
8,500,0.1,0.1,"Oracle-GMM",1.8,1.5324280843738,5.99146454710798,TRUE,"OK"
8,500,0.1,0.1,"Oracle-GMM",1.85,1.68865563021936,5.99146454710798,TRUE,"OK"
8,500,0.1,0.1,"Oracle-GMM",1.9,2.60632188948193,5.99146454710798,TRUE,"OK"
8,500,0.1,0.1,"Oracle-GMM",1.95,3.24416069123258,5.99146454710798,TRUE,"OK"
8,500,0.1,0.1,"Oracle-GMM",2,2.4680260043806,5.99146454710798,TRUE,"OK"
8,500,0.1,0.1,"Oracle-GMM",2.05,3.42731754204537,5.99146454710798,TRUE,"OK"
8,500,0.1,0.1,"Oracle-GMM",2.1,2.17812388491978,5.99146454710798,TRUE,"OK"
8,500,0.1,0.1,"Oracle-GMM",2.15,2.80128357737855,5.99146454710798,TRUE,"OK"
8,500,0.1,0.1,"Oracle-GMM",2.2,2.83027756126178,5.99146454710798,TRUE,"OK"
8,500,0.1,0.1,"Oracle-GMM",2.25,1.80175049526645,5.99146454710798,TRUE,"OK"
8,500,0.1,0.1,"Oracle-GMM",2.3,2.7913474168112,5.99146454710798,TRUE,"OK"
8,500,0.1,0.1,"Oracle-GMM",2.35,3.04484199753945,5.99146454710798,TRUE,"OK"
8,500,0.1,0.1,"Oracle-GMM",2.4,3.82011648591334,5.99146454710798,TRUE,"OK"
8,500,0.1,0.1,"Oracle-GMM",2.45,1.08094266515256,5.99146454710798,TRUE,"OK"
8,500,0.1,0.1,"Oracle-GMM",2.5,1.59073902438259,5.99146454710798,TRUE,"OK"
8,500,0.1,0.1,"Oracle-GMM",2.55,1.9137992879377,5.99146454710798,TRUE,"OK"
8,500,0.1,0.1,"Oracle-GMM",2.6,2.37664030353965,5.99146454710798,TRUE,"OK"
8,500,0.1,0.1,"Oracle-GMM",2.65,0.83578757217489,5.99146454710798,TRUE,"OK"
8,500,0.1,0.1,"Oracle-GMM",2.7,0.302573507900075,5.99146454710798,TRUE,"OK"
8,500,0.1,0.1,"Oracle-GMM",2.75,1.02225954033223,5.99146454710798,TRUE,"OK"
8,500,0.1,0.1,"Oracle-GMM",2.8,1.11815742723888,5.99146454710798,TRUE,"OK"
8,500,0.1,0.1,"Oracle-GMM",2.85,0.576253861206241,5.99146454710798,TRUE,"OK"
8,500,0.1,0.1,"Oracle-GMM",2.9,0.752881328070365,5.99146454710798,TRUE,"OK"
8,500,0.1,0.1,"Oracle-GMM",2.95,1.4654205964885,5.99146454710798,TRUE,"OK"
8,500,0.1,0.1,"Oracle-GMM",3,0.263052515601007,5.99146454710798,TRUE,"OK"
8,500,0.1,0.1,"Full-GMM",-1,0.0791766594460044,5.99146454710798,TRUE,"OK"
8,500,0.1,0.1,"Full-GMM",-0.95,6.21180482807004,5.99146454710798,FALSE,"OK"
8,500,0.1,0.1,"Full-GMM",-0.9,2.59578343938999,5.99146454710798,TRUE,"OK"
8,500,0.1,0.1,"Full-GMM",-0.85,4.83695030164754,5.99146454710798,TRUE,"OK"
8,500,0.1,0.1,"Full-GMM",-0.8,1.57466884357145,5.99146454710798,TRUE,"OK"
8,500,0.1,0.1,"Full-GMM",-0.75,5.82506203980089,5.99146454710798,TRUE,"OK"
8,500,0.1,0.1,"Full-GMM",-0.7,1.63887023824146,5.99146454710798,TRUE,"OK"
8,500,0.1,0.1,"Full-GMM",-0.65,1.62946663550088,5.99146454710798,TRUE,"OK"
8,500,0.1,0.1,"Full-GMM",-0.6,3.93301079584519,5.99146454710798,TRUE,"OK"
8,500,0.1,0.1,"Full-GMM",-0.55,6.21865037912541,5.99146454710798,FALSE,"OK"
8,500,0.1,0.1,"Full-GMM",-0.5,3.03120797101053,5.99146454710798,TRUE,"OK"
8,500,0.1,0.1,"Full-GMM",-0.45,2.07020001002982,5.99146454710798,TRUE,"OK"
8,500,0.1,0.1,"Full-GMM",-0.4,0.902114257130531,5.99146454710798,TRUE,"OK"
8,500,0.1,0.1,"Full-GMM",-0.35,2.86895413559941,5.99146454710798,TRUE,"OK"
8,500,0.1,0.1,"Full-GMM",-0.3,3.70144065225287,5.99146454710798,TRUE,"OK"
8,500,0.1,0.1,"Full-GMM",-0.25,3.14913004649749,5.99146454710798,TRUE,"OK"
8,500,0.1,0.1,"Full-GMM",-0.2,1.51315041990839,5.99146454710798,TRUE,"OK"
8,500,0.1,0.1,"Full-GMM",-0.15,1.76471450310796,5.99146454710798,TRUE,"OK"
8,500,0.1,0.1,"Full-GMM",-0.1,0.997343639687833,5.99146454710798,TRUE,"OK"
8,500,0.1,0.1,"Full-GMM",-0.0499999999999999,3.98000356749508,5.99146454710798,TRUE,"OK"
8,500,0.1,0.1,"Full-GMM",0,2.11046667320882,5.99146454710798,TRUE,"OK"
8,500,0.1,0.1,"Full-GMM",0.05,4.89446693785464,5.99146454710798,TRUE,"OK"
8,500,0.1,0.1,"Full-GMM",0.1,2.31300003677259,5.99146454710798,TRUE,"OK"
8,500,0.1,0.1,"Full-GMM",0.15,0.616492437835934,5.99146454710798,TRUE,"OK"
8,500,0.1,0.1,"Full-GMM",0.2,0.73430101469294,5.99146454710798,TRUE,"OK"
8,500,0.1,0.1,"Full-GMM",0.25,4.86027086643786,5.99146454710798,TRUE,"OK"
8,500,0.1,0.1,"Full-GMM",0.3,1.50435357786301,5.99146454710798,TRUE,"OK"
8,500,0.1,0.1,"Full-GMM",0.35,0.930650391589955,5.99146454710798,TRUE,"OK"
8,500,0.1,0.1,"Full-GMM",0.4,0.483214259850227,5.99146454710798,TRUE,"OK"
8,500,0.1,0.1,"Full-GMM",0.45,0.833052376261779,5.99146454710798,TRUE,"OK"
8,500,0.1,0.1,"Full-GMM",0.5,0.0950993705364573,5.99146454710798,TRUE,"OK"
8,500,0.1,0.1,"Full-GMM",0.55,0.307066541758648,5.99146454710798,TRUE,"OK"
8,500,0.1,0.1,"Full-GMM",0.6,1.51906684399315,5.99146454710798,TRUE,"OK"
8,500,0.1,0.1,"Full-GMM",0.65,0.258226870915031,5.99146454710798,TRUE,"OK"
8,500,0.1,0.1,"Full-GMM",0.7,1.52883463728794,5.99146454710798,TRUE,"OK"
8,500,0.1,0.1,"Full-GMM",0.75,0.394277981626887,5.99146454710798,TRUE,"OK"
8,500,0.1,0.1,"Full-GMM",0.8,1.75135831146506,5.99146454710798,TRUE,"OK"
8,500,0.1,0.1,"Full-GMM",0.85,0.34320602322049,5.99146454710798,TRUE,"OK"
8,500,0.1,0.1,"Full-GMM",0.9,0.610738269620893,5.99146454710798,TRUE,"OK"
8,500,0.1,0.1,"Full-GMM",0.95,0.854576890936498,5.99146454710798,TRUE,"OK"
8,500,0.1,0.1,"Full-GMM",1,0.112157441580171,5.99146454710798,TRUE,"OK"
8,500,0.1,0.1,"Full-GMM",1.05,0.100192224085977,5.99146454710798,TRUE,"OK"
8,500,0.1,0.1,"Full-GMM",1.1,0.820621672743244,5.99146454710798,TRUE,"OK"
8,500,0.1,0.1,"Full-GMM",1.15,0.0701449404729398,5.99146454710798,TRUE,"OK"
8,500,0.1,0.1,"Full-GMM",1.2,0.0988744539173269,5.99146454710798,TRUE,"OK"
8,500,0.1,0.1,"Full-GMM",1.25,0.286601273387896,5.99146454710798,TRUE,"OK"
8,500,0.1,0.1,"Full-GMM",1.3,0.83359171532675,5.99146454710798,TRUE,"OK"
8,500,0.1,0.1,"Full-GMM",1.35,0.182797334762271,5.99146454710798,TRUE,"OK"
8,500,0.1,0.1,"Full-GMM",1.4,0.945063584305029,5.99146454710798,TRUE,"OK"
8,500,0.1,0.1,"Full-GMM",1.45,0.388554975234846,5.99146454710798,TRUE,"OK"
8,500,0.1,0.1,"Full-GMM",1.5,0.431886416755676,5.99146454710798,TRUE,"OK"
8,500,0.1,0.1,"Full-GMM",1.55,0.488826423078864,5.99146454710798,TRUE,"OK"
8,500,0.1,0.1,"Full-GMM",1.6,0.671699504241408,5.99146454710798,TRUE,"OK"
8,500,0.1,0.1,"Full-GMM",1.65,0.31777481107963,5.99146454710798,TRUE,"OK"
8,500,0.1,0.1,"Full-GMM",1.7,0.454299707256009,5.99146454710798,TRUE,"OK"
8,500,0.1,0.1,"Full-GMM",1.75,1.72413507782181,5.99146454710798,TRUE,"OK"
8,500,0.1,0.1,"Full-GMM",1.8,2.33304916163667,5.99146454710798,TRUE,"OK"
8,500,0.1,0.1,"Full-GMM",1.85,2.80362188497743,5.99146454710798,TRUE,"OK"
8,500,0.1,0.1,"Full-GMM",1.9,0.328140714277793,5.99146454710798,TRUE,"OK"
8,500,0.1,0.1,"Full-GMM",1.95,5.28240855909899,5.99146454710798,TRUE,"OK"
8,500,0.1,0.1,"Full-GMM",2,1.2462372693395,5.99146454710798,TRUE,"OK"
8,500,0.1,0.1,"Full-GMM",2.05,0.0517778890722209,5.99146454710798,TRUE,"OK"
8,500,0.1,0.1,"Full-GMM",2.1,3.61268097061554,5.99146454710798,TRUE,"OK"
8,500,0.1,0.1,"Full-GMM",2.15,1.80244187478154,5.99146454710798,TRUE,"OK"
8,500,0.1,0.1,"Full-GMM",2.2,0.0375012777093407,5.99146454710798,TRUE,"OK"
8,500,0.1,0.1,"Full-GMM",2.25,0.390391587942114,5.99146454710798,TRUE,"OK"
8,500,0.1,0.1,"Full-GMM",2.3,1.11378478476581,5.99146454710798,TRUE,"OK"
8,500,0.1,0.1,"Full-GMM",2.35,1.36845818984822,5.99146454710798,TRUE,"OK"
8,500,0.1,0.1,"Full-GMM",2.4,1.32966072131043,5.99146454710798,TRUE,"OK"
8,500,0.1,0.1,"Full-GMM",2.45,1.81082902881744,5.99146454710798,TRUE,"OK"
8,500,0.1,0.1,"Full-GMM",2.5,1.21546662412523,5.99146454710798,TRUE,"OK"
8,500,0.1,0.1,"Full-GMM",2.55,0.308367454618566,5.99146454710798,TRUE,"OK"
8,500,0.1,0.1,"Full-GMM",2.6,4.68526308973784,5.99146454710798,TRUE,"OK"
8,500,0.1,0.1,"Full-GMM",2.65,2.92328850148565,5.99146454710798,TRUE,"OK"
8,500,0.1,0.1,"Full-GMM",2.7,3.61190595657587,5.99146454710798,TRUE,"OK"
8,500,0.1,0.1,"Full-GMM",2.75,0.768658258054519,5.99146454710798,TRUE,"OK"
8,500,0.1,0.1,"Full-GMM",2.8,3.47191354371161,5.99146454710798,TRUE,"OK"
8,500,0.1,0.1,"Full-GMM",2.85,2.93174461815895,5.99146454710798,TRUE,"OK"
8,500,0.1,0.1,"Full-GMM",2.9,0.693154629225922,5.99146454710798,TRUE,"OK"
8,500,0.1,0.1,"Full-GMM",2.95,1.50852377329406,5.99146454710798,TRUE,"OK"
8,500,0.1,0.1,"Full-GMM",3,4.34444345177796,5.99146454710798,TRUE,"OK"
8,500,0.1,0.1,"DML-IVQR",-1,5.04792448598679,5.99146454710798,TRUE,"OK"
8,500,0.1,0.1,"DML-IVQR",-0.95,6.43963087180937,5.99146454710798,FALSE,"OK"
8,500,0.1,0.1,"DML-IVQR",-0.9,4.26522964909527,5.99146454710798,TRUE,"OK"
8,500,0.1,0.1,"DML-IVQR",-0.85,3.27859945593147,5.99146454710798,TRUE,"OK"
8,500,0.1,0.1,"DML-IVQR",-0.8,4.10585670075439,5.99146454710798,TRUE,"OK"
8,500,0.1,0.1,"DML-IVQR",-0.75,7.60501224107824,5.99146454710798,FALSE,"OK"
8,500,0.1,0.1,"DML-IVQR",-0.7,10.0546742408121,5.99146454710798,FALSE,"OK"
8,500,0.1,0.1,"DML-IVQR",-0.65,6.63691616268578,5.99146454710798,FALSE,"OK"
8,500,0.1,0.1,"DML-IVQR",-0.6,6.94810555211791,5.99146454710798,FALSE,"OK"
8,500,0.1,0.1,"DML-IVQR",-0.55,5.89160245360821,5.99146454710798,TRUE,"OK"
8,500,0.1,0.1,"DML-IVQR",-0.5,4.58227137161215,5.99146454710798,TRUE,"OK"
8,500,0.1,0.1,"DML-IVQR",-0.45,3.75990419861735,5.99146454710798,TRUE,"OK"
8,500,0.1,0.1,"DML-IVQR",-0.4,2.8360493365154,5.99146454710798,TRUE,"OK"
8,500,0.1,0.1,"DML-IVQR",-0.35,3.0059999803265,5.99146454710798,TRUE,"OK"
8,500,0.1,0.1,"DML-IVQR",-0.3,5.39861066483572,5.99146454710798,TRUE,"OK"
8,500,0.1,0.1,"DML-IVQR",-0.25,2.3138620361827,5.99146454710798,TRUE,"OK"
8,500,0.1,0.1,"DML-IVQR",-0.2,2.30997586998026,5.99146454710798,TRUE,"OK"
8,500,0.1,0.1,"DML-IVQR",-0.15,4.68715956779214,5.99146454710798,TRUE,"OK"
8,500,0.1,0.1,"DML-IVQR",-0.1,0.802566477482961,5.99146454710798,TRUE,"OK"
8,500,0.1,0.1,"DML-IVQR",-0.0499999999999999,5.40288586503013,5.99146454710798,TRUE,"OK"
8,500,0.1,0.1,"DML-IVQR",0,4.66460527303646,5.99146454710798,TRUE,"OK"
8,500,0.1,0.1,"DML-IVQR",0.05,4.21863542337478,5.99146454710798,TRUE,"OK"
8,500,0.1,0.1,"DML-IVQR",0.1,5.65489616982151,5.99146454710798,TRUE,"OK"
8,500,0.1,0.1,"DML-IVQR",0.15,5.63253510007776,5.99146454710798,TRUE,"OK"
8,500,0.1,0.1,"DML-IVQR",0.2,5.94768222568705,5.99146454710798,TRUE,"OK"
8,500,0.1,0.1,"DML-IVQR",0.25,6.39728235158509,5.99146454710798,FALSE,"OK"
8,500,0.1,0.1,"DML-IVQR",0.3,2.38472644510438,5.99146454710798,TRUE,"OK"
8,500,0.1,0.1,"DML-IVQR",0.35,3.18355331057457,5.99146454710798,TRUE,"OK"
8,500,0.1,0.1,"DML-IVQR",0.4,3.08620673570813,5.99146454710798,TRUE,"OK"
8,500,0.1,0.1,"DML-IVQR",0.45,2.30551351939755,5.99146454710798,TRUE,"OK"
8,500,0.1,0.1,"DML-IVQR",0.5,2.51931955549638,5.99146454710798,TRUE,"OK"
8,500,0.1,0.1,"DML-IVQR",0.55,0.882095856394884,5.99146454710798,TRUE,"OK"
8,500,0.1,0.1,"DML-IVQR",0.6,0.404507419935439,5.99146454710798,TRUE,"OK"
8,500,0.1,0.1,"DML-IVQR",0.65,0.588291532377501,5.99146454710798,TRUE,"OK"
8,500,0.1,0.1,"DML-IVQR",0.7,0.104487547591679,5.99146454710798,TRUE,"OK"
8,500,0.1,0.1,"DML-IVQR",0.75,0.27730641781747,5.99146454710798,TRUE,"OK"
8,500,0.1,0.1,"DML-IVQR",0.8,0.00844158357925706,5.99146454710798,TRUE,"OK"
8,500,0.1,0.1,"DML-IVQR",0.85,0.0139389293962072,5.99146454710798,TRUE,"OK"
8,500,0.1,0.1,"DML-IVQR",0.9,0.576781458389116,5.99146454710798,TRUE,"OK"
8,500,0.1,0.1,"DML-IVQR",0.95,0.0119880679529681,5.99146454710798,TRUE,"OK"
8,500,0.1,0.1,"DML-IVQR",1,0.00759544533689045,5.99146454710798,TRUE,"OK"
8,500,0.1,0.1,"DML-IVQR",1.05,0.321459327749142,5.99146454710798,TRUE,"OK"
8,500,0.1,0.1,"DML-IVQR",1.1,0.218995677573523,5.99146454710798,TRUE,"OK"
8,500,0.1,0.1,"DML-IVQR",1.15,0.150679687018124,5.99146454710798,TRUE,"OK"
8,500,0.1,0.1,"DML-IVQR",1.2,0.233533154875862,5.99146454710798,TRUE,"OK"
8,500,0.1,0.1,"DML-IVQR",1.25,0.132005963919955,5.99146454710798,TRUE,"OK"
8,500,0.1,0.1,"DML-IVQR",1.3,0.235432723003966,5.99146454710798,TRUE,"OK"
8,500,0.1,0.1,"DML-IVQR",1.35,0.579370582550949,5.99146454710798,TRUE,"OK"
8,500,0.1,0.1,"DML-IVQR",1.4,1.16263465253701,5.99146454710798,TRUE,"OK"
8,500,0.1,0.1,"DML-IVQR",1.45,0.960285772265232,5.99146454710798,TRUE,"OK"
8,500,0.1,0.1,"DML-IVQR",1.5,2.1398558584407,5.99146454710798,TRUE,"OK"
8,500,0.1,0.1,"DML-IVQR",1.55,0.745163620946101,5.99146454710798,TRUE,"OK"
8,500,0.1,0.1,"DML-IVQR",1.6,0.691859382832929,5.99146454710798,TRUE,"OK"
8,500,0.1,0.1,"DML-IVQR",1.65,0.785556830034308,5.99146454710798,TRUE,"OK"
8,500,0.1,0.1,"DML-IVQR",1.7,0.611726364017951,5.99146454710798,TRUE,"OK"
8,500,0.1,0.1,"DML-IVQR",1.75,0.609943843954979,5.99146454710798,TRUE,"OK"
8,500,0.1,0.1,"DML-IVQR",1.8,0.608477276038936,5.99146454710798,TRUE,"OK"
8,500,0.1,0.1,"DML-IVQR",1.85,0.738641960773624,5.99146454710798,TRUE,"OK"
8,500,0.1,0.1,"DML-IVQR",1.9,0.753134220534357,5.99146454710798,TRUE,"OK"
8,500,0.1,0.1,"DML-IVQR",1.95,1.18152119529603,5.99146454710798,TRUE,"OK"
8,500,0.1,0.1,"DML-IVQR",2,0.791436572472696,5.99146454710798,TRUE,"OK"
8,500,0.1,0.1,"DML-IVQR",2.05,1.35849953702867,5.99146454710798,TRUE,"OK"
8,500,0.1,0.1,"DML-IVQR",2.1,1.39604724730449,5.99146454710798,TRUE,"OK"
8,500,0.1,0.1,"DML-IVQR",2.15,1.14418988678477,5.99146454710798,TRUE,"OK"
8,500,0.1,0.1,"DML-IVQR",2.2,1.52836826096909,5.99146454710798,TRUE,"OK"
8,500,0.1,0.1,"DML-IVQR",2.25,1.79518523868913,5.99146454710798,TRUE,"OK"
8,500,0.1,0.1,"DML-IVQR",2.3,2.56123255957884,5.99146454710798,TRUE,"OK"
8,500,0.1,0.1,"DML-IVQR",2.35,1.97532046887151,5.99146454710798,TRUE,"OK"
8,500,0.1,0.1,"DML-IVQR",2.4,2.81473337158163,5.99146454710798,TRUE,"OK"
8,500,0.1,0.1,"DML-IVQR",2.45,2.97907890204164,5.99146454710798,TRUE,"OK"
8,500,0.1,0.1,"DML-IVQR",2.5,2.54056751224872,5.99146454710798,TRUE,"OK"
8,500,0.1,0.1,"DML-IVQR",2.55,2.85420417445005,5.99146454710798,TRUE,"OK"
8,500,0.1,0.1,"DML-IVQR",2.6,2.36082759393024,5.99146454710798,TRUE,"OK"
8,500,0.1,0.1,"DML-IVQR",2.65,1.58370224294685,5.99146454710798,TRUE,"OK"
8,500,0.1,0.1,"DML-IVQR",2.7,1.67645738297298,5.99146454710798,TRUE,"OK"
8,500,0.1,0.1,"DML-IVQR",2.75,1.66612535120095,5.99146454710798,TRUE,"OK"
8,500,0.1,0.1,"DML-IVQR",2.8,1.24841531524234,5.99146454710798,TRUE,"OK"
8,500,0.1,0.1,"DML-IVQR",2.85,1.23693352769523,5.99146454710798,TRUE,"OK"
8,500,0.1,0.1,"DML-IVQR",2.9,1.22432794446362,5.99146454710798,TRUE,"OK"
8,500,0.1,0.1,"DML-IVQR",2.95,0.705247906405668,5.99146454710798,TRUE,"OK"
8,500,0.1,0.1,"DML-IVQR",3,1.01151216919732,5.99146454710798,TRUE,"OK"
8,500,0.1,0.5,"Oracle-GMM",-1,0.707987826476395,5.99146454710798,TRUE,"OK"
8,500,0.1,0.5,"Oracle-GMM",-0.95,0.26753713305008,5.99146454710798,TRUE,"OK"
8,500,0.1,0.5,"Oracle-GMM",-0.9,0.595529770275452,5.99146454710798,TRUE,"OK"
8,500,0.1,0.5,"Oracle-GMM",-0.85,0.166485207141279,5.99146454710798,TRUE,"OK"
8,500,0.1,0.5,"Oracle-GMM",-0.8,0.349807331170523,5.99146454710798,TRUE,"OK"
8,500,0.1,0.5,"Oracle-GMM",-0.75,0.128004449646426,5.99146454710798,TRUE,"OK"
8,500,0.1,0.5,"Oracle-GMM",-0.7,0.103543970699996,5.99146454710798,TRUE,"OK"
8,500,0.1,0.5,"Oracle-GMM",-0.65,0.326415619626462,5.99146454710798,TRUE,"OK"
8,500,0.1,0.5,"Oracle-GMM",-0.6,0.361408272356142,5.99146454710798,TRUE,"OK"
8,500,0.1,0.5,"Oracle-GMM",-0.55,0.147077937731607,5.99146454710798,TRUE,"OK"
8,500,0.1,0.5,"Oracle-GMM",-0.5,0.282267038791128,5.99146454710798,TRUE,"OK"
8,500,0.1,0.5,"Oracle-GMM",-0.45,0.476528160447642,5.99146454710798,TRUE,"OK"
8,500,0.1,0.5,"Oracle-GMM",-0.4,0.23652932268847,5.99146454710798,TRUE,"OK"
8,500,0.1,0.5,"Oracle-GMM",-0.35,0.23564409836823,5.99146454710798,TRUE,"OK"
8,500,0.1,0.5,"Oracle-GMM",-0.3,0.0633305985195876,5.99146454710798,TRUE,"OK"
8,500,0.1,0.5,"Oracle-GMM",-0.25,0.0638851481805037,5.99146454710798,TRUE,"OK"
8,500,0.1,0.5,"Oracle-GMM",-0.2,0.0722870672209876,5.99146454710798,TRUE,"OK"
8,500,0.1,0.5,"Oracle-GMM",-0.15,0.0806306648057941,5.99146454710798,TRUE,"OK"
8,500,0.1,0.5,"Oracle-GMM",-0.1,0.117933138303928,5.99146454710798,TRUE,"OK"
8,500,0.1,0.5,"Oracle-GMM",-0.0499999999999999,0.283771044481566,5.99146454710798,TRUE,"OK"
8,500,0.1,0.5,"Oracle-GMM",0,0.0464646493165232,5.99146454710798,TRUE,"OK"
8,500,0.1,0.5,"Oracle-GMM",0.05,0.0146654386324041,5.99146454710798,TRUE,"OK"
8,500,0.1,0.5,"Oracle-GMM",0.1,0.0312785778339915,5.99146454710798,TRUE,"OK"
8,500,0.1,0.5,"Oracle-GMM",0.15,0.016405702408957,5.99146454710798,TRUE,"OK"
8,500,0.1,0.5,"Oracle-GMM",0.2,0.00608077350850186,5.99146454710798,TRUE,"OK"
8,500,0.1,0.5,"Oracle-GMM",0.25,0.091474217493564,5.99146454710798,TRUE,"OK"
8,500,0.1,0.5,"Oracle-GMM",0.3,0.0643979787035712,5.99146454710798,TRUE,"OK"
8,500,0.1,0.5,"Oracle-GMM",0.35,0.00344204837078601,5.99146454710798,TRUE,"OK"
8,500,0.1,0.5,"Oracle-GMM",0.4,0.0296399710206277,5.99146454710798,TRUE,"OK"
8,500,0.1,0.5,"Oracle-GMM",0.45,0.339084953414415,5.99146454710798,TRUE,"OK"
8,500,0.1,0.5,"Oracle-GMM",0.5,0.297404512265805,5.99146454710798,TRUE,"OK"
8,500,0.1,0.5,"Oracle-GMM",0.55,0.10293671626372,5.99146454710798,TRUE,"OK"
8,500,0.1,0.5,"Oracle-GMM",0.6,0.367573682853771,5.99146454710798,TRUE,"OK"
8,500,0.1,0.5,"Oracle-GMM",0.65,1.07993244681908,5.99146454710798,TRUE,"OK"
8,500,0.1,0.5,"Oracle-GMM",0.7,0.652175240339215,5.99146454710798,TRUE,"OK"
8,500,0.1,0.5,"Oracle-GMM",0.75,0.272929742004047,5.99146454710798,TRUE,"OK"
8,500,0.1,0.5,"Oracle-GMM",0.8,0.101831712913602,5.99146454710798,TRUE,"OK"
8,500,0.1,0.5,"Oracle-GMM",0.85,0.275771339347029,5.99146454710798,TRUE,"OK"
8,500,0.1,0.5,"Oracle-GMM",0.9,0.553037527929604,5.99146454710798,TRUE,"OK"
8,500,0.1,0.5,"Oracle-GMM",0.95,0.406915608257834,5.99146454710798,TRUE,"OK"
8,500,0.1,0.5,"Oracle-GMM",1,0.561753564832514,5.99146454710798,TRUE,"OK"
8,500,0.1,0.5,"Oracle-GMM",1.05,1.70768738103989,5.99146454710798,TRUE,"OK"
8,500,0.1,0.5,"Oracle-GMM",1.1,1.58585788977572,5.99146454710798,TRUE,"OK"
8,500,0.1,0.5,"Oracle-GMM",1.15,1.06360104171972,5.99146454710798,TRUE,"OK"
8,500,0.1,0.5,"Oracle-GMM",1.2,0.866803109462585,5.99146454710798,TRUE,"OK"
8,500,0.1,0.5,"Oracle-GMM",1.25,1.32750733006868,5.99146454710798,TRUE,"OK"
8,500,0.1,0.5,"Oracle-GMM",1.3,1.91989181260412,5.99146454710798,TRUE,"OK"
8,500,0.1,0.5,"Oracle-GMM",1.35,1.27138789203286,5.99146454710798,TRUE,"OK"
8,500,0.1,0.5,"Oracle-GMM",1.4,1.24817663065947,5.99146454710798,TRUE,"OK"
8,500,0.1,0.5,"Oracle-GMM",1.45,1.49171693857519,5.99146454710798,TRUE,"OK"
8,500,0.1,0.5,"Oracle-GMM",1.5,2.2527158100853,5.99146454710798,TRUE,"OK"
8,500,0.1,0.5,"Oracle-GMM",1.55,1.16307879321077,5.99146454710798,TRUE,"OK"
8,500,0.1,0.5,"Oracle-GMM",1.6,1.19093976888204,5.99146454710798,TRUE,"OK"
8,500,0.1,0.5,"Oracle-GMM",1.65,1.78371745601038,5.99146454710798,TRUE,"OK"
8,500,0.1,0.5,"Oracle-GMM",1.7,1.41486679493714,5.99146454710798,TRUE,"OK"
8,500,0.1,0.5,"Oracle-GMM",1.75,1.38933990865219,5.99146454710798,TRUE,"OK"
8,500,0.1,0.5,"Oracle-GMM",1.8,1.76039359753113,5.99146454710798,TRUE,"OK"
8,500,0.1,0.5,"Oracle-GMM",1.85,1.97487734756174,5.99146454710798,TRUE,"OK"
8,500,0.1,0.5,"Oracle-GMM",1.9,0.626764508947218,5.99146454710798,TRUE,"OK"
8,500,0.1,0.5,"Oracle-GMM",1.95,0.552911868660235,5.99146454710798,TRUE,"OK"
8,500,0.1,0.5,"Oracle-GMM",2,0.879920194781408,5.99146454710798,TRUE,"OK"
8,500,0.1,0.5,"Oracle-GMM",2.05,0.0881312243556624,5.99146454710798,TRUE,"OK"
8,500,0.1,0.5,"Oracle-GMM",2.1,0.0521643506610828,5.99146454710798,TRUE,"OK"
8,500,0.1,0.5,"Oracle-GMM",2.15,0.0648795627818937,5.99146454710798,TRUE,"OK"
8,500,0.1,0.5,"Oracle-GMM",2.2,0.482703829722524,5.99146454710798,TRUE,"OK"
8,500,0.1,0.5,"Oracle-GMM",2.25,0.130262073556885,5.99146454710798,TRUE,"OK"
8,500,0.1,0.5,"Oracle-GMM",2.3,0.112810479039796,5.99146454710798,TRUE,"OK"
8,500,0.1,0.5,"Oracle-GMM",2.35,0.0950914814932578,5.99146454710798,TRUE,"OK"
8,500,0.1,0.5,"Oracle-GMM",2.4,0.031242744719358,5.99146454710798,TRUE,"OK"
8,500,0.1,0.5,"Oracle-GMM",2.45,0.182262595247914,5.99146454710798,TRUE,"OK"
8,500,0.1,0.5,"Oracle-GMM",2.5,0.0945031443335766,5.99146454710798,TRUE,"OK"
8,500,0.1,0.5,"Oracle-GMM",2.55,0.109019111693788,5.99146454710798,TRUE,"OK"
8,500,0.1,0.5,"Oracle-GMM",2.6,0.454616953100109,5.99146454710798,TRUE,"OK"
8,500,0.1,0.5,"Oracle-GMM",2.65,0.51396869510357,5.99146454710798,TRUE,"OK"
8,500,0.1,0.5,"Oracle-GMM",2.7,0.596078749330592,5.99146454710798,TRUE,"OK"
8,500,0.1,0.5,"Oracle-GMM",2.75,0.251609455617749,5.99146454710798,TRUE,"OK"
8,500,0.1,0.5,"Oracle-GMM",2.8,0.0388745192814,5.99146454710798,TRUE,"OK"
8,500,0.1,0.5,"Oracle-GMM",2.85,0.17533870018226,5.99146454710798,TRUE,"OK"
8,500,0.1,0.5,"Oracle-GMM",2.9,0.310875856910633,5.99146454710798,TRUE,"OK"
8,500,0.1,0.5,"Oracle-GMM",2.95,0.143134484451387,5.99146454710798,TRUE,"OK"
8,500,0.1,0.5,"Oracle-GMM",3,0.223679085110633,5.99146454710798,TRUE,"OK"
8,500,0.1,0.5,"Full-GMM",-1,0.638332635917769,5.99146454710798,TRUE,"OK"
8,500,0.1,0.5,"Full-GMM",-0.95,0.51113045298435,5.99146454710798,TRUE,"OK"
8,500,0.1,0.5,"Full-GMM",-0.9,0.681026477912698,5.99146454710798,TRUE,"OK"
8,500,0.1,0.5,"Full-GMM",-0.85,1.64091423246405,5.99146454710798,TRUE,"OK"
8,500,0.1,0.5,"Full-GMM",-0.8,0.732616091770919,5.99146454710798,TRUE,"OK"
8,500,0.1,0.5,"Full-GMM",-0.75,0.764590332325119,5.99146454710798,TRUE,"OK"
8,500,0.1,0.5,"Full-GMM",-0.7,0.611588464395224,5.99146454710798,TRUE,"OK"
8,500,0.1,0.5,"Full-GMM",-0.65,1.00071840422764,5.99146454710798,TRUE,"OK"
8,500,0.1,0.5,"Full-GMM",-0.6,0.721909654810728,5.99146454710798,TRUE,"OK"
8,500,0.1,0.5,"Full-GMM",-0.55,0.162892752575032,5.99146454710798,TRUE,"OK"
8,500,0.1,0.5,"Full-GMM",-0.5,1.08157661017041,5.99146454710798,TRUE,"OK"
8,500,0.1,0.5,"Full-GMM",-0.45,0.789320911584496,5.99146454710798,TRUE,"OK"
8,500,0.1,0.5,"Full-GMM",-0.4,1.16122426728935,5.99146454710798,TRUE,"OK"
8,500,0.1,0.5,"Full-GMM",-0.35,0.478507535762453,5.99146454710798,TRUE,"OK"
8,500,0.1,0.5,"Full-GMM",-0.3,0.523493779472818,5.99146454710798,TRUE,"OK"
8,500,0.1,0.5,"Full-GMM",-0.25,0.124877642286957,5.99146454710798,TRUE,"OK"
8,500,0.1,0.5,"Full-GMM",-0.2,0.60836561872742,5.99146454710798,TRUE,"OK"
8,500,0.1,0.5,"Full-GMM",-0.15,1.5224501230436,5.99146454710798,TRUE,"OK"
8,500,0.1,0.5,"Full-GMM",-0.1,1.74010431270188,5.99146454710798,TRUE,"OK"
8,500,0.1,0.5,"Full-GMM",-0.0499999999999999,3.08484416361069,5.99146454710798,TRUE,"OK"
8,500,0.1,0.5,"Full-GMM",0,1.38828744036249,5.99146454710798,TRUE,"OK"
8,500,0.1,0.5,"Full-GMM",0.05,0.778348610516072,5.99146454710798,TRUE,"OK"
8,500,0.1,0.5,"Full-GMM",0.1,1.64728331582651,5.99146454710798,TRUE,"OK"
8,500,0.1,0.5,"Full-GMM",0.15,2.28032331639592,5.99146454710798,TRUE,"OK"
8,500,0.1,0.5,"Full-GMM",0.2,1.45177312252745,5.99146454710798,TRUE,"OK"
8,500,0.1,0.5,"Full-GMM",0.25,2.00812351030475,5.99146454710798,TRUE,"OK"
8,500,0.1,0.5,"Full-GMM",0.3,3.34461301952286,5.99146454710798,TRUE,"OK"
8,500,0.1,0.5,"Full-GMM",0.35,2.06598609691542,5.99146454710798,TRUE,"OK"
8,500,0.1,0.5,"Full-GMM",0.4,2.85851028989971,5.99146454710798,TRUE,"OK"
8,500,0.1,0.5,"Full-GMM",0.45,4.53248125226837,5.99146454710798,TRUE,"OK"
8,500,0.1,0.5,"Full-GMM",0.5,2.22031849711331,5.99146454710798,TRUE,"OK"
8,500,0.1,0.5,"Full-GMM",0.55,3.01115915166177,5.99146454710798,TRUE,"OK"
8,500,0.1,0.5,"Full-GMM",0.6,1.73499078288633,5.99146454710798,TRUE,"OK"
8,500,0.1,0.5,"Full-GMM",0.65,1.56312825636936,5.99146454710798,TRUE,"OK"
8,500,0.1,0.5,"Full-GMM",0.7,5.02612909952827,5.99146454710798,TRUE,"OK"
8,500,0.1,0.5,"Full-GMM",0.75,2.89235054803999,5.99146454710798,TRUE,"OK"
8,500,0.1,0.5,"Full-GMM",0.8,3.61415689660314,5.99146454710798,TRUE,"OK"
8,500,0.1,0.5,"Full-GMM",0.85,1.98641378772731,5.99146454710798,TRUE,"OK"
8,500,0.1,0.5,"Full-GMM",0.9,4.15531967214608,5.99146454710798,TRUE,"OK"
8,500,0.1,0.5,"Full-GMM",0.95,4.13424677897356,5.99146454710798,TRUE,"OK"
8,500,0.1,0.5,"Full-GMM",1,4.64621141219483,5.99146454710798,TRUE,"OK"
8,500,0.1,0.5,"Full-GMM",1.05,6.7643301731163,5.99146454710798,FALSE,"OK"
8,500,0.1,0.5,"Full-GMM",1.1,2.16686355554893,5.99146454710798,TRUE,"OK"
8,500,0.1,0.5,"Full-GMM",1.15,1.98023122391925,5.99146454710798,TRUE,"OK"
8,500,0.1,0.5,"Full-GMM",1.2,2.15577830883742,5.99146454710798,TRUE,"OK"
8,500,0.1,0.5,"Full-GMM",1.25,3.73251648459777,5.99146454710798,TRUE,"OK"
8,500,0.1,0.5,"Full-GMM",1.3,0.675029989559476,5.99146454710798,TRUE,"OK"
8,500,0.1,0.5,"Full-GMM",1.35,0.616401445979835,5.99146454710798,TRUE,"OK"
8,500,0.1,0.5,"Full-GMM",1.4,2.06345307378376,5.99146454710798,TRUE,"OK"
8,500,0.1,0.5,"Full-GMM",1.45,0.466244851327906,5.99146454710798,TRUE,"OK"
8,500,0.1,0.5,"Full-GMM",1.5,0.354061853976343,5.99146454710798,TRUE,"OK"
8,500,0.1,0.5,"Full-GMM",1.55,0.472194586655983,5.99146454710798,TRUE,"OK"
8,500,0.1,0.5,"Full-GMM",1.6,0.0651381634081026,5.99146454710798,TRUE,"OK"
8,500,0.1,0.5,"Full-GMM",1.65,0.301256300953215,5.99146454710798,TRUE,"OK"
8,500,0.1,0.5,"Full-GMM",1.7,1.50470490921768,5.99146454710798,TRUE,"OK"
8,500,0.1,0.5,"Full-GMM",1.75,1.2868913250147,5.99146454710798,TRUE,"OK"
8,500,0.1,0.5,"Full-GMM",1.8,0.213755246573654,5.99146454710798,TRUE,"OK"
8,500,0.1,0.5,"Full-GMM",1.85,0.278858142706135,5.99146454710798,TRUE,"OK"
8,500,0.1,0.5,"Full-GMM",1.9,2.30023256158252,5.99146454710798,TRUE,"OK"
8,500,0.1,0.5,"Full-GMM",1.95,3.21882236777774,5.99146454710798,TRUE,"OK"
8,500,0.1,0.5,"Full-GMM",2,0.98358272787879,5.99146454710798,TRUE,"OK"
8,500,0.1,0.5,"Full-GMM",2.05,1.6694455538506,5.99146454710798,TRUE,"OK"
8,500,0.1,0.5,"Full-GMM",2.1,0.769626120083546,5.99146454710798,TRUE,"OK"
8,500,0.1,0.5,"Full-GMM",2.15,2.47271739138854,5.99146454710798,TRUE,"OK"
8,500,0.1,0.5,"Full-GMM",2.2,2.95970775052094,5.99146454710798,TRUE,"OK"
8,500,0.1,0.5,"Full-GMM",2.25,1.62983354101016,5.99146454710798,TRUE,"OK"
8,500,0.1,0.5,"Full-GMM",2.3,1.52787106756664,5.99146454710798,TRUE,"OK"
8,500,0.1,0.5,"Full-GMM",2.35,1.93977304392428,5.99146454710798,TRUE,"OK"
8,500,0.1,0.5,"Full-GMM",2.4,2.19607762830872,5.99146454710798,TRUE,"OK"
8,500,0.1,0.5,"Full-GMM",2.45,2.73557508242257,5.99146454710798,TRUE,"OK"
8,500,0.1,0.5,"Full-GMM",2.5,2.83195328871407,5.99146454710798,TRUE,"OK"
8,500,0.1,0.5,"Full-GMM",2.55,1.67972149604068,5.99146454710798,TRUE,"OK"
8,500,0.1,0.5,"Full-GMM",2.6,2.60236240717538,5.99146454710798,TRUE,"OK"
8,500,0.1,0.5,"Full-GMM",2.65,4.19223181159751,5.99146454710798,TRUE,"OK"
8,500,0.1,0.5,"Full-GMM",2.7,1.38006068657724,5.99146454710798,TRUE,"OK"
8,500,0.1,0.5,"Full-GMM",2.75,1.98802992782179,5.99146454710798,TRUE,"OK"
8,500,0.1,0.5,"Full-GMM",2.8,2.07736319479924,5.99146454710798,TRUE,"OK"
8,500,0.1,0.5,"Full-GMM",2.85,3.48136026129511,5.99146454710798,TRUE,"OK"
8,500,0.1,0.5,"Full-GMM",2.9,3.04430079261894,5.99146454710798,TRUE,"OK"
8,500,0.1,0.5,"Full-GMM",2.95,4.86615192942958,5.99146454710798,TRUE,"OK"
8,500,0.1,0.5,"Full-GMM",3,4.57754411802063,5.99146454710798,TRUE,"OK"
8,500,0.1,0.5,"DML-IVQR",-1,1.70762452204408,5.99146454710798,TRUE,"OK"
8,500,0.1,0.5,"DML-IVQR",-0.95,1.74154709117173,5.99146454710798,TRUE,"OK"
8,500,0.1,0.5,"DML-IVQR",-0.9,1.57392944391947,5.99146454710798,TRUE,"OK"
8,500,0.1,0.5,"DML-IVQR",-0.85,2.21468984745895,5.99146454710798,TRUE,"OK"
8,500,0.1,0.5,"DML-IVQR",-0.8,2.61919816783842,5.99146454710798,TRUE,"OK"
8,500,0.1,0.5,"DML-IVQR",-0.75,2.06469332085542,5.99146454710798,TRUE,"OK"
8,500,0.1,0.5,"DML-IVQR",-0.7,1.70043997363201,5.99146454710798,TRUE,"OK"
8,500,0.1,0.5,"DML-IVQR",-0.65,1.77543198644496,5.99146454710798,TRUE,"OK"
8,500,0.1,0.5,"DML-IVQR",-0.6,1.53599061225249,5.99146454710798,TRUE,"OK"
8,500,0.1,0.5,"DML-IVQR",-0.55,1.24691020096972,5.99146454710798,TRUE,"OK"
8,500,0.1,0.5,"DML-IVQR",-0.5,1.00129066487769,5.99146454710798,TRUE,"OK"
8,500,0.1,0.5,"DML-IVQR",-0.45,1.12626207965212,5.99146454710798,TRUE,"OK"
8,500,0.1,0.5,"DML-IVQR",-0.4,1.0229452762421,5.99146454710798,TRUE,"OK"
8,500,0.1,0.5,"DML-IVQR",-0.35,0.69962215216443,5.99146454710798,TRUE,"OK"
8,500,0.1,0.5,"DML-IVQR",-0.3,1.1304725071437,5.99146454710798,TRUE,"OK"
8,500,0.1,0.5,"DML-IVQR",-0.25,0.901155177299159,5.99146454710798,TRUE,"OK"
8,500,0.1,0.5,"DML-IVQR",-0.2,1.43998168885731,5.99146454710798,TRUE,"OK"
8,500,0.1,0.5,"DML-IVQR",-0.15,1.60167610915476,5.99146454710798,TRUE,"OK"
8,500,0.1,0.5,"DML-IVQR",-0.1,0.737753360812144,5.99146454710798,TRUE,"OK"
8,500,0.1,0.5,"DML-IVQR",-0.0499999999999999,0.544527048796702,5.99146454710798,TRUE,"OK"
8,500,0.1,0.5,"DML-IVQR",0,0.35319897599791,5.99146454710798,TRUE,"OK"
8,500,0.1,0.5,"DML-IVQR",0.05,0.601853676861474,5.99146454710798,TRUE,"OK"
8,500,0.1,0.5,"DML-IVQR",0.1,0.875416597172404,5.99146454710798,TRUE,"OK"
8,500,0.1,0.5,"DML-IVQR",0.15,1.23845134493299,5.99146454710798,TRUE,"OK"
8,500,0.1,0.5,"DML-IVQR",0.2,1.23836003459992,5.99146454710798,TRUE,"OK"
8,500,0.1,0.5,"DML-IVQR",0.25,0.808288307571143,5.99146454710798,TRUE,"OK"
8,500,0.1,0.5,"DML-IVQR",0.3,1.5298009405799,5.99146454710798,TRUE,"OK"
8,500,0.1,0.5,"DML-IVQR",0.35,6.2100499608379,5.99146454710798,FALSE,"OK"
8,500,0.1,0.5,"DML-IVQR",0.4,5.6570504667653,5.99146454710798,TRUE,"OK"
8,500,0.1,0.5,"DML-IVQR",0.45,5.27535549207483,5.99146454710798,TRUE,"OK"
8,500,0.1,0.5,"DML-IVQR",0.5,2.25580632333096,5.99146454710798,TRUE,"OK"
8,500,0.1,0.5,"DML-IVQR",0.55,1.20014720679026,5.99146454710798,TRUE,"OK"
8,500,0.1,0.5,"DML-IVQR",0.6,1.87032188542897,5.99146454710798,TRUE,"OK"
8,500,0.1,0.5,"DML-IVQR",0.65,1.97821304893413,5.99146454710798,TRUE,"OK"
8,500,0.1,0.5,"DML-IVQR",0.7,1.80777580693499,5.99146454710798,TRUE,"OK"
8,500,0.1,0.5,"DML-IVQR",0.75,2.91608340887551,5.99146454710798,TRUE,"OK"
8,500,0.1,0.5,"DML-IVQR",0.8,1.650849930581,5.99146454710798,TRUE,"OK"
8,500,0.1,0.5,"DML-IVQR",0.85,0.447091267176838,5.99146454710798,TRUE,"OK"
8,500,0.1,0.5,"DML-IVQR",0.9,0.763041665975791,5.99146454710798,TRUE,"OK"
8,500,0.1,0.5,"DML-IVQR",0.95,2.13366026650162,5.99146454710798,TRUE,"OK"
8,500,0.1,0.5,"DML-IVQR",1,1.50498109894558,5.99146454710798,TRUE,"OK"
8,500,0.1,0.5,"DML-IVQR",1.05,1.46531858872974,5.99146454710798,TRUE,"OK"
8,500,0.1,0.5,"DML-IVQR",1.1,1.31743094209608,5.99146454710798,TRUE,"OK"
8,500,0.1,0.5,"DML-IVQR",1.15,2.13896551817021,5.99146454710798,TRUE,"OK"
8,500,0.1,0.5,"DML-IVQR",1.2,2.44098489930065,5.99146454710798,TRUE,"OK"
8,500,0.1,0.5,"DML-IVQR",1.25,2.36098761056652,5.99146454710798,TRUE,"OK"
8,500,0.1,0.5,"DML-IVQR",1.3,3.73550344005706,5.99146454710798,TRUE,"OK"
8,500,0.1,0.5,"DML-IVQR",1.35,3.17070121109376,5.99146454710798,TRUE,"OK"
8,500,0.1,0.5,"DML-IVQR",1.4,2.38715556034051,5.99146454710798,TRUE,"OK"
8,500,0.1,0.5,"DML-IVQR",1.45,1.78276821290602,5.99146454710798,TRUE,"OK"
8,500,0.1,0.5,"DML-IVQR",1.5,1.33818770954254,5.99146454710798,TRUE,"OK"
8,500,0.1,0.5,"DML-IVQR",1.55,2.38515662588994,5.99146454710798,TRUE,"OK"
8,500,0.1,0.5,"DML-IVQR",1.6,2.70577994844671,5.99146454710798,TRUE,"OK"
8,500,0.1,0.5,"DML-IVQR",1.65,2.83479122648831,5.99146454710798,TRUE,"OK"
8,500,0.1,0.5,"DML-IVQR",1.7,3.05597757322987,5.99146454710798,TRUE,"OK"
8,500,0.1,0.5,"DML-IVQR",1.75,2.54812960231089,5.99146454710798,TRUE,"OK"
8,500,0.1,0.5,"DML-IVQR",1.8,1.88598230025375,5.99146454710798,TRUE,"OK"
8,500,0.1,0.5,"DML-IVQR",1.85,2.04733927669725,5.99146454710798,TRUE,"OK"
8,500,0.1,0.5,"DML-IVQR",1.9,2.2660464091663,5.99146454710798,TRUE,"OK"
8,500,0.1,0.5,"DML-IVQR",1.95,0.819693025676231,5.99146454710798,TRUE,"OK"
8,500,0.1,0.5,"DML-IVQR",2,0.679287773116725,5.99146454710798,TRUE,"OK"
8,500,0.1,0.5,"DML-IVQR",2.05,0.724935533688671,5.99146454710798,TRUE,"OK"
8,500,0.1,0.5,"DML-IVQR",2.1,0.656820362111335,5.99146454710798,TRUE,"OK"
8,500,0.1,0.5,"DML-IVQR",2.15,0.863557288682307,5.99146454710798,TRUE,"OK"
8,500,0.1,0.5,"DML-IVQR",2.2,0.773830252207005,5.99146454710798,TRUE,"OK"
8,500,0.1,0.5,"DML-IVQR",2.25,1.0427437984925,5.99146454710798,TRUE,"OK"
8,500,0.1,0.5,"DML-IVQR",2.3,0.698785796911959,5.99146454710798,TRUE,"OK"
8,500,0.1,0.5,"DML-IVQR",2.35,0.744325763279067,5.99146454710798,TRUE,"OK"
8,500,0.1,0.5,"DML-IVQR",2.4,0.786363644732038,5.99146454710798,TRUE,"OK"
8,500,0.1,0.5,"DML-IVQR",2.45,0.715119262403392,5.99146454710798,TRUE,"OK"
8,500,0.1,0.5,"DML-IVQR",2.5,0.896521243652695,5.99146454710798,TRUE,"OK"
8,500,0.1,0.5,"DML-IVQR",2.55,0.857255609923694,5.99146454710798,TRUE,"OK"
8,500,0.1,0.5,"DML-IVQR",2.6,1.51526012003936,5.99146454710798,TRUE,"OK"
8,500,0.1,0.5,"DML-IVQR",2.65,0.635221748749496,5.99146454710798,TRUE,"OK"
8,500,0.1,0.5,"DML-IVQR",2.7,0.919517322737639,5.99146454710798,TRUE,"OK"
8,500,0.1,0.5,"DML-IVQR",2.75,1.23386738220183,5.99146454710798,TRUE,"OK"
8,500,0.1,0.5,"DML-IVQR",2.8,1.49000414038129,5.99146454710798,TRUE,"OK"
8,500,0.1,0.5,"DML-IVQR",2.85,0.893233202513675,5.99146454710798,TRUE,"OK"
8,500,0.1,0.5,"DML-IVQR",2.9,1.83174866460413,5.99146454710798,TRUE,"OK"
8,500,0.1,0.5,"DML-IVQR",2.95,1.58645150376965,5.99146454710798,TRUE,"OK"
8,500,0.1,0.5,"DML-IVQR",3,1.9876577284051,5.99146454710798,TRUE,"OK"
8,500,0.1,0.9,"Oracle-GMM",-1,2.48813138499215,5.99146454710798,TRUE,"OK"
8,500,0.1,0.9,"Oracle-GMM",-0.95,2.2778990089368,5.99146454710798,TRUE,"OK"
8,500,0.1,0.9,"Oracle-GMM",-0.9,1.50630132478309,5.99146454710798,TRUE,"OK"
8,500,0.1,0.9,"Oracle-GMM",-0.85,1.79605040402932,5.99146454710798,TRUE,"OK"
8,500,0.1,0.9,"Oracle-GMM",-0.8,1.70986957097437,5.99146454710798,TRUE,"OK"
8,500,0.1,0.9,"Oracle-GMM",-0.75,1.50354657094176,5.99146454710798,TRUE,"OK"
8,500,0.1,0.9,"Oracle-GMM",-0.7,1.83593132263784,5.99146454710798,TRUE,"OK"
8,500,0.1,0.9,"Oracle-GMM",-0.65,2.64452140479991,5.99146454710798,TRUE,"OK"
8,500,0.1,0.9,"Oracle-GMM",-0.6,2.66970792124633,5.99146454710798,TRUE,"OK"
8,500,0.1,0.9,"Oracle-GMM",-0.55,1.3456462854945,5.99146454710798,TRUE,"OK"
8,500,0.1,0.9,"Oracle-GMM",-0.5,4.32825804562704,5.99146454710798,TRUE,"OK"
8,500,0.1,0.9,"Oracle-GMM",-0.45,3.98165141461979,5.99146454710798,TRUE,"OK"
8,500,0.1,0.9,"Oracle-GMM",-0.4,2.87167949960882,5.99146454710798,TRUE,"OK"
8,500,0.1,0.9,"Oracle-GMM",-0.35,3.11928285694599,5.99146454710798,TRUE,"OK"
8,500,0.1,0.9,"Oracle-GMM",-0.3,1.88132949976743,5.99146454710798,TRUE,"OK"
8,500,0.1,0.9,"Oracle-GMM",-0.25,1.7352467876465,5.99146454710798,TRUE,"OK"
8,500,0.1,0.9,"Oracle-GMM",-0.2,4.78956097858514,5.99146454710798,TRUE,"OK"
8,500,0.1,0.9,"Oracle-GMM",-0.15,2.67173937647056,5.99146454710798,TRUE,"OK"
8,500,0.1,0.9,"Oracle-GMM",-0.1,1.73228998186236,5.99146454710798,TRUE,"OK"
8,500,0.1,0.9,"Oracle-GMM",-0.0499999999999999,1.07644094597719,5.99146454710798,TRUE,"OK"
8,500,0.1,0.9,"Oracle-GMM",0,1.32389393705479,5.99146454710798,TRUE,"OK"
8,500,0.1,0.9,"Oracle-GMM",0.05,0.99460345133654,5.99146454710798,TRUE,"OK"
8,500,0.1,0.9,"Oracle-GMM",0.1,2.40010041780029,5.99146454710798,TRUE,"OK"
8,500,0.1,0.9,"Oracle-GMM",0.15,5.07908026841547,5.99146454710798,TRUE,"OK"
8,500,0.1,0.9,"Oracle-GMM",0.2,0.810582994606016,5.99146454710798,TRUE,"OK"
8,500,0.1,0.9,"Oracle-GMM",0.25,0.720473617209569,5.99146454710798,TRUE,"OK"
8,500,0.1,0.9,"Oracle-GMM",0.3,5.20560259512783,5.99146454710798,TRUE,"OK"
8,500,0.1,0.9,"Oracle-GMM",0.35,6.56038132869175,5.99146454710798,FALSE,"OK"
8,500,0.1,0.9,"Oracle-GMM",0.4,2.86543384406214,5.99146454710798,TRUE,"OK"
8,500,0.1,0.9,"Oracle-GMM",0.45,1.15140981525309,5.99146454710798,TRUE,"OK"
8,500,0.1,0.9,"Oracle-GMM",0.5,2.74823997082936,5.99146454710798,TRUE,"OK"
8,500,0.1,0.9,"Oracle-GMM",0.55,3.43031337190519,5.99146454710798,TRUE,"OK"
8,500,0.1,0.9,"Oracle-GMM",0.6,0.874534256832177,5.99146454710798,TRUE,"OK"
8,500,0.1,0.9,"Oracle-GMM",0.65,1.57891529899593,5.99146454710798,TRUE,"OK"
8,500,0.1,0.9,"Oracle-GMM",0.7,2.78400789652871,5.99146454710798,TRUE,"OK"
8,500,0.1,0.9,"Oracle-GMM",0.75,2.23758184128521,5.99146454710798,TRUE,"OK"
8,500,0.1,0.9,"Oracle-GMM",0.8,3.54981110086762,5.99146454710798,TRUE,"OK"
8,500,0.1,0.9,"Oracle-GMM",0.85,2.37610690216598,5.99146454710798,TRUE,"OK"
8,500,0.1,0.9,"Oracle-GMM",0.9,3.36784700430817,5.99146454710798,TRUE,"OK"
8,500,0.1,0.9,"Oracle-GMM",0.95,2.1870907165024,5.99146454710798,TRUE,"OK"
8,500,0.1,0.9,"Oracle-GMM",1,2.81023412606456,5.99146454710798,TRUE,"OK"
8,500,0.1,0.9,"Oracle-GMM",1.05,0.885301096466347,5.99146454710798,TRUE,"OK"
8,500,0.1,0.9,"Oracle-GMM",1.1,0.446048980349589,5.99146454710798,TRUE,"OK"
8,500,0.1,0.9,"Oracle-GMM",1.15,0.893266292760808,5.99146454710798,TRUE,"OK"
8,500,0.1,0.9,"Oracle-GMM",1.2,0.892415688525501,5.99146454710798,TRUE,"OK"
8,500,0.1,0.9,"Oracle-GMM",1.25,0.589981334568201,5.99146454710798,TRUE,"OK"
8,500,0.1,0.9,"Oracle-GMM",1.3,1.74752801403195,5.99146454710798,TRUE,"OK"
8,500,0.1,0.9,"Oracle-GMM",1.35,1.7681114953814,5.99146454710798,TRUE,"OK"
8,500,0.1,0.9,"Oracle-GMM",1.4,2.1415985863607,5.99146454710798,TRUE,"OK"
8,500,0.1,0.9,"Oracle-GMM",1.45,0.064830022921229,5.99146454710798,TRUE,"OK"
8,500,0.1,0.9,"Oracle-GMM",1.5,0.238171661701161,5.99146454710798,TRUE,"OK"
8,500,0.1,0.9,"Oracle-GMM",1.55,0.676436297083222,5.99146454710798,TRUE,"OK"
8,500,0.1,0.9,"Oracle-GMM",1.6,0.247855269070881,5.99146454710798,TRUE,"OK"
8,500,0.1,0.9,"Oracle-GMM",1.65,0.927006105766191,5.99146454710798,TRUE,"OK"
8,500,0.1,0.9,"Oracle-GMM",1.7,0.300031743046639,5.99146454710798,TRUE,"OK"
8,500,0.1,0.9,"Oracle-GMM",1.75,0.415213300673463,5.99146454710798,TRUE,"OK"
8,500,0.1,0.9,"Oracle-GMM",1.8,0.675138636709328,5.99146454710798,TRUE,"OK"
8,500,0.1,0.9,"Oracle-GMM",1.85,1.32497959350344,5.99146454710798,TRUE,"OK"
8,500,0.1,0.9,"Oracle-GMM",1.9,1.24836516505471,5.99146454710798,TRUE,"OK"
8,500,0.1,0.9,"Oracle-GMM",1.95,2.34386192738559,5.99146454710798,TRUE,"OK"
8,500,0.1,0.9,"Oracle-GMM",2,0.725166532409533,5.99146454710798,TRUE,"OK"
8,500,0.1,0.9,"Oracle-GMM",2.05,0.56087022053133,5.99146454710798,TRUE,"OK"
8,500,0.1,0.9,"Oracle-GMM",2.1,1.30117314593571,5.99146454710798,TRUE,"OK"
8,500,0.1,0.9,"Oracle-GMM",2.15,1.57799117259565,5.99146454710798,TRUE,"OK"
8,500,0.1,0.9,"Oracle-GMM",2.2,1.16885584390848,5.99146454710798,TRUE,"OK"
8,500,0.1,0.9,"Oracle-GMM",2.25,1.92091032002074,5.99146454710798,TRUE,"OK"
8,500,0.1,0.9,"Oracle-GMM",2.3,1.87016949910289,5.99146454710798,TRUE,"OK"
8,500,0.1,0.9,"Oracle-GMM",2.35,3.18317829196626,5.99146454710798,TRUE,"OK"
8,500,0.1,0.9,"Oracle-GMM",2.4,2.60829296368181,5.99146454710798,TRUE,"OK"
8,500,0.1,0.9,"Oracle-GMM",2.45,1.81246164883481,5.99146454710798,TRUE,"OK"
8,500,0.1,0.9,"Oracle-GMM",2.5,0.321263774921296,5.99146454710798,TRUE,"OK"
8,500,0.1,0.9,"Oracle-GMM",2.55,1.33957934153704,5.99146454710798,TRUE,"OK"
8,500,0.1,0.9,"Oracle-GMM",2.6,1.36650240528206,5.99146454710798,TRUE,"OK"
8,500,0.1,0.9,"Oracle-GMM",2.65,0.292350144215704,5.99146454710798,TRUE,"OK"
8,500,0.1,0.9,"Oracle-GMM",2.7,1.05337695276885,5.99146454710798,TRUE,"OK"
8,500,0.1,0.9,"Oracle-GMM",2.75,0.0311390731463898,5.99146454710798,TRUE,"OK"
8,500,0.1,0.9,"Oracle-GMM",2.8,1.27758403317768,5.99146454710798,TRUE,"OK"
8,500,0.1,0.9,"Oracle-GMM",2.85,1.2136532320997,5.99146454710798,TRUE,"OK"
8,500,0.1,0.9,"Oracle-GMM",2.9,1.00785888661596,5.99146454710798,TRUE,"OK"
8,500,0.1,0.9,"Oracle-GMM",2.95,0.542644076431544,5.99146454710798,TRUE,"OK"
8,500,0.1,0.9,"Oracle-GMM",3,1.64175268290046,5.99146454710798,TRUE,"OK"
8,500,0.1,0.9,"Full-GMM",-1,1.52456426471386,5.99146454710798,TRUE,"OK"
8,500,0.1,0.9,"Full-GMM",-0.95,8.0754185311405,5.99146454710798,FALSE,"OK"
8,500,0.1,0.9,"Full-GMM",-0.9,1.59815529439433,5.99146454710798,TRUE,"OK"
8,500,0.1,0.9,"Full-GMM",-0.85,4.04901014953834,5.99146454710798,TRUE,"OK"
8,500,0.1,0.9,"Full-GMM",-0.8,5.75351587568367,5.99146454710798,TRUE,"OK"
8,500,0.1,0.9,"Full-GMM",-0.75,0.12015595263778,5.99146454710798,TRUE,"OK"
8,500,0.1,0.9,"Full-GMM",-0.7,2.7532411741818,5.99146454710798,TRUE,"OK"
8,500,0.1,0.9,"Full-GMM",-0.65,0.0640770521103821,5.99146454710798,TRUE,"OK"
8,500,0.1,0.9,"Full-GMM",-0.6,1.28718906625573,5.99146454710798,TRUE,"OK"
8,500,0.1,0.9,"Full-GMM",-0.55,2.15385606008276,5.99146454710798,TRUE,"OK"
8,500,0.1,0.9,"Full-GMM",-0.5,0.907116058870434,5.99146454710798,TRUE,"OK"
8,500,0.1,0.9,"Full-GMM",-0.45,1.0555249910403,5.99146454710798,TRUE,"OK"
8,500,0.1,0.9,"Full-GMM",-0.4,0.090178971729936,5.99146454710798,TRUE,"OK"
8,500,0.1,0.9,"Full-GMM",-0.35,2.40612006095213,5.99146454710798,TRUE,"OK"
8,500,0.1,0.9,"Full-GMM",-0.3,1.29951998373617,5.99146454710798,TRUE,"OK"
8,500,0.1,0.9,"Full-GMM",-0.25,0.681480831844494,5.99146454710798,TRUE,"OK"
8,500,0.1,0.9,"Full-GMM",-0.2,0.671996232771723,5.99146454710798,TRUE,"OK"
8,500,0.1,0.9,"Full-GMM",-0.15,0.652349879074424,5.99146454710798,TRUE,"OK"
8,500,0.1,0.9,"Full-GMM",-0.1,1.89525350793646,5.99146454710798,TRUE,"OK"
8,500,0.1,0.9,"Full-GMM",-0.0499999999999999,0.31673069818538,5.99146454710798,TRUE,"OK"
8,500,0.1,0.9,"Full-GMM",0,1.14505686148206,5.99146454710798,TRUE,"OK"
8,500,0.1,0.9,"Full-GMM",0.05,0.46006609670576,5.99146454710798,TRUE,"OK"
8,500,0.1,0.9,"Full-GMM",0.1,2.21431885037586,5.99146454710798,TRUE,"OK"
8,500,0.1,0.9,"Full-GMM",0.15,0.603090372950556,5.99146454710798,TRUE,"OK"
8,500,0.1,0.9,"Full-GMM",0.2,1.59872278389851,5.99146454710798,TRUE,"OK"
8,500,0.1,0.9,"Full-GMM",0.25,0.441297873101055,5.99146454710798,TRUE,"OK"
8,500,0.1,0.9,"Full-GMM",0.3,0.599515403522085,5.99146454710798,TRUE,"OK"
8,500,0.1,0.9,"Full-GMM",0.35,1.35462703501697,5.99146454710798,TRUE,"OK"
8,500,0.1,0.9,"Full-GMM",0.4,0.783076170176325,5.99146454710798,TRUE,"OK"
8,500,0.1,0.9,"Full-GMM",0.45,1.53414826893722,5.99146454710798,TRUE,"OK"
8,500,0.1,0.9,"Full-GMM",0.5,1.36214101424378,5.99146454710798,TRUE,"OK"
8,500,0.1,0.9,"Full-GMM",0.55,0.404839972762973,5.99146454710798,TRUE,"OK"
8,500,0.1,0.9,"Full-GMM",0.6,1.29451639160188,5.99146454710798,TRUE,"OK"
8,500,0.1,0.9,"Full-GMM",0.65,1.23107527526446,5.99146454710798,TRUE,"OK"
8,500,0.1,0.9,"Full-GMM",0.7,0.496728510951064,5.99146454710798,TRUE,"OK"
8,500,0.1,0.9,"Full-GMM",0.75,2.46582951700546,5.99146454710798,TRUE,"OK"
8,500,0.1,0.9,"Full-GMM",0.8,0.0860176735264092,5.99146454710798,TRUE,"OK"
8,500,0.1,0.9,"Full-GMM",0.85,0.827208948159419,5.99146454710798,TRUE,"OK"
8,500,0.1,0.9,"Full-GMM",0.9,0.503739624345141,5.99146454710798,TRUE,"OK"
8,500,0.1,0.9,"Full-GMM",0.95,0.498184820034793,5.99146454710798,TRUE,"OK"
8,500,0.1,0.9,"Full-GMM",1,0.38343223609714,5.99146454710798,TRUE,"OK"
8,500,0.1,0.9,"Full-GMM",1.05,0.0253159379433863,5.99146454710798,TRUE,"OK"
8,500,0.1,0.9,"Full-GMM",1.1,0.566792125787807,5.99146454710798,TRUE,"OK"
8,500,0.1,0.9,"Full-GMM",1.15,0.756864758345508,5.99146454710798,TRUE,"OK"
8,500,0.1,0.9,"Full-GMM",1.2,1.20234359138928,5.99146454710798,TRUE,"OK"
8,500,0.1,0.9,"Full-GMM",1.25,1.09244310781761,5.99146454710798,TRUE,"OK"
8,500,0.1,0.9,"Full-GMM",1.3,0.600641554769013,5.99146454710798,TRUE,"OK"
8,500,0.1,0.9,"Full-GMM",1.35,0.295128217691814,5.99146454710798,TRUE,"OK"
8,500,0.1,0.9,"Full-GMM",1.4,1.77299940493903,5.99146454710798,TRUE,"OK"
8,500,0.1,0.9,"Full-GMM",1.45,0.111995851744763,5.99146454710798,TRUE,"OK"
8,500,0.1,0.9,"Full-GMM",1.5,0.734844237538103,5.99146454710798,TRUE,"OK"
8,500,0.1,0.9,"Full-GMM",1.55,3.78045272206417,5.99146454710798,TRUE,"OK"
8,500,0.1,0.9,"Full-GMM",1.6,0.719023344001807,5.99146454710798,TRUE,"OK"
8,500,0.1,0.9,"Full-GMM",1.65,2.04385900499643,5.99146454710798,TRUE,"OK"
8,500,0.1,0.9,"Full-GMM",1.7,2.91792393246247,5.99146454710798,TRUE,"OK"
8,500,0.1,0.9,"Full-GMM",1.75,3.4512961423045,5.99146454710798,TRUE,"OK"
8,500,0.1,0.9,"Full-GMM",1.8,3.00749499375102,5.99146454710798,TRUE,"OK"
8,500,0.1,0.9,"Full-GMM",1.85,4.89711032789203,5.99146454710798,TRUE,"OK"
8,500,0.1,0.9,"Full-GMM",1.9,0.829889975886444,5.99146454710798,TRUE,"OK"
8,500,0.1,0.9,"Full-GMM",1.95,4.03838652314915,5.99146454710798,TRUE,"OK"
8,500,0.1,0.9,"Full-GMM",2,2.84634843454515,5.99146454710798,TRUE,"OK"
8,500,0.1,0.9,"Full-GMM",2.05,2.92595345091343,5.99146454710798,TRUE,"OK"
8,500,0.1,0.9,"Full-GMM",2.1,0.178273122452405,5.99146454710798,TRUE,"OK"
8,500,0.1,0.9,"Full-GMM",2.15,0.695850971452221,5.99146454710798,TRUE,"OK"
8,500,0.1,0.9,"Full-GMM",2.2,1.8752057808491,5.99146454710798,TRUE,"OK"
8,500,0.1,0.9,"Full-GMM",2.25,5.77965528728404,5.99146454710798,TRUE,"OK"
8,500,0.1,0.9,"Full-GMM",2.3,1.50391992394672,5.99146454710798,TRUE,"OK"
8,500,0.1,0.9,"Full-GMM",2.35,0.505159541116968,5.99146454710798,TRUE,"OK"
8,500,0.1,0.9,"Full-GMM",2.4,0.665242818230415,5.99146454710798,TRUE,"OK"
8,500,0.1,0.9,"Full-GMM",2.45,1.52618081782212,5.99146454710798,TRUE,"OK"
8,500,0.1,0.9,"Full-GMM",2.5,1.40247642053213,5.99146454710798,TRUE,"OK"
8,500,0.1,0.9,"Full-GMM",2.55,2.19573136097164,5.99146454710798,TRUE,"OK"
8,500,0.1,0.9,"Full-GMM",2.6,0.88648461229736,5.99146454710798,TRUE,"OK"
8,500,0.1,0.9,"Full-GMM",2.65,0.328260197026326,5.99146454710798,TRUE,"OK"
8,500,0.1,0.9,"Full-GMM",2.7,0.0417917983343116,5.99146454710798,TRUE,"OK"
8,500,0.1,0.9,"Full-GMM",2.75,0.51891342042256,5.99146454710798,TRUE,"OK"
8,500,0.1,0.9,"Full-GMM",2.8,0.636968479170866,5.99146454710798,TRUE,"OK"
8,500,0.1,0.9,"Full-GMM",2.85,2.13267822980169,5.99146454710798,TRUE,"OK"
8,500,0.1,0.9,"Full-GMM",2.9,0.362592306349417,5.99146454710798,TRUE,"OK"
8,500,0.1,0.9,"Full-GMM",2.95,2.70258359027874,5.99146454710798,TRUE,"OK"
8,500,0.1,0.9,"Full-GMM",3,2.7135553348723,5.99146454710798,TRUE,"OK"
8,500,0.1,0.9,"DML-IVQR",-1,1.64837097622894,5.99146454710798,TRUE,"OK"
8,500,0.1,0.9,"DML-IVQR",-0.95,0.611110527145771,5.99146454710798,TRUE,"OK"
8,500,0.1,0.9,"DML-IVQR",-0.9,1.06897001973073,5.99146454710798,TRUE,"OK"
8,500,0.1,0.9,"DML-IVQR",-0.85,0.95710122684821,5.99146454710798,TRUE,"OK"
8,500,0.1,0.9,"DML-IVQR",-0.8,0.988707434745212,5.99146454710798,TRUE,"OK"
8,500,0.1,0.9,"DML-IVQR",-0.75,0.954881465290845,5.99146454710798,TRUE,"OK"
8,500,0.1,0.9,"DML-IVQR",-0.7,1.04421395679235,5.99146454710798,TRUE,"OK"
8,500,0.1,0.9,"DML-IVQR",-0.65,1.21469203234367,5.99146454710798,TRUE,"OK"
8,500,0.1,0.9,"DML-IVQR",-0.6,1.57719025131496,5.99146454710798,TRUE,"OK"
8,500,0.1,0.9,"DML-IVQR",-0.55,1.2556056547529,5.99146454710798,TRUE,"OK"
8,500,0.1,0.9,"DML-IVQR",-0.5,0.846704265865474,5.99146454710798,TRUE,"OK"
8,500,0.1,0.9,"DML-IVQR",-0.45,0.852393084295577,5.99146454710798,TRUE,"OK"
8,500,0.1,0.9,"DML-IVQR",-0.4,0.831282308555371,5.99146454710798,TRUE,"OK"
8,500,0.1,0.9,"DML-IVQR",-0.35,2.11075187777716,5.99146454710798,TRUE,"OK"
8,500,0.1,0.9,"DML-IVQR",-0.3,0.849659698806109,5.99146454710798,TRUE,"OK"
8,500,0.1,0.9,"DML-IVQR",-0.25,2.14355656650999,5.99146454710798,TRUE,"OK"
8,500,0.1,0.9,"DML-IVQR",-0.2,3.3553876961105,5.99146454710798,TRUE,"OK"
8,500,0.1,0.9,"DML-IVQR",-0.15,3.99293859082129,5.99146454710798,TRUE,"OK"
8,500,0.1,0.9,"DML-IVQR",-0.1,2.43509039450057,5.99146454710798,TRUE,"OK"
8,500,0.1,0.9,"DML-IVQR",-0.0499999999999999,2.41362925600341,5.99146454710798,TRUE,"OK"
8,500,0.1,0.9,"DML-IVQR",0,2.40135005921543,5.99146454710798,TRUE,"OK"
8,500,0.1,0.9,"DML-IVQR",0.05,2.50254879298125,5.99146454710798,TRUE,"OK"
8,500,0.1,0.9,"DML-IVQR",0.1,2.23256858509009,5.99146454710798,TRUE,"OK"
8,500,0.1,0.9,"DML-IVQR",0.15,3.53566295497726,5.99146454710798,TRUE,"OK"
8,500,0.1,0.9,"DML-IVQR",0.2,1.11306027785274,5.99146454710798,TRUE,"OK"
8,500,0.1,0.9,"DML-IVQR",0.25,2.10090938855274,5.99146454710798,TRUE,"OK"
8,500,0.1,0.9,"DML-IVQR",0.3,2.47006891987126,5.99146454710798,TRUE,"OK"
8,500,0.1,0.9,"DML-IVQR",0.35,1.59177289976927,5.99146454710798,TRUE,"OK"
8,500,0.1,0.9,"DML-IVQR",0.4,1.5501503374978,5.99146454710798,TRUE,"OK"
8,500,0.1,0.9,"DML-IVQR",0.45,2.67965452826716,5.99146454710798,TRUE,"OK"
8,500,0.1,0.9,"DML-IVQR",0.5,2.56519953054947,5.99146454710798,TRUE,"OK"
8,500,0.1,0.9,"DML-IVQR",0.55,2.96300836357402,5.99146454710798,TRUE,"OK"
8,500,0.1,0.9,"DML-IVQR",0.6,2.97124443500022,5.99146454710798,TRUE,"OK"
8,500,0.1,0.9,"DML-IVQR",0.65,1.82376566784596,5.99146454710798,TRUE,"OK"
8,500,0.1,0.9,"DML-IVQR",0.7,2.98337289675382,5.99146454710798,TRUE,"OK"
8,500,0.1,0.9,"DML-IVQR",0.75,4.17791319566088,5.99146454710798,TRUE,"OK"
8,500,0.1,0.9,"DML-IVQR",0.8,4.20924356164379,5.99146454710798,TRUE,"OK"
8,500,0.1,0.9,"DML-IVQR",0.85,4.21370142264015,5.99146454710798,TRUE,"OK"
8,500,0.1,0.9,"DML-IVQR",0.9,5.34090602299481,5.99146454710798,TRUE,"OK"
8,500,0.1,0.9,"DML-IVQR",0.95,3.99257897951228,5.99146454710798,TRUE,"OK"
8,500,0.1,0.9,"DML-IVQR",1,2.57108913780498,5.99146454710798,TRUE,"OK"
8,500,0.1,0.9,"DML-IVQR",1.05,2.61096782634799,5.99146454710798,TRUE,"OK"
8,500,0.1,0.9,"DML-IVQR",1.1,3.90747905343219,5.99146454710798,TRUE,"OK"
8,500,0.1,0.9,"DML-IVQR",1.15,2.35833057009326,5.99146454710798,TRUE,"OK"
8,500,0.1,0.9,"DML-IVQR",1.2,2.01017379149944,5.99146454710798,TRUE,"OK"
8,500,0.1,0.9,"DML-IVQR",1.25,1.67937075708717,5.99146454710798,TRUE,"OK"
8,500,0.1,0.9,"DML-IVQR",1.3,2.05451854005284,5.99146454710798,TRUE,"OK"
8,500,0.1,0.9,"DML-IVQR",1.35,2.2322029524439,5.99146454710798,TRUE,"OK"
8,500,0.1,0.9,"DML-IVQR",1.4,0.1075485336873,5.99146454710798,TRUE,"OK"
8,500,0.1,0.9,"DML-IVQR",1.45,0.87630202698238,5.99146454710798,TRUE,"OK"
8,500,0.1,0.9,"DML-IVQR",1.5,0.629116904517251,5.99146454710798,TRUE,"OK"
8,500,0.1,0.9,"DML-IVQR",1.55,0.504837697847752,5.99146454710798,TRUE,"OK"
8,500,0.1,0.9,"DML-IVQR",1.6,0.963957129455774,5.99146454710798,TRUE,"OK"
8,500,0.1,0.9,"DML-IVQR",1.65,0.69388632483164,5.99146454710798,TRUE,"OK"
8,500,0.1,0.9,"DML-IVQR",1.7,0.58352933491858,5.99146454710798,TRUE,"OK"
8,500,0.1,0.9,"DML-IVQR",1.75,0.235952861146668,5.99146454710798,TRUE,"OK"
8,500,0.1,0.9,"DML-IVQR",1.8,1.55597045574209,5.99146454710798,TRUE,"OK"
8,500,0.1,0.9,"DML-IVQR",1.85,0.283744788972494,5.99146454710798,TRUE,"OK"
8,500,0.1,0.9,"DML-IVQR",1.9,1.86741624660124,5.99146454710798,TRUE,"OK"
8,500,0.1,0.9,"DML-IVQR",1.95,0.412785307811322,5.99146454710798,TRUE,"OK"
8,500,0.1,0.9,"DML-IVQR",2,0.603002323605104,5.99146454710798,TRUE,"OK"
8,500,0.1,0.9,"DML-IVQR",2.05,1.00896571382967,5.99146454710798,TRUE,"OK"
8,500,0.1,0.9,"DML-IVQR",2.1,1.51349717065078,5.99146454710798,TRUE,"OK"
8,500,0.1,0.9,"DML-IVQR",2.15,1.15890606515192,5.99146454710798,TRUE,"OK"
8,500,0.1,0.9,"DML-IVQR",2.2,1.31163592952292,5.99146454710798,TRUE,"OK"
8,500,0.1,0.9,"DML-IVQR",2.25,1.56970144943643,5.99146454710798,TRUE,"OK"
8,500,0.1,0.9,"DML-IVQR",2.3,1.4928872069694,5.99146454710798,TRUE,"OK"
8,500,0.1,0.9,"DML-IVQR",2.35,1.2401274984255,5.99146454710798,TRUE,"OK"
8,500,0.1,0.9,"DML-IVQR",2.4,4.91849550967504,5.99146454710798,TRUE,"OK"
8,500,0.1,0.9,"DML-IVQR",2.45,1.65627800146157,5.99146454710798,TRUE,"OK"
8,500,0.1,0.9,"DML-IVQR",2.5,3.6397727079051,5.99146454710798,TRUE,"OK"
8,500,0.1,0.9,"DML-IVQR",2.55,1.67273295367855,5.99146454710798,TRUE,"OK"
8,500,0.1,0.9,"DML-IVQR",2.6,1.36725534465363,5.99146454710798,TRUE,"OK"
8,500,0.1,0.9,"DML-IVQR",2.65,1.20203396405914,5.99146454710798,TRUE,"OK"
8,500,0.1,0.9,"DML-IVQR",2.7,1.01879769017276,5.99146454710798,TRUE,"OK"
8,500,0.1,0.9,"DML-IVQR",2.75,0.420457109874985,5.99146454710798,TRUE,"OK"
8,500,0.1,0.9,"DML-IVQR",2.8,0.705129065514071,5.99146454710798,TRUE,"OK"
8,500,0.1,0.9,"DML-IVQR",2.85,0.875910842792126,5.99146454710798,TRUE,"OK"
8,500,0.1,0.9,"DML-IVQR",2.9,2.02860089101785,5.99146454710798,TRUE,"OK"
8,500,0.1,0.9,"DML-IVQR",2.95,2.31767270347766,5.99146454710798,TRUE,"OK"
8,500,0.1,0.9,"DML-IVQR",3,2.23580849159855,5.99146454710798,TRUE,"OK"
9,500,0.1,0.1,"Oracle-GMM",-1,11.2453160939865,5.99146454710798,FALSE,"OK"
9,500,0.1,0.1,"Oracle-GMM",-0.95,9.71570047136953,5.99146454710798,FALSE,"OK"
9,500,0.1,0.1,"Oracle-GMM",-0.9,8.78652668432392,5.99146454710798,FALSE,"OK"
9,500,0.1,0.1,"Oracle-GMM",-0.85,5.26130683959833,5.99146454710798,TRUE,"OK"
9,500,0.1,0.1,"Oracle-GMM",-0.8,5.25083713419318,5.99146454710798,TRUE,"OK"
9,500,0.1,0.1,"Oracle-GMM",-0.75,1.89394313753429,5.99146454710798,TRUE,"OK"
9,500,0.1,0.1,"Oracle-GMM",-0.7,2.39080443033187,5.99146454710798,TRUE,"OK"
9,500,0.1,0.1,"Oracle-GMM",-0.65,0.981055830884231,5.99146454710798,TRUE,"OK"
9,500,0.1,0.1,"Oracle-GMM",-0.6,0.864318100654307,5.99146454710798,TRUE,"OK"
9,500,0.1,0.1,"Oracle-GMM",-0.55,4.10933771850659,5.99146454710798,TRUE,"OK"
9,500,0.1,0.1,"Oracle-GMM",-0.5,2.33294424325548,5.99146454710798,TRUE,"OK"
9,500,0.1,0.1,"Oracle-GMM",-0.45,4.4757061949723,5.99146454710798,TRUE,"OK"
9,500,0.1,0.1,"Oracle-GMM",-0.4,4.16220651024597,5.99146454710798,TRUE,"OK"
9,500,0.1,0.1,"Oracle-GMM",-0.35,5.42339085668149,5.99146454710798,TRUE,"OK"
9,500,0.1,0.1,"Oracle-GMM",-0.3,5.99428112572341,5.99146454710798,FALSE,"OK"
9,500,0.1,0.1,"Oracle-GMM",-0.25,5.72698122743637,5.99146454710798,TRUE,"OK"
9,500,0.1,0.1,"Oracle-GMM",-0.2,3.9708369062584,5.99146454710798,TRUE,"OK"
9,500,0.1,0.1,"Oracle-GMM",-0.15,4.66644513965898,5.99146454710798,TRUE,"OK"
9,500,0.1,0.1,"Oracle-GMM",-0.1,4.7962193005237,5.99146454710798,TRUE,"OK"
9,500,0.1,0.1,"Oracle-GMM",-0.0499999999999999,6.11795311959453,5.99146454710798,FALSE,"OK"
9,500,0.1,0.1,"Oracle-GMM",0,3.30165950969873,5.99146454710798,TRUE,"OK"
9,500,0.1,0.1,"Oracle-GMM",0.05,5.02383432492063,5.99146454710798,TRUE,"OK"
9,500,0.1,0.1,"Oracle-GMM",0.1,5.51419223233981,5.99146454710798,TRUE,"OK"
9,500,0.1,0.1,"Oracle-GMM",0.15,4.03267732267243,5.99146454710798,TRUE,"OK"
9,500,0.1,0.1,"Oracle-GMM",0.2,3.2790289337121,5.99146454710798,TRUE,"OK"
9,500,0.1,0.1,"Oracle-GMM",0.25,4.74693717829893,5.99146454710798,TRUE,"OK"
9,500,0.1,0.1,"Oracle-GMM",0.3,3.16148314190133,5.99146454710798,TRUE,"OK"
9,500,0.1,0.1,"Oracle-GMM",0.35,3.4198605136855,5.99146454710798,TRUE,"OK"
9,500,0.1,0.1,"Oracle-GMM",0.4,2.54684053878796,5.99146454710798,TRUE,"OK"
9,500,0.1,0.1,"Oracle-GMM",0.45,3.32414987488237,5.99146454710798,TRUE,"OK"
9,500,0.1,0.1,"Oracle-GMM",0.5,3.53537350983913,5.99146454710798,TRUE,"OK"
9,500,0.1,0.1,"Oracle-GMM",0.55,4.84414888934393,5.99146454710798,TRUE,"OK"
9,500,0.1,0.1,"Oracle-GMM",0.6,5.01869224673779,5.99146454710798,TRUE,"OK"
9,500,0.1,0.1,"Oracle-GMM",0.65,3.77132973591042,5.99146454710798,TRUE,"OK"
9,500,0.1,0.1,"Oracle-GMM",0.7,3.63164572715408,5.99146454710798,TRUE,"OK"
9,500,0.1,0.1,"Oracle-GMM",0.75,3.15641165066575,5.99146454710798,TRUE,"OK"
9,500,0.1,0.1,"Oracle-GMM",0.8,3.58868587972515,5.99146454710798,TRUE,"OK"
9,500,0.1,0.1,"Oracle-GMM",0.85,2.48295053035291,5.99146454710798,TRUE,"OK"
9,500,0.1,0.1,"Oracle-GMM",0.9,2.67248013637481,5.99146454710798,TRUE,"OK"
9,500,0.1,0.1,"Oracle-GMM",0.95,2.60140208003357,5.99146454710798,TRUE,"OK"
9,500,0.1,0.1,"Oracle-GMM",1,2.92980352016504,5.99146454710798,TRUE,"OK"
9,500,0.1,0.1,"Oracle-GMM",1.05,3.55833499250506,5.99146454710798,TRUE,"OK"
9,500,0.1,0.1,"Oracle-GMM",1.1,1.49231678133132,5.99146454710798,TRUE,"OK"
9,500,0.1,0.1,"Oracle-GMM",1.15,1.52940191286794,5.99146454710798,TRUE,"OK"
9,500,0.1,0.1,"Oracle-GMM",1.2,2.39165924846909,5.99146454710798,TRUE,"OK"
9,500,0.1,0.1,"Oracle-GMM",1.25,2.19865474431478,5.99146454710798,TRUE,"OK"
9,500,0.1,0.1,"Oracle-GMM",1.3,2.18618882927326,5.99146454710798,TRUE,"OK"
9,500,0.1,0.1,"Oracle-GMM",1.35,2.23592212643965,5.99146454710798,TRUE,"OK"
9,500,0.1,0.1,"Oracle-GMM",1.4,2.09145380299649,5.99146454710798,TRUE,"OK"
9,500,0.1,0.1,"Oracle-GMM",1.45,1.41132509126436,5.99146454710798,TRUE,"OK"
9,500,0.1,0.1,"Oracle-GMM",1.5,1.66308988812151,5.99146454710798,TRUE,"OK"
9,500,0.1,0.1,"Oracle-GMM",1.55,1.92164548863355,5.99146454710798,TRUE,"OK"
9,500,0.1,0.1,"Oracle-GMM",1.6,1.78032680290737,5.99146454710798,TRUE,"OK"
9,500,0.1,0.1,"Oracle-GMM",1.65,1.19769175688765,5.99146454710798,TRUE,"OK"
9,500,0.1,0.1,"Oracle-GMM",1.7,1.39218522960834,5.99146454710798,TRUE,"OK"
9,500,0.1,0.1,"Oracle-GMM",1.75,2.34638392213472,5.99146454710798,TRUE,"OK"
9,500,0.1,0.1,"Oracle-GMM",1.8,0.560692753158597,5.99146454710798,TRUE,"OK"
9,500,0.1,0.1,"Oracle-GMM",1.85,0.509062560282339,5.99146454710798,TRUE,"OK"
9,500,0.1,0.1,"Oracle-GMM",1.9,0.48792347830091,5.99146454710798,TRUE,"OK"
9,500,0.1,0.1,"Oracle-GMM",1.95,0.790937269428995,5.99146454710798,TRUE,"OK"
9,500,0.1,0.1,"Oracle-GMM",2,0.896393240814732,5.99146454710798,TRUE,"OK"
9,500,0.1,0.1,"Oracle-GMM",2.05,0.789880764463922,5.99146454710798,TRUE,"OK"
9,500,0.1,0.1,"Oracle-GMM",2.1,1.00103048373855,5.99146454710798,TRUE,"OK"
9,500,0.1,0.1,"Oracle-GMM",2.15,1.78351092099134,5.99146454710798,TRUE,"OK"
9,500,0.1,0.1,"Oracle-GMM",2.2,0.857501081581656,5.99146454710798,TRUE,"OK"
9,500,0.1,0.1,"Oracle-GMM",2.25,1.38221148554226,5.99146454710798,TRUE,"OK"
9,500,0.1,0.1,"Oracle-GMM",2.3,1.84229802488929,5.99146454710798,TRUE,"OK"
9,500,0.1,0.1,"Oracle-GMM",2.35,1.52012821924764,5.99146454710798,TRUE,"OK"
9,500,0.1,0.1,"Oracle-GMM",2.4,1.38518684686791,5.99146454710798,TRUE,"OK"
9,500,0.1,0.1,"Oracle-GMM",2.45,1.58159527938868,5.99146454710798,TRUE,"OK"
9,500,0.1,0.1,"Oracle-GMM",2.5,1.5165153244966,5.99146454710798,TRUE,"OK"
9,500,0.1,0.1,"Oracle-GMM",2.55,1.55089604135695,5.99146454710798,TRUE,"OK"
9,500,0.1,0.1,"Oracle-GMM",2.6,1.21351166630206,5.99146454710798,TRUE,"OK"
9,500,0.1,0.1,"Oracle-GMM",2.65,1.21781217804801,5.99146454710798,TRUE,"OK"
9,500,0.1,0.1,"Oracle-GMM",2.7,1.64185223643087,5.99146454710798,TRUE,"OK"
9,500,0.1,0.1,"Oracle-GMM",2.75,1.70584438965944,5.99146454710798,TRUE,"OK"
9,500,0.1,0.1,"Oracle-GMM",2.8,1.86307389447533,5.99146454710798,TRUE,"OK"
9,500,0.1,0.1,"Oracle-GMM",2.85,1.84086621203192,5.99146454710798,TRUE,"OK"
9,500,0.1,0.1,"Oracle-GMM",2.9,1.84495098483313,5.99146454710798,TRUE,"OK"
9,500,0.1,0.1,"Oracle-GMM",2.95,1.84888658577807,5.99146454710798,TRUE,"OK"
9,500,0.1,0.1,"Oracle-GMM",3,1.8526721638013,5.99146454710798,TRUE,"OK"
9,500,0.1,0.1,"Full-GMM",-1,1.30632092025801,5.99146454710798,TRUE,"OK"
9,500,0.1,0.1,"Full-GMM",-0.95,0.0121089690587206,5.99146454710798,TRUE,"OK"
9,500,0.1,0.1,"Full-GMM",-0.9,0.821783129468157,5.99146454710798,TRUE,"OK"
9,500,0.1,0.1,"Full-GMM",-0.85,1.37766061794025,5.99146454710798,TRUE,"OK"
9,500,0.1,0.1,"Full-GMM",-0.8,2.25619869029624,5.99146454710798,TRUE,"OK"
9,500,0.1,0.1,"Full-GMM",-0.75,1.27163584657061,5.99146454710798,TRUE,"OK"
9,500,0.1,0.1,"Full-GMM",-0.7,1.89461610761905,5.99146454710798,TRUE,"OK"
9,500,0.1,0.1,"Full-GMM",-0.65,4.49848905020886,5.99146454710798,TRUE,"OK"
9,500,0.1,0.1,"Full-GMM",-0.6,2.05163850532724,5.99146454710798,TRUE,"OK"
9,500,0.1,0.1,"Full-GMM",-0.55,1.2081167327514,5.99146454710798,TRUE,"OK"
9,500,0.1,0.1,"Full-GMM",-0.5,1.72599712566447,5.99146454710798,TRUE,"OK"
9,500,0.1,0.1,"Full-GMM",-0.45,0.453905343944052,5.99146454710798,TRUE,"OK"
9,500,0.1,0.1,"Full-GMM",-0.4,0.130400612614114,5.99146454710798,TRUE,"OK"
9,500,0.1,0.1,"Full-GMM",-0.35,0.218044446198292,5.99146454710798,TRUE,"OK"
9,500,0.1,0.1,"Full-GMM",-0.3,1.19489674882351,5.99146454710798,TRUE,"OK"
9,500,0.1,0.1,"Full-GMM",-0.25,4.98001235863435,5.99146454710798,TRUE,"OK"
9,500,0.1,0.1,"Full-GMM",-0.2,2.08970563156205,5.99146454710798,TRUE,"OK"
9,500,0.1,0.1,"Full-GMM",-0.15,0.302819694901283,5.99146454710798,TRUE,"OK"
9,500,0.1,0.1,"Full-GMM",-0.1,2.06776333449698,5.99146454710798,TRUE,"OK"
9,500,0.1,0.1,"Full-GMM",-0.0499999999999999,0.402662913903876,5.99146454710798,TRUE,"OK"
9,500,0.1,0.1,"Full-GMM",0,0.233622797499887,5.99146454710798,TRUE,"OK"
9,500,0.1,0.1,"Full-GMM",0.05,0.519933662557973,5.99146454710798,TRUE,"OK"
9,500,0.1,0.1,"Full-GMM",0.1,0.620097009343927,5.99146454710798,TRUE,"OK"
9,500,0.1,0.1,"Full-GMM",0.15,1.40242478784215,5.99146454710798,TRUE,"OK"
9,500,0.1,0.1,"Full-GMM",0.2,0.748792129769124,5.99146454710798,TRUE,"OK"
9,500,0.1,0.1,"Full-GMM",0.25,0.0765358658306758,5.99146454710798,TRUE,"OK"
9,500,0.1,0.1,"Full-GMM",0.3,0.299072916005825,5.99146454710798,TRUE,"OK"
9,500,0.1,0.1,"Full-GMM",0.35,1.1578145410611,5.99146454710798,TRUE,"OK"
9,500,0.1,0.1,"Full-GMM",0.4,0.100039842530439,5.99146454710798,TRUE,"OK"
9,500,0.1,0.1,"Full-GMM",0.45,2.58321180078042,5.99146454710798,TRUE,"OK"
9,500,0.1,0.1,"Full-GMM",0.5,0.969666868109003,5.99146454710798,TRUE,"OK"
9,500,0.1,0.1,"Full-GMM",0.55,3.40890118090894,5.99146454710798,TRUE,"OK"
9,500,0.1,0.1,"Full-GMM",0.6,2.01070152528423,5.99146454710798,TRUE,"OK"
9,500,0.1,0.1,"Full-GMM",0.65,2.31703251645504,5.99146454710798,TRUE,"OK"
9,500,0.1,0.1,"Full-GMM",0.7,1.1026784005129,5.99146454710798,TRUE,"OK"
9,500,0.1,0.1,"Full-GMM",0.75,1.01439201090121,5.99146454710798,TRUE,"OK"
9,500,0.1,0.1,"Full-GMM",0.8,0.978795201695162,5.99146454710798,TRUE,"OK"
9,500,0.1,0.1,"Full-GMM",0.85,0.20222839762102,5.99146454710798,TRUE,"OK"
9,500,0.1,0.1,"Full-GMM",0.9,2.75196659522361,5.99146454710798,TRUE,"OK"
9,500,0.1,0.1,"Full-GMM",0.95,0.00938816920113781,5.99146454710798,TRUE,"OK"
9,500,0.1,0.1,"Full-GMM",1,0.679034202036715,5.99146454710798,TRUE,"OK"
9,500,0.1,0.1,"Full-GMM",1.05,2.96043307590477,5.99146454710798,TRUE,"OK"
9,500,0.1,0.1,"Full-GMM",1.1,2.29443401656546,5.99146454710798,TRUE,"OK"
9,500,0.1,0.1,"Full-GMM",1.15,0.580144711079884,5.99146454710798,TRUE,"OK"
9,500,0.1,0.1,"Full-GMM",1.2,0.40424482261801,5.99146454710798,TRUE,"OK"
9,500,0.1,0.1,"Full-GMM",1.25,1.15850538577208,5.99146454710798,TRUE,"OK"
9,500,0.1,0.1,"Full-GMM",1.3,0.723516695932606,5.99146454710798,TRUE,"OK"
9,500,0.1,0.1,"Full-GMM",1.35,1.8917075373778,5.99146454710798,TRUE,"OK"
9,500,0.1,0.1,"Full-GMM",1.4,0.425015964065023,5.99146454710798,TRUE,"OK"
9,500,0.1,0.1,"Full-GMM",1.45,0.235577149758416,5.99146454710798,TRUE,"OK"
9,500,0.1,0.1,"Full-GMM",1.5,0.661457221755787,5.99146454710798,TRUE,"OK"
9,500,0.1,0.1,"Full-GMM",1.55,1.94344714958531,5.99146454710798,TRUE,"OK"
9,500,0.1,0.1,"Full-GMM",1.6,1.92226090107702,5.99146454710798,TRUE,"OK"
9,500,0.1,0.1,"Full-GMM",1.65,1.24353960618192,5.99146454710798,TRUE,"OK"
9,500,0.1,0.1,"Full-GMM",1.7,0.510502433939934,5.99146454710798,TRUE,"OK"
9,500,0.1,0.1,"Full-GMM",1.75,0.749204905648816,5.99146454710798,TRUE,"OK"
9,500,0.1,0.1,"Full-GMM",1.8,1.38795381602515,5.99146454710798,TRUE,"OK"
9,500,0.1,0.1,"Full-GMM",1.85,0.387082616831288,5.99146454710798,TRUE,"OK"
9,500,0.1,0.1,"Full-GMM",1.9,1.23918017056228,5.99146454710798,TRUE,"OK"
9,500,0.1,0.1,"Full-GMM",1.95,4.22161270844892,5.99146454710798,TRUE,"OK"
9,500,0.1,0.1,"Full-GMM",2,0.303659880528161,5.99146454710798,TRUE,"OK"
9,500,0.1,0.1,"Full-GMM",2.05,1.78343360633605,5.99146454710798,TRUE,"OK"
9,500,0.1,0.1,"Full-GMM",2.1,0.0764416220693736,5.99146454710798,TRUE,"OK"
9,500,0.1,0.1,"Full-GMM",2.15,0.249049498725352,5.99146454710798,TRUE,"OK"
9,500,0.1,0.1,"Full-GMM",2.2,1.4338002234759,5.99146454710798,TRUE,"OK"
9,500,0.1,0.1,"Full-GMM",2.25,0.486488208932601,5.99146454710798,TRUE,"OK"
9,500,0.1,0.1,"Full-GMM",2.3,2.88379585562486,5.99146454710798,TRUE,"OK"
9,500,0.1,0.1,"Full-GMM",2.35,5.95917856206813,5.99146454710798,TRUE,"OK"
9,500,0.1,0.1,"Full-GMM",2.4,0.225713791226989,5.99146454710798,TRUE,"OK"
9,500,0.1,0.1,"Full-GMM",2.45,1.46663505319007,5.99146454710798,TRUE,"OK"
9,500,0.1,0.1,"Full-GMM",2.5,1.99456679437204,5.99146454710798,TRUE,"OK"
9,500,0.1,0.1,"Full-GMM",2.55,0.0476377744139794,5.99146454710798,TRUE,"OK"
9,500,0.1,0.1,"Full-GMM",2.6,3.32682506310455,5.99146454710798,TRUE,"OK"
9,500,0.1,0.1,"Full-GMM",2.65,0.507432408861399,5.99146454710798,TRUE,"OK"
9,500,0.1,0.1,"Full-GMM",2.7,2.21233313712038,5.99146454710798,TRUE,"OK"
9,500,0.1,0.1,"Full-GMM",2.75,0.653504728600179,5.99146454710798,TRUE,"OK"
9,500,0.1,0.1,"Full-GMM",2.8,0.179617132929504,5.99146454710798,TRUE,"OK"
9,500,0.1,0.1,"Full-GMM",2.85,1.22215734164756,5.99146454710798,TRUE,"OK"
9,500,0.1,0.1,"Full-GMM",2.9,0.856451223331395,5.99146454710798,TRUE,"OK"
9,500,0.1,0.1,"Full-GMM",2.95,0.710487622987523,5.99146454710798,TRUE,"OK"
9,500,0.1,0.1,"Full-GMM",3,3.63215412886287,5.99146454710798,TRUE,"OK"
9,500,0.1,0.1,"DML-IVQR",-1,2.80688283838808,5.99146454710798,TRUE,"OK"
9,500,0.1,0.1,"DML-IVQR",-0.95,4.79459558227785,5.99146454710798,TRUE,"OK"
9,500,0.1,0.1,"DML-IVQR",-0.9,4.52532295686326,5.99146454710798,TRUE,"OK"
9,500,0.1,0.1,"DML-IVQR",-0.85,5.42924479815502,5.99146454710798,TRUE,"OK"
9,500,0.1,0.1,"DML-IVQR",-0.8,3.53091325582858,5.99146454710798,TRUE,"OK"
9,500,0.1,0.1,"DML-IVQR",-0.75,2.83242788026734,5.99146454710798,TRUE,"OK"
9,500,0.1,0.1,"DML-IVQR",-0.7,3.39434735859797,5.99146454710798,TRUE,"OK"
9,500,0.1,0.1,"DML-IVQR",-0.65,4.71774510979867,5.99146454710798,TRUE,"OK"
9,500,0.1,0.1,"DML-IVQR",-0.6,6.6034883697307,5.99146454710798,FALSE,"OK"
9,500,0.1,0.1,"DML-IVQR",-0.55,6.47919993263729,5.99146454710798,FALSE,"OK"
9,500,0.1,0.1,"DML-IVQR",-0.5,5.2187467434138,5.99146454710798,TRUE,"OK"
9,500,0.1,0.1,"DML-IVQR",-0.45,3.95449086528151,5.99146454710798,TRUE,"OK"
9,500,0.1,0.1,"DML-IVQR",-0.4,1.65661377746746,5.99146454710798,TRUE,"OK"
9,500,0.1,0.1,"DML-IVQR",-0.35,1.37650380320018,5.99146454710798,TRUE,"OK"
9,500,0.1,0.1,"DML-IVQR",-0.3,2.84275769303667,5.99146454710798,TRUE,"OK"
9,500,0.1,0.1,"DML-IVQR",-0.25,2.83111380594805,5.99146454710798,TRUE,"OK"
9,500,0.1,0.1,"DML-IVQR",-0.2,4.17432645564079,5.99146454710798,TRUE,"OK"
9,500,0.1,0.1,"DML-IVQR",-0.15,2.16443398011355,5.99146454710798,TRUE,"OK"
9,500,0.1,0.1,"DML-IVQR",-0.1,4.29215896127966,5.99146454710798,TRUE,"OK"
9,500,0.1,0.1,"DML-IVQR",-0.0499999999999999,5.10216164116877,5.99146454710798,TRUE,"OK"
9,500,0.1,0.1,"DML-IVQR",0,4.42833547548487,5.99146454710798,TRUE,"OK"
9,500,0.1,0.1,"DML-IVQR",0.05,3.63373613409087,5.99146454710798,TRUE,"OK"
9,500,0.1,0.1,"DML-IVQR",0.1,4.74976640216374,5.99146454710798,TRUE,"OK"
9,500,0.1,0.1,"DML-IVQR",0.15,4.08996019952557,5.99146454710798,TRUE,"OK"
9,500,0.1,0.1,"DML-IVQR",0.2,4.3473581558886,5.99146454710798,TRUE,"OK"
9,500,0.1,0.1,"DML-IVQR",0.25,3.1044011257883,5.99146454710798,TRUE,"OK"
9,500,0.1,0.1,"DML-IVQR",0.3,4.27903422822849,5.99146454710798,TRUE,"OK"
9,500,0.1,0.1,"DML-IVQR",0.35,3.7705606401096,5.99146454710798,TRUE,"OK"
9,500,0.1,0.1,"DML-IVQR",0.4,3.32895972108432,5.99146454710798,TRUE,"OK"
9,500,0.1,0.1,"DML-IVQR",0.45,1.52027840199415,5.99146454710798,TRUE,"OK"
9,500,0.1,0.1,"DML-IVQR",0.5,1.55062138070395,5.99146454710798,TRUE,"OK"
9,500,0.1,0.1,"DML-IVQR",0.55,1.516792131024,5.99146454710798,TRUE,"OK"
9,500,0.1,0.1,"DML-IVQR",0.6,1.37989795311222,5.99146454710798,TRUE,"OK"
9,500,0.1,0.1,"DML-IVQR",0.65,1.40796652641642,5.99146454710798,TRUE,"OK"
9,500,0.1,0.1,"DML-IVQR",0.7,0.760568715395863,5.99146454710798,TRUE,"OK"
9,500,0.1,0.1,"DML-IVQR",0.75,0.77837154060327,5.99146454710798,TRUE,"OK"
9,500,0.1,0.1,"DML-IVQR",0.8,0.884841383909594,5.99146454710798,TRUE,"OK"
9,500,0.1,0.1,"DML-IVQR",0.85,0.87633943512758,5.99146454710798,TRUE,"OK"
9,500,0.1,0.1,"DML-IVQR",0.9,1.27229337898834,5.99146454710798,TRUE,"OK"
9,500,0.1,0.1,"DML-IVQR",0.95,1.29971644830759,5.99146454710798,TRUE,"OK"
9,500,0.1,0.1,"DML-IVQR",1,0.836123824228422,5.99146454710798,TRUE,"OK"
9,500,0.1,0.1,"DML-IVQR",1.05,1.28936360794446,5.99146454710798,TRUE,"OK"
9,500,0.1,0.1,"DML-IVQR",1.1,0.970380926371887,5.99146454710798,TRUE,"OK"
9,500,0.1,0.1,"DML-IVQR",1.15,2.73386107963893,5.99146454710798,TRUE,"OK"
9,500,0.1,0.1,"DML-IVQR",1.2,1.88744654011906,5.99146454710798,TRUE,"OK"
9,500,0.1,0.1,"DML-IVQR",1.25,1.32619233470695,5.99146454710798,TRUE,"OK"
9,500,0.1,0.1,"DML-IVQR",1.3,2.16986108898637,5.99146454710798,TRUE,"OK"
9,500,0.1,0.1,"DML-IVQR",1.35,1.44111731856443,5.99146454710798,TRUE,"OK"
9,500,0.1,0.1,"DML-IVQR",1.4,1.52121193491017,5.99146454710798,TRUE,"OK"
9,500,0.1,0.1,"DML-IVQR",1.45,2.84647536368586,5.99146454710798,TRUE,"OK"
9,500,0.1,0.1,"DML-IVQR",1.5,2.23149172961045,5.99146454710798,TRUE,"OK"
9,500,0.1,0.1,"DML-IVQR",1.55,3.16472055543833,5.99146454710798,TRUE,"OK"
9,500,0.1,0.1,"DML-IVQR",1.6,4.13038131840975,5.99146454710798,TRUE,"OK"
9,500,0.1,0.1,"DML-IVQR",1.65,4.21854163015187,5.99146454710798,TRUE,"OK"
9,500,0.1,0.1,"DML-IVQR",1.7,3.17132884482004,5.99146454710798,TRUE,"OK"
9,500,0.1,0.1,"DML-IVQR",1.75,2.13220386695044,5.99146454710798,TRUE,"OK"
9,500,0.1,0.1,"DML-IVQR",1.8,2.5985820428605,5.99146454710798,TRUE,"OK"
9,500,0.1,0.1,"DML-IVQR",1.85,2.8886409185736,5.99146454710798,TRUE,"OK"
9,500,0.1,0.1,"DML-IVQR",1.9,1.77809233798267,5.99146454710798,TRUE,"OK"
9,500,0.1,0.1,"DML-IVQR",1.95,1.68023724081626,5.99146454710798,TRUE,"OK"
9,500,0.1,0.1,"DML-IVQR",2,2.60741796163649,5.99146454710798,TRUE,"OK"
9,500,0.1,0.1,"DML-IVQR",2.05,2.50503365975456,5.99146454710798,TRUE,"OK"
9,500,0.1,0.1,"DML-IVQR",2.1,2.38856638782313,5.99146454710798,TRUE,"OK"
9,500,0.1,0.1,"DML-IVQR",2.15,2.86986228243669,5.99146454710798,TRUE,"OK"
9,500,0.1,0.1,"DML-IVQR",2.2,2.33878120670162,5.99146454710798,TRUE,"OK"
9,500,0.1,0.1,"DML-IVQR",2.25,2.14199817152994,5.99146454710798,TRUE,"OK"
9,500,0.1,0.1,"DML-IVQR",2.3,2.73928579138981,5.99146454710798,TRUE,"OK"
9,500,0.1,0.1,"DML-IVQR",2.35,1.93262244251437,5.99146454710798,TRUE,"OK"
9,500,0.1,0.1,"DML-IVQR",2.4,3.97113731353804,5.99146454710798,TRUE,"OK"
9,500,0.1,0.1,"DML-IVQR",2.45,2.75312833213661,5.99146454710798,TRUE,"OK"
9,500,0.1,0.1,"DML-IVQR",2.5,1.96063723560151,5.99146454710798,TRUE,"OK"
9,500,0.1,0.1,"DML-IVQR",2.55,1.63050715631251,5.99146454710798,TRUE,"OK"
9,500,0.1,0.1,"DML-IVQR",2.6,0.798245879938547,5.99146454710798,TRUE,"OK"
9,500,0.1,0.1,"DML-IVQR",2.65,1.66372067599935,5.99146454710798,TRUE,"OK"
9,500,0.1,0.1,"DML-IVQR",2.7,2.11370923882787,5.99146454710798,TRUE,"OK"
9,500,0.1,0.1,"DML-IVQR",2.75,2.88737896856966,5.99146454710798,TRUE,"OK"
9,500,0.1,0.1,"DML-IVQR",2.8,2.96101517670222,5.99146454710798,TRUE,"OK"
9,500,0.1,0.1,"DML-IVQR",2.85,3.86214918885221,5.99146454710798,TRUE,"OK"
9,500,0.1,0.1,"DML-IVQR",2.9,3.87834955594234,5.99146454710798,TRUE,"OK"
9,500,0.1,0.1,"DML-IVQR",2.95,2.75423751167238,5.99146454710798,TRUE,"OK"
9,500,0.1,0.1,"DML-IVQR",3,3.90496302512511,5.99146454710798,TRUE,"OK"
9,500,0.1,0.5,"Oracle-GMM",-1,0.51678544151202,5.99146454710798,TRUE,"OK"
9,500,0.1,0.5,"Oracle-GMM",-0.95,0.413500771527665,5.99146454710798,TRUE,"OK"
9,500,0.1,0.5,"Oracle-GMM",-0.9,0.238437816302451,5.99146454710798,TRUE,"OK"
9,500,0.1,0.5,"Oracle-GMM",-0.85,0.650154689038132,5.99146454710798,TRUE,"OK"
9,500,0.1,0.5,"Oracle-GMM",-0.8,0.332233309945317,5.99146454710798,TRUE,"OK"
9,500,0.1,0.5,"Oracle-GMM",-0.75,0.554239577028442,5.99146454710798,TRUE,"OK"
9,500,0.1,0.5,"Oracle-GMM",-0.7,0.522569759293762,5.99146454710798,TRUE,"OK"
9,500,0.1,0.5,"Oracle-GMM",-0.65,0.770649316284164,5.99146454710798,TRUE,"OK"
9,500,0.1,0.5,"Oracle-GMM",-0.6,0.615000935167591,5.99146454710798,TRUE,"OK"
9,500,0.1,0.5,"Oracle-GMM",-0.55,0.847162807457573,5.99146454710798,TRUE,"OK"
9,500,0.1,0.5,"Oracle-GMM",-0.5,0.848748067353554,5.99146454710798,TRUE,"OK"
9,500,0.1,0.5,"Oracle-GMM",-0.45,0.567760192757566,5.99146454710798,TRUE,"OK"
9,500,0.1,0.5,"Oracle-GMM",-0.4,0.346158092308059,5.99146454710798,TRUE,"OK"
9,500,0.1,0.5,"Oracle-GMM",-0.35,0.468220057631913,5.99146454710798,TRUE,"OK"
9,500,0.1,0.5,"Oracle-GMM",-0.3,1.05001558107153,5.99146454710798,TRUE,"OK"
9,500,0.1,0.5,"Oracle-GMM",-0.25,0.460208518572656,5.99146454710798,TRUE,"OK"
9,500,0.1,0.5,"Oracle-GMM",-0.2,0.970015841209625,5.99146454710798,TRUE,"OK"
9,500,0.1,0.5,"Oracle-GMM",-0.15,0.616984309484384,5.99146454710798,TRUE,"OK"
9,500,0.1,0.5,"Oracle-GMM",-0.1,0.509041254307711,5.99146454710798,TRUE,"OK"
9,500,0.1,0.5,"Oracle-GMM",-0.0499999999999999,0.395693965846463,5.99146454710798,TRUE,"OK"
9,500,0.1,0.5,"Oracle-GMM",0,0.967637104066776,5.99146454710798,TRUE,"OK"
9,500,0.1,0.5,"Oracle-GMM",0.05,0.835187280325699,5.99146454710798,TRUE,"OK"
9,500,0.1,0.5,"Oracle-GMM",0.1,0.435009379969359,5.99146454710798,TRUE,"OK"
9,500,0.1,0.5,"Oracle-GMM",0.15,0.655078752622375,5.99146454710798,TRUE,"OK"
9,500,0.1,0.5,"Oracle-GMM",0.2,0.536766620409023,5.99146454710798,TRUE,"OK"
9,500,0.1,0.5,"Oracle-GMM",0.25,0.955961660979262,5.99146454710798,TRUE,"OK"
9,500,0.1,0.5,"Oracle-GMM",0.3,0.563823965623883,5.99146454710798,TRUE,"OK"
9,500,0.1,0.5,"Oracle-GMM",0.35,0.613022893611598,5.99146454710798,TRUE,"OK"
9,500,0.1,0.5,"Oracle-GMM",0.4,0.499823500531801,5.99146454710798,TRUE,"OK"
9,500,0.1,0.5,"Oracle-GMM",0.45,0.595195356313657,5.99146454710798,TRUE,"OK"
9,500,0.1,0.5,"Oracle-GMM",0.5,1.55765069948556,5.99146454710798,TRUE,"OK"
9,500,0.1,0.5,"Oracle-GMM",0.55,1.07330701227274,5.99146454710798,TRUE,"OK"
9,500,0.1,0.5,"Oracle-GMM",0.6,1.2214601781311,5.99146454710798,TRUE,"OK"
9,500,0.1,0.5,"Oracle-GMM",0.65,0.317533226157456,5.99146454710798,TRUE,"OK"
9,500,0.1,0.5,"Oracle-GMM",0.7,0.204742680307847,5.99146454710798,TRUE,"OK"
9,500,0.1,0.5,"Oracle-GMM",0.75,0.878794111395983,5.99146454710798,TRUE,"OK"
9,500,0.1,0.5,"Oracle-GMM",0.8,0.818259859781327,5.99146454710798,TRUE,"OK"
9,500,0.1,0.5,"Oracle-GMM",0.85,0.00047010833455,5.99146454710798,TRUE,"OK"
9,500,0.1,0.5,"Oracle-GMM",0.9,0.0728536962331689,5.99146454710798,TRUE,"OK"
9,500,0.1,0.5,"Oracle-GMM",0.95,0.541270035865863,5.99146454710798,TRUE,"OK"
9,500,0.1,0.5,"Oracle-GMM",1,0.154158017254634,5.99146454710798,TRUE,"OK"
9,500,0.1,0.5,"Oracle-GMM",1.05,0.0160010239436379,5.99146454710798,TRUE,"OK"
9,500,0.1,0.5,"Oracle-GMM",1.1,0.127286864319616,5.99146454710798,TRUE,"OK"
9,500,0.1,0.5,"Oracle-GMM",1.15,0.0159877578231216,5.99146454710798,TRUE,"OK"
9,500,0.1,0.5,"Oracle-GMM",1.2,0.0295895387776791,5.99146454710798,TRUE,"OK"
9,500,0.1,0.5,"Oracle-GMM",1.25,0.00839902552757276,5.99146454710798,TRUE,"OK"
9,500,0.1,0.5,"Oracle-GMM",1.3,0.65952474822002,5.99146454710798,TRUE,"OK"
9,500,0.1,0.5,"Oracle-GMM",1.35,0.0179680756985318,5.99146454710798,TRUE,"OK"
9,500,0.1,0.5,"Oracle-GMM",1.4,0.168836101838023,5.99146454710798,TRUE,"OK"
9,500,0.1,0.5,"Oracle-GMM",1.45,0.878750721815205,5.99146454710798,TRUE,"OK"
9,500,0.1,0.5,"Oracle-GMM",1.5,0.340921190940304,5.99146454710798,TRUE,"OK"
9,500,0.1,0.5,"Oracle-GMM",1.55,0.353665668407002,5.99146454710798,TRUE,"OK"
9,500,0.1,0.5,"Oracle-GMM",1.6,1.54492687222606,5.99146454710798,TRUE,"OK"
9,500,0.1,0.5,"Oracle-GMM",1.65,0.769803846393391,5.99146454710798,TRUE,"OK"
9,500,0.1,0.5,"Oracle-GMM",1.7,1.25040782319691,5.99146454710798,TRUE,"OK"
9,500,0.1,0.5,"Oracle-GMM",1.75,0.607746976443073,5.99146454710798,TRUE,"OK"
9,500,0.1,0.5,"Oracle-GMM",1.8,1.01581479825765,5.99146454710798,TRUE,"OK"
9,500,0.1,0.5,"Oracle-GMM",1.85,0.899931143788576,5.99146454710798,TRUE,"OK"
9,500,0.1,0.5,"Oracle-GMM",1.9,0.406491137496022,5.99146454710798,TRUE,"OK"
9,500,0.1,0.5,"Oracle-GMM",1.95,0.311512971519706,5.99146454710798,TRUE,"OK"
9,500,0.1,0.5,"Oracle-GMM",2,0.297054869731708,5.99146454710798,TRUE,"OK"
9,500,0.1,0.5,"Oracle-GMM",2.05,0.0954293268145439,5.99146454710798,TRUE,"OK"
9,500,0.1,0.5,"Oracle-GMM",2.1,0.0563923516378925,5.99146454710798,TRUE,"OK"
9,500,0.1,0.5,"Oracle-GMM",2.15,0.115845408435969,5.99146454710798,TRUE,"OK"
9,500,0.1,0.5,"Oracle-GMM",2.2,0.154287939682564,5.99146454710798,TRUE,"OK"
9,500,0.1,0.5,"Oracle-GMM",2.25,0.013338703444707,5.99146454710798,TRUE,"OK"
9,500,0.1,0.5,"Oracle-GMM",2.3,0.306801465571705,5.99146454710798,TRUE,"OK"
9,500,0.1,0.5,"Oracle-GMM",2.35,0.0252799881675878,5.99146454710798,TRUE,"OK"
9,500,0.1,0.5,"Oracle-GMM",2.4,0.581591359933371,5.99146454710798,TRUE,"OK"
9,500,0.1,0.5,"Oracle-GMM",2.45,0.641799316633927,5.99146454710798,TRUE,"OK"
9,500,0.1,0.5,"Oracle-GMM",2.5,0.51732962869201,5.99146454710798,TRUE,"OK"
9,500,0.1,0.5,"Oracle-GMM",2.55,0.243128510108795,5.99146454710798,TRUE,"OK"
9,500,0.1,0.5,"Oracle-GMM",2.6,0.169804895003233,5.99146454710798,TRUE,"OK"
9,500,0.1,0.5,"Oracle-GMM",2.65,0.191471853477018,5.99146454710798,TRUE,"OK"
9,500,0.1,0.5,"Oracle-GMM",2.7,0.75662456658554,5.99146454710798,TRUE,"OK"
9,500,0.1,0.5,"Oracle-GMM",2.75,0.639621734271483,5.99146454710798,TRUE,"OK"
9,500,0.1,0.5,"Oracle-GMM",2.8,0.762984541988394,5.99146454710798,TRUE,"OK"
9,500,0.1,0.5,"Oracle-GMM",2.85,0.567336776265538,5.99146454710798,TRUE,"OK"
9,500,0.1,0.5,"Oracle-GMM",2.9,0.240236372500832,5.99146454710798,TRUE,"OK"
9,500,0.1,0.5,"Oracle-GMM",2.95,0.630978910355558,5.99146454710798,TRUE,"OK"
9,500,0.1,0.5,"Oracle-GMM",3,0.138731550689946,5.99146454710798,TRUE,"OK"
9,500,0.1,0.5,"Full-GMM",-1,0.763325450404589,5.99146454710798,TRUE,"OK"
9,500,0.1,0.5,"Full-GMM",-0.95,0.679127017964336,5.99146454710798,TRUE,"OK"
9,500,0.1,0.5,"Full-GMM",-0.9,0.157042716869152,5.99146454710798,TRUE,"OK"
9,500,0.1,0.5,"Full-GMM",-0.85,0.50501429846104,5.99146454710798,TRUE,"OK"
9,500,0.1,0.5,"Full-GMM",-0.8,0.202469529484261,5.99146454710798,TRUE,"OK"
9,500,0.1,0.5,"Full-GMM",-0.75,0.468697841923737,5.99146454710798,TRUE,"OK"
9,500,0.1,0.5,"Full-GMM",-0.7,2.44329832963622,5.99146454710798,TRUE,"OK"
9,500,0.1,0.5,"Full-GMM",-0.65,0.65098685635624,5.99146454710798,TRUE,"OK"
9,500,0.1,0.5,"Full-GMM",-0.6,0.793699506420701,5.99146454710798,TRUE,"OK"
9,500,0.1,0.5,"Full-GMM",-0.55,1.03591414184384,5.99146454710798,TRUE,"OK"
9,500,0.1,0.5,"Full-GMM",-0.5,0.706094924923512,5.99146454710798,TRUE,"OK"
9,500,0.1,0.5,"Full-GMM",-0.45,0.167770778187982,5.99146454710798,TRUE,"OK"
9,500,0.1,0.5,"Full-GMM",-0.4,0.439312724127855,5.99146454710798,TRUE,"OK"
9,500,0.1,0.5,"Full-GMM",-0.35,0.536962069163461,5.99146454710798,TRUE,"OK"
9,500,0.1,0.5,"Full-GMM",-0.3,0.00925271939940134,5.99146454710798,TRUE,"OK"
9,500,0.1,0.5,"Full-GMM",-0.25,0.172750961600429,5.99146454710798,TRUE,"OK"
9,500,0.1,0.5,"Full-GMM",-0.2,1.11730091404631,5.99146454710798,TRUE,"OK"
9,500,0.1,0.5,"Full-GMM",-0.15,0.194285164271538,5.99146454710798,TRUE,"OK"
9,500,0.1,0.5,"Full-GMM",-0.1,0.0902577712605492,5.99146454710798,TRUE,"OK"
9,500,0.1,0.5,"Full-GMM",-0.0499999999999999,0.209000924424978,5.99146454710798,TRUE,"OK"
9,500,0.1,0.5,"Full-GMM",0,0.896810019327204,5.99146454710798,TRUE,"OK"
9,500,0.1,0.5,"Full-GMM",0.05,0.128846725035606,5.99146454710798,TRUE,"OK"
9,500,0.1,0.5,"Full-GMM",0.1,0.131501774231456,5.99146454710798,TRUE,"OK"
9,500,0.1,0.5,"Full-GMM",0.15,1.14829055628533,5.99146454710798,TRUE,"OK"
9,500,0.1,0.5,"Full-GMM",0.2,0.276844341967574,5.99146454710798,TRUE,"OK"
9,500,0.1,0.5,"Full-GMM",0.25,1.48105960582648,5.99146454710798,TRUE,"OK"
9,500,0.1,0.5,"Full-GMM",0.3,1.90182638314014,5.99146454710798,TRUE,"OK"
9,500,0.1,0.5,"Full-GMM",0.35,1.09178897096599,5.99146454710798,TRUE,"OK"
9,500,0.1,0.5,"Full-GMM",0.4,0.182663202507275,5.99146454710798,TRUE,"OK"
9,500,0.1,0.5,"Full-GMM",0.45,0.648552024895747,5.99146454710798,TRUE,"OK"
9,500,0.1,0.5,"Full-GMM",0.5,0.117451344477416,5.99146454710798,TRUE,"OK"
9,500,0.1,0.5,"Full-GMM",0.55,1.12013173375852,5.99146454710798,TRUE,"OK"
9,500,0.1,0.5,"Full-GMM",0.6,0.0858248353968019,5.99146454710798,TRUE,"OK"
9,500,0.1,0.5,"Full-GMM",0.65,0.810193414882768,5.99146454710798,TRUE,"OK"
9,500,0.1,0.5,"Full-GMM",0.7,0.40981296660872,5.99146454710798,TRUE,"OK"
9,500,0.1,0.5,"Full-GMM",0.75,0.125618353918771,5.99146454710798,TRUE,"OK"
9,500,0.1,0.5,"Full-GMM",0.8,0.0952654353006808,5.99146454710798,TRUE,"OK"
9,500,0.1,0.5,"Full-GMM",0.85,0.3820225199637,5.99146454710798,TRUE,"OK"
9,500,0.1,0.5,"Full-GMM",0.9,0.761924648200735,5.99146454710798,TRUE,"OK"
9,500,0.1,0.5,"Full-GMM",0.95,0.314862063323763,5.99146454710798,TRUE,"OK"
9,500,0.1,0.5,"Full-GMM",1,1.24310560809859,5.99146454710798,TRUE,"OK"
9,500,0.1,0.5,"Full-GMM",1.05,1.15968255871319,5.99146454710798,TRUE,"OK"
9,500,0.1,0.5,"Full-GMM",1.1,1.11728858404576,5.99146454710798,TRUE,"OK"
9,500,0.1,0.5,"Full-GMM",1.15,0.135777796995318,5.99146454710798,TRUE,"OK"
9,500,0.1,0.5,"Full-GMM",1.2,0.132055889724705,5.99146454710798,TRUE,"OK"
9,500,0.1,0.5,"Full-GMM",1.25,1.16405951616372,5.99146454710798,TRUE,"OK"
9,500,0.1,0.5,"Full-GMM",1.3,0.403888274207788,5.99146454710798,TRUE,"OK"
9,500,0.1,0.5,"Full-GMM",1.35,0.333847752097475,5.99146454710798,TRUE,"OK"
9,500,0.1,0.5,"Full-GMM",1.4,0.314065965090066,5.99146454710798,TRUE,"OK"
9,500,0.1,0.5,"Full-GMM",1.45,0.0383171907358411,5.99146454710798,TRUE,"OK"
9,500,0.1,0.5,"Full-GMM",1.5,0.731644886445347,5.99146454710798,TRUE,"OK"
9,500,0.1,0.5,"Full-GMM",1.55,0.202065551215388,5.99146454710798,TRUE,"OK"
9,500,0.1,0.5,"Full-GMM",1.6,0.377068196782854,5.99146454710798,TRUE,"OK"
9,500,0.1,0.5,"Full-GMM",1.65,0.722894653281115,5.99146454710798,TRUE,"OK"
9,500,0.1,0.5,"Full-GMM",1.7,0.167343069281882,5.99146454710798,TRUE,"OK"
9,500,0.1,0.5,"Full-GMM",1.75,0.334815970602969,5.99146454710798,TRUE,"OK"
9,500,0.1,0.5,"Full-GMM",1.8,0.122453602051266,5.99146454710798,TRUE,"OK"
9,500,0.1,0.5,"Full-GMM",1.85,0.79902978127436,5.99146454710798,TRUE,"OK"
9,500,0.1,0.5,"Full-GMM",1.9,0.339097520267367,5.99146454710798,TRUE,"OK"
9,500,0.1,0.5,"Full-GMM",1.95,0.34925463659392,5.99146454710798,TRUE,"OK"
9,500,0.1,0.5,"Full-GMM",2,0.109161198880708,5.99146454710798,TRUE,"OK"
9,500,0.1,0.5,"Full-GMM",2.05,0.4262658375293,5.99146454710798,TRUE,"OK"
9,500,0.1,0.5,"Full-GMM",2.1,0.0268110907952539,5.99146454710798,TRUE,"OK"
9,500,0.1,0.5,"Full-GMM",2.15,0.242270527460789,5.99146454710798,TRUE,"OK"
9,500,0.1,0.5,"Full-GMM",2.2,1.39480768050322,5.99146454710798,TRUE,"OK"
9,500,0.1,0.5,"Full-GMM",2.25,0.595614536166041,5.99146454710798,TRUE,"OK"
9,500,0.1,0.5,"Full-GMM",2.3,0.0229132891746306,5.99146454710798,TRUE,"OK"
9,500,0.1,0.5,"Full-GMM",2.35,0.177637583793688,5.99146454710798,TRUE,"OK"
9,500,0.1,0.5,"Full-GMM",2.4,0.219556168323369,5.99146454710798,TRUE,"OK"
9,500,0.1,0.5,"Full-GMM",2.45,0.430419201269537,5.99146454710798,TRUE,"OK"
9,500,0.1,0.5,"Full-GMM",2.5,0.396089027490962,5.99146454710798,TRUE,"OK"
9,500,0.1,0.5,"Full-GMM",2.55,0.364654121312467,5.99146454710798,TRUE,"OK"
9,500,0.1,0.5,"Full-GMM",2.6,0.156084694270279,5.99146454710798,TRUE,"OK"
9,500,0.1,0.5,"Full-GMM",2.65,2.01802967670745,5.99146454710798,TRUE,"OK"
9,500,0.1,0.5,"Full-GMM",2.7,0.703743121225312,5.99146454710798,TRUE,"OK"
9,500,0.1,0.5,"Full-GMM",2.75,0.460424694716758,5.99146454710798,TRUE,"OK"
9,500,0.1,0.5,"Full-GMM",2.8,0.655060478040619,5.99146454710798,TRUE,"OK"
9,500,0.1,0.5,"Full-GMM",2.85,0.768516662093648,5.99146454710798,TRUE,"OK"
9,500,0.1,0.5,"Full-GMM",2.9,0.327952501087844,5.99146454710798,TRUE,"OK"
9,500,0.1,0.5,"Full-GMM",2.95,0.163202889159587,5.99146454710798,TRUE,"OK"
9,500,0.1,0.5,"Full-GMM",3,0.613954089336022,5.99146454710798,TRUE,"OK"
9,500,0.1,0.5,"DML-IVQR",-1,0.892349493596544,5.99146454710798,TRUE,"OK"
9,500,0.1,0.5,"DML-IVQR",-0.95,1.15743904942396,5.99146454710798,TRUE,"OK"
9,500,0.1,0.5,"DML-IVQR",-0.9,0.500224257742674,5.99146454710798,TRUE,"OK"
9,500,0.1,0.5,"DML-IVQR",-0.85,0.433338196428951,5.99146454710798,TRUE,"OK"
9,500,0.1,0.5,"DML-IVQR",-0.8,0.371598677284424,5.99146454710798,TRUE,"OK"
9,500,0.1,0.5,"DML-IVQR",-0.75,0.678633211333972,5.99146454710798,TRUE,"OK"
9,500,0.1,0.5,"DML-IVQR",-0.7,0.170453472578924,5.99146454710798,TRUE,"OK"
9,500,0.1,0.5,"DML-IVQR",-0.65,0.364080556190188,5.99146454710798,TRUE,"OK"
9,500,0.1,0.5,"DML-IVQR",-0.6,0.0383169171741419,5.99146454710798,TRUE,"OK"
9,500,0.1,0.5,"DML-IVQR",-0.55,0.237439756489861,5.99146454710798,TRUE,"OK"
9,500,0.1,0.5,"DML-IVQR",-0.5,0.246491534331188,5.99146454710798,TRUE,"OK"
9,500,0.1,0.5,"DML-IVQR",-0.45,0.327908807374971,5.99146454710798,TRUE,"OK"
9,500,0.1,0.5,"DML-IVQR",-0.4,0.35876645239397,5.99146454710798,TRUE,"OK"
9,500,0.1,0.5,"DML-IVQR",-0.35,0.374322449628089,5.99146454710798,TRUE,"OK"
9,500,0.1,0.5,"DML-IVQR",-0.3,0.0798663987729782,5.99146454710798,TRUE,"OK"
9,500,0.1,0.5,"DML-IVQR",-0.25,0.0813248566142221,5.99146454710798,TRUE,"OK"
9,500,0.1,0.5,"DML-IVQR",-0.2,0.094658111094289,5.99146454710798,TRUE,"OK"
9,500,0.1,0.5,"DML-IVQR",-0.15,0.0644566969450599,5.99146454710798,TRUE,"OK"
9,500,0.1,0.5,"DML-IVQR",-0.1,0.139165655087057,5.99146454710798,TRUE,"OK"
9,500,0.1,0.5,"DML-IVQR",-0.0499999999999999,0.0816904262476255,5.99146454710798,TRUE,"OK"
9,500,0.1,0.5,"DML-IVQR",0,1.49494354206488,5.99146454710798,TRUE,"OK"
9,500,0.1,0.5,"DML-IVQR",0.05,0.768028169798075,5.99146454710798,TRUE,"OK"
9,500,0.1,0.5,"DML-IVQR",0.1,0.790574123753383,5.99146454710798,TRUE,"OK"
9,500,0.1,0.5,"DML-IVQR",0.15,0.914335774517162,5.99146454710798,TRUE,"OK"
9,500,0.1,0.5,"DML-IVQR",0.2,0.761506831059638,5.99146454710798,TRUE,"OK"
9,500,0.1,0.5,"DML-IVQR",0.25,0.8776511841481,5.99146454710798,TRUE,"OK"
9,500,0.1,0.5,"DML-IVQR",0.3,0.250459003348023,5.99146454710798,TRUE,"OK"
9,500,0.1,0.5,"DML-IVQR",0.35,0.88847465758826,5.99146454710798,TRUE,"OK"
9,500,0.1,0.5,"DML-IVQR",0.4,0.637954982119214,5.99146454710798,TRUE,"OK"
9,500,0.1,0.5,"DML-IVQR",0.45,1.48831437928019,5.99146454710798,TRUE,"OK"
9,500,0.1,0.5,"DML-IVQR",0.5,1.2289068267386,5.99146454710798,TRUE,"OK"
9,500,0.1,0.5,"DML-IVQR",0.55,1.41801070359059,5.99146454710798,TRUE,"OK"
9,500,0.1,0.5,"DML-IVQR",0.6,0.446276755201891,5.99146454710798,TRUE,"OK"
9,500,0.1,0.5,"DML-IVQR",0.65,1.61323286886677,5.99146454710798,TRUE,"OK"
9,500,0.1,0.5,"DML-IVQR",0.7,0.699091000152592,5.99146454710798,TRUE,"OK"
9,500,0.1,0.5,"DML-IVQR",0.75,0.496690287857691,5.99146454710798,TRUE,"OK"
9,500,0.1,0.5,"DML-IVQR",0.8,0.626623305810313,5.99146454710798,TRUE,"OK"
9,500,0.1,0.5,"DML-IVQR",0.85,0.235098174904092,5.99146454710798,TRUE,"OK"
9,500,0.1,0.5,"DML-IVQR",0.9,0.570419270135473,5.99146454710798,TRUE,"OK"
9,500,0.1,0.5,"DML-IVQR",0.95,1.07995676237733,5.99146454710798,TRUE,"OK"
9,500,0.1,0.5,"DML-IVQR",1,0.500117744464502,5.99146454710798,TRUE,"OK"
9,500,0.1,0.5,"DML-IVQR",1.05,0.991920386755243,5.99146454710798,TRUE,"OK"
9,500,0.1,0.5,"DML-IVQR",1.1,0.567456792235365,5.99146454710798,TRUE,"OK"
9,500,0.1,0.5,"DML-IVQR",1.15,0.173852179662452,5.99146454710798,TRUE,"OK"
9,500,0.1,0.5,"DML-IVQR",1.2,0.357945314504275,5.99146454710798,TRUE,"OK"
9,500,0.1,0.5,"DML-IVQR",1.25,0.0303165209097211,5.99146454710798,TRUE,"OK"
9,500,0.1,0.5,"DML-IVQR",1.3,0.207329867804948,5.99146454710798,TRUE,"OK"
9,500,0.1,0.5,"DML-IVQR",1.35,0.239571922644477,5.99146454710798,TRUE,"OK"
9,500,0.1,0.5,"DML-IVQR",1.4,0.338033126287162,5.99146454710798,TRUE,"OK"
9,500,0.1,0.5,"DML-IVQR",1.45,0.200726934149951,5.99146454710798,TRUE,"OK"
9,500,0.1,0.5,"DML-IVQR",1.5,0.601950378740525,5.99146454710798,TRUE,"OK"
9,500,0.1,0.5,"DML-IVQR",1.55,0.121431211227855,5.99146454710798,TRUE,"OK"
9,500,0.1,0.5,"DML-IVQR",1.6,0.35804123625733,5.99146454710798,TRUE,"OK"
9,500,0.1,0.5,"DML-IVQR",1.65,0.669150180464598,5.99146454710798,TRUE,"OK"
9,500,0.1,0.5,"DML-IVQR",1.7,0.679367204884238,5.99146454710798,TRUE,"OK"
9,500,0.1,0.5,"DML-IVQR",1.75,1.03557533766838,5.99146454710798,TRUE,"OK"
9,500,0.1,0.5,"DML-IVQR",1.8,0.996422413405223,5.99146454710798,TRUE,"OK"
9,500,0.1,0.5,"DML-IVQR",1.85,1.12191399840183,5.99146454710798,TRUE,"OK"
9,500,0.1,0.5,"DML-IVQR",1.9,2.25428795799782,5.99146454710798,TRUE,"OK"
9,500,0.1,0.5,"DML-IVQR",1.95,2.0942262211768,5.99146454710798,TRUE,"OK"
9,500,0.1,0.5,"DML-IVQR",2,3.11281039278297,5.99146454710798,TRUE,"OK"
9,500,0.1,0.5,"DML-IVQR",2.05,3.85148285622261,5.99146454710798,TRUE,"OK"
9,500,0.1,0.5,"DML-IVQR",2.1,2.90002041301678,5.99146454710798,TRUE,"OK"
9,500,0.1,0.5,"DML-IVQR",2.15,4.58164030798265,5.99146454710798,TRUE,"OK"
9,500,0.1,0.5,"DML-IVQR",2.2,2.26220158807237,5.99146454710798,TRUE,"OK"
9,500,0.1,0.5,"DML-IVQR",2.25,1.80042378693939,5.99146454710798,TRUE,"OK"
9,500,0.1,0.5,"DML-IVQR",2.3,2.54074544569959,5.99146454710798,TRUE,"OK"
9,500,0.1,0.5,"DML-IVQR",2.35,2.36985986478595,5.99146454710798,TRUE,"OK"
9,500,0.1,0.5,"DML-IVQR",2.4,1.4612247845354,5.99146454710798,TRUE,"OK"
9,500,0.1,0.5,"DML-IVQR",2.45,1.28448133159739,5.99146454710798,TRUE,"OK"
9,500,0.1,0.5,"DML-IVQR",2.5,0.930838185511153,5.99146454710798,TRUE,"OK"
9,500,0.1,0.5,"DML-IVQR",2.55,0.908294811543095,5.99146454710798,TRUE,"OK"
9,500,0.1,0.5,"DML-IVQR",2.6,0.613672655159044,5.99146454710798,TRUE,"OK"
9,500,0.1,0.5,"DML-IVQR",2.65,0.55064462354781,5.99146454710798,TRUE,"OK"
9,500,0.1,0.5,"DML-IVQR",2.7,0.334560201039635,5.99146454710798,TRUE,"OK"
9,500,0.1,0.5,"DML-IVQR",2.75,0.32425167958974,5.99146454710798,TRUE,"OK"
9,500,0.1,0.5,"DML-IVQR",2.8,0.424005893121621,5.99146454710798,TRUE,"OK"
9,500,0.1,0.5,"DML-IVQR",2.85,0.562266698561546,5.99146454710798,TRUE,"OK"
9,500,0.1,0.5,"DML-IVQR",2.9,0.501234787274329,5.99146454710798,TRUE,"OK"
9,500,0.1,0.5,"DML-IVQR",2.95,0.830598523841994,5.99146454710798,TRUE,"OK"
9,500,0.1,0.5,"DML-IVQR",3,0.812435131271006,5.99146454710798,TRUE,"OK"
9,500,0.1,0.9,"Oracle-GMM",-1,0.3926504863138,5.99146454710798,TRUE,"OK"
9,500,0.1,0.9,"Oracle-GMM",-0.95,0.926288523764622,5.99146454710798,TRUE,"OK"
9,500,0.1,0.9,"Oracle-GMM",-0.9,0.938089352806107,5.99146454710798,TRUE,"OK"
9,500,0.1,0.9,"Oracle-GMM",-0.85,0.146273444560087,5.99146454710798,TRUE,"OK"
9,500,0.1,0.9,"Oracle-GMM",-0.8,0.752333710938267,5.99146454710798,TRUE,"OK"
9,500,0.1,0.9,"Oracle-GMM",-0.75,0.392224975758696,5.99146454710798,TRUE,"OK"
9,500,0.1,0.9,"Oracle-GMM",-0.7,0.873034030410687,5.99146454710798,TRUE,"OK"
9,500,0.1,0.9,"Oracle-GMM",-0.65,0.492108172219001,5.99146454710798,TRUE,"OK"
9,500,0.1,0.9,"Oracle-GMM",-0.6,1.02766069341772,5.99146454710798,TRUE,"OK"
9,500,0.1,0.9,"Oracle-GMM",-0.55,0.47805376858103,5.99146454710798,TRUE,"OK"
9,500,0.1,0.9,"Oracle-GMM",-0.5,1.18010098901184,5.99146454710798,TRUE,"OK"
9,500,0.1,0.9,"Oracle-GMM",-0.45,0.838624392461299,5.99146454710798,TRUE,"OK"
9,500,0.1,0.9,"Oracle-GMM",-0.4,0.758710192273547,5.99146454710798,TRUE,"OK"
9,500,0.1,0.9,"Oracle-GMM",-0.35,0.631410965208807,5.99146454710798,TRUE,"OK"
9,500,0.1,0.9,"Oracle-GMM",-0.3,0.756055460142341,5.99146454710798,TRUE,"OK"
9,500,0.1,0.9,"Oracle-GMM",-0.25,1.03602254144783,5.99146454710798,TRUE,"OK"
9,500,0.1,0.9,"Oracle-GMM",-0.2,0.563125739199646,5.99146454710798,TRUE,"OK"
9,500,0.1,0.9,"Oracle-GMM",-0.15,0.56089337661387,5.99146454710798,TRUE,"OK"
9,500,0.1,0.9,"Oracle-GMM",-0.1,0.389627871825926,5.99146454710798,TRUE,"OK"
9,500,0.1,0.9,"Oracle-GMM",-0.0499999999999999,0.156093642998357,5.99146454710798,TRUE,"OK"
9,500,0.1,0.9,"Oracle-GMM",0,0.261292486166559,5.99146454710798,TRUE,"OK"
9,500,0.1,0.9,"Oracle-GMM",0.05,0.466972956093342,5.99146454710798,TRUE,"OK"
9,500,0.1,0.9,"Oracle-GMM",0.1,0.822381269663676,5.99146454710798,TRUE,"OK"
9,500,0.1,0.9,"Oracle-GMM",0.15,0.502306814831989,5.99146454710798,TRUE,"OK"
9,500,0.1,0.9,"Oracle-GMM",0.2,0.461979867314471,5.99146454710798,TRUE,"OK"
9,500,0.1,0.9,"Oracle-GMM",0.25,0.922416613546261,5.99146454710798,TRUE,"OK"
9,500,0.1,0.9,"Oracle-GMM",0.3,0.253373342592163,5.99146454710798,TRUE,"OK"
9,500,0.1,0.9,"Oracle-GMM",0.35,0.77056087575159,5.99146454710798,TRUE,"OK"
9,500,0.1,0.9,"Oracle-GMM",0.4,0.212389203736714,5.99146454710798,TRUE,"OK"
9,500,0.1,0.9,"Oracle-GMM",0.45,0.350436096780821,5.99146454710798,TRUE,"OK"
9,500,0.1,0.9,"Oracle-GMM",0.5,0.582499038345505,5.99146454710798,TRUE,"OK"
9,500,0.1,0.9,"Oracle-GMM",0.55,0.309260642856101,5.99146454710798,TRUE,"OK"
9,500,0.1,0.9,"Oracle-GMM",0.6,0.187278933770704,5.99146454710798,TRUE,"OK"
9,500,0.1,0.9,"Oracle-GMM",0.65,0.329545025368642,5.99146454710798,TRUE,"OK"
9,500,0.1,0.9,"Oracle-GMM",0.7,0.305349202470192,5.99146454710798,TRUE,"OK"
9,500,0.1,0.9,"Oracle-GMM",0.75,0.154310497491911,5.99146454710798,TRUE,"OK"
9,500,0.1,0.9,"Oracle-GMM",0.8,0.282644349942702,5.99146454710798,TRUE,"OK"
9,500,0.1,0.9,"Oracle-GMM",0.85,0.408560340123193,5.99146454710798,TRUE,"OK"
9,500,0.1,0.9,"Oracle-GMM",0.9,1.06105276148528,5.99146454710798,TRUE,"OK"
9,500,0.1,0.9,"Oracle-GMM",0.95,0.970452826270928,5.99146454710798,TRUE,"OK"
9,500,0.1,0.9,"Oracle-GMM",1,0.550271027436973,5.99146454710798,TRUE,"OK"
9,500,0.1,0.9,"Oracle-GMM",1.05,1.39727882737175,5.99146454710798,TRUE,"OK"
9,500,0.1,0.9,"Oracle-GMM",1.1,1.08908888449255,5.99146454710798,TRUE,"OK"
9,500,0.1,0.9,"Oracle-GMM",1.15,0.30771374790516,5.99146454710798,TRUE,"OK"
9,500,0.1,0.9,"Oracle-GMM",1.2,1.44714504511039,5.99146454710798,TRUE,"OK"
9,500,0.1,0.9,"Oracle-GMM",1.25,1.659739868689,5.99146454710798,TRUE,"OK"
9,500,0.1,0.9,"Oracle-GMM",1.3,0.266882685265479,5.99146454710798,TRUE,"OK"
9,500,0.1,0.9,"Oracle-GMM",1.35,1.29934604450893,5.99146454710798,TRUE,"OK"
9,500,0.1,0.9,"Oracle-GMM",1.4,1.4721284884593,5.99146454710798,TRUE,"OK"
9,500,0.1,0.9,"Oracle-GMM",1.45,0.95575266385281,5.99146454710798,TRUE,"OK"
9,500,0.1,0.9,"Oracle-GMM",1.5,1.03685318470625,5.99146454710798,TRUE,"OK"
9,500,0.1,0.9,"Oracle-GMM",1.55,2.73939110232255,5.99146454710798,TRUE,"OK"
9,500,0.1,0.9,"Oracle-GMM",1.6,3.14152108852099,5.99146454710798,TRUE,"OK"
9,500,0.1,0.9,"Oracle-GMM",1.65,3.22960992425275,5.99146454710798,TRUE,"OK"
9,500,0.1,0.9,"Oracle-GMM",1.7,1.86809337563247,5.99146454710798,TRUE,"OK"
9,500,0.1,0.9,"Oracle-GMM",1.75,1.04264829457605,5.99146454710798,TRUE,"OK"
9,500,0.1,0.9,"Oracle-GMM",1.8,0.814887231967357,5.99146454710798,TRUE,"OK"
9,500,0.1,0.9,"Oracle-GMM",1.85,1.11971210297352,5.99146454710798,TRUE,"OK"
9,500,0.1,0.9,"Oracle-GMM",1.9,0.891502923656904,5.99146454710798,TRUE,"OK"
9,500,0.1,0.9,"Oracle-GMM",1.95,0.535520003242986,5.99146454710798,TRUE,"OK"
9,500,0.1,0.9,"Oracle-GMM",2,0.821450051405969,5.99146454710798,TRUE,"OK"
9,500,0.1,0.9,"Oracle-GMM",2.05,1.16719624361325,5.99146454710798,TRUE,"OK"
9,500,0.1,0.9,"Oracle-GMM",2.1,0.678357906131292,5.99146454710798,TRUE,"OK"
9,500,0.1,0.9,"Oracle-GMM",2.15,0.271128257076204,5.99146454710798,TRUE,"OK"
9,500,0.1,0.9,"Oracle-GMM",2.2,0.949372263235276,5.99146454710798,TRUE,"OK"
9,500,0.1,0.9,"Oracle-GMM",2.25,3.13868833208408,5.99146454710798,TRUE,"OK"
9,500,0.1,0.9,"Oracle-GMM",2.3,0.43033232388267,5.99146454710798,TRUE,"OK"
9,500,0.1,0.9,"Oracle-GMM",2.35,1.37780508268181,5.99146454710798,TRUE,"OK"
9,500,0.1,0.9,"Oracle-GMM",2.4,1.23010719374766,5.99146454710798,TRUE,"OK"
9,500,0.1,0.9,"Oracle-GMM",2.45,0.836608258064661,5.99146454710798,TRUE,"OK"
9,500,0.1,0.9,"Oracle-GMM",2.5,2.02850459976607,5.99146454710798,TRUE,"OK"
9,500,0.1,0.9,"Oracle-GMM",2.55,1.68881074026261,5.99146454710798,TRUE,"OK"
9,500,0.1,0.9,"Oracle-GMM",2.6,1.09759811354169,5.99146454710798,TRUE,"OK"
9,500,0.1,0.9,"Oracle-GMM",2.65,1.33887761555066,5.99146454710798,TRUE,"OK"
9,500,0.1,0.9,"Oracle-GMM",2.7,1.26574596937494,5.99146454710798,TRUE,"OK"
9,500,0.1,0.9,"Oracle-GMM",2.75,1.79410901902413,5.99146454710798,TRUE,"OK"
9,500,0.1,0.9,"Oracle-GMM",2.8,2.82881501994816,5.99146454710798,TRUE,"OK"
9,500,0.1,0.9,"Oracle-GMM",2.85,2.58738949933244,5.99146454710798,TRUE,"OK"
9,500,0.1,0.9,"Oracle-GMM",2.9,1.55257290689729,5.99146454710798,TRUE,"OK"
9,500,0.1,0.9,"Oracle-GMM",2.95,0.522753498407623,5.99146454710798,TRUE,"OK"
9,500,0.1,0.9,"Oracle-GMM",3,4.92995446710681,5.99146454710798,TRUE,"OK"
9,500,0.1,0.9,"Full-GMM",-1,5.87545127170112,5.99146454710798,TRUE,"OK"
9,500,0.1,0.9,"Full-GMM",-0.95,1.19776354997992,5.99146454710798,TRUE,"OK"
9,500,0.1,0.9,"Full-GMM",-0.9,0.986476691850583,5.99146454710798,TRUE,"OK"
9,500,0.1,0.9,"Full-GMM",-0.85,2.09412880092506,5.99146454710798,TRUE,"OK"
9,500,0.1,0.9,"Full-GMM",-0.8,0.435317075424465,5.99146454710798,TRUE,"OK"
9,500,0.1,0.9,"Full-GMM",-0.75,2.40649758679762,5.99146454710798,TRUE,"OK"
9,500,0.1,0.9,"Full-GMM",-0.7,0.582167609091846,5.99146454710798,TRUE,"OK"
9,500,0.1,0.9,"Full-GMM",-0.65,1.90976157202242,5.99146454710798,TRUE,"OK"
9,500,0.1,0.9,"Full-GMM",-0.6,0.144327261381635,5.99146454710798,TRUE,"OK"
9,500,0.1,0.9,"Full-GMM",-0.55,0.462084952318487,5.99146454710798,TRUE,"OK"
9,500,0.1,0.9,"Full-GMM",-0.5,12.936163972626,5.99146454710798,FALSE,"OK"
9,500,0.1,0.9,"Full-GMM",-0.45,1.30496798501914,5.99146454710798,TRUE,"OK"
9,500,0.1,0.9,"Full-GMM",-0.4,0.0403901872961692,5.99146454710798,TRUE,"OK"
9,500,0.1,0.9,"Full-GMM",-0.35,0.202727122842309,5.99146454710798,TRUE,"OK"
9,500,0.1,0.9,"Full-GMM",-0.3,0.323170040855593,5.99146454710798,TRUE,"OK"
9,500,0.1,0.9,"Full-GMM",-0.25,0.854279398317514,5.99146454710798,TRUE,"OK"
9,500,0.1,0.9,"Full-GMM",-0.2,0.62007435595891,5.99146454710798,TRUE,"OK"
9,500,0.1,0.9,"Full-GMM",-0.15,3.00683389306595,5.99146454710798,TRUE,"OK"
9,500,0.1,0.9,"Full-GMM",-0.1,2.99031497208341,5.99146454710798,TRUE,"OK"
9,500,0.1,0.9,"Full-GMM",-0.0499999999999999,2.44633480698445,5.99146454710798,TRUE,"OK"
9,500,0.1,0.9,"Full-GMM",0,0.213861871744564,5.99146454710798,TRUE,"OK"
9,500,0.1,0.9,"Full-GMM",0.05,0.0277773039836523,5.99146454710798,TRUE,"OK"
9,500,0.1,0.9,"Full-GMM",0.1,0.524446975783377,5.99146454710798,TRUE,"OK"
9,500,0.1,0.9,"Full-GMM",0.15,3.93128027861856,5.99146454710798,TRUE,"OK"
9,500,0.1,0.9,"Full-GMM",0.2,0.209511438046252,5.99146454710798,TRUE,"OK"
9,500,0.1,0.9,"Full-GMM",0.25,0.274675177635361,5.99146454710798,TRUE,"OK"
9,500,0.1,0.9,"Full-GMM",0.3,0.172615725065196,5.99146454710798,TRUE,"OK"
9,500,0.1,0.9,"Full-GMM",0.35,2.20866838937865,5.99146454710798,TRUE,"OK"
9,500,0.1,0.9,"Full-GMM",0.4,0.0709816335188073,5.99146454710798,TRUE,"OK"
9,500,0.1,0.9,"Full-GMM",0.45,1.04288824167379,5.99146454710798,TRUE,"OK"
9,500,0.1,0.9,"Full-GMM",0.5,0.453196013753612,5.99146454710798,TRUE,"OK"
9,500,0.1,0.9,"Full-GMM",0.55,2.99086725900326,5.99146454710798,TRUE,"OK"
9,500,0.1,0.9,"Full-GMM",0.6,0.240962407478357,5.99146454710798,TRUE,"OK"
9,500,0.1,0.9,"Full-GMM",0.65,0.920619514975735,5.99146454710798,TRUE,"OK"
9,500,0.1,0.9,"Full-GMM",0.7,0.829233321498739,5.99146454710798,TRUE,"OK"
9,500,0.1,0.9,"Full-GMM",0.75,3.90311982546316,5.99146454710798,TRUE,"OK"
9,500,0.1,0.9,"Full-GMM",0.8,1.16158448216712,5.99146454710798,TRUE,"OK"
9,500,0.1,0.9,"Full-GMM",0.85,1.08995978360693,5.99146454710798,TRUE,"OK"
9,500,0.1,0.9,"Full-GMM",0.9,1.83411894774569,5.99146454710798,TRUE,"OK"
9,500,0.1,0.9,"Full-GMM",0.95,2.30300005460554,5.99146454710798,TRUE,"OK"
9,500,0.1,0.9,"Full-GMM",1,0.618109114638007,5.99146454710798,TRUE,"OK"
9,500,0.1,0.9,"Full-GMM",1.05,0.434690062596835,5.99146454710798,TRUE,"OK"
9,500,0.1,0.9,"Full-GMM",1.1,0.47952000207857,5.99146454710798,TRUE,"OK"
9,500,0.1,0.9,"Full-GMM",1.15,4.09411042187024,5.99146454710798,TRUE,"OK"
9,500,0.1,0.9,"Full-GMM",1.2,1.08120739595558,5.99146454710798,TRUE,"OK"
9,500,0.1,0.9,"Full-GMM",1.25,0.0506855354335481,5.99146454710798,TRUE,"OK"
9,500,0.1,0.9,"Full-GMM",1.3,1.69982125064242,5.99146454710798,TRUE,"OK"
9,500,0.1,0.9,"Full-GMM",1.35,0.0540715547899372,5.99146454710798,TRUE,"OK"
9,500,0.1,0.9,"Full-GMM",1.4,3.20156103793503,5.99146454710798,TRUE,"OK"
9,500,0.1,0.9,"Full-GMM",1.45,0.0994529075512024,5.99146454710798,TRUE,"OK"
9,500,0.1,0.9,"Full-GMM",1.5,4.62022798754069,5.99146454710798,TRUE,"OK"
9,500,0.1,0.9,"Full-GMM",1.55,0.148426153759307,5.99146454710798,TRUE,"OK"
9,500,0.1,0.9,"Full-GMM",1.6,1.44311049479633,5.99146454710798,TRUE,"OK"
9,500,0.1,0.9,"Full-GMM",1.65,0.191557336826064,5.99146454710798,TRUE,"OK"
9,500,0.1,0.9,"Full-GMM",1.7,5.71198732191443,5.99146454710798,TRUE,"OK"
9,500,0.1,0.9,"Full-GMM",1.75,2.53063878013513,5.99146454710798,TRUE,"OK"
9,500,0.1,0.9,"Full-GMM",1.8,2.88558901598061,5.99146454710798,TRUE,"OK"
9,500,0.1,0.9,"Full-GMM",1.85,0.709293349888259,5.99146454710798,TRUE,"OK"
9,500,0.1,0.9,"Full-GMM",1.9,1.15910340400201,5.99146454710798,TRUE,"OK"
9,500,0.1,0.9,"Full-GMM",1.95,2.56732920203347,5.99146454710798,TRUE,"OK"
9,500,0.1,0.9,"Full-GMM",2,0.643544797754439,5.99146454710798,TRUE,"OK"
9,500,0.1,0.9,"Full-GMM",2.05,2.62769452000583,5.99146454710798,TRUE,"OK"
9,500,0.1,0.9,"Full-GMM",2.1,1.80573532035716,5.99146454710798,TRUE,"OK"
9,500,0.1,0.9,"Full-GMM",2.15,2.80952460495415,5.99146454710798,TRUE,"OK"
9,500,0.1,0.9,"Full-GMM",2.2,0.624035967425409,5.99146454710798,TRUE,"OK"
9,500,0.1,0.9,"Full-GMM",2.25,0.304716471499128,5.99146454710798,TRUE,"OK"
9,500,0.1,0.9,"Full-GMM",2.3,1.65578845888125,5.99146454710798,TRUE,"OK"
9,500,0.1,0.9,"Full-GMM",2.35,5.55898905382214,5.99146454710798,TRUE,"OK"
9,500,0.1,0.9,"Full-GMM",2.4,0.0293227186895012,5.99146454710798,TRUE,"OK"
9,500,0.1,0.9,"Full-GMM",2.45,3.97512194630664,5.99146454710798,TRUE,"OK"
9,500,0.1,0.9,"Full-GMM",2.5,0.516422991438785,5.99146454710798,TRUE,"OK"
9,500,0.1,0.9,"Full-GMM",2.55,0.50105650291668,5.99146454710798,TRUE,"OK"
9,500,0.1,0.9,"Full-GMM",2.6,2.53572444364017,5.99146454710798,TRUE,"OK"
9,500,0.1,0.9,"Full-GMM",2.65,0.0749979306060995,5.99146454710798,TRUE,"OK"
9,500,0.1,0.9,"Full-GMM",2.7,1.35589933246857,5.99146454710798,TRUE,"OK"
9,500,0.1,0.9,"Full-GMM",2.75,1.9814577237957,5.99146454710798,TRUE,"OK"
9,500,0.1,0.9,"Full-GMM",2.8,5.65566812927743,5.99146454710798,TRUE,"OK"
9,500,0.1,0.9,"Full-GMM",2.85,0.439925575108611,5.99146454710798,TRUE,"OK"
9,500,0.1,0.9,"Full-GMM",2.9,2.17012045475044,5.99146454710798,TRUE,"OK"
9,500,0.1,0.9,"Full-GMM",2.95,1.29213682491928,5.99146454710798,TRUE,"OK"
9,500,0.1,0.9,"Full-GMM",3,0.150537174461921,5.99146454710798,TRUE,"OK"
9,500,0.1,0.9,"DML-IVQR",-1,1.25171750454468,5.99146454710798,TRUE,"OK"
9,500,0.1,0.9,"DML-IVQR",-0.95,1.92298747737951,5.99146454710798,TRUE,"OK"
9,500,0.1,0.9,"DML-IVQR",-0.9,1.64588629321798,5.99146454710798,TRUE,"OK"
9,500,0.1,0.9,"DML-IVQR",-0.85,1.32187714162466,5.99146454710798,TRUE,"OK"
9,500,0.1,0.9,"DML-IVQR",-0.8,1.58875717771712,5.99146454710798,TRUE,"OK"
9,500,0.1,0.9,"DML-IVQR",-0.75,1.59956419441281,5.99146454710798,TRUE,"OK"
9,500,0.1,0.9,"DML-IVQR",-0.7,1.74337111814072,5.99146454710798,TRUE,"OK"
9,500,0.1,0.9,"DML-IVQR",-0.65,1.66029109171721,5.99146454710798,TRUE,"OK"
9,500,0.1,0.9,"DML-IVQR",-0.6,1.69022764253231,5.99146454710798,TRUE,"OK"
9,500,0.1,0.9,"DML-IVQR",-0.55,1.65268536924264,5.99146454710798,TRUE,"OK"
9,500,0.1,0.9,"DML-IVQR",-0.5,1.93635212079133,5.99146454710798,TRUE,"OK"
9,500,0.1,0.9,"DML-IVQR",-0.45,2.4273651454315,5.99146454710798,TRUE,"OK"
9,500,0.1,0.9,"DML-IVQR",-0.4,1.12023231635593,5.99146454710798,TRUE,"OK"
9,500,0.1,0.9,"DML-IVQR",-0.35,1.01946232435987,5.99146454710798,TRUE,"OK"
9,500,0.1,0.9,"DML-IVQR",-0.3,0.996259721860721,5.99146454710798,TRUE,"OK"
9,500,0.1,0.9,"DML-IVQR",-0.25,1.36113523005353,5.99146454710798,TRUE,"OK"
9,500,0.1,0.9,"DML-IVQR",-0.2,1.34515236785697,5.99146454710798,TRUE,"OK"
9,500,0.1,0.9,"DML-IVQR",-0.15,1.24832407102645,5.99146454710798,TRUE,"OK"
9,500,0.1,0.9,"DML-IVQR",-0.1,1.09143676605823,5.99146454710798,TRUE,"OK"
9,500,0.1,0.9,"DML-IVQR",-0.0499999999999999,1.54004460103906,5.99146454710798,TRUE,"OK"
9,500,0.1,0.9,"DML-IVQR",0,1.62389939263037,5.99146454710798,TRUE,"OK"
9,500,0.1,0.9,"DML-IVQR",0.05,1.95065234808489,5.99146454710798,TRUE,"OK"
9,500,0.1,0.9,"DML-IVQR",0.1,1.41078671075307,5.99146454710798,TRUE,"OK"
9,500,0.1,0.9,"DML-IVQR",0.15,1.34707782789321,5.99146454710798,TRUE,"OK"
9,500,0.1,0.9,"DML-IVQR",0.2,1.08472536085805,5.99146454710798,TRUE,"OK"
9,500,0.1,0.9,"DML-IVQR",0.25,1.27083488313442,5.99146454710798,TRUE,"OK"
9,500,0.1,0.9,"DML-IVQR",0.3,1.46805491218945,5.99146454710798,TRUE,"OK"
9,500,0.1,0.9,"DML-IVQR",0.35,1.32576779307393,5.99146454710798,TRUE,"OK"
9,500,0.1,0.9,"DML-IVQR",0.4,1.28606198770011,5.99146454710798,TRUE,"OK"
9,500,0.1,0.9,"DML-IVQR",0.45,1.29106549448326,5.99146454710798,TRUE,"OK"
9,500,0.1,0.9,"DML-IVQR",0.5,1.03865179780072,5.99146454710798,TRUE,"OK"
9,500,0.1,0.9,"DML-IVQR",0.55,0.897506796018244,5.99146454710798,TRUE,"OK"
9,500,0.1,0.9,"DML-IVQR",0.6,0.799033279305239,5.99146454710798,TRUE,"OK"
9,500,0.1,0.9,"DML-IVQR",0.65,0.72518337483859,5.99146454710798,TRUE,"OK"
9,500,0.1,0.9,"DML-IVQR",0.7,1.21410186618964,5.99146454710798,TRUE,"OK"
9,500,0.1,0.9,"DML-IVQR",0.75,1.02418130270296,5.99146454710798,TRUE,"OK"
9,500,0.1,0.9,"DML-IVQR",0.8,0.752920443926357,5.99146454710798,TRUE,"OK"
9,500,0.1,0.9,"DML-IVQR",0.85,1.30753952978193,5.99146454710798,TRUE,"OK"
9,500,0.1,0.9,"DML-IVQR",0.9,1.28597841746112,5.99146454710798,TRUE,"OK"
9,500,0.1,0.9,"DML-IVQR",0.95,2.41184153344889,5.99146454710798,TRUE,"OK"
9,500,0.1,0.9,"DML-IVQR",1,2.8703001848875,5.99146454710798,TRUE,"OK"
9,500,0.1,0.9,"DML-IVQR",1.05,2.24461699229908,5.99146454710798,TRUE,"OK"
9,500,0.1,0.9,"DML-IVQR",1.1,2.65659287544329,5.99146454710798,TRUE,"OK"
9,500,0.1,0.9,"DML-IVQR",1.15,3.66803892728691,5.99146454710798,TRUE,"OK"
9,500,0.1,0.9,"DML-IVQR",1.2,2.96122572780575,5.99146454710798,TRUE,"OK"
9,500,0.1,0.9,"DML-IVQR",1.25,4.13839004805983,5.99146454710798,TRUE,"OK"
9,500,0.1,0.9,"DML-IVQR",1.3,4.20383176008805,5.99146454710798,TRUE,"OK"
9,500,0.1,0.9,"DML-IVQR",1.35,4.12587991474423,5.99146454710798,TRUE,"OK"
9,500,0.1,0.9,"DML-IVQR",1.4,4.80695531090024,5.99146454710798,TRUE,"OK"
9,500,0.1,0.9,"DML-IVQR",1.45,4.67970019332447,5.99146454710798,TRUE,"OK"
9,500,0.1,0.9,"DML-IVQR",1.5,2.94482122547029,5.99146454710798,TRUE,"OK"
9,500,0.1,0.9,"DML-IVQR",1.55,3.90454612679087,5.99146454710798,TRUE,"OK"
9,500,0.1,0.9,"DML-IVQR",1.6,5.07069517544721,5.99146454710798,TRUE,"OK"
9,500,0.1,0.9,"DML-IVQR",1.65,3.39141711809267,5.99146454710798,TRUE,"OK"
9,500,0.1,0.9,"DML-IVQR",1.7,2.94353475686169,5.99146454710798,TRUE,"OK"
9,500,0.1,0.9,"DML-IVQR",1.75,3.21081972847202,5.99146454710798,TRUE,"OK"
9,500,0.1,0.9,"DML-IVQR",1.8,2.88108891895311,5.99146454710798,TRUE,"OK"
9,500,0.1,0.9,"DML-IVQR",1.85,2.15258490404246,5.99146454710798,TRUE,"OK"
9,500,0.1,0.9,"DML-IVQR",1.9,0.868110024398268,5.99146454710798,TRUE,"OK"
9,500,0.1,0.9,"DML-IVQR",1.95,1.11705039039388,5.99146454710798,TRUE,"OK"
9,500,0.1,0.9,"DML-IVQR",2,1.04613623535486,5.99146454710798,TRUE,"OK"
9,500,0.1,0.9,"DML-IVQR",2.05,0.487419281370961,5.99146454710798,TRUE,"OK"
9,500,0.1,0.9,"DML-IVQR",2.1,0.896943323910288,5.99146454710798,TRUE,"OK"
9,500,0.1,0.9,"DML-IVQR",2.15,0.0781176820546972,5.99146454710798,TRUE,"OK"
9,500,0.1,0.9,"DML-IVQR",2.2,0.18716285032403,5.99146454710798,TRUE,"OK"
9,500,0.1,0.9,"DML-IVQR",2.25,0.699497636780579,5.99146454710798,TRUE,"OK"
9,500,0.1,0.9,"DML-IVQR",2.3,0.863115763774567,5.99146454710798,TRUE,"OK"
9,500,0.1,0.9,"DML-IVQR",2.35,0.385392179166144,5.99146454710798,TRUE,"OK"
9,500,0.1,0.9,"DML-IVQR",2.4,0.573905692093896,5.99146454710798,TRUE,"OK"
9,500,0.1,0.9,"DML-IVQR",2.45,0.92345906088992,5.99146454710798,TRUE,"OK"
9,500,0.1,0.9,"DML-IVQR",2.5,0.234918828680374,5.99146454710798,TRUE,"OK"
9,500,0.1,0.9,"DML-IVQR",2.55,1.76210297099735,5.99146454710798,TRUE,"OK"
9,500,0.1,0.9,"DML-IVQR",2.6,1.75903039141619,5.99146454710798,TRUE,"OK"
9,500,0.1,0.9,"DML-IVQR",2.65,2.54488013430103,5.99146454710798,TRUE,"OK"
9,500,0.1,0.9,"DML-IVQR",2.7,2.18360211259548,5.99146454710798,TRUE,"OK"
9,500,0.1,0.9,"DML-IVQR",2.75,1.85926296111609,5.99146454710798,TRUE,"OK"
9,500,0.1,0.9,"DML-IVQR",2.8,2.70774233802654,5.99146454710798,TRUE,"OK"
9,500,0.1,0.9,"DML-IVQR",2.85,4.67513831567617,5.99146454710798,TRUE,"OK"
9,500,0.1,0.9,"DML-IVQR",2.9,3.00836941953556,5.99146454710798,TRUE,"OK"
9,500,0.1,0.9,"DML-IVQR",2.95,3.12582914807692,5.99146454710798,TRUE,"OK"
9,500,0.1,0.9,"DML-IVQR",3,4.31561203964491,5.99146454710798,TRUE,"OK"
10,500,0.1,0.1,"Oracle-GMM",-1,3.39013016845932,5.99146454710798,TRUE,"OK"
10,500,0.1,0.1,"Oracle-GMM",-0.95,1.73155867816275,5.99146454710798,TRUE,"OK"
10,500,0.1,0.1,"Oracle-GMM",-0.9,1.61962020538599,5.99146454710798,TRUE,"OK"
10,500,0.1,0.1,"Oracle-GMM",-0.85,3.09817973271206,5.99146454710798,TRUE,"OK"
10,500,0.1,0.1,"Oracle-GMM",-0.8,1.34097608966528,5.99146454710798,TRUE,"OK"
10,500,0.1,0.1,"Oracle-GMM",-0.75,4.24088185058743,5.99146454710798,TRUE,"OK"
10,500,0.1,0.1,"Oracle-GMM",-0.7,2.04815214830147,5.99146454710798,TRUE,"OK"
10,500,0.1,0.1,"Oracle-GMM",-0.65,2.19109910748347,5.99146454710798,TRUE,"OK"
10,500,0.1,0.1,"Oracle-GMM",-0.6,2.70217745636325,5.99146454710798,TRUE,"OK"
10,500,0.1,0.1,"Oracle-GMM",-0.55,3.63905475949958,5.99146454710798,TRUE,"OK"
10,500,0.1,0.1,"Oracle-GMM",-0.5,3.13041027414228,5.99146454710798,TRUE,"OK"
10,500,0.1,0.1,"Oracle-GMM",-0.45,4.38467590249732,5.99146454710798,TRUE,"OK"
10,500,0.1,0.1,"Oracle-GMM",-0.4,3.11420237317726,5.99146454710798,TRUE,"OK"
10,500,0.1,0.1,"Oracle-GMM",-0.35,4.48264434042904,5.99146454710798,TRUE,"OK"
10,500,0.1,0.1,"Oracle-GMM",-0.3,6.03257830117955,5.99146454710798,FALSE,"OK"
10,500,0.1,0.1,"Oracle-GMM",-0.25,6.07031859007452,5.99146454710798,FALSE,"OK"
10,500,0.1,0.1,"Oracle-GMM",-0.2,3.13682945831808,5.99146454710798,TRUE,"OK"
10,500,0.1,0.1,"Oracle-GMM",-0.15,4.9293855898769,5.99146454710798,TRUE,"OK"
10,500,0.1,0.1,"Oracle-GMM",-0.1,2.94548865559181,5.99146454710798,TRUE,"OK"
10,500,0.1,0.1,"Oracle-GMM",-0.0499999999999999,1.15200389164423,5.99146454710798,TRUE,"OK"
10,500,0.1,0.1,"Oracle-GMM",0,0.226586885732001,5.99146454710798,TRUE,"OK"
10,500,0.1,0.1,"Oracle-GMM",0.05,0.867562413898033,5.99146454710798,TRUE,"OK"
10,500,0.1,0.1,"Oracle-GMM",0.1,2.39403277690045,5.99146454710798,TRUE,"OK"
10,500,0.1,0.1,"Oracle-GMM",0.15,1.54331953101383,5.99146454710798,TRUE,"OK"
10,500,0.1,0.1,"Oracle-GMM",0.2,0.914340829746832,5.99146454710798,TRUE,"OK"
10,500,0.1,0.1,"Oracle-GMM",0.25,3.03952257078549,5.99146454710798,TRUE,"OK"
10,500,0.1,0.1,"Oracle-GMM",0.3,2.26813474006956,5.99146454710798,TRUE,"OK"
10,500,0.1,0.1,"Oracle-GMM",0.35,2.59958194904384,5.99146454710798,TRUE,"OK"
10,500,0.1,0.1,"Oracle-GMM",0.4,2.41097957719293,5.99146454710798,TRUE,"OK"
10,500,0.1,0.1,"Oracle-GMM",0.45,2.11251078468637,5.99146454710798,TRUE,"OK"
10,500,0.1,0.1,"Oracle-GMM",0.5,0.840318213395598,5.99146454710798,TRUE,"OK"
10,500,0.1,0.1,"Oracle-GMM",0.55,0.552974836995006,5.99146454710798,TRUE,"OK"
10,500,0.1,0.1,"Oracle-GMM",0.6,3.02970294975364,5.99146454710798,TRUE,"OK"
10,500,0.1,0.1,"Oracle-GMM",0.65,2.54871104151712,5.99146454710798,TRUE,"OK"
10,500,0.1,0.1,"Oracle-GMM",0.7,2.12625094002328,5.99146454710798,TRUE,"OK"
10,500,0.1,0.1,"Oracle-GMM",0.75,2.909349209741,5.99146454710798,TRUE,"OK"
10,500,0.1,0.1,"Oracle-GMM",0.8,3.22023874432257,5.99146454710798,TRUE,"OK"
10,500,0.1,0.1,"Oracle-GMM",0.85,1.82566932297807,5.99146454710798,TRUE,"OK"
10,500,0.1,0.1,"Oracle-GMM",0.9,1.75479161563954,5.99146454710798,TRUE,"OK"
10,500,0.1,0.1,"Oracle-GMM",0.95,1.11210893499941,5.99146454710798,TRUE,"OK"
10,500,0.1,0.1,"Oracle-GMM",1,0.905344350730698,5.99146454710798,TRUE,"OK"
10,500,0.1,0.1,"Oracle-GMM",1.05,1.51843493516145,5.99146454710798,TRUE,"OK"
10,500,0.1,0.1,"Oracle-GMM",1.1,2.90279289604346,5.99146454710798,TRUE,"OK"
10,500,0.1,0.1,"Oracle-GMM",1.15,2.18277161754675,5.99146454710798,TRUE,"OK"
10,500,0.1,0.1,"Oracle-GMM",1.2,2.18824552553666,5.99146454710798,TRUE,"OK"
10,500,0.1,0.1,"Oracle-GMM",1.25,2.24443883694485,5.99146454710798,TRUE,"OK"
10,500,0.1,0.1,"Oracle-GMM",1.3,1.13567719197451,5.99146454710798,TRUE,"OK"
10,500,0.1,0.1,"Oracle-GMM",1.35,2.39313655218458,5.99146454710798,TRUE,"OK"
10,500,0.1,0.1,"Oracle-GMM",1.4,1.41937929805094,5.99146454710798,TRUE,"OK"
10,500,0.1,0.1,"Oracle-GMM",1.45,0.944033723240717,5.99146454710798,TRUE,"OK"
10,500,0.1,0.1,"Oracle-GMM",1.5,0.525177783958774,5.99146454710798,TRUE,"OK"
10,500,0.1,0.1,"Oracle-GMM",1.55,0.696185303873786,5.99146454710798,TRUE,"OK"
10,500,0.1,0.1,"Oracle-GMM",1.6,1.37761193868956,5.99146454710798,TRUE,"OK"
10,500,0.1,0.1,"Oracle-GMM",1.65,0.162831058775637,5.99146454710798,TRUE,"OK"
10,500,0.1,0.1,"Oracle-GMM",1.7,1.33738697737059,5.99146454710798,TRUE,"OK"
10,500,0.1,0.1,"Oracle-GMM",1.75,0.0185628135060793,5.99146454710798,TRUE,"OK"
10,500,0.1,0.1,"Oracle-GMM",1.8,1.21195055973407,5.99146454710798,TRUE,"OK"
10,500,0.1,0.1,"Oracle-GMM",1.85,0.617264568657102,5.99146454710798,TRUE,"OK"
10,500,0.1,0.1,"Oracle-GMM",1.9,0.0803250846989205,5.99146454710798,TRUE,"OK"
10,500,0.1,0.1,"Oracle-GMM",1.95,0.164958712411883,5.99146454710798,TRUE,"OK"
10,500,0.1,0.1,"Oracle-GMM",2,0.18841829453327,5.99146454710798,TRUE,"OK"
10,500,0.1,0.1,"Oracle-GMM",2.05,0.216078953823674,5.99146454710798,TRUE,"OK"
10,500,0.1,0.1,"Oracle-GMM",2.1,0.295726050180553,5.99146454710798,TRUE,"OK"
10,500,0.1,0.1,"Oracle-GMM",2.15,0.861214638309167,5.99146454710798,TRUE,"OK"
10,500,0.1,0.1,"Oracle-GMM",2.2,0.130762119618873,5.99146454710798,TRUE,"OK"
10,500,0.1,0.1,"Oracle-GMM",2.25,0.0390786826348823,5.99146454710798,TRUE,"OK"
10,500,0.1,0.1,"Oracle-GMM",2.3,0.164063356613414,5.99146454710798,TRUE,"OK"
10,500,0.1,0.1,"Oracle-GMM",2.35,0.380180950677208,5.99146454710798,TRUE,"OK"
10,500,0.1,0.1,"Oracle-GMM",2.4,0.0448420683722654,5.99146454710798,TRUE,"OK"
10,500,0.1,0.1,"Oracle-GMM",2.45,0.103308593650521,5.99146454710798,TRUE,"OK"
10,500,0.1,0.1,"Oracle-GMM",2.5,0.00108228074603489,5.99146454710798,TRUE,"OK"
10,500,0.1,0.1,"Oracle-GMM",2.55,0.222110644523032,5.99146454710798,TRUE,"OK"
10,500,0.1,0.1,"Oracle-GMM",2.6,0.0419798571918069,5.99146454710798,TRUE,"OK"
10,500,0.1,0.1,"Oracle-GMM",2.65,0.00159078350857952,5.99146454710798,TRUE,"OK"
10,500,0.1,0.1,"Oracle-GMM",2.7,0.0512159878857154,5.99146454710798,TRUE,"OK"
10,500,0.1,0.1,"Oracle-GMM",2.75,0.511491939347326,5.99146454710798,TRUE,"OK"
10,500,0.1,0.1,"Oracle-GMM",2.8,0.267415880200968,5.99146454710798,TRUE,"OK"
10,500,0.1,0.1,"Oracle-GMM",2.85,0.401572482290067,5.99146454710798,TRUE,"OK"
10,500,0.1,0.1,"Oracle-GMM",2.9,0.17466071437266,5.99146454710798,TRUE,"OK"
10,500,0.1,0.1,"Oracle-GMM",2.95,0.0793333577281085,5.99146454710798,TRUE,"OK"
10,500,0.1,0.1,"Oracle-GMM",3,0.134791315468966,5.99146454710798,TRUE,"OK"
10,500,0.1,0.1,"Full-GMM",-1,1.59503715762381,5.99146454710798,TRUE,"OK"
10,500,0.1,0.1,"Full-GMM",-0.95,1.71088896142279,5.99146454710798,TRUE,"OK"
10,500,0.1,0.1,"Full-GMM",-0.9,0.26859887644779,5.99146454710798,TRUE,"OK"
10,500,0.1,0.1,"Full-GMM",-0.85,0.841938303788589,5.99146454710798,TRUE,"OK"
10,500,0.1,0.1,"Full-GMM",-0.8,0.957803884294593,5.99146454710798,TRUE,"OK"
10,500,0.1,0.1,"Full-GMM",-0.75,1.52010371724805,5.99146454710798,TRUE,"OK"
10,500,0.1,0.1,"Full-GMM",-0.7,1.01088739642442,5.99146454710798,TRUE,"OK"
10,500,0.1,0.1,"Full-GMM",-0.65,2.05179423560402,5.99146454710798,TRUE,"OK"
10,500,0.1,0.1,"Full-GMM",-0.6,2.05767372171079,5.99146454710798,TRUE,"OK"
10,500,0.1,0.1,"Full-GMM",-0.55,3.18323797507611,5.99146454710798,TRUE,"OK"
10,500,0.1,0.1,"Full-GMM",-0.5,0.916596806465473,5.99146454710798,TRUE,"OK"
10,500,0.1,0.1,"Full-GMM",-0.45,1.47853413164356,5.99146454710798,TRUE,"OK"
10,500,0.1,0.1,"Full-GMM",-0.4,1.24062633208302,5.99146454710798,TRUE,"OK"
10,500,0.1,0.1,"Full-GMM",-0.35,4.28782888526761,5.99146454710798,TRUE,"OK"
10,500,0.1,0.1,"Full-GMM",-0.3,2.7186231323083,5.99146454710798,TRUE,"OK"
10,500,0.1,0.1,"Full-GMM",-0.25,0.417797145667867,5.99146454710798,TRUE,"OK"
10,500,0.1,0.1,"Full-GMM",-0.2,4.57365810846349,5.99146454710798,TRUE,"OK"
10,500,0.1,0.1,"Full-GMM",-0.15,1.87103308693075,5.99146454710798,TRUE,"OK"
10,500,0.1,0.1,"Full-GMM",-0.1,0.183175926909917,5.99146454710798,TRUE,"OK"
10,500,0.1,0.1,"Full-GMM",-0.0499999999999999,2.08692563419985,5.99146454710798,TRUE,"OK"
10,500,0.1,0.1,"Full-GMM",0,0.202011476755195,5.99146454710798,TRUE,"OK"
10,500,0.1,0.1,"Full-GMM",0.05,0.812980131009212,5.99146454710798,TRUE,"OK"
10,500,0.1,0.1,"Full-GMM",0.1,0.829524452604688,5.99146454710798,TRUE,"OK"
10,500,0.1,0.1,"Full-GMM",0.15,2.55634975537026,5.99146454710798,TRUE,"OK"
10,500,0.1,0.1,"Full-GMM",0.2,1.63530941642422,5.99146454710798,TRUE,"OK"
10,500,0.1,0.1,"Full-GMM",0.25,2.10660406160427,5.99146454710798,TRUE,"OK"
10,500,0.1,0.1,"Full-GMM",0.3,1.13826934158418,5.99146454710798,TRUE,"OK"
10,500,0.1,0.1,"Full-GMM",0.35,0.637932046646926,5.99146454710798,TRUE,"OK"
10,500,0.1,0.1,"Full-GMM",0.4,1.92365448550087,5.99146454710798,TRUE,"OK"
10,500,0.1,0.1,"Full-GMM",0.45,0.465546109515362,5.99146454710798,TRUE,"OK"
10,500,0.1,0.1,"Full-GMM",0.5,0.212168017051841,5.99146454710798,TRUE,"OK"
10,500,0.1,0.1,"Full-GMM",0.55,0.591436773475599,5.99146454710798,TRUE,"OK"
10,500,0.1,0.1,"Full-GMM",0.6,0.0514188825956215,5.99146454710798,TRUE,"OK"
10,500,0.1,0.1,"Full-GMM",0.65,0.69544575710225,5.99146454710798,TRUE,"OK"
10,500,0.1,0.1,"Full-GMM",0.7,0.885391605989137,5.99146454710798,TRUE,"OK"
10,500,0.1,0.1,"Full-GMM",0.75,0.791298508047921,5.99146454710798,TRUE,"OK"
10,500,0.1,0.1,"Full-GMM",0.8,2.27131992599928,5.99146454710798,TRUE,"OK"
10,500,0.1,0.1,"Full-GMM",0.85,1.51033366828446,5.99146454710798,TRUE,"OK"
10,500,0.1,0.1,"Full-GMM",0.9,0.779109232882075,5.99146454710798,TRUE,"OK"
10,500,0.1,0.1,"Full-GMM",0.95,2.84016134023072,5.99146454710798,TRUE,"OK"
10,500,0.1,0.1,"Full-GMM",1,2.37984811643584,5.99146454710798,TRUE,"OK"
10,500,0.1,0.1,"Full-GMM",1.05,4.61980467404026,5.99146454710798,TRUE,"OK"
10,500,0.1,0.1,"Full-GMM",1.1,8.86549485467906,5.99146454710798,FALSE,"OK"
10,500,0.1,0.1,"Full-GMM",1.15,3.14023806547482,5.99146454710798,TRUE,"OK"
10,500,0.1,0.1,"Full-GMM",1.2,5.11401669650455,5.99146454710798,TRUE,"OK"
10,500,0.1,0.1,"Full-GMM",1.25,1.82611868195701,5.99146454710798,TRUE,"OK"
10,500,0.1,0.1,"Full-GMM",1.3,0.234881432306393,5.99146454710798,TRUE,"OK"
10,500,0.1,0.1,"Full-GMM",1.35,0.223865654082227,5.99146454710798,TRUE,"OK"
10,500,0.1,0.1,"Full-GMM",1.4,3.47508632651336,5.99146454710798,TRUE,"OK"
10,500,0.1,0.1,"Full-GMM",1.45,2.16886196000933,5.99146454710798,TRUE,"OK"
10,500,0.1,0.1,"Full-GMM",1.5,0.323991879243534,5.99146454710798,TRUE,"OK"
10,500,0.1,0.1,"Full-GMM",1.55,0.558284579685387,5.99146454710798,TRUE,"OK"
10,500,0.1,0.1,"Full-GMM",1.6,3.05535846172081,5.99146454710798,TRUE,"OK"
10,500,0.1,0.1,"Full-GMM",1.65,1.21211988520635,5.99146454710798,TRUE,"OK"
10,500,0.1,0.1,"Full-GMM",1.7,0.822326244940044,5.99146454710798,TRUE,"OK"
10,500,0.1,0.1,"Full-GMM",1.75,0.44412244641471,5.99146454710798,TRUE,"OK"
10,500,0.1,0.1,"Full-GMM",1.8,0.962055752389024,5.99146454710798,TRUE,"OK"
10,500,0.1,0.1,"Full-GMM",1.85,0.28444466789778,5.99146454710798,TRUE,"OK"
10,500,0.1,0.1,"Full-GMM",1.9,3.21924859731167,5.99146454710798,TRUE,"OK"
10,500,0.1,0.1,"Full-GMM",1.95,1.43533079889969,5.99146454710798,TRUE,"OK"
10,500,0.1,0.1,"Full-GMM",2,1.05137813343629,5.99146454710798,TRUE,"OK"
10,500,0.1,0.1,"Full-GMM",2.05,0.0991261497013129,5.99146454710798,TRUE,"OK"
10,500,0.1,0.1,"Full-GMM",2.1,1.22360093316824,5.99146454710798,TRUE,"OK"
10,500,0.1,0.1,"Full-GMM",2.15,1.37607918392838,5.99146454710798,TRUE,"OK"
10,500,0.1,0.1,"Full-GMM",2.2,2.96632176749791,5.99146454710798,TRUE,"OK"
10,500,0.1,0.1,"Full-GMM",2.25,1.14339504272441,5.99146454710798,TRUE,"OK"
10,500,0.1,0.1,"Full-GMM",2.3,1.5139168777782,5.99146454710798,TRUE,"OK"
10,500,0.1,0.1,"Full-GMM",2.35,4.00515536564372,5.99146454710798,TRUE,"OK"
10,500,0.1,0.1,"Full-GMM",2.4,1.17289350327327,5.99146454710798,TRUE,"OK"
10,500,0.1,0.1,"Full-GMM",2.45,0.403780310510297,5.99146454710798,TRUE,"OK"
10,500,0.1,0.1,"Full-GMM",2.5,1.04650007749984,5.99146454710798,TRUE,"OK"
10,500,0.1,0.1,"Full-GMM",2.55,1.25102901269655,5.99146454710798,TRUE,"OK"
10,500,0.1,0.1,"Full-GMM",2.6,0.00292954418084289,5.99146454710798,TRUE,"OK"
10,500,0.1,0.1,"Full-GMM",2.65,0.411800468018814,5.99146454710798,TRUE,"OK"
10,500,0.1,0.1,"Full-GMM",2.7,0.497655789435047,5.99146454710798,TRUE,"OK"
10,500,0.1,0.1,"Full-GMM",2.75,1.14542160719645,5.99146454710798,TRUE,"OK"
10,500,0.1,0.1,"Full-GMM",2.8,0.604616442225281,5.99146454710798,TRUE,"OK"
10,500,0.1,0.1,"Full-GMM",2.85,0.85097686181803,5.99146454710798,TRUE,"OK"
10,500,0.1,0.1,"Full-GMM",2.9,0.478801774761999,5.99146454710798,TRUE,"OK"
10,500,0.1,0.1,"Full-GMM",2.95,2.82976019136792,5.99146454710798,TRUE,"OK"
10,500,0.1,0.1,"Full-GMM",3,0.322166895732681,5.99146454710798,TRUE,"OK"
10,500,0.1,0.1,"DML-IVQR",-1,8.19748843258435,5.99146454710798,FALSE,"OK"
10,500,0.1,0.1,"DML-IVQR",-0.95,8.03085572291446,5.99146454710798,FALSE,"OK"
10,500,0.1,0.1,"DML-IVQR",-0.9,5.48617005290947,5.99146454710798,TRUE,"OK"
10,500,0.1,0.1,"DML-IVQR",-0.85,6.93548129287613,5.99146454710798,FALSE,"OK"
10,500,0.1,0.1,"DML-IVQR",-0.8,9.34741298940124,5.99146454710798,FALSE,"OK"
10,500,0.1,0.1,"DML-IVQR",-0.75,2.36557308001628,5.99146454710798,TRUE,"OK"
10,500,0.1,0.1,"DML-IVQR",-0.7,7.9305086064585,5.99146454710798,FALSE,"OK"
10,500,0.1,0.1,"DML-IVQR",-0.65,7.8649437944062,5.99146454710798,FALSE,"OK"
10,500,0.1,0.1,"DML-IVQR",-0.6,8.22948326002178,5.99146454710798,FALSE,"OK"
10,500,0.1,0.1,"DML-IVQR",-0.55,8.67578922499814,5.99146454710798,FALSE,"OK"
10,500,0.1,0.1,"DML-IVQR",-0.5,4.18220190845704,5.99146454710798,TRUE,"OK"
10,500,0.1,0.1,"DML-IVQR",-0.45,4.42629137421691,5.99146454710798,TRUE,"OK"
10,500,0.1,0.1,"DML-IVQR",-0.4,4.77722547876982,5.99146454710798,TRUE,"OK"
10,500,0.1,0.1,"DML-IVQR",-0.35,2.29703916224224,5.99146454710798,TRUE,"OK"
10,500,0.1,0.1,"DML-IVQR",-0.3,4.34816428071199,5.99146454710798,TRUE,"OK"
10,500,0.1,0.1,"DML-IVQR",-0.25,3.25874428233053,5.99146454710798,TRUE,"OK"
10,500,0.1,0.1,"DML-IVQR",-0.2,4.38126995406597,5.99146454710798,TRUE,"OK"
10,500,0.1,0.1,"DML-IVQR",-0.15,6.94991917045973,5.99146454710798,FALSE,"OK"
10,500,0.1,0.1,"DML-IVQR",-0.1,6.31540093570975,5.99146454710798,FALSE,"OK"
10,500,0.1,0.1,"DML-IVQR",-0.0499999999999999,4.48172933025229,5.99146454710798,TRUE,"OK"
10,500,0.1,0.1,"DML-IVQR",0,4.86049547381679,5.99146454710798,TRUE,"OK"
10,500,0.1,0.1,"DML-IVQR",0.05,5.14219845676316,5.99146454710798,TRUE,"OK"
10,500,0.1,0.1,"DML-IVQR",0.1,7.2272335192384,5.99146454710798,FALSE,"OK"
10,500,0.1,0.1,"DML-IVQR",0.15,4.43612828795851,5.99146454710798,TRUE,"OK"
10,500,0.1,0.1,"DML-IVQR",0.2,2.33551210234211,5.99146454710798,TRUE,"OK"
10,500,0.1,0.1,"DML-IVQR",0.25,3.50825237013301,5.99146454710798,TRUE,"OK"
10,500,0.1,0.1,"DML-IVQR",0.3,3.94426937597086,5.99146454710798,TRUE,"OK"
10,500,0.1,0.1,"DML-IVQR",0.35,1.44297583344706,5.99146454710798,TRUE,"OK"
10,500,0.1,0.1,"DML-IVQR",0.4,1.10866093911959,5.99146454710798,TRUE,"OK"
10,500,0.1,0.1,"DML-IVQR",0.45,0.602034147804396,5.99146454710798,TRUE,"OK"
10,500,0.1,0.1,"DML-IVQR",0.5,1.16432785533401,5.99146454710798,TRUE,"OK"
10,500,0.1,0.1,"DML-IVQR",0.55,1.09311264270885,5.99146454710798,TRUE,"OK"
10,500,0.1,0.1,"DML-IVQR",0.6,0.326092015897633,5.99146454710798,TRUE,"OK"
10,500,0.1,0.1,"DML-IVQR",0.65,0.658376301056621,5.99146454710798,TRUE,"OK"
10,500,0.1,0.1,"DML-IVQR",0.7,0.768815628664111,5.99146454710798,TRUE,"OK"
10,500,0.1,0.1,"DML-IVQR",0.75,0.718998067549141,5.99146454710798,TRUE,"OK"
10,500,0.1,0.1,"DML-IVQR",0.8,1.67037735569524,5.99146454710798,TRUE,"OK"
10,500,0.1,0.1,"DML-IVQR",0.85,0.98488078286822,5.99146454710798,TRUE,"OK"
10,500,0.1,0.1,"DML-IVQR",0.9,0.495029024824995,5.99146454710798,TRUE,"OK"
10,500,0.1,0.1,"DML-IVQR",0.95,0.44554992733592,5.99146454710798,TRUE,"OK"
10,500,0.1,0.1,"DML-IVQR",1,1.54266945629389,5.99146454710798,TRUE,"OK"
10,500,0.1,0.1,"DML-IVQR",1.05,3.03515243835916,5.99146454710798,TRUE,"OK"
10,500,0.1,0.1,"DML-IVQR",1.1,3.8151736757714,5.99146454710798,TRUE,"OK"
10,500,0.1,0.1,"DML-IVQR",1.15,4.14994352992961,5.99146454710798,TRUE,"OK"
10,500,0.1,0.1,"DML-IVQR",1.2,5.73519844824131,5.99146454710798,TRUE,"OK"
10,500,0.1,0.1,"DML-IVQR",1.25,2.19664664697658,5.99146454710798,TRUE,"OK"
10,500,0.1,0.1,"DML-IVQR",1.3,2.98274033792305,5.99146454710798,TRUE,"OK"
10,500,0.1,0.1,"DML-IVQR",1.35,4.44021010391389,5.99146454710798,TRUE,"OK"
10,500,0.1,0.1,"DML-IVQR",1.4,3.23713318811026,5.99146454710798,TRUE,"OK"
10,500,0.1,0.1,"DML-IVQR",1.45,3.27153184827398,5.99146454710798,TRUE,"OK"
10,500,0.1,0.1,"DML-IVQR",1.5,3.19168733942947,5.99146454710798,TRUE,"OK"
10,500,0.1,0.1,"DML-IVQR",1.55,2.90459374026082,5.99146454710798,TRUE,"OK"
10,500,0.1,0.1,"DML-IVQR",1.6,2.90186617022982,5.99146454710798,TRUE,"OK"
10,500,0.1,0.1,"DML-IVQR",1.65,3.04677421770606,5.99146454710798,TRUE,"OK"
10,500,0.1,0.1,"DML-IVQR",1.7,3.07013908066049,5.99146454710798,TRUE,"OK"
10,500,0.1,0.1,"DML-IVQR",1.75,3.65374911625577,5.99146454710798,TRUE,"OK"
10,500,0.1,0.1,"DML-IVQR",1.8,3.7370388205983,5.99146454710798,TRUE,"OK"
10,500,0.1,0.1,"DML-IVQR",1.85,2.87938092096054,5.99146454710798,TRUE,"OK"
10,500,0.1,0.1,"DML-IVQR",1.9,3.43565458714781,5.99146454710798,TRUE,"OK"
10,500,0.1,0.1,"DML-IVQR",1.95,2.06569097237716,5.99146454710798,TRUE,"OK"
10,500,0.1,0.1,"DML-IVQR",2,2.98484901796379,5.99146454710798,TRUE,"OK"
10,500,0.1,0.1,"DML-IVQR",2.05,3.85992004975673,5.99146454710798,TRUE,"OK"
10,500,0.1,0.1,"DML-IVQR",2.1,2.66709216358166,5.99146454710798,TRUE,"OK"
10,500,0.1,0.1,"DML-IVQR",2.15,3.93935755463349,5.99146454710798,TRUE,"OK"
10,500,0.1,0.1,"DML-IVQR",2.2,2.70924508702855,5.99146454710798,TRUE,"OK"
10,500,0.1,0.1,"DML-IVQR",2.25,2.70825864764945,5.99146454710798,TRUE,"OK"
10,500,0.1,0.1,"DML-IVQR",2.3,2.84288640727131,5.99146454710798,TRUE,"OK"
10,500,0.1,0.1,"DML-IVQR",2.35,1.35332726212206,5.99146454710798,TRUE,"OK"
10,500,0.1,0.1,"DML-IVQR",2.4,0.847178334068224,5.99146454710798,TRUE,"OK"
10,500,0.1,0.1,"DML-IVQR",2.45,0.68130717605243,5.99146454710798,TRUE,"OK"
10,500,0.1,0.1,"DML-IVQR",2.5,0.627692094116917,5.99146454710798,TRUE,"OK"
10,500,0.1,0.1,"DML-IVQR",2.55,0.609399885314622,5.99146454710798,TRUE,"OK"
10,500,0.1,0.1,"DML-IVQR",2.6,0.611925194069815,5.99146454710798,TRUE,"OK"
10,500,0.1,0.1,"DML-IVQR",2.65,0.564615974768875,5.99146454710798,TRUE,"OK"
10,500,0.1,0.1,"DML-IVQR",2.7,0.72347367284434,5.99146454710798,TRUE,"OK"
10,500,0.1,0.1,"DML-IVQR",2.75,0.712210938551075,5.99146454710798,TRUE,"OK"
10,500,0.1,0.1,"DML-IVQR",2.8,0.753602518418139,5.99146454710798,TRUE,"OK"
10,500,0.1,0.1,"DML-IVQR",2.85,2.31694161388419,5.99146454710798,TRUE,"OK"
10,500,0.1,0.1,"DML-IVQR",2.9,0.726501951678289,5.99146454710798,TRUE,"OK"
10,500,0.1,0.1,"DML-IVQR",2.95,1.17147134897975,5.99146454710798,TRUE,"OK"
10,500,0.1,0.1,"DML-IVQR",3,1.22718252574599,5.99146454710798,TRUE,"OK"
10,500,0.1,0.5,"Oracle-GMM",-1,2.81864046408535,5.99146454710798,TRUE,"OK"
10,500,0.1,0.5,"Oracle-GMM",-0.95,2.23883172331867,5.99146454710798,TRUE,"OK"
10,500,0.1,0.5,"Oracle-GMM",-0.9,2.82240034149576,5.99146454710798,TRUE,"OK"
10,500,0.1,0.5,"Oracle-GMM",-0.85,1.80576663604903,5.99146454710798,TRUE,"OK"
10,500,0.1,0.5,"Oracle-GMM",-0.8,1.77319259199715,5.99146454710798,TRUE,"OK"
10,500,0.1,0.5,"Oracle-GMM",-0.75,1.88302106214583,5.99146454710798,TRUE,"OK"
10,500,0.1,0.5,"Oracle-GMM",-0.7,1.90053667084632,5.99146454710798,TRUE,"OK"
10,500,0.1,0.5,"Oracle-GMM",-0.65,2.51051904848163,5.99146454710798,TRUE,"OK"
10,500,0.1,0.5,"Oracle-GMM",-0.6,3.11439360715393,5.99146454710798,TRUE,"OK"
10,500,0.1,0.5,"Oracle-GMM",-0.55,2.44246584694212,5.99146454710798,TRUE,"OK"
10,500,0.1,0.5,"Oracle-GMM",-0.5,3.25851323160819,5.99146454710798,TRUE,"OK"
10,500,0.1,0.5,"Oracle-GMM",-0.45,3.01129664052814,5.99146454710798,TRUE,"OK"
10,500,0.1,0.5,"Oracle-GMM",-0.4,3.1273780162033,5.99146454710798,TRUE,"OK"
10,500,0.1,0.5,"Oracle-GMM",-0.35,3.90928660452303,5.99146454710798,TRUE,"OK"
10,500,0.1,0.5,"Oracle-GMM",-0.3,3.21004658419791,5.99146454710798,TRUE,"OK"
10,500,0.1,0.5,"Oracle-GMM",-0.25,2.03995692076974,5.99146454710798,TRUE,"OK"
10,500,0.1,0.5,"Oracle-GMM",-0.2,2.51791931376662,5.99146454710798,TRUE,"OK"
10,500,0.1,0.5,"Oracle-GMM",-0.15,2.52016515547585,5.99146454710798,TRUE,"OK"
10,500,0.1,0.5,"Oracle-GMM",-0.1,2.40167882746122,5.99146454710798,TRUE,"OK"
10,500,0.1,0.5,"Oracle-GMM",-0.0499999999999999,1.45997003823329,5.99146454710798,TRUE,"OK"
10,500,0.1,0.5,"Oracle-GMM",0,2.05099042992973,5.99146454710798,TRUE,"OK"
10,500,0.1,0.5,"Oracle-GMM",0.05,2.26319716620829,5.99146454710798,TRUE,"OK"
10,500,0.1,0.5,"Oracle-GMM",0.1,1.66546065891583,5.99146454710798,TRUE,"OK"
10,500,0.1,0.5,"Oracle-GMM",0.15,2.03534313322594,5.99146454710798,TRUE,"OK"
10,500,0.1,0.5,"Oracle-GMM",0.2,1.78455369089745,5.99146454710798,TRUE,"OK"
10,500,0.1,0.5,"Oracle-GMM",0.25,0.769250732984255,5.99146454710798,TRUE,"OK"
10,500,0.1,0.5,"Oracle-GMM",0.3,1.03839009473199,5.99146454710798,TRUE,"OK"
10,500,0.1,0.5,"Oracle-GMM",0.35,1.09275069774794,5.99146454710798,TRUE,"OK"
10,500,0.1,0.5,"Oracle-GMM",0.4,0.59122826453153,5.99146454710798,TRUE,"OK"
10,500,0.1,0.5,"Oracle-GMM",0.45,0.395851138831842,5.99146454710798,TRUE,"OK"
10,500,0.1,0.5,"Oracle-GMM",0.5,1.43627361590395,5.99146454710798,TRUE,"OK"
10,500,0.1,0.5,"Oracle-GMM",0.55,1.2632889066704,5.99146454710798,TRUE,"OK"
10,500,0.1,0.5,"Oracle-GMM",0.6,1.45122408712653,5.99146454710798,TRUE,"OK"
10,500,0.1,0.5,"Oracle-GMM",0.65,0.697516342206501,5.99146454710798,TRUE,"OK"
10,500,0.1,0.5,"Oracle-GMM",0.7,1.23760591101186,5.99146454710798,TRUE,"OK"
10,500,0.1,0.5,"Oracle-GMM",0.75,0.343089602924958,5.99146454710798,TRUE,"OK"
10,500,0.1,0.5,"Oracle-GMM",0.8,0.457698099796828,5.99146454710798,TRUE,"OK"
10,500,0.1,0.5,"Oracle-GMM",0.85,0.712081815192846,5.99146454710798,TRUE,"OK"
10,500,0.1,0.5,"Oracle-GMM",0.9,0.921015791073306,5.99146454710798,TRUE,"OK"
10,500,0.1,0.5,"Oracle-GMM",0.95,1.34586301331056,5.99146454710798,TRUE,"OK"
10,500,0.1,0.5,"Oracle-GMM",1,1.13272596991073,5.99146454710798,TRUE,"OK"
10,500,0.1,0.5,"Oracle-GMM",1.05,0.610049811685718,5.99146454710798,TRUE,"OK"
10,500,0.1,0.5,"Oracle-GMM",1.1,0.280655259064232,5.99146454710798,TRUE,"OK"
10,500,0.1,0.5,"Oracle-GMM",1.15,0.151320490652573,5.99146454710798,TRUE,"OK"
10,500,0.1,0.5,"Oracle-GMM",1.2,0.302465148336764,5.99146454710798,TRUE,"OK"
10,500,0.1,0.5,"Oracle-GMM",1.25,0.453025208979643,5.99146454710798,TRUE,"OK"
10,500,0.1,0.5,"Oracle-GMM",1.3,0.639482178210065,5.99146454710798,TRUE,"OK"
10,500,0.1,0.5,"Oracle-GMM",1.35,0.327335095167827,5.99146454710798,TRUE,"OK"
10,500,0.1,0.5,"Oracle-GMM",1.4,0.0215706241483901,5.99146454710798,TRUE,"OK"
10,500,0.1,0.5,"Oracle-GMM",1.45,0.577366441100658,5.99146454710798,TRUE,"OK"
10,500,0.1,0.5,"Oracle-GMM",1.5,0.339281660193816,5.99146454710798,TRUE,"OK"
10,500,0.1,0.5,"Oracle-GMM",1.55,0.350226126035305,5.99146454710798,TRUE,"OK"
10,500,0.1,0.5,"Oracle-GMM",1.6,0.17546589986749,5.99146454710798,TRUE,"OK"
10,500,0.1,0.5,"Oracle-GMM",1.65,0.53141801113629,5.99146454710798,TRUE,"OK"
10,500,0.1,0.5,"Oracle-GMM",1.7,0.131860531271374,5.99146454710798,TRUE,"OK"
10,500,0.1,0.5,"Oracle-GMM",1.75,0.179689915073215,5.99146454710798,TRUE,"OK"
10,500,0.1,0.5,"Oracle-GMM",1.8,0.405403557773827,5.99146454710798,TRUE,"OK"
10,500,0.1,0.5,"Oracle-GMM",1.85,0.639004587023105,5.99146454710798,TRUE,"OK"
10,500,0.1,0.5,"Oracle-GMM",1.9,0.119735000697124,5.99146454710798,TRUE,"OK"
10,500,0.1,0.5,"Oracle-GMM",1.95,0.0596554454657147,5.99146454710798,TRUE,"OK"
10,500,0.1,0.5,"Oracle-GMM",2,0.199334551521859,5.99146454710798,TRUE,"OK"
10,500,0.1,0.5,"Oracle-GMM",2.05,0.0143137935190477,5.99146454710798,TRUE,"OK"
10,500,0.1,0.5,"Oracle-GMM",2.1,0.025106915612285,5.99146454710798,TRUE,"OK"
10,500,0.1,0.5,"Oracle-GMM",2.15,0.0574657744998575,5.99146454710798,TRUE,"OK"
10,500,0.1,0.5,"Oracle-GMM",2.2,0.648641016418806,5.99146454710798,TRUE,"OK"
10,500,0.1,0.5,"Oracle-GMM",2.25,0.867163303170107,5.99146454710798,TRUE,"OK"
10,500,0.1,0.5,"Oracle-GMM",2.3,0.706584053872606,5.99146454710798,TRUE,"OK"
10,500,0.1,0.5,"Oracle-GMM",2.35,1.01694503584038,5.99146454710798,TRUE,"OK"
10,500,0.1,0.5,"Oracle-GMM",2.4,1.58292506092998,5.99146454710798,TRUE,"OK"
10,500,0.1,0.5,"Oracle-GMM",2.45,1.54900102350646,5.99146454710798,TRUE,"OK"
10,500,0.1,0.5,"Oracle-GMM",2.5,1.27638094280397,5.99146454710798,TRUE,"OK"
10,500,0.1,0.5,"Oracle-GMM",2.55,1.77559752122462,5.99146454710798,TRUE,"OK"
10,500,0.1,0.5,"Oracle-GMM",2.6,2.09872866064867,5.99146454710798,TRUE,"OK"
10,500,0.1,0.5,"Oracle-GMM",2.65,1.00780968363857,5.99146454710798,TRUE,"OK"
10,500,0.1,0.5,"Oracle-GMM",2.7,1.23047400172964,5.99146454710798,TRUE,"OK"
10,500,0.1,0.5,"Oracle-GMM",2.75,1.86204741915149,5.99146454710798,TRUE,"OK"
10,500,0.1,0.5,"Oracle-GMM",2.8,1.99243440867926,5.99146454710798,TRUE,"OK"
10,500,0.1,0.5,"Oracle-GMM",2.85,1.66685445821571,5.99146454710798,TRUE,"OK"
10,500,0.1,0.5,"Oracle-GMM",2.9,2.31671039673249,5.99146454710798,TRUE,"OK"
10,500,0.1,0.5,"Oracle-GMM",2.95,1.44740955568424,5.99146454710798,TRUE,"OK"
10,500,0.1,0.5,"Oracle-GMM",3,2.73256510674378,5.99146454710798,TRUE,"OK"
10,500,0.1,0.5,"Full-GMM",-1,3.84095873836842,5.99146454710798,TRUE,"OK"
10,500,0.1,0.5,"Full-GMM",-0.95,3.15647928476568,5.99146454710798,TRUE,"OK"
10,500,0.1,0.5,"Full-GMM",-0.9,2.77094348831978,5.99146454710798,TRUE,"OK"
10,500,0.1,0.5,"Full-GMM",-0.85,2.28223540351008,5.99146454710798,TRUE,"OK"
10,500,0.1,0.5,"Full-GMM",-0.8,4.03488886499152,5.99146454710798,TRUE,"OK"
10,500,0.1,0.5,"Full-GMM",-0.75,2.76662417324481,5.99146454710798,TRUE,"OK"
10,500,0.1,0.5,"Full-GMM",-0.7,2.09961065217518,5.99146454710798,TRUE,"OK"
10,500,0.1,0.5,"Full-GMM",-0.65,2.67543535864426,5.99146454710798,TRUE,"OK"
10,500,0.1,0.5,"Full-GMM",-0.6,4.40597971395536,5.99146454710798,TRUE,"OK"
10,500,0.1,0.5,"Full-GMM",-0.55,3.07865834910809,5.99146454710798,TRUE,"OK"
10,500,0.1,0.5,"Full-GMM",-0.5,4.82398155186651,5.99146454710798,TRUE,"OK"
10,500,0.1,0.5,"Full-GMM",-0.45,4.75156804634815,5.99146454710798,TRUE,"OK"
10,500,0.1,0.5,"Full-GMM",-0.4,3.88009329380912,5.99146454710798,TRUE,"OK"
10,500,0.1,0.5,"Full-GMM",-0.35,4.3810190100134,5.99146454710798,TRUE,"OK"
10,500,0.1,0.5,"Full-GMM",-0.3,3.12382621211376,5.99146454710798,TRUE,"OK"
10,500,0.1,0.5,"Full-GMM",-0.25,2.37787806391353,5.99146454710798,TRUE,"OK"
10,500,0.1,0.5,"Full-GMM",-0.2,2.17360608383381,5.99146454710798,TRUE,"OK"
10,500,0.1,0.5,"Full-GMM",-0.15,1.79659782201565,5.99146454710798,TRUE,"OK"
10,500,0.1,0.5,"Full-GMM",-0.1,0.736289641826449,5.99146454710798,TRUE,"OK"
10,500,0.1,0.5,"Full-GMM",-0.0499999999999999,1.06810092267094,5.99146454710798,TRUE,"OK"
10,500,0.1,0.5,"Full-GMM",0,2.27035215473825,5.99146454710798,TRUE,"OK"
10,500,0.1,0.5,"Full-GMM",0.05,1.63106615587028,5.99146454710798,TRUE,"OK"
10,500,0.1,0.5,"Full-GMM",0.1,2.63194810410045,5.99146454710798,TRUE,"OK"
10,500,0.1,0.5,"Full-GMM",0.15,1.74959119310426,5.99146454710798,TRUE,"OK"
10,500,0.1,0.5,"Full-GMM",0.2,0.480773237073805,5.99146454710798,TRUE,"OK"
10,500,0.1,0.5,"Full-GMM",0.25,4.47663272554949,5.99146454710798,TRUE,"OK"
10,500,0.1,0.5,"Full-GMM",0.3,1.00106084663586,5.99146454710798,TRUE,"OK"
10,500,0.1,0.5,"Full-GMM",0.35,2.80457273806771,5.99146454710798,TRUE,"OK"
10,500,0.1,0.5,"Full-GMM",0.4,5.16284819213537,5.99146454710798,TRUE,"OK"
10,500,0.1,0.5,"Full-GMM",0.45,2.41860973386683,5.99146454710798,TRUE,"OK"
10,500,0.1,0.5,"Full-GMM",0.5,4.51275839238988,5.99146454710798,TRUE,"OK"
10,500,0.1,0.5,"Full-GMM",0.55,1.20267847926678,5.99146454710798,TRUE,"OK"
10,500,0.1,0.5,"Full-GMM",0.6,4.13520547824751,5.99146454710798,TRUE,"OK"
10,500,0.1,0.5,"Full-GMM",0.65,4.17592788128931,5.99146454710798,TRUE,"OK"
10,500,0.1,0.5,"Full-GMM",0.7,2.20427798156427,5.99146454710798,TRUE,"OK"
10,500,0.1,0.5,"Full-GMM",0.75,1.40063512801918,5.99146454710798,TRUE,"OK"
10,500,0.1,0.5,"Full-GMM",0.8,1.71360791918811,5.99146454710798,TRUE,"OK"
10,500,0.1,0.5,"Full-GMM",0.85,2.91712345518584,5.99146454710798,TRUE,"OK"
10,500,0.1,0.5,"Full-GMM",0.9,2.25654924429208,5.99146454710798,TRUE,"OK"
10,500,0.1,0.5,"Full-GMM",0.95,0.823188286914476,5.99146454710798,TRUE,"OK"
10,500,0.1,0.5,"Full-GMM",1,0.924044304997883,5.99146454710798,TRUE,"OK"
10,500,0.1,0.5,"Full-GMM",1.05,2.82076263158908,5.99146454710798,TRUE,"OK"
10,500,0.1,0.5,"Full-GMM",1.1,2.35783888329734,5.99146454710798,TRUE,"OK"
10,500,0.1,0.5,"Full-GMM",1.15,4.05657484425871,5.99146454710798,TRUE,"OK"
10,500,0.1,0.5,"Full-GMM",1.2,1.77304213407737,5.99146454710798,TRUE,"OK"
10,500,0.1,0.5,"Full-GMM",1.25,2.68975107878286,5.99146454710798,TRUE,"OK"
10,500,0.1,0.5,"Full-GMM",1.3,0.251676825791591,5.99146454710798,TRUE,"OK"
10,500,0.1,0.5,"Full-GMM",1.35,1.10584216922001,5.99146454710798,TRUE,"OK"
10,500,0.1,0.5,"Full-GMM",1.4,0.895018326328271,5.99146454710798,TRUE,"OK"
10,500,0.1,0.5,"Full-GMM",1.45,0.583440612841656,5.99146454710798,TRUE,"OK"
10,500,0.1,0.5,"Full-GMM",1.5,0.519306586055948,5.99146454710798,TRUE,"OK"
10,500,0.1,0.5,"Full-GMM",1.55,1.44222948763111,5.99146454710798,TRUE,"OK"
10,500,0.1,0.5,"Full-GMM",1.6,2.35778210362381,5.99146454710798,TRUE,"OK"
10,500,0.1,0.5,"Full-GMM",1.65,0.276870280748404,5.99146454710798,TRUE,"OK"
10,500,0.1,0.5,"Full-GMM",1.7,0.398994500634974,5.99146454710798,TRUE,"OK"
10,500,0.1,0.5,"Full-GMM",1.75,1.08020434226177,5.99146454710798,TRUE,"OK"
10,500,0.1,0.5,"Full-GMM",1.8,0.242808601537458,5.99146454710798,TRUE,"OK"
10,500,0.1,0.5,"Full-GMM",1.85,0.410016540688958,5.99146454710798,TRUE,"OK"
10,500,0.1,0.5,"Full-GMM",1.9,0.561372738015952,5.99146454710798,TRUE,"OK"
10,500,0.1,0.5,"Full-GMM",1.95,0.00221290206375612,5.99146454710798,TRUE,"OK"
10,500,0.1,0.5,"Full-GMM",2,0.0493953639739111,5.99146454710798,TRUE,"OK"
10,500,0.1,0.5,"Full-GMM",2.05,0.462801987616227,5.99146454710798,TRUE,"OK"
10,500,0.1,0.5,"Full-GMM",2.1,0.379841340660033,5.99146454710798,TRUE,"OK"
10,500,0.1,0.5,"Full-GMM",2.15,0.278939893439954,5.99146454710798,TRUE,"OK"
10,500,0.1,0.5,"Full-GMM",2.2,0.654273248663991,5.99146454710798,TRUE,"OK"
10,500,0.1,0.5,"Full-GMM",2.25,0.00750096186178073,5.99146454710798,TRUE,"OK"
10,500,0.1,0.5,"Full-GMM",2.3,0.256028956753348,5.99146454710798,TRUE,"OK"
10,500,0.1,0.5,"Full-GMM",2.35,0.0124081540478587,5.99146454710798,TRUE,"OK"
10,500,0.1,0.5,"Full-GMM",2.4,0.150442655871984,5.99146454710798,TRUE,"OK"
10,500,0.1,0.5,"Full-GMM",2.45,0.45512857376018,5.99146454710798,TRUE,"OK"
10,500,0.1,0.5,"Full-GMM",2.5,0.594146856280749,5.99146454710798,TRUE,"OK"
10,500,0.1,0.5,"Full-GMM",2.55,0.0459406235852198,5.99146454710798,TRUE,"OK"
10,500,0.1,0.5,"Full-GMM",2.6,0.17667823496823,5.99146454710798,TRUE,"OK"
10,500,0.1,0.5,"Full-GMM",2.65,0.0566416142472348,5.99146454710798,TRUE,"OK"
10,500,0.1,0.5,"Full-GMM",2.7,0.246551984823249,5.99146454710798,TRUE,"OK"
10,500,0.1,0.5,"Full-GMM",2.75,0.175044015447214,5.99146454710798,TRUE,"OK"
10,500,0.1,0.5,"Full-GMM",2.8,0.16134268408253,5.99146454710798,TRUE,"OK"
10,500,0.1,0.5,"Full-GMM",2.85,0.139349933008563,5.99146454710798,TRUE,"OK"
10,500,0.1,0.5,"Full-GMM",2.9,0.28831321087591,5.99146454710798,TRUE,"OK"
10,500,0.1,0.5,"Full-GMM",2.95,0.571246247967769,5.99146454710798,TRUE,"OK"
10,500,0.1,0.5,"Full-GMM",3,1.61974934571939,5.99146454710798,TRUE,"OK"
10,500,0.1,0.5,"DML-IVQR",-1,4.06322408724875,5.99146454710798,TRUE,"OK"
10,500,0.1,0.5,"DML-IVQR",-0.95,3.64071475058918,5.99146454710798,TRUE,"OK"
10,500,0.1,0.5,"DML-IVQR",-0.9,3.24638555574488,5.99146454710798,TRUE,"OK"
10,500,0.1,0.5,"DML-IVQR",-0.85,3.25431373229171,5.99146454710798,TRUE,"OK"
10,500,0.1,0.5,"DML-IVQR",-0.8,3.57817899199065,5.99146454710798,TRUE,"OK"
10,500,0.1,0.5,"DML-IVQR",-0.75,1.99083969388415,5.99146454710798,TRUE,"OK"
10,500,0.1,0.5,"DML-IVQR",-0.7,3.14251290026038,5.99146454710798,TRUE,"OK"
10,500,0.1,0.5,"DML-IVQR",-0.65,2.20449795529099,5.99146454710798,TRUE,"OK"
10,500,0.1,0.5,"DML-IVQR",-0.6,2.51747420787916,5.99146454710798,TRUE,"OK"
10,500,0.1,0.5,"DML-IVQR",-0.55,1.59587897290653,5.99146454710798,TRUE,"OK"
10,500,0.1,0.5,"DML-IVQR",-0.5,1.83438858516989,5.99146454710798,TRUE,"OK"
10,500,0.1,0.5,"DML-IVQR",-0.45,3.61950364373847,5.99146454710798,TRUE,"OK"
10,500,0.1,0.5,"DML-IVQR",-0.4,3.37092963131842,5.99146454710798,TRUE,"OK"
10,500,0.1,0.5,"DML-IVQR",-0.35,2.51851842907197,5.99146454710798,TRUE,"OK"
10,500,0.1,0.5,"DML-IVQR",-0.3,2.74385629790275,5.99146454710798,TRUE,"OK"
10,500,0.1,0.5,"DML-IVQR",-0.25,2.0840292920942,5.99146454710798,TRUE,"OK"
10,500,0.1,0.5,"DML-IVQR",-0.2,2.09245253535407,5.99146454710798,TRUE,"OK"
10,500,0.1,0.5,"DML-IVQR",-0.15,2.02361294739978,5.99146454710798,TRUE,"OK"
10,500,0.1,0.5,"DML-IVQR",-0.1,1.39097244099588,5.99146454710798,TRUE,"OK"
10,500,0.1,0.5,"DML-IVQR",-0.0499999999999999,2.32677008289947,5.99146454710798,TRUE,"OK"
10,500,0.1,0.5,"DML-IVQR",0,2.6824638141622,5.99146454710798,TRUE,"OK"
10,500,0.1,0.5,"DML-IVQR",0.05,2.11610547380103,5.99146454710798,TRUE,"OK"
10,500,0.1,0.5,"DML-IVQR",0.1,2.52781846505572,5.99146454710798,TRUE,"OK"
10,500,0.1,0.5,"DML-IVQR",0.15,2.13488609018355,5.99146454710798,TRUE,"OK"
10,500,0.1,0.5,"DML-IVQR",0.2,1.60270606142899,5.99146454710798,TRUE,"OK"
10,500,0.1,0.5,"DML-IVQR",0.25,1.36090632936816,5.99146454710798,TRUE,"OK"
10,500,0.1,0.5,"DML-IVQR",0.3,0.652919991690231,5.99146454710798,TRUE,"OK"
10,500,0.1,0.5,"DML-IVQR",0.35,0.277695835279098,5.99146454710798,TRUE,"OK"
10,500,0.1,0.5,"DML-IVQR",0.4,0.888339306496972,5.99146454710798,TRUE,"OK"
10,500,0.1,0.5,"DML-IVQR",0.45,1.54996134601937,5.99146454710798,TRUE,"OK"
10,500,0.1,0.5,"DML-IVQR",0.5,1.60066371503544,5.99146454710798,TRUE,"OK"
10,500,0.1,0.5,"DML-IVQR",0.55,0.471392565346165,5.99146454710798,TRUE,"OK"
10,500,0.1,0.5,"DML-IVQR",0.6,0.133866672547096,5.99146454710798,TRUE,"OK"
10,500,0.1,0.5,"DML-IVQR",0.65,1.00069635612422,5.99146454710798,TRUE,"OK"
10,500,0.1,0.5,"DML-IVQR",0.7,1.03435678668178,5.99146454710798,TRUE,"OK"
10,500,0.1,0.5,"DML-IVQR",0.75,0.663975228946201,5.99146454710798,TRUE,"OK"
10,500,0.1,0.5,"DML-IVQR",0.8,0.698099648568175,5.99146454710798,TRUE,"OK"
10,500,0.1,0.5,"DML-IVQR",0.85,0.282176539416494,5.99146454710798,TRUE,"OK"
10,500,0.1,0.5,"DML-IVQR",0.9,0.510568134818798,5.99146454710798,TRUE,"OK"
10,500,0.1,0.5,"DML-IVQR",0.95,0.372345091870756,5.99146454710798,TRUE,"OK"
10,500,0.1,0.5,"DML-IVQR",1,0.904119206621693,5.99146454710798,TRUE,"OK"
10,500,0.1,0.5,"DML-IVQR",1.05,0.329913814013235,5.99146454710798,TRUE,"OK"
10,500,0.1,0.5,"DML-IVQR",1.1,0.0282348502377758,5.99146454710798,TRUE,"OK"
10,500,0.1,0.5,"DML-IVQR",1.15,0.139588102294745,5.99146454710798,TRUE,"OK"
10,500,0.1,0.5,"DML-IVQR",1.2,1.30732826565886,5.99146454710798,TRUE,"OK"
10,500,0.1,0.5,"DML-IVQR",1.25,0.982565473745453,5.99146454710798,TRUE,"OK"
10,500,0.1,0.5,"DML-IVQR",1.3,1.17221499290981,5.99146454710798,TRUE,"OK"
10,500,0.1,0.5,"DML-IVQR",1.35,0.550486515643195,5.99146454710798,TRUE,"OK"
10,500,0.1,0.5,"DML-IVQR",1.4,0.406013359491026,5.99146454710798,TRUE,"OK"
10,500,0.1,0.5,"DML-IVQR",1.45,0.598315773502291,5.99146454710798,TRUE,"OK"
10,500,0.1,0.5,"DML-IVQR",1.5,1.07510852367777,5.99146454710798,TRUE,"OK"
10,500,0.1,0.5,"DML-IVQR",1.55,0.232001508570317,5.99146454710798,TRUE,"OK"
10,500,0.1,0.5,"DML-IVQR",1.6,0.125185234623066,5.99146454710798,TRUE,"OK"
10,500,0.1,0.5,"DML-IVQR",1.65,0.550007626153215,5.99146454710798,TRUE,"OK"
10,500,0.1,0.5,"DML-IVQR",1.7,0.340457091733407,5.99146454710798,TRUE,"OK"
10,500,0.1,0.5,"DML-IVQR",1.75,0.496036094327641,5.99146454710798,TRUE,"OK"
10,500,0.1,0.5,"DML-IVQR",1.8,0.188351623629023,5.99146454710798,TRUE,"OK"
10,500,0.1,0.5,"DML-IVQR",1.85,0.0426273578042434,5.99146454710798,TRUE,"OK"
10,500,0.1,0.5,"DML-IVQR",1.9,0.150570890613902,5.99146454710798,TRUE,"OK"
10,500,0.1,0.5,"DML-IVQR",1.95,0.0337290605837685,5.99146454710798,TRUE,"OK"
10,500,0.1,0.5,"DML-IVQR",2,0.250925959388865,5.99146454710798,TRUE,"OK"
10,500,0.1,0.5,"DML-IVQR",2.05,0.0513033451088778,5.99146454710798,TRUE,"OK"
10,500,0.1,0.5,"DML-IVQR",2.1,0.0262574719541508,5.99146454710798,TRUE,"OK"
10,500,0.1,0.5,"DML-IVQR",2.15,0.0335213497597022,5.99146454710798,TRUE,"OK"
10,500,0.1,0.5,"DML-IVQR",2.2,0.182695741928966,5.99146454710798,TRUE,"OK"
10,500,0.1,0.5,"DML-IVQR",2.25,0.222347431974977,5.99146454710798,TRUE,"OK"
10,500,0.1,0.5,"DML-IVQR",2.3,0.0750519874324472,5.99146454710798,TRUE,"OK"
10,500,0.1,0.5,"DML-IVQR",2.35,0.247333271561949,5.99146454710798,TRUE,"OK"
10,500,0.1,0.5,"DML-IVQR",2.4,0.516125462636723,5.99146454710798,TRUE,"OK"
10,500,0.1,0.5,"DML-IVQR",2.45,0.266741525693439,5.99146454710798,TRUE,"OK"
10,500,0.1,0.5,"DML-IVQR",2.5,0.147358300449812,5.99146454710798,TRUE,"OK"
10,500,0.1,0.5,"DML-IVQR",2.55,0.187915762228589,5.99146454710798,TRUE,"OK"
10,500,0.1,0.5,"DML-IVQR",2.6,0.33103188311741,5.99146454710798,TRUE,"OK"
10,500,0.1,0.5,"DML-IVQR",2.65,0.588933487981349,5.99146454710798,TRUE,"OK"
10,500,0.1,0.5,"DML-IVQR",2.7,0.228594105238801,5.99146454710798,TRUE,"OK"
10,500,0.1,0.5,"DML-IVQR",2.75,0.31199271961866,5.99146454710798,TRUE,"OK"
10,500,0.1,0.5,"DML-IVQR",2.8,0.214798619816789,5.99146454710798,TRUE,"OK"
10,500,0.1,0.5,"DML-IVQR",2.85,0.547337388324412,5.99146454710798,TRUE,"OK"
10,500,0.1,0.5,"DML-IVQR",2.9,0.848822877828317,5.99146454710798,TRUE,"OK"
10,500,0.1,0.5,"DML-IVQR",2.95,1.11231441760187,5.99146454710798,TRUE,"OK"
10,500,0.1,0.5,"DML-IVQR",3,0.526552746167538,5.99146454710798,TRUE,"OK"
10,500,0.1,0.9,"Oracle-GMM",-1,0.57493299391758,5.99146454710798,TRUE,"OK"
10,500,0.1,0.9,"Oracle-GMM",-0.95,0.0947211604439314,5.99146454710798,TRUE,"OK"
10,500,0.1,0.9,"Oracle-GMM",-0.9,0.309665944312129,5.99146454710798,TRUE,"OK"
10,500,0.1,0.9,"Oracle-GMM",-0.85,0.0820045252991538,5.99146454710798,TRUE,"OK"
10,500,0.1,0.9,"Oracle-GMM",-0.8,0.493561000517228,5.99146454710798,TRUE,"OK"
10,500,0.1,0.9,"Oracle-GMM",-0.75,1.62970514888861,5.99146454710798,TRUE,"OK"
10,500,0.1,0.9,"Oracle-GMM",-0.7,0.355558457077006,5.99146454710798,TRUE,"OK"
10,500,0.1,0.9,"Oracle-GMM",-0.65,0.220955976943048,5.99146454710798,TRUE,"OK"
10,500,0.1,0.9,"Oracle-GMM",-0.6,0.260179113607338,5.99146454710798,TRUE,"OK"
10,500,0.1,0.9,"Oracle-GMM",-0.55,0.288902296072479,5.99146454710798,TRUE,"OK"
10,500,0.1,0.9,"Oracle-GMM",-0.5,0.380008146457833,5.99146454710798,TRUE,"OK"
10,500,0.1,0.9,"Oracle-GMM",-0.45,0.132210101499035,5.99146454710798,TRUE,"OK"
10,500,0.1,0.9,"Oracle-GMM",-0.4,0.286603506035428,5.99146454710798,TRUE,"OK"
10,500,0.1,0.9,"Oracle-GMM",-0.35,0.648216329612523,5.99146454710798,TRUE,"OK"
10,500,0.1,0.9,"Oracle-GMM",-0.3,0.436583195716858,5.99146454710798,TRUE,"OK"
10,500,0.1,0.9,"Oracle-GMM",-0.25,0.288559213504201,5.99146454710798,TRUE,"OK"
10,500,0.1,0.9,"Oracle-GMM",-0.2,0.841931624036426,5.99146454710798,TRUE,"OK"
10,500,0.1,0.9,"Oracle-GMM",-0.15,0.645350903490503,5.99146454710798,TRUE,"OK"
10,500,0.1,0.9,"Oracle-GMM",-0.1,1.04051200700834,5.99146454710798,TRUE,"OK"
10,500,0.1,0.9,"Oracle-GMM",-0.0499999999999999,1.23296879623748,5.99146454710798,TRUE,"OK"
10,500,0.1,0.9,"Oracle-GMM",0,0.772634169614751,5.99146454710798,TRUE,"OK"
10,500,0.1,0.9,"Oracle-GMM",0.05,1.15003670643557,5.99146454710798,TRUE,"OK"
10,500,0.1,0.9,"Oracle-GMM",0.1,0.158771622333307,5.99146454710798,TRUE,"OK"
10,500,0.1,0.9,"Oracle-GMM",0.15,0.690389725117815,5.99146454710798,TRUE,"OK"
10,500,0.1,0.9,"Oracle-GMM",0.2,0.200208091583302,5.99146454710798,TRUE,"OK"
10,500,0.1,0.9,"Oracle-GMM",0.25,0.833426527264063,5.99146454710798,TRUE,"OK"
10,500,0.1,0.9,"Oracle-GMM",0.3,0.625440524132888,5.99146454710798,TRUE,"OK"
10,500,0.1,0.9,"Oracle-GMM",0.35,0.583077112548497,5.99146454710798,TRUE,"OK"
10,500,0.1,0.9,"Oracle-GMM",0.4,1.19598385478328,5.99146454710798,TRUE,"OK"
10,500,0.1,0.9,"Oracle-GMM",0.45,0.716483341952995,5.99146454710798,TRUE,"OK"
10,500,0.1,0.9,"Oracle-GMM",0.5,0.631282668975401,5.99146454710798,TRUE,"OK"
10,500,0.1,0.9,"Oracle-GMM",0.55,1.08938177095491,5.99146454710798,TRUE,"OK"
10,500,0.1,0.9,"Oracle-GMM",0.6,1.36032314600777,5.99146454710798,TRUE,"OK"
10,500,0.1,0.9,"Oracle-GMM",0.65,1.84636661994214,5.99146454710798,TRUE,"OK"
10,500,0.1,0.9,"Oracle-GMM",0.7,1.61738047252599,5.99146454710798,TRUE,"OK"
10,500,0.1,0.9,"Oracle-GMM",0.75,0.505186979312744,5.99146454710798,TRUE,"OK"
10,500,0.1,0.9,"Oracle-GMM",0.8,0.834661323931717,5.99146454710798,TRUE,"OK"
10,500,0.1,0.9,"Oracle-GMM",0.85,2.36942857779232,5.99146454710798,TRUE,"OK"
10,500,0.1,0.9,"Oracle-GMM",0.9,1.68393851449596,5.99146454710798,TRUE,"OK"
10,500,0.1,0.9,"Oracle-GMM",0.95,0.685215239661501,5.99146454710798,TRUE,"OK"
10,500,0.1,0.9,"Oracle-GMM",1,0.679214907878857,5.99146454710798,TRUE,"OK"
10,500,0.1,0.9,"Oracle-GMM",1.05,2.31034037309181,5.99146454710798,TRUE,"OK"
10,500,0.1,0.9,"Oracle-GMM",1.1,1.53286961668615,5.99146454710798,TRUE,"OK"
10,500,0.1,0.9,"Oracle-GMM",1.15,0.756617205253014,5.99146454710798,TRUE,"OK"
10,500,0.1,0.9,"Oracle-GMM",1.2,0.393785651460885,5.99146454710798,TRUE,"OK"
10,500,0.1,0.9,"Oracle-GMM",1.25,1.18177763876505,5.99146454710798,TRUE,"OK"
10,500,0.1,0.9,"Oracle-GMM",1.3,1.02189992257836,5.99146454710798,TRUE,"OK"
10,500,0.1,0.9,"Oracle-GMM",1.35,0.932532949463883,5.99146454710798,TRUE,"OK"
10,500,0.1,0.9,"Oracle-GMM",1.4,1.16483991415307,5.99146454710798,TRUE,"OK"
10,500,0.1,0.9,"Oracle-GMM",1.45,0.48082927130253,5.99146454710798,TRUE,"OK"
10,500,0.1,0.9,"Oracle-GMM",1.5,2.59113202629048,5.99146454710798,TRUE,"OK"
10,500,0.1,0.9,"Oracle-GMM",1.55,1.28930542977448,5.99146454710798,TRUE,"OK"
10,500,0.1,0.9,"Oracle-GMM",1.6,1.93170114950569,5.99146454710798,TRUE,"OK"
10,500,0.1,0.9,"Oracle-GMM",1.65,1.93740266512218,5.99146454710798,TRUE,"OK"
10,500,0.1,0.9,"Oracle-GMM",1.7,3.18166787642588,5.99146454710798,TRUE,"OK"
10,500,0.1,0.9,"Oracle-GMM",1.75,2.54907683518314,5.99146454710798,TRUE,"OK"
10,500,0.1,0.9,"Oracle-GMM",1.8,2.58524271878113,5.99146454710798,TRUE,"OK"
10,500,0.1,0.9,"Oracle-GMM",1.85,1.9698961467642,5.99146454710798,TRUE,"OK"
10,500,0.1,0.9,"Oracle-GMM",1.9,1.18147868081706,5.99146454710798,TRUE,"OK"
10,500,0.1,0.9,"Oracle-GMM",1.95,3.09649119478218,5.99146454710798,TRUE,"OK"
10,500,0.1,0.9,"Oracle-GMM",2,5.33082687619857,5.99146454710798,TRUE,"OK"
10,500,0.1,0.9,"Oracle-GMM",2.05,2.90383140376517,5.99146454710798,TRUE,"OK"
10,500,0.1,0.9,"Oracle-GMM",2.1,2.98006360950602,5.99146454710798,TRUE,"OK"
10,500,0.1,0.9,"Oracle-GMM",2.15,2.78798025334105,5.99146454710798,TRUE,"OK"
10,500,0.1,0.9,"Oracle-GMM",2.2,3.93337349932042,5.99146454710798,TRUE,"OK"
10,500,0.1,0.9,"Oracle-GMM",2.25,2.20947500215671,5.99146454710798,TRUE,"OK"
10,500,0.1,0.9,"Oracle-GMM",2.3,1.44679333642494,5.99146454710798,TRUE,"OK"
10,500,0.1,0.9,"Oracle-GMM",2.35,0.201541606901759,5.99146454710798,TRUE,"OK"
10,500,0.1,0.9,"Oracle-GMM",2.4,0.654714453376912,5.99146454710798,TRUE,"OK"
10,500,0.1,0.9,"Oracle-GMM",2.45,0.451591563287577,5.99146454710798,TRUE,"OK"
10,500,0.1,0.9,"Oracle-GMM",2.5,1.52192016137446,5.99146454710798,TRUE,"OK"
10,500,0.1,0.9,"Oracle-GMM",2.55,0.445303546639645,5.99146454710798,TRUE,"OK"
10,500,0.1,0.9,"Oracle-GMM",2.6,1.0755286289579,5.99146454710798,TRUE,"OK"
10,500,0.1,0.9,"Oracle-GMM",2.65,0.104945460041543,5.99146454710798,TRUE,"OK"
10,500,0.1,0.9,"Oracle-GMM",2.7,0.0866332114679441,5.99146454710798,TRUE,"OK"
10,500,0.1,0.9,"Oracle-GMM",2.75,0.167231834468485,5.99146454710798,TRUE,"OK"
10,500,0.1,0.9,"Oracle-GMM",2.8,0.470995915039009,5.99146454710798,TRUE,"OK"
10,500,0.1,0.9,"Oracle-GMM",2.85,0.0645674854228594,5.99146454710798,TRUE,"OK"
10,500,0.1,0.9,"Oracle-GMM",2.9,0.319218220976251,5.99146454710798,TRUE,"OK"
10,500,0.1,0.9,"Oracle-GMM",2.95,0.137854772181764,5.99146454710798,TRUE,"OK"
10,500,0.1,0.9,"Oracle-GMM",3,0.595460384883549,5.99146454710798,TRUE,"OK"
10,500,0.1,0.9,"Full-GMM",-1,1.18925460086097,5.99146454710798,TRUE,"OK"
10,500,0.1,0.9,"Full-GMM",-0.95,7.38592301374141,5.99146454710798,FALSE,"OK"
10,500,0.1,0.9,"Full-GMM",-0.9,0.0872492451912985,5.99146454710798,TRUE,"OK"
10,500,0.1,0.9,"Full-GMM",-0.85,0.636368887433554,5.99146454710798,TRUE,"OK"
10,500,0.1,0.9,"Full-GMM",-0.8,0.981177387507411,5.99146454710798,TRUE,"OK"
10,500,0.1,0.9,"Full-GMM",-0.75,0.625825969817026,5.99146454710798,TRUE,"OK"
10,500,0.1,0.9,"Full-GMM",-0.7,1.75907887193372,5.99146454710798,TRUE,"OK"
10,500,0.1,0.9,"Full-GMM",-0.65,1.3109838056708,5.99146454710798,TRUE,"OK"
10,500,0.1,0.9,"Full-GMM",-0.6,1.31543712376743,5.99146454710798,TRUE,"OK"
10,500,0.1,0.9,"Full-GMM",-0.55,1.79618069354449,5.99146454710798,TRUE,"OK"
10,500,0.1,0.9,"Full-GMM",-0.5,1.51516288559357,5.99146454710798,TRUE,"OK"
10,500,0.1,0.9,"Full-GMM",-0.45,1.12757068139703,5.99146454710798,TRUE,"OK"
10,500,0.1,0.9,"Full-GMM",-0.4,1.7528107291318,5.99146454710798,TRUE,"OK"
10,500,0.1,0.9,"Full-GMM",-0.35,4.70247630230313,5.99146454710798,TRUE,"OK"
10,500,0.1,0.9,"Full-GMM",-0.3,2.19807220001997,5.99146454710798,TRUE,"OK"
10,500,0.1,0.9,"Full-GMM",-0.25,1.26860566785551,5.99146454710798,TRUE,"OK"
10,500,0.1,0.9,"Full-GMM",-0.2,0.332876833684014,5.99146454710798,TRUE,"OK"
10,500,0.1,0.9,"Full-GMM",-0.15,2.4404161954569,5.99146454710798,TRUE,"OK"
10,500,0.1,0.9,"Full-GMM",-0.1,1.79206483868568,5.99146454710798,TRUE,"OK"
10,500,0.1,0.9,"Full-GMM",-0.0499999999999999,2.63669184729249,5.99146454710798,TRUE,"OK"
10,500,0.1,0.9,"Full-GMM",0,0.266479466890553,5.99146454710798,TRUE,"OK"
10,500,0.1,0.9,"Full-GMM",0.05,1.32039356095244,5.99146454710798,TRUE,"OK"
10,500,0.1,0.9,"Full-GMM",0.1,0.341080294601825,5.99146454710798,TRUE,"OK"
10,500,0.1,0.9,"Full-GMM",0.15,1.19530875769285,5.99146454710798,TRUE,"OK"
10,500,0.1,0.9,"Full-GMM",0.2,1.60995564119705,5.99146454710798,TRUE,"OK"
10,500,0.1,0.9,"Full-GMM",0.25,0.170572812141496,5.99146454710798,TRUE,"OK"
10,500,0.1,0.9,"Full-GMM",0.3,2.98077882179797,5.99146454710798,TRUE,"OK"
10,500,0.1,0.9,"Full-GMM",0.35,3.75596249653681,5.99146454710798,TRUE,"OK"
10,500,0.1,0.9,"Full-GMM",0.4,0.15836836082016,5.99146454710798,TRUE,"OK"
10,500,0.1,0.9,"Full-GMM",0.45,1.84563455432338,5.99146454710798,TRUE,"OK"
10,500,0.1,0.9,"Full-GMM",0.5,1.46192268049748,5.99146454710798,TRUE,"OK"
10,500,0.1,0.9,"Full-GMM",0.55,1.76056354056929,5.99146454710798,TRUE,"OK"
10,500,0.1,0.9,"Full-GMM",0.6,2.54969642070686,5.99146454710798,TRUE,"OK"
10,500,0.1,0.9,"Full-GMM",0.65,1.64754590916685,5.99146454710798,TRUE,"OK"
10,500,0.1,0.9,"Full-GMM",0.7,0.125297715569789,5.99146454710798,TRUE,"OK"
10,500,0.1,0.9,"Full-GMM",0.75,0.96265563950057,5.99146454710798,TRUE,"OK"
10,500,0.1,0.9,"Full-GMM",0.8,0.102560580441186,5.99146454710798,TRUE,"OK"
10,500,0.1,0.9,"Full-GMM",0.85,6.285093195706,5.99146454710798,FALSE,"OK"
10,500,0.1,0.9,"Full-GMM",0.9,2.53421614413342,5.99146454710798,TRUE,"OK"
10,500,0.1,0.9,"Full-GMM",0.95,0.295578180175209,5.99146454710798,TRUE,"OK"
10,500,0.1,0.9,"Full-GMM",1,0.104601885970738,5.99146454710798,TRUE,"OK"
10,500,0.1,0.9,"Full-GMM",1.05,3.43535534699173,5.99146454710798,TRUE,"OK"
10,500,0.1,0.9,"Full-GMM",1.1,0.647676908525537,5.99146454710798,TRUE,"OK"
10,500,0.1,0.9,"Full-GMM",1.15,0.811255834377992,5.99146454710798,TRUE,"OK"
10,500,0.1,0.9,"Full-GMM",1.2,0.537768938146421,5.99146454710798,TRUE,"OK"
10,500,0.1,0.9,"Full-GMM",1.25,1.41313694668404,5.99146454710798,TRUE,"OK"
10,500,0.1,0.9,"Full-GMM",1.3,0.186649812903369,5.99146454710798,TRUE,"OK"
10,500,0.1,0.9,"Full-GMM",1.35,1.22091864911888,5.99146454710798,TRUE,"OK"
10,500,0.1,0.9,"Full-GMM",1.4,0.139426017505142,5.99146454710798,TRUE,"OK"
10,500,0.1,0.9,"Full-GMM",1.45,0.71121218180857,5.99146454710798,TRUE,"OK"
10,500,0.1,0.9,"Full-GMM",1.5,0.301643816514683,5.99146454710798,TRUE,"OK"
10,500,0.1,0.9,"Full-GMM",1.55,1.84497826369185,5.99146454710798,TRUE,"OK"
10,500,0.1,0.9,"Full-GMM",1.6,0.898375907541749,5.99146454710798,TRUE,"OK"
10,500,0.1,0.9,"Full-GMM",1.65,0.388997778071237,5.99146454710798,TRUE,"OK"
10,500,0.1,0.9,"Full-GMM",1.7,1.62538809063034,5.99146454710798,TRUE,"OK"
10,500,0.1,0.9,"Full-GMM",1.75,0.106792419986888,5.99146454710798,TRUE,"OK"
10,500,0.1,0.9,"Full-GMM",1.8,0.163352353165435,5.99146454710798,TRUE,"OK"
10,500,0.1,0.9,"Full-GMM",1.85,1.51288989799224,5.99146454710798,TRUE,"OK"
10,500,0.1,0.9,"Full-GMM",1.9,0.253098780711117,5.99146454710798,TRUE,"OK"
10,500,0.1,0.9,"Full-GMM",1.95,0.457151612037859,5.99146454710798,TRUE,"OK"
10,500,0.1,0.9,"Full-GMM",2,2.9503517065826,5.99146454710798,TRUE,"OK"
10,500,0.1,0.9,"Full-GMM",2.05,7.62450047600125,5.99146454710798,FALSE,"OK"
10,500,0.1,0.9,"Full-GMM",2.1,1.89816580297979,5.99146454710798,TRUE,"OK"
10,500,0.1,0.9,"Full-GMM",2.15,2.43838797527531,5.99146454710798,TRUE,"OK"
10,500,0.1,0.9,"Full-GMM",2.2,4.28564782647623,5.99146454710798,TRUE,"OK"
10,500,0.1,0.9,"Full-GMM",2.25,1.31044641611048,5.99146454710798,TRUE,"OK"
10,500,0.1,0.9,"Full-GMM",2.3,0.483245502583666,5.99146454710798,TRUE,"OK"
10,500,0.1,0.9,"Full-GMM",2.35,0.21481157104098,5.99146454710798,TRUE,"OK"
10,500,0.1,0.9,"Full-GMM",2.4,0.8659216308914,5.99146454710798,TRUE,"OK"
10,500,0.1,0.9,"Full-GMM",2.45,1.53143504097321,5.99146454710798,TRUE,"OK"
10,500,0.1,0.9,"Full-GMM",2.5,0.0728289533476781,5.99146454710798,TRUE,"OK"
10,500,0.1,0.9,"Full-GMM",2.55,4.682233048195,5.99146454710798,TRUE,"OK"
10,500,0.1,0.9,"Full-GMM",2.6,0.719898101351944,5.99146454710798,TRUE,"OK"
10,500,0.1,0.9,"Full-GMM",2.65,2.53001696122392,5.99146454710798,TRUE,"OK"
10,500,0.1,0.9,"Full-GMM",2.7,0.0993236031294901,5.99146454710798,TRUE,"OK"
10,500,0.1,0.9,"Full-GMM",2.75,0.236055392497342,5.99146454710798,TRUE,"OK"
10,500,0.1,0.9,"Full-GMM",2.8,1.30430572784601,5.99146454710798,TRUE,"OK"
10,500,0.1,0.9,"Full-GMM",2.85,1.32415283349651,5.99146454710798,TRUE,"OK"
10,500,0.1,0.9,"Full-GMM",2.9,0.324738023910969,5.99146454710798,TRUE,"OK"
10,500,0.1,0.9,"Full-GMM",2.95,3.08935568196278,5.99146454710798,TRUE,"OK"
10,500,0.1,0.9,"Full-GMM",3,1.39006953564352,5.99146454710798,TRUE,"OK"
10,500,0.1,0.9,"DML-IVQR",-1,1.90245681648282,5.99146454710798,TRUE,"OK"
10,500,0.1,0.9,"DML-IVQR",-0.95,1.85858355730388,5.99146454710798,TRUE,"OK"
10,500,0.1,0.9,"DML-IVQR",-0.9,0.745926563491509,5.99146454710798,TRUE,"OK"
10,500,0.1,0.9,"DML-IVQR",-0.85,1.75816532893385,5.99146454710798,TRUE,"OK"
10,500,0.1,0.9,"DML-IVQR",-0.8,1.69581432377658,5.99146454710798,TRUE,"OK"
10,500,0.1,0.9,"DML-IVQR",-0.75,0.99041093580857,5.99146454710798,TRUE,"OK"
10,500,0.1,0.9,"DML-IVQR",-0.7,0.707942791395241,5.99146454710798,TRUE,"OK"
10,500,0.1,0.9,"DML-IVQR",-0.65,0.368760533838786,5.99146454710798,TRUE,"OK"
10,500,0.1,0.9,"DML-IVQR",-0.6,0.662375690857687,5.99146454710798,TRUE,"OK"
10,500,0.1,0.9,"DML-IVQR",-0.55,1.25918983200897,5.99146454710798,TRUE,"OK"
10,500,0.1,0.9,"DML-IVQR",-0.5,0.612254383888688,5.99146454710798,TRUE,"OK"
10,500,0.1,0.9,"DML-IVQR",-0.45,0.300321828314262,5.99146454710798,TRUE,"OK"
10,500,0.1,0.9,"DML-IVQR",-0.4,1.35369796085575,5.99146454710798,TRUE,"OK"
10,500,0.1,0.9,"DML-IVQR",-0.35,1.42349900559447,5.99146454710798,TRUE,"OK"
10,500,0.1,0.9,"DML-IVQR",-0.3,0.979356831485802,5.99146454710798,TRUE,"OK"
10,500,0.1,0.9,"DML-IVQR",-0.25,0.971123578063786,5.99146454710798,TRUE,"OK"
10,500,0.1,0.9,"DML-IVQR",-0.2,0.153881734223015,5.99146454710798,TRUE,"OK"
10,500,0.1,0.9,"DML-IVQR",-0.15,0.217870896603472,5.99146454710798,TRUE,"OK"
10,500,0.1,0.9,"DML-IVQR",-0.1,0.215254162756243,5.99146454710798,TRUE,"OK"
10,500,0.1,0.9,"DML-IVQR",-0.0499999999999999,0.136653271488128,5.99146454710798,TRUE,"OK"
10,500,0.1,0.9,"DML-IVQR",0,0.187206140104297,5.99146454710798,TRUE,"OK"
10,500,0.1,0.9,"DML-IVQR",0.05,0.638154623894318,5.99146454710798,TRUE,"OK"
10,500,0.1,0.9,"DML-IVQR",0.1,0.654678345354806,5.99146454710798,TRUE,"OK"
10,500,0.1,0.9,"DML-IVQR",0.15,0.208304217711227,5.99146454710798,TRUE,"OK"
10,500,0.1,0.9,"DML-IVQR",0.2,0.921015662014521,5.99146454710798,TRUE,"OK"
10,500,0.1,0.9,"DML-IVQR",0.25,1.34478192083373,5.99146454710798,TRUE,"OK"
10,500,0.1,0.9,"DML-IVQR",0.3,1.28096753394237,5.99146454710798,TRUE,"OK"
10,500,0.1,0.9,"DML-IVQR",0.35,1.27137284456938,5.99146454710798,TRUE,"OK"
10,500,0.1,0.9,"DML-IVQR",0.4,0.980992337205863,5.99146454710798,TRUE,"OK"
10,500,0.1,0.9,"DML-IVQR",0.45,0.936512568289214,5.99146454710798,TRUE,"OK"
10,500,0.1,0.9,"DML-IVQR",0.5,0.863868626858721,5.99146454710798,TRUE,"OK"
10,500,0.1,0.9,"DML-IVQR",0.55,0.941212556447903,5.99146454710798,TRUE,"OK"
10,500,0.1,0.9,"DML-IVQR",0.6,0.951188102275903,5.99146454710798,TRUE,"OK"
10,500,0.1,0.9,"DML-IVQR",0.65,0.842474756524764,5.99146454710798,TRUE,"OK"
10,500,0.1,0.9,"DML-IVQR",0.7,0.829899581939814,5.99146454710798,TRUE,"OK"
10,500,0.1,0.9,"DML-IVQR",0.75,1.22957540221295,5.99146454710798,TRUE,"OK"
10,500,0.1,0.9,"DML-IVQR",0.8,0.775772052265229,5.99146454710798,TRUE,"OK"
10,500,0.1,0.9,"DML-IVQR",0.85,0.618010829495686,5.99146454710798,TRUE,"OK"
10,500,0.1,0.9,"DML-IVQR",0.9,0.589857513959767,5.99146454710798,TRUE,"OK"
10,500,0.1,0.9,"DML-IVQR",0.95,1.00724674213147,5.99146454710798,TRUE,"OK"
10,500,0.1,0.9,"DML-IVQR",1,0.626998174027949,5.99146454710798,TRUE,"OK"
10,500,0.1,0.9,"DML-IVQR",1.05,0.194805412505957,5.99146454710798,TRUE,"OK"
10,500,0.1,0.9,"DML-IVQR",1.1,0.400795405281539,5.99146454710798,TRUE,"OK"
10,500,0.1,0.9,"DML-IVQR",1.15,0.40381722173995,5.99146454710798,TRUE,"OK"
10,500,0.1,0.9,"DML-IVQR",1.2,0.499491413025456,5.99146454710798,TRUE,"OK"
10,500,0.1,0.9,"DML-IVQR",1.25,0.457824881853951,5.99146454710798,TRUE,"OK"
10,500,0.1,0.9,"DML-IVQR",1.3,0.8313400004105,5.99146454710798,TRUE,"OK"
10,500,0.1,0.9,"DML-IVQR",1.35,0.308533525778596,5.99146454710798,TRUE,"OK"
10,500,0.1,0.9,"DML-IVQR",1.4,0.322573335080634,5.99146454710798,TRUE,"OK"
10,500,0.1,0.9,"DML-IVQR",1.45,0.285647448530145,5.99146454710798,TRUE,"OK"
10,500,0.1,0.9,"DML-IVQR",1.5,0.711383286966961,5.99146454710798,TRUE,"OK"
10,500,0.1,0.9,"DML-IVQR",1.55,0.718909308136747,5.99146454710798,TRUE,"OK"
10,500,0.1,0.9,"DML-IVQR",1.6,0.272312506903374,5.99146454710798,TRUE,"OK"
10,500,0.1,0.9,"DML-IVQR",1.65,0.748426600349384,5.99146454710798,TRUE,"OK"
10,500,0.1,0.9,"DML-IVQR",1.7,0.427811594045744,5.99146454710798,TRUE,"OK"
10,500,0.1,0.9,"DML-IVQR",1.75,0.531269002590257,5.99146454710798,TRUE,"OK"
10,500,0.1,0.9,"DML-IVQR",1.8,1.33385824772342,5.99146454710798,TRUE,"OK"
10,500,0.1,0.9,"DML-IVQR",1.85,0.78674480102039,5.99146454710798,TRUE,"OK"
10,500,0.1,0.9,"DML-IVQR",1.9,0.886418187486791,5.99146454710798,TRUE,"OK"
10,500,0.1,0.9,"DML-IVQR",1.95,1.470019338869,5.99146454710798,TRUE,"OK"
10,500,0.1,0.9,"DML-IVQR",2,1.45811737371479,5.99146454710798,TRUE,"OK"
10,500,0.1,0.9,"DML-IVQR",2.05,2.39004148646701,5.99146454710798,TRUE,"OK"
10,500,0.1,0.9,"DML-IVQR",2.1,0.586300796610418,5.99146454710798,TRUE,"OK"
10,500,0.1,0.9,"DML-IVQR",2.15,1.04015712247291,5.99146454710798,TRUE,"OK"
10,500,0.1,0.9,"DML-IVQR",2.2,1.0740180647196,5.99146454710798,TRUE,"OK"
10,500,0.1,0.9,"DML-IVQR",2.25,0.234367599489796,5.99146454710798,TRUE,"OK"
10,500,0.1,0.9,"DML-IVQR",2.3,0.666965967531262,5.99146454710798,TRUE,"OK"
10,500,0.1,0.9,"DML-IVQR",2.35,0.449941914085856,5.99146454710798,TRUE,"OK"
10,500,0.1,0.9,"DML-IVQR",2.4,0.266544794206583,5.99146454710798,TRUE,"OK"
10,500,0.1,0.9,"DML-IVQR",2.45,0.161700398767216,5.99146454710798,TRUE,"OK"
10,500,0.1,0.9,"DML-IVQR",2.5,2.24560187994653,5.99146454710798,TRUE,"OK"
10,500,0.1,0.9,"DML-IVQR",2.55,2.68071005937587,5.99146454710798,TRUE,"OK"
10,500,0.1,0.9,"DML-IVQR",2.6,1.55769510641368,5.99146454710798,TRUE,"OK"
10,500,0.1,0.9,"DML-IVQR",2.65,0.798747873577366,5.99146454710798,TRUE,"OK"
10,500,0.1,0.9,"DML-IVQR",2.7,1.93210246845897,5.99146454710798,TRUE,"OK"
10,500,0.1,0.9,"DML-IVQR",2.75,1.66734313797764,5.99146454710798,TRUE,"OK"
10,500,0.1,0.9,"DML-IVQR",2.8,1.47440895158594,5.99146454710798,TRUE,"OK"
10,500,0.1,0.9,"DML-IVQR",2.85,1.41932653982276,5.99146454710798,TRUE,"OK"
10,500,0.1,0.9,"DML-IVQR",2.9,1.4576151773348,5.99146454710798,TRUE,"OK"
10,500,0.1,0.9,"DML-IVQR",2.95,2.72545763493942,5.99146454710798,TRUE,"OK"
10,500,0.1,0.9,"DML-IVQR",3,0.73251364844488,5.99146454710798,TRUE,"OK"
