"replication","n","tau","kappa","estimator","delta","alpha_false","W_false","rejected_false","status"
1,500,0.1,1,"Oracle-GMM",-0.5,-0.781551565544601,23.6876542155798,TRUE,"OK"
1,500,0.1,1,"Oracle-GMM",-0.25,-0.531551565544601,22.541741038524,TRUE,"OK"
1,500,0.1,1,"Oracle-GMM",0.25,-0.0315515655446008,0.534102565546023,FALSE,"OK"
1,500,0.1,1,"Oracle-GMM",0.5,0.218448434455399,6.38537367217162,TRUE,"OK"
1,500,0.1,1,"Full-GMM",-0.5,-0.781551565544601,26.7097504025591,TRUE,"OK"
1,500,0.1,1,"Full-GMM",-0.25,-0.531551565544601,5.62083154737426,FALSE,"OK"
1,500,0.1,1,"Full-GMM",0.25,-0.0315515655446008,1.52196730768439,FALSE,"OK"
1,500,0.1,1,"Full-GMM",0.5,0.218448434455399,0.700426448128127,FALSE,"OK"
1,500,0.1,1,"DML-IVQR",-0.5,-0.781551565544601,14.4444695280488,TRUE,"OK"
1,500,0.1,1,"DML-IVQR",-0.25,-0.531551565544601,11.9282523303684,TRUE,"OK"
1,500,0.1,1,"DML-IVQR",0.25,-0.0315515655446008,0.692916589473939,FALSE,"OK"
1,500,0.1,1,"DML-IVQR",0.5,0.218448434455399,4.70177050553941,FALSE,"OK"
1,500,0.1,0.5,"Oracle-GMM",-0.5,-0.781551565544601,5.99345798888423,TRUE,"OK"
1,500,0.1,0.5,"Oracle-GMM",-0.25,-0.531551565544601,5.41297140645485,FALSE,"OK"
1,500,0.1,0.5,"Oracle-GMM",0.25,-0.0315515655446008,0.323205003781749,FALSE,"OK"
1,500,0.1,0.5,"Oracle-GMM",0.5,0.218448434455399,1.60881862459464,FALSE,"OK"
1,500,0.1,0.5,"Full-GMM",-0.5,-0.781551565544601,8.61474586482447,TRUE,"OK"
1,500,0.1,0.5,"Full-GMM",-0.25,-0.531551565544601,3.92075967273291,FALSE,"OK"
1,500,0.1,0.5,"Full-GMM",0.25,-0.0315515655446008,4.09892360331841,FALSE,"OK"
1,500,0.1,0.5,"Full-GMM",0.5,0.218448434455399,1.61079199581331,FALSE,"OK"
1,500,0.1,0.5,"DML-IVQR",-0.5,-0.781551565544601,5.49302495318831,FALSE,"OK"
1,500,0.1,0.5,"DML-IVQR",-0.25,-0.531551565544601,8.01605894311449,TRUE,"OK"
1,500,0.1,0.5,"DML-IVQR",0.25,-0.0315515655446008,0.691599058188402,FALSE,"OK"
1,500,0.1,0.5,"DML-IVQR",0.5,0.218448434455399,0.184872663817641,FALSE,"OK"
1,500,0.1,0.25,"Oracle-GMM",-0.5,-0.781551565544601,1.76780340236506,FALSE,"OK"
1,500,0.1,0.25,"Oracle-GMM",-0.25,-0.531551565544601,0.7127768359707,FALSE,"OK"
1,500,0.1,0.25,"Oracle-GMM",0.25,-0.0315515655446008,0.542994146193266,FALSE,"OK"
1,500,0.1,0.25,"Oracle-GMM",0.5,0.218448434455399,2.98868286663064,FALSE,"OK"
1,500,0.1,0.25,"Full-GMM",-0.5,-0.781551565544601,4.89656750850298,FALSE,"OK"
1,500,0.1,0.25,"Full-GMM",-0.25,-0.531551565544601,0.0700427977586097,FALSE,"OK"
1,500,0.1,0.25,"Full-GMM",0.25,-0.0315515655446008,0.00679318595319136,FALSE,"OK"
1,500,0.1,0.25,"Full-GMM",0.5,0.218448434455399,2.16291833887882,FALSE,"OK"
1,500,0.1,0.25,"DML-IVQR",-0.5,-0.781551565544601,5.91237952121343,FALSE,"OK"
1,500,0.1,0.25,"DML-IVQR",-0.25,-0.531551565544601,5.76726931212955,FALSE,"OK"
1,500,0.1,0.25,"DML-IVQR",0.25,-0.0315515655446008,0.966341062267941,FALSE,"OK"
1,500,0.1,0.25,"DML-IVQR",0.5,0.218448434455399,0.639252687026367,FALSE,"OK"
1,500,0.1,0.1,"Oracle-GMM",-0.5,-0.781551565544601,0.0536420893062752,FALSE,"OK"
1,500,0.1,0.1,"Oracle-GMM",-0.25,-0.531551565544601,0.539346269890324,FALSE,"OK"
1,500,0.1,0.1,"Oracle-GMM",0.25,-0.0315515655446008,1.07904930689822,FALSE,"OK"
1,500,0.1,0.1,"Oracle-GMM",0.5,0.218448434455399,2.75724410746678,FALSE,"OK"
1,500,0.1,0.1,"Full-GMM",-0.5,-0.781551565544601,1.1083831075577,FALSE,"OK"
1,500,0.1,0.1,"Full-GMM",-0.25,-0.531551565544601,0.461728916784865,FALSE,"OK"
1,500,0.1,0.1,"Full-GMM",0.25,-0.0315515655446008,0.967552691152029,FALSE,"OK"
1,500,0.1,0.1,"Full-GMM",0.5,0.218448434455399,0.168656133286747,FALSE,"OK"
1,500,0.1,0.1,"DML-IVQR",-0.5,-0.781551565544601,4.94028792197896,FALSE,"OK"
1,500,0.1,0.1,"DML-IVQR",-0.25,-0.531551565544601,3.93668008453634,FALSE,"OK"
1,500,0.1,0.1,"DML-IVQR",0.25,-0.0315515655446008,0.180270355483623,FALSE,"OK"
1,500,0.1,0.1,"DML-IVQR",0.5,0.218448434455399,1.2509111781594,FALSE,"OK"
1,500,0.25,1,"Oracle-GMM",-0.5,-0.174489750196082,32.0006072406119,TRUE,"OK"
1,500,0.25,1,"Oracle-GMM",-0.25,0.0755102498039183,13.9398459376064,TRUE,"OK"
1,500,0.25,1,"Oracle-GMM",0.25,0.575510249803918,3.90357000586695,FALSE,"OK"
1,500,0.25,1,"Oracle-GMM",0.5,0.825510249803918,9.3392118175077,TRUE,"OK"
1,500,0.25,1,"Full-GMM",-0.5,-0.174489750196082,17.4226445286662,TRUE,"OK"
1,500,0.25,1,"Full-GMM",-0.25,0.0755102498039183,8.17260634642858,TRUE,"OK"
1,500,0.25,1,"Full-GMM",0.25,0.575510249803918,0.095459745183763,FALSE,"OK"
1,500,0.25,1,"Full-GMM",0.5,0.825510249803918,7.53039569504949,TRUE,"OK"
1,500,0.25,1,"DML-IVQR",-0.5,-0.174489750196082,20.4094095839583,TRUE,"OK"
1,500,0.25,1,"DML-IVQR",-0.25,0.0755102498039183,7.75936456106341,TRUE,"OK"
1,500,0.25,1,"DML-IVQR",0.25,0.575510249803918,4.7233208539492,FALSE,"OK"
1,500,0.25,1,"DML-IVQR",0.5,0.825510249803918,11.7707141716272,TRUE,"OK"
1,500,0.25,0.5,"Oracle-GMM",-0.5,-0.174489750196082,9.23538467164256,TRUE,"OK"
1,500,0.25,0.5,"Oracle-GMM",-0.25,0.0755102498039183,4.93416618846074,FALSE,"OK"
1,500,0.25,0.5,"Oracle-GMM",0.25,0.575510249803918,1.01618934310694,FALSE,"OK"
1,500,0.25,0.5,"Oracle-GMM",0.5,0.825510249803918,3.02371686267781,FALSE,"OK"
1,500,0.25,0.5,"Full-GMM",-0.5,-0.174489750196082,8.28661942131735,TRUE,"OK"
1,500,0.25,0.5,"Full-GMM",-0.25,0.0755102498039183,3.38745685493396,FALSE,"OK"
1,500,0.25,0.5,"Full-GMM",0.25,0.575510249803918,1.78358438088907,FALSE,"OK"
1,500,0.25,0.5,"Full-GMM",0.5,0.825510249803918,6.40493421959271,TRUE,"OK"
1,500,0.25,0.5,"DML-IVQR",-0.5,-0.174489750196082,6.92889725260049,TRUE,"OK"
1,500,0.25,0.5,"DML-IVQR",-0.25,0.0755102498039183,5.3322541767131,FALSE,"OK"
1,500,0.25,0.5,"DML-IVQR",0.25,0.575510249803918,3.35468820119537,FALSE,"OK"
1,500,0.25,0.5,"DML-IVQR",0.5,0.825510249803918,6.04725565485222,TRUE,"OK"
1,500,0.25,0.25,"Oracle-GMM",-0.5,-0.174489750196082,2.55697763243094,FALSE,"OK"
1,500,0.25,0.25,"Oracle-GMM",-0.25,0.0755102498039183,3.19398580048402,FALSE,"OK"
1,500,0.25,0.25,"Oracle-GMM",0.25,0.575510249803918,2.03053076088491,FALSE,"OK"
1,500,0.25,0.25,"Oracle-GMM",0.5,0.825510249803918,1.44946900468641,FALSE,"OK"
1,500,0.25,0.25,"Full-GMM",-0.5,-0.174489750196082,3.15937622588441,FALSE,"OK"
1,500,0.25,0.25,"Full-GMM",-0.25,0.0755102498039183,0.773440963886654,FALSE,"OK"
1,500,0.25,0.25,"Full-GMM",0.25,0.575510249803918,2.79089319077914,FALSE,"OK"
1,500,0.25,0.25,"Full-GMM",0.5,0.825510249803918,2.660822246977,FALSE,"OK"
1,500,0.25,0.25,"DML-IVQR",-0.5,-0.174489750196082,3.97829599767832,FALSE,"OK"
1,500,0.25,0.25,"DML-IVQR",-0.25,0.0755102498039183,3.13812400234106,FALSE,"OK"
1,500,0.25,0.25,"DML-IVQR",0.25,0.575510249803918,1.46681387335127,FALSE,"OK"
1,500,0.25,0.25,"DML-IVQR",0.5,0.825510249803918,2.42302722621279,FALSE,"OK"
1,500,0.25,0.1,"Oracle-GMM",-0.5,-0.174489750196082,0.741750413670563,FALSE,"OK"
1,500,0.25,0.1,"Oracle-GMM",-0.25,0.0755102498039183,1.92589513665391,FALSE,"OK"
1,500,0.25,0.1,"Oracle-GMM",0.25,0.575510249803918,0.980613790256663,FALSE,"OK"
1,500,0.25,0.1,"Oracle-GMM",0.5,0.825510249803918,0.811589311189372,FALSE,"OK"
1,500,0.25,0.1,"Full-GMM",-0.5,-0.174489750196082,2.70369741523345,FALSE,"OK"
1,500,0.25,0.1,"Full-GMM",-0.25,0.0755102498039183,0.732725183298597,FALSE,"OK"
1,500,0.25,0.1,"Full-GMM",0.25,0.575510249803918,1.96346084220503,FALSE,"OK"
1,500,0.25,0.1,"Full-GMM",0.5,0.825510249803918,1.85875539850656,FALSE,"OK"
1,500,0.25,0.1,"DML-IVQR",-0.5,-0.174489750196082,0.76927229202079,FALSE,"OK"
1,500,0.25,0.1,"DML-IVQR",-0.25,0.0755102498039183,2.59006997730468,FALSE,"OK"
1,500,0.25,0.1,"DML-IVQR",0.25,0.575510249803918,0.411219210010434,FALSE,"OK"
1,500,0.25,0.1,"DML-IVQR",0.5,0.825510249803918,1.67586745660754,FALSE,"OK"
1,500,0.5,1,"Oracle-GMM",-0.5,0.5,31.4402053580506,TRUE,"OK"
1,500,0.5,1,"Oracle-GMM",-0.25,0.75,13.4543447744527,TRUE,"OK"
1,500,0.5,1,"Oracle-GMM",0.25,1.25,11.2525438656498,TRUE,"OK"
1,500,0.5,1,"Oracle-GMM",0.5,1.5,20.0559631872304,TRUE,"OK"
1,500,0.5,1,"Full-GMM",-0.5,0.5,7.02956247290614,TRUE,"OK"
1,500,0.5,1,"Full-GMM",-0.25,0.75,1.121099324813,FALSE,"OK"
1,500,0.5,1,"Full-GMM",0.25,1.25,3.27582474621252,FALSE,"OK"
1,500,0.5,1,"Full-GMM",0.5,1.5,11.2572760716412,TRUE,"OK"
1,500,0.5,1,"DML-IVQR",-0.5,0.5,18.5425567370592,TRUE,"OK"
1,500,0.5,1,"DML-IVQR",-0.25,0.75,9.6290667706996,TRUE,"OK"
1,500,0.5,1,"DML-IVQR",0.25,1.25,2.59754628029892,FALSE,"OK"
1,500,0.5,1,"DML-IVQR",0.5,1.5,11.4914632014564,TRUE,"OK"
1,500,0.5,0.5,"Oracle-GMM",-0.5,0.5,6.29388179397746,TRUE,"OK"
1,500,0.5,0.5,"Oracle-GMM",-0.25,0.75,3.78459823869769,FALSE,"OK"
1,500,0.5,0.5,"Oracle-GMM",0.25,1.25,1.64946022787122,FALSE,"OK"
1,500,0.5,0.5,"Oracle-GMM",0.5,1.5,6.115691205161,TRUE,"OK"
1,500,0.5,0.5,"Full-GMM",-0.5,0.5,3.300435163107,FALSE,"OK"
1,500,0.5,0.5,"Full-GMM",-0.25,0.75,0.0683825839966609,FALSE,"OK"
1,500,0.5,0.5,"Full-GMM",0.25,1.25,3.90754268108587,FALSE,"OK"
1,500,0.5,0.5,"Full-GMM",0.5,1.5,7.68193990918077,TRUE,"OK"
1,500,0.5,0.5,"DML-IVQR",-0.5,0.5,4.25126310462203,FALSE,"OK"
1,500,0.5,0.5,"DML-IVQR",-0.25,0.75,2.32804636880338,FALSE,"OK"
1,500,0.5,0.5,"DML-IVQR",0.25,1.25,1.33501737759534,FALSE,"OK"
1,500,0.5,0.5,"DML-IVQR",0.5,1.5,5.68288608604732,FALSE,"OK"
1,500,0.5,0.25,"Oracle-GMM",-0.5,0.5,3.14580360690108,FALSE,"OK"
1,500,0.5,0.25,"Oracle-GMM",-0.25,0.75,2.81095836476798,FALSE,"OK"
1,500,0.5,0.25,"Oracle-GMM",0.25,1.25,0.419295045889555,FALSE,"OK"
1,500,0.5,0.25,"Oracle-GMM",0.5,1.5,1.87299160187529,FALSE,"OK"
1,500,0.5,0.25,"Full-GMM",-0.5,0.5,0.405375878323745,FALSE,"OK"
1,500,0.5,0.25,"Full-GMM",-0.25,0.75,0.418522522940483,FALSE,"OK"
1,500,0.5,0.25,"Full-GMM",0.25,1.25,2.11650170535261,FALSE,"OK"
1,500,0.5,0.25,"Full-GMM",0.5,1.5,3.39051072730979,FALSE,"OK"
1,500,0.5,0.25,"DML-IVQR",-0.5,0.5,0.841050103663327,FALSE,"OK"
1,500,0.5,0.25,"DML-IVQR",-0.25,0.75,1.15975921069992,FALSE,"OK"
1,500,0.5,0.25,"DML-IVQR",0.25,1.25,0.351205078859029,FALSE,"OK"
1,500,0.5,0.25,"DML-IVQR",0.5,1.5,2.17501607293924,FALSE,"OK"
1,500,0.5,0.1,"Oracle-GMM",-0.5,0.5,2.49499197651267,FALSE,"OK"
1,500,0.5,0.1,"Oracle-GMM",-0.25,0.75,1.8486429079041,FALSE,"OK"
1,500,0.5,0.1,"Oracle-GMM",0.25,1.25,0.37855235555252,FALSE,"OK"
1,500,0.5,0.1,"Oracle-GMM",0.5,1.5,0.733050940331278,FALSE,"OK"
1,500,0.5,0.1,"Full-GMM",-0.5,0.5,0.725711063146515,FALSE,"OK"
1,500,0.5,0.1,"Full-GMM",-0.25,0.75,0.357268954259359,FALSE,"OK"
1,500,0.5,0.1,"Full-GMM",0.25,1.25,4.5573258969734,FALSE,"OK"
1,500,0.5,0.1,"Full-GMM",0.5,1.5,1.34073861795214,FALSE,"OK"
1,500,0.5,0.1,"DML-IVQR",-0.5,0.5,0.898945787988323,FALSE,"OK"
1,500,0.5,0.1,"DML-IVQR",-0.25,0.75,2.46854218234455,FALSE,"OK"
1,500,0.5,0.1,"DML-IVQR",0.25,1.25,0.105768991217739,FALSE,"OK"
1,500,0.5,0.1,"DML-IVQR",0.5,1.5,1.14292729751259,FALSE,"OK"
1,500,0.75,1,"Oracle-GMM",-0.5,1.17448975019608,14.9132168877839,TRUE,"OK"
1,500,0.75,1,"Oracle-GMM",-0.25,1.42448975019608,9.61778437688104,TRUE,"OK"
1,500,0.75,1,"Oracle-GMM",0.25,1.92448975019608,5.66823274171042,FALSE,"OK"
1,500,0.75,1,"Oracle-GMM",0.5,2.17448975019608,17.8516164169169,TRUE,"OK"
1,500,0.75,1,"Full-GMM",-0.5,1.17448975019608,3.60117242551322,FALSE,"OK"
1,500,0.75,1,"Full-GMM",-0.25,1.42448975019608,0.771553587330785,FALSE,"OK"
1,500,0.75,1,"Full-GMM",0.25,1.92448975019608,6.95842509288826,TRUE,"OK"
1,500,0.75,1,"Full-GMM",0.5,2.17448975019608,18.7099606898735,TRUE,"OK"
1,500,0.75,1,"DML-IVQR",-0.5,1.17448975019608,8.76715676574191,TRUE,"OK"
1,500,0.75,1,"DML-IVQR",-0.25,1.42448975019608,7.40027867587574,TRUE,"OK"
1,500,0.75,1,"DML-IVQR",0.25,1.92448975019608,8.00367215091703,TRUE,"OK"
1,500,0.75,1,"DML-IVQR",0.5,2.17448975019608,20.7298080393427,TRUE,"OK"
1,500,0.75,0.5,"Oracle-GMM",-0.5,1.17448975019608,2.66824762608497,FALSE,"OK"
1,500,0.75,0.5,"Oracle-GMM",-0.25,1.42448975019608,3.09604125255666,FALSE,"OK"
1,500,0.75,0.5,"Oracle-GMM",0.25,1.92448975019608,2.46489820309258,FALSE,"OK"
1,500,0.75,0.5,"Oracle-GMM",0.5,2.17448975019608,8.71927010773443,TRUE,"OK"
1,500,0.75,0.5,"Full-GMM",-0.5,1.17448975019608,0.708024431139221,FALSE,"OK"
1,500,0.75,0.5,"Full-GMM",-0.25,1.42448975019608,1.0699309771948,FALSE,"OK"
1,500,0.75,0.5,"Full-GMM",0.25,1.92448975019608,3.8205137712963,FALSE,"OK"
1,500,0.75,0.5,"Full-GMM",0.5,2.17448975019608,7.49273282758537,TRUE,"OK"
1,500,0.75,0.5,"DML-IVQR",-0.5,1.17448975019608,4.19401507965353,FALSE,"OK"
1,500,0.75,0.5,"DML-IVQR",-0.25,1.42448975019608,5.37518210979923,FALSE,"OK"
1,500,0.75,0.5,"DML-IVQR",0.25,1.92448975019608,1.53037688348496,FALSE,"OK"
1,500,0.75,0.5,"DML-IVQR",0.5,2.17448975019608,3.82096222527933,FALSE,"OK"
1,500,0.75,0.25,"Oracle-GMM",-0.5,1.17448975019608,1.85715203678047,FALSE,"OK"
1,500,0.75,0.25,"Oracle-GMM",-0.25,1.42448975019608,4.29708463888589,FALSE,"OK"
1,500,0.75,0.25,"Oracle-GMM",0.25,1.92448975019608,1.11017000947605,FALSE,"OK"
1,500,0.75,0.25,"Oracle-GMM",0.5,2.17448975019608,2.71449448085591,FALSE,"OK"
1,500,0.75,0.25,"Full-GMM",-0.5,1.17448975019608,0.296854758334269,FALSE,"OK"
1,500,0.75,0.25,"Full-GMM",-0.25,1.42448975019608,3.19440706762202,FALSE,"OK"
1,500,0.75,0.25,"Full-GMM",0.25,1.92448975019608,4.51960866382962,FALSE,"OK"
1,500,0.75,0.25,"Full-GMM",0.5,2.17448975019608,3.00991906413774,FALSE,"OK"
1,500,0.75,0.25,"DML-IVQR",-0.5,1.17448975019608,3.97392438271233,FALSE,"OK"
1,500,0.75,0.25,"DML-IVQR",-0.25,1.42448975019608,3.89260216477537,FALSE,"OK"
1,500,0.75,0.25,"DML-IVQR",0.25,1.92448975019608,3.41772007439756,FALSE,"OK"
1,500,0.75,0.25,"DML-IVQR",0.5,2.17448975019608,3.08732901030817,FALSE,"OK"
1,500,0.75,0.1,"Oracle-GMM",-0.5,1.17448975019608,1.60301557782444,FALSE,"OK"
1,500,0.75,0.1,"Oracle-GMM",-0.25,1.42448975019608,4.53578824685007,FALSE,"OK"
1,500,0.75,0.1,"Oracle-GMM",0.25,1.92448975019608,0.0563812249223444,FALSE,"OK"
1,500,0.75,0.1,"Oracle-GMM",0.5,2.17448975019608,0.746559213464839,FALSE,"OK"
1,500,0.75,0.1,"Full-GMM",-0.5,1.17448975019608,0.0351982797831543,FALSE,"OK"
1,500,0.75,0.1,"Full-GMM",-0.25,1.42448975019608,5.86442308733305,FALSE,"OK"
1,500,0.75,0.1,"Full-GMM",0.25,1.92448975019608,1.97643649729184,FALSE,"OK"
1,500,0.75,0.1,"Full-GMM",0.5,2.17448975019608,2.62608892147006,FALSE,"OK"
1,500,0.75,0.1,"DML-IVQR",-0.5,1.17448975019608,4.66928883245853,FALSE,"OK"
1,500,0.75,0.1,"DML-IVQR",-0.25,1.42448975019608,3.88686969791221,FALSE,"OK"
1,500,0.75,0.1,"DML-IVQR",0.25,1.92448975019608,3.76356101795451,FALSE,"OK"
1,500,0.75,0.1,"DML-IVQR",0.5,2.17448975019608,0.822344600262645,FALSE,"OK"
1,500,0.9,1,"Oracle-GMM",-0.5,1.7815515655446,2.86193353332137,FALSE,"OK"
1,500,0.9,1,"Oracle-GMM",-0.25,2.0315515655446,1.47170769788656,FALSE,"OK"
1,500,0.9,1,"Oracle-GMM",0.25,2.5315515655446,1.07305111920097,FALSE,"OK"
1,500,0.9,1,"Oracle-GMM",0.5,2.7815515655446,17.3160447655625,TRUE,"OK"
1,500,0.9,1,"Full-GMM",-0.5,1.7815515655446,0.173199311253145,FALSE,"OK"
1,500,0.9,1,"Full-GMM",-0.25,2.0315515655446,2.83049674701937,FALSE,"OK"
1,500,0.9,1,"Full-GMM",0.25,2.5315515655446,3.95522648311556,FALSE,"OK"
1,500,0.9,1,"Full-GMM",0.5,2.7815515655446,12.1192515910631,TRUE,"OK"
1,500,0.9,1,"DML-IVQR",-0.5,1.7815515655446,3.08407913988105,FALSE,"OK"
1,500,0.9,1,"DML-IVQR",-0.25,2.0315515655446,1.33784330795649,FALSE,"OK"
1,500,0.9,1,"DML-IVQR",0.25,2.5315515655446,7.49666424563763,TRUE,"OK"
1,500,0.9,1,"DML-IVQR",0.5,2.7815515655446,19.7108638071046,TRUE,"OK"
1,500,0.9,0.5,"Oracle-GMM",-0.5,1.7815515655446,1.40666931304068,FALSE,"OK"
1,500,0.9,0.5,"Oracle-GMM",-0.25,2.0315515655446,1.04266722454738,FALSE,"OK"
1,500,0.9,0.5,"Oracle-GMM",0.25,2.5315515655446,2.17388275704136,FALSE,"OK"
1,500,0.9,0.5,"Oracle-GMM",0.5,2.7815515655446,4.38321666066674,FALSE,"OK"
1,500,0.9,0.5,"Full-GMM",-0.5,1.7815515655446,0.000791370058455011,FALSE,"OK"
1,500,0.9,0.5,"Full-GMM",-0.25,2.0315515655446,3.29350921210756,FALSE,"OK"
1,500,0.9,0.5,"Full-GMM",0.25,2.5315515655446,8.09744031436505,TRUE,"OK"
1,500,0.9,0.5,"Full-GMM",0.5,2.7815515655446,7.47318681644569,TRUE,"OK"
1,500,0.9,0.5,"DML-IVQR",-0.5,1.7815515655446,2.89190806987043,FALSE,"OK"
1,500,0.9,0.5,"DML-IVQR",-0.25,2.0315515655446,1.83131753732342,FALSE,"OK"
1,500,0.9,0.5,"DML-IVQR",0.25,2.5315515655446,5.32912880015428,FALSE,"OK"
1,500,0.9,0.5,"DML-IVQR",0.5,2.7815515655446,9.3577355557292,TRUE,"OK"
1,500,0.9,0.25,"Oracle-GMM",-0.5,1.7815515655446,0.557775679894669,FALSE,"OK"
1,500,0.9,0.25,"Oracle-GMM",-0.25,2.0315515655446,0.025312185506204,FALSE,"OK"
1,500,0.9,0.25,"Oracle-GMM",0.25,2.5315515655446,1.25898121737273,FALSE,"OK"
1,500,0.9,0.25,"Oracle-GMM",0.5,2.7815515655446,1.63108978549556,FALSE,"OK"
1,500,0.9,0.25,"Full-GMM",-0.5,1.7815515655446,1.5300573052076,FALSE,"OK"
1,500,0.9,0.25,"Full-GMM",-0.25,2.0315515655446,4.26913405139445,FALSE,"OK"
1,500,0.9,0.25,"Full-GMM",0.25,2.5315515655446,1.66755988629755,FALSE,"OK"
1,500,0.9,0.25,"Full-GMM",0.5,2.7815515655446,2.76507978990332,FALSE,"OK"
1,500,0.9,0.25,"DML-IVQR",-0.5,1.7815515655446,2.41692727592706,FALSE,"OK"
1,500,0.9,0.25,"DML-IVQR",-0.25,2.0315515655446,5.65144524639813,FALSE,"OK"
1,500,0.9,0.25,"DML-IVQR",0.25,2.5315515655446,3.25303640437891,FALSE,"OK"
1,500,0.9,0.25,"DML-IVQR",0.5,2.7815515655446,4.61603159071358,FALSE,"OK"
1,500,0.9,0.1,"Oracle-GMM",-0.5,1.7815515655446,1.30324426339802,FALSE,"OK"
1,500,0.9,0.1,"Oracle-GMM",-0.25,2.0315515655446,0.0645205494045127,FALSE,"OK"
1,500,0.9,0.1,"Oracle-GMM",0.25,2.5315515655446,1.62716081193686,FALSE,"OK"
1,500,0.9,0.1,"Oracle-GMM",0.5,2.7815515655446,0.322502606830471,FALSE,"OK"
1,500,0.9,0.1,"Full-GMM",-0.5,1.7815515655446,3.33692967177085,FALSE,"OK"
1,500,0.9,0.1,"Full-GMM",-0.25,2.0315515655446,0.301603416992277,FALSE,"OK"
1,500,0.9,0.1,"Full-GMM",0.25,2.5315515655446,3.18381408372921,FALSE,"OK"
1,500,0.9,0.1,"Full-GMM",0.5,2.7815515655446,3.73527089176159,FALSE,"OK"
1,500,0.9,0.1,"DML-IVQR",-0.5,1.7815515655446,3.24817112219832,FALSE,"OK"
1,500,0.9,0.1,"DML-IVQR",-0.25,2.0315515655446,3.95433518102393,FALSE,"OK"
1,500,0.9,0.1,"DML-IVQR",0.25,2.5315515655446,1.14342905195663,FALSE,"OK"
1,500,0.9,0.1,"DML-IVQR",0.5,2.7815515655446,2.08022358504001,FALSE,"OK"
1,1000,0.1,1,"Oracle-GMM",-0.5,-0.781551565544601,31.8054186170324,TRUE,"OK"
1,1000,0.1,1,"Oracle-GMM",-0.25,-0.531551565544601,18.2975810565204,TRUE,"OK"
1,1000,0.1,1,"Oracle-GMM",0.25,-0.0315515655446008,1.46447909018651,FALSE,"OK"
1,1000,0.1,1,"Oracle-GMM",0.5,0.218448434455399,15.7561187329018,TRUE,"OK"
1,1000,0.1,1,"Full-GMM",-0.5,-0.781551565544601,34.3409732426054,TRUE,"OK"
1,1000,0.1,1,"Full-GMM",-0.25,-0.531551565544601,31.6213094025263,TRUE,"OK"
1,1000,0.1,1,"Full-GMM",0.25,-0.0315515655446008,0.833235331444886,FALSE,"OK"
1,1000,0.1,1,"Full-GMM",0.5,0.218448434455399,7.22241888477047,TRUE,"OK"
1,1000,0.1,1,"DML-IVQR",-0.5,-0.781551565544601,23.2123504179045,TRUE,"OK"
1,1000,0.1,1,"DML-IVQR",-0.25,-0.531551565544601,4.13675477991372,FALSE,"OK"
1,1000,0.1,1,"DML-IVQR",0.25,-0.0315515655446008,3.16120914581078,FALSE,"OK"
1,1000,0.1,1,"DML-IVQR",0.5,0.218448434455399,9.38688977925164,TRUE,"OK"
1,1000,0.1,0.5,"Oracle-GMM",-0.5,-0.781551565544601,10.5827775751379,TRUE,"OK"
1,1000,0.1,0.5,"Oracle-GMM",-0.25,-0.531551565544601,4.3296352289712,FALSE,"OK"
1,1000,0.1,0.5,"Oracle-GMM",0.25,-0.0315515655446008,4.16105787083184,FALSE,"OK"
1,1000,0.1,0.5,"Oracle-GMM",0.5,0.218448434455399,3.36947160958749,FALSE,"OK"
1,1000,0.1,0.5,"Full-GMM",-0.5,-0.781551565544601,13.9069859666093,TRUE,"OK"
1,1000,0.1,0.5,"Full-GMM",-0.25,-0.531551565544601,3.27549464125225,FALSE,"OK"
1,1000,0.1,0.5,"Full-GMM",0.25,-0.0315515655446008,0.249586139780616,FALSE,"OK"
1,1000,0.1,0.5,"Full-GMM",0.5,0.218448434455399,0.23659848691411,FALSE,"OK"
1,1000,0.1,0.5,"DML-IVQR",-0.5,-0.781551565544601,5.96355721356028,FALSE,"OK"
1,1000,0.1,0.5,"DML-IVQR",-0.25,-0.531551565544601,1.9818615700223,FALSE,"OK"
1,1000,0.1,0.5,"DML-IVQR",0.25,-0.0315515655446008,2.12546202322457,FALSE,"OK"
1,1000,0.1,0.5,"DML-IVQR",0.5,0.218448434455399,0.851173617443337,FALSE,"OK"
1,1000,0.1,0.25,"Oracle-GMM",-0.5,-0.781551565544601,5.51640927544108,FALSE,"OK"
1,1000,0.1,0.25,"Oracle-GMM",-0.25,-0.531551565544601,2.9857272898613,FALSE,"OK"
1,1000,0.1,0.25,"Oracle-GMM",0.25,-0.0315515655446008,1.47950240309745,FALSE,"OK"
1,1000,0.1,0.25,"Oracle-GMM",0.5,0.218448434455399,0.70037978420014,FALSE,"OK"
1,1000,0.1,0.25,"Full-GMM",-0.5,-0.781551565544601,0.744508653050485,FALSE,"OK"
1,1000,0.1,0.25,"Full-GMM",-0.25,-0.531551565544601,0.21509022215645,FALSE,"OK"
1,1000,0.1,0.25,"Full-GMM",0.25,-0.0315515655446008,0.985223369278309,FALSE,"OK"
1,1000,0.1,0.25,"Full-GMM",0.5,0.218448434455399,1.35792343013686,FALSE,"OK"
1,1000,0.1,0.25,"DML-IVQR",-0.5,-0.781551565544601,6.31370119195887,TRUE,"OK"
1,1000,0.1,0.25,"DML-IVQR",-0.25,-0.531551565544601,2.01029894477725,FALSE,"OK"
1,1000,0.1,0.25,"DML-IVQR",0.25,-0.0315515655446008,1.0002460732262,FALSE,"OK"
1,1000,0.1,0.25,"DML-IVQR",0.5,0.218448434455399,0.286457941651936,FALSE,"OK"
1,1000,0.1,0.1,"Oracle-GMM",-0.5,-0.781551565544601,2.23098544845574,FALSE,"OK"
1,1000,0.1,0.1,"Oracle-GMM",-0.25,-0.531551565544601,1.1368665918262,FALSE,"OK"
1,1000,0.1,0.1,"Oracle-GMM",0.25,-0.0315515655446008,1.70195793424336,FALSE,"OK"
1,1000,0.1,0.1,"Oracle-GMM",0.5,0.218448434455399,0.497842277530438,FALSE,"OK"
1,1000,0.1,0.1,"Full-GMM",-0.5,-0.781551565544601,1.34363968484784,FALSE,"OK"
1,1000,0.1,0.1,"Full-GMM",-0.25,-0.531551565544601,0.576706321800905,FALSE,"OK"
1,1000,0.1,0.1,"Full-GMM",0.25,-0.0315515655446008,0.360017292961001,FALSE,"OK"
1,1000,0.1,0.1,"Full-GMM",0.5,0.218448434455399,0.331582018380687,FALSE,"OK"
1,1000,0.1,0.1,"DML-IVQR",-0.5,-0.781551565544601,3.54403264013195,FALSE,"OK"
1,1000,0.1,0.1,"DML-IVQR",-0.25,-0.531551565544601,3.13512320335706,FALSE,"OK"
1,1000,0.1,0.1,"DML-IVQR",0.25,-0.0315515655446008,1.1797492714712,FALSE,"OK"
1,1000,0.1,0.1,"DML-IVQR",0.5,0.218448434455399,0.0841955571234583,FALSE,"OK"
1,1000,0.25,1,"Oracle-GMM",-0.5,-0.174489750196082,61.8388637103436,TRUE,"OK"
1,1000,0.25,1,"Oracle-GMM",-0.25,0.0755102498039183,27.9707167035259,TRUE,"OK"
1,1000,0.25,1,"Oracle-GMM",0.25,0.575510249803918,12.0807506431076,TRUE,"OK"
1,1000,0.25,1,"Oracle-GMM",0.5,0.825510249803918,31.7240020492976,TRUE,"OK"
1,1000,0.25,1,"Full-GMM",-0.5,-0.174489750196082,43.5824068101837,TRUE,"OK"
1,1000,0.25,1,"Full-GMM",-0.25,0.0755102498039183,26.0128677060971,TRUE,"OK"
1,1000,0.25,1,"Full-GMM",0.25,0.575510249803918,5.56594206677272,FALSE,"OK"
1,1000,0.25,1,"Full-GMM",0.5,0.825510249803918,15.7738400202374,TRUE,"OK"
1,1000,0.25,1,"DML-IVQR",-0.5,-0.174489750196082,45.7712155741587,TRUE,"OK"
1,1000,0.25,1,"DML-IVQR",-0.25,0.0755102498039183,17.4057782177163,TRUE,"OK"
1,1000,0.25,1,"DML-IVQR",0.25,0.575510249803918,11.3239257201635,TRUE,"OK"
1,1000,0.25,1,"DML-IVQR",0.5,0.825510249803918,23.4416591948164,TRUE,"OK"
1,1000,0.25,0.5,"Oracle-GMM",-0.5,-0.174489750196082,13.7631736576585,TRUE,"OK"
1,1000,0.25,0.5,"Oracle-GMM",-0.25,0.0755102498039183,6.45499695082159,TRUE,"OK"
1,1000,0.25,0.5,"Oracle-GMM",0.25,0.575510249803918,4.51738329701961,FALSE,"OK"
1,1000,0.25,0.5,"Oracle-GMM",0.5,0.825510249803918,9.95636730021532,TRUE,"OK"
1,1000,0.25,0.5,"Full-GMM",-0.5,-0.174489750196082,12.2045933100668,TRUE,"OK"
1,1000,0.25,0.5,"Full-GMM",-0.25,0.0755102498039183,4.66117872063609,FALSE,"OK"
1,1000,0.25,0.5,"Full-GMM",0.25,0.575510249803918,1.97371291006282,FALSE,"OK"
1,1000,0.25,0.5,"Full-GMM",0.5,0.825510249803918,8.51183467844153,TRUE,"OK"
1,1000,0.25,0.5,"DML-IVQR",-0.5,-0.174489750196082,13.5305042897028,TRUE,"OK"
1,1000,0.25,0.5,"DML-IVQR",-0.25,0.0755102498039183,3.7708176354569,FALSE,"OK"
1,1000,0.25,0.5,"DML-IVQR",0.25,0.575510249803918,3.10416563713723,FALSE,"OK"
1,1000,0.25,0.5,"DML-IVQR",0.5,0.825510249803918,4.30293184663816,FALSE,"OK"
1,1000,0.25,0.25,"Oracle-GMM",-0.5,-0.174489750196082,3.02285990962768,FALSE,"OK"
1,1000,0.25,0.25,"Oracle-GMM",-0.25,0.0755102498039183,3.74659148139573,FALSE,"OK"
1,1000,0.25,0.25,"Oracle-GMM",0.25,0.575510249803918,1.65849474148106,FALSE,"OK"
1,1000,0.25,0.25,"Oracle-GMM",0.5,0.825510249803918,3.95309300631588,FALSE,"OK"
1,1000,0.25,0.25,"Full-GMM",-0.5,-0.174489750196082,4.46502291069811,FALSE,"OK"
1,1000,0.25,0.25,"Full-GMM",-0.25,0.0755102498039183,4.67309856854321,FALSE,"OK"
1,1000,0.25,0.25,"Full-GMM",0.25,0.575510249803918,1.80530259004419,FALSE,"OK"
1,1000,0.25,0.25,"Full-GMM",0.5,0.825510249803918,2.70433533029325,FALSE,"OK"
1,1000,0.25,0.25,"DML-IVQR",-0.5,-0.174489750196082,7.92556729469717,TRUE,"OK"
1,1000,0.25,0.25,"DML-IVQR",-0.25,0.0755102498039183,4.15266359886359,FALSE,"OK"
1,1000,0.25,0.25,"DML-IVQR",0.25,0.575510249803918,1.75631773103445,FALSE,"OK"
1,1000,0.25,0.25,"DML-IVQR",0.5,0.825510249803918,2.32580300023013,FALSE,"OK"
1,1000,0.25,0.1,"Oracle-GMM",-0.5,-0.174489750196082,0.259056219973541,FALSE,"OK"
1,1000,0.25,0.1,"Oracle-GMM",-0.25,0.0755102498039183,0.930676305922546,FALSE,"OK"
1,1000,0.25,0.1,"Oracle-GMM",0.25,0.575510249803918,0.718761153987634,FALSE,"OK"
1,1000,0.25,0.1,"Oracle-GMM",0.5,0.825510249803918,1.7400025127643,FALSE,"OK"
1,1000,0.25,0.1,"Full-GMM",-0.5,-0.174489750196082,0.409814932451191,FALSE,"OK"
1,1000,0.25,0.1,"Full-GMM",-0.25,0.0755102498039183,3.15868658247858,FALSE,"OK"
1,1000,0.25,0.1,"Full-GMM",0.25,0.575510249803918,2.12462416077257,FALSE,"OK"
1,1000,0.25,0.1,"Full-GMM",0.5,0.825510249803918,2.16560075974435,FALSE,"OK"
1,1000,0.25,0.1,"DML-IVQR",-0.5,-0.174489750196082,0.685146433090877,FALSE,"OK"
1,1000,0.25,0.1,"DML-IVQR",-0.25,0.0755102498039183,3.09895051599068,FALSE,"OK"
1,1000,0.25,0.1,"DML-IVQR",0.25,0.575510249803918,0.452898824220896,FALSE,"OK"
1,1000,0.25,0.1,"DML-IVQR",0.5,0.825510249803918,0.748041614975016,FALSE,"OK"
1,1000,0.5,1,"Oracle-GMM",-0.5,0.5,36.5365362164138,TRUE,"OK"
1,1000,0.5,1,"Oracle-GMM",-0.25,0.75,11.6201647791911,TRUE,"OK"
1,1000,0.5,1,"Oracle-GMM",0.25,1.25,30.7451335022887,TRUE,"OK"
1,1000,0.5,1,"Oracle-GMM",0.5,1.5,63.9419958377868,TRUE,"OK"
1,1000,0.5,1,"Full-GMM",-0.5,0.5,18.4896150033588,TRUE,"OK"
1,1000,0.5,1,"Full-GMM",-0.25,0.75,2.24150972652776,FALSE,"OK"
1,1000,0.5,1,"Full-GMM",0.25,1.25,21.0580816637509,TRUE,"OK"
1,1000,0.5,1,"Full-GMM",0.5,1.5,39.5164134927831,TRUE,"OK"
1,1000,0.5,1,"DML-IVQR",-0.5,0.5,35.0065603647423,TRUE,"OK"
1,1000,0.5,1,"DML-IVQR",-0.25,0.75,8.82232601890662,TRUE,"OK"
1,1000,0.5,1,"DML-IVQR",0.25,1.25,38.8056123768531,TRUE,"OK"
1,1000,0.5,1,"DML-IVQR",0.5,1.5,57.7227620930226,TRUE,"OK"
1,1000,0.5,0.5,"Oracle-GMM",-0.5,0.5,4.4457146816062,FALSE,"OK"
1,1000,0.5,0.5,"Oracle-GMM",-0.25,0.75,2.80754026611302,FALSE,"OK"
1,1000,0.5,0.5,"Oracle-GMM",0.25,1.25,14.0574915429989,TRUE,"OK"
1,1000,0.5,0.5,"Oracle-GMM",0.5,1.5,17.4212251939697,TRUE,"OK"
1,1000,0.5,0.5,"Full-GMM",-0.5,0.5,4.36842940073555,FALSE,"OK"
1,1000,0.5,0.5,"Full-GMM",-0.25,0.75,2.06316238412845,FALSE,"OK"
1,1000,0.5,0.5,"Full-GMM",0.25,1.25,2.82130430806671,FALSE,"OK"
1,1000,0.5,0.5,"Full-GMM",0.5,1.5,11.6344365969344,TRUE,"OK"
1,1000,0.5,0.5,"DML-IVQR",-0.5,0.5,4.18796919626354,FALSE,"OK"
1,1000,0.5,0.5,"DML-IVQR",-0.25,0.75,1.77033398006824,FALSE,"OK"
1,1000,0.5,0.5,"DML-IVQR",0.25,1.25,16.5560650077308,TRUE,"OK"
1,1000,0.5,0.5,"DML-IVQR",0.5,1.5,18.8566850911384,TRUE,"OK"
1,1000,0.5,0.25,"Oracle-GMM",-0.5,0.5,0.900542041424006,FALSE,"OK"
1,1000,0.5,0.25,"Oracle-GMM",-0.25,0.75,1.99169866621766,FALSE,"OK"
1,1000,0.5,0.25,"Oracle-GMM",0.25,1.25,7.14370194414585,TRUE,"OK"
1,1000,0.5,0.25,"Oracle-GMM",0.5,1.5,6.81382815539948,TRUE,"OK"
1,1000,0.5,0.25,"Full-GMM",-0.5,0.5,0.141787895886307,FALSE,"OK"
1,1000,0.5,0.25,"Full-GMM",-0.25,0.75,1.33851071581697,FALSE,"OK"
1,1000,0.5,0.25,"Full-GMM",0.25,1.25,5.0666273226755,FALSE,"OK"
1,1000,0.5,0.25,"Full-GMM",0.5,1.5,2.79840322635217,FALSE,"OK"
1,1000,0.5,0.25,"DML-IVQR",-0.5,0.5,0.00356508064418107,FALSE,"OK"
1,1000,0.5,0.25,"DML-IVQR",-0.25,0.75,1.60006180899508,FALSE,"OK"
1,1000,0.5,0.25,"DML-IVQR",0.25,1.25,6.65431131066085,TRUE,"OK"
1,1000,0.5,0.25,"DML-IVQR",0.5,1.5,3.94159765528008,FALSE,"OK"
1,1000,0.5,0.1,"Oracle-GMM",-0.5,0.5,0.52763221612893,FALSE,"OK"
1,1000,0.5,0.1,"Oracle-GMM",-0.25,0.75,2.46687174853894,FALSE,"OK"
1,1000,0.5,0.1,"Oracle-GMM",0.25,1.25,4.7011172670322,FALSE,"OK"
1,1000,0.5,0.1,"Oracle-GMM",0.5,1.5,1.809944064408,FALSE,"OK"
1,1000,0.5,0.1,"Full-GMM",-0.5,0.5,0.482439961666163,FALSE,"OK"
1,1000,0.5,0.1,"Full-GMM",-0.25,0.75,1.46110923167422,FALSE,"OK"
1,1000,0.5,0.1,"Full-GMM",0.25,1.25,0.940737102035087,FALSE,"OK"
1,1000,0.5,0.1,"Full-GMM",0.5,1.5,2.5715703657241,FALSE,"OK"
1,1000,0.5,0.1,"DML-IVQR",-0.5,0.5,1.55211216486984,FALSE,"OK"
1,1000,0.5,0.1,"DML-IVQR",-0.25,0.75,2.31331535403344,FALSE,"OK"
1,1000,0.5,0.1,"DML-IVQR",0.25,1.25,2.91900977119704,FALSE,"OK"
1,1000,0.5,0.1,"DML-IVQR",0.5,1.5,0.390569412470145,FALSE,"OK"
1,1000,0.75,1,"Oracle-GMM",-0.5,1.17448975019608,15.4998885103326,TRUE,"OK"
1,1000,0.75,1,"Oracle-GMM",-0.25,1.42448975019608,5.29856611178733,FALSE,"OK"
1,1000,0.75,1,"Oracle-GMM",0.25,1.92448975019608,21.2925266484286,TRUE,"OK"
1,1000,0.75,1,"Oracle-GMM",0.5,2.17448975019608,57.3776689310638,TRUE,"OK"
1,1000,0.75,1,"Full-GMM",-0.5,1.17448975019608,5.63683128747761,FALSE,"OK"
1,1000,0.75,1,"Full-GMM",-0.25,1.42448975019608,1.83104808445731,FALSE,"OK"
1,1000,0.75,1,"Full-GMM",0.25,1.92448975019608,9.56973118338093,TRUE,"OK"
1,1000,0.75,1,"Full-GMM",0.5,2.17448975019608,45.4452117843348,TRUE,"OK"
1,1000,0.75,1,"DML-IVQR",-0.5,1.17448975019608,11.5814985866466,TRUE,"OK"
1,1000,0.75,1,"DML-IVQR",-0.25,1.42448975019608,3.6872776187776,FALSE,"OK"
1,1000,0.75,1,"DML-IVQR",0.25,1.92448975019608,31.1913072190541,TRUE,"OK"
1,1000,0.75,1,"DML-IVQR",0.5,2.17448975019608,63.8841913517619,TRUE,"OK"
1,1000,0.75,0.5,"Oracle-GMM",-0.5,1.17448975019608,4.33313895214844,FALSE,"OK"
1,1000,0.75,0.5,"Oracle-GMM",-0.25,1.42448975019608,1.13794210210728,FALSE,"OK"
1,1000,0.75,0.5,"Oracle-GMM",0.25,1.92448975019608,8.02053635405184,TRUE,"OK"
1,1000,0.75,0.5,"Oracle-GMM",0.5,2.17448975019608,17.1596887191898,TRUE,"OK"
1,1000,0.75,0.5,"Full-GMM",-0.5,1.17448975019608,1.36282157831579,FALSE,"OK"
1,1000,0.75,0.5,"Full-GMM",-0.25,1.42448975019608,0.456999905722475,FALSE,"OK"
1,1000,0.75,0.5,"Full-GMM",0.25,1.92448975019608,7.54976711031685,TRUE,"OK"
1,1000,0.75,0.5,"Full-GMM",0.5,2.17448975019608,11.79046664914,TRUE,"OK"
1,1000,0.75,0.5,"DML-IVQR",-0.5,1.17448975019608,2.17365493255334,FALSE,"OK"
1,1000,0.75,0.5,"DML-IVQR",-0.25,1.42448975019608,1.08516722968729,FALSE,"OK"
1,1000,0.75,0.5,"DML-IVQR",0.25,1.92448975019608,5.60028301333601,FALSE,"OK"
1,1000,0.75,0.5,"DML-IVQR",0.5,2.17448975019608,23.6499775550389,TRUE,"OK"
1,1000,0.75,0.25,"Oracle-GMM",-0.5,1.17448975019608,1.16904725660002,FALSE,"OK"
1,1000,0.75,0.25,"Oracle-GMM",-0.25,1.42448975019608,0.257074996451966,FALSE,"OK"
1,1000,0.75,0.25,"Oracle-GMM",0.25,1.92448975019608,2.7974036476738,FALSE,"OK"
1,1000,0.75,0.25,"Oracle-GMM",0.5,2.17448975019608,9.07501012111573,TRUE,"OK"
1,1000,0.75,0.25,"Full-GMM",-0.5,1.17448975019608,0.377161550018435,FALSE,"OK"
1,1000,0.75,0.25,"Full-GMM",-0.25,1.42448975019608,0.020689843817523,FALSE,"OK"
1,1000,0.75,0.25,"Full-GMM",0.25,1.92448975019608,2.90908835018029,FALSE,"OK"
1,1000,0.75,0.25,"Full-GMM",0.5,2.17448975019608,6.61610107487303,TRUE,"OK"
1,1000,0.75,0.25,"DML-IVQR",-0.5,1.17448975019608,0.100010347098609,FALSE,"OK"
1,1000,0.75,0.25,"DML-IVQR",-0.25,1.42448975019608,0.031860826304992,FALSE,"OK"
1,1000,0.75,0.25,"DML-IVQR",0.25,1.92448975019608,1.19806045638172,FALSE,"OK"
1,1000,0.75,0.25,"DML-IVQR",0.5,2.17448975019608,6.34743505005666,TRUE,"OK"
1,1000,0.75,0.1,"Oracle-GMM",-0.5,1.17448975019608,0.134538881239747,FALSE,"OK"
1,1000,0.75,0.1,"Oracle-GMM",-0.25,1.42448975019608,0.238627527218476,FALSE,"OK"
1,1000,0.75,0.1,"Oracle-GMM",0.25,1.92448975019608,1.46783362345019,FALSE,"OK"
1,1000,0.75,0.1,"Oracle-GMM",0.5,2.17448975019608,2.63352831556871,FALSE,"OK"
1,1000,0.75,0.1,"Full-GMM",-0.5,1.17448975019608,0.838219895222483,FALSE,"OK"
1,1000,0.75,0.1,"Full-GMM",-0.25,1.42448975019608,0.295328504836427,FALSE,"OK"
1,1000,0.75,0.1,"Full-GMM",0.25,1.92448975019608,1.47680680056189,FALSE,"OK"
1,1000,0.75,0.1,"Full-GMM",0.5,2.17448975019608,3.45179766495202,FALSE,"OK"
1,1000,0.75,0.1,"DML-IVQR",-0.5,1.17448975019608,0.3485261465172,FALSE,"OK"
1,1000,0.75,0.1,"DML-IVQR",-0.25,1.42448975019608,0.393474589073222,FALSE,"OK"
1,1000,0.75,0.1,"DML-IVQR",0.25,1.92448975019608,0.326856941315045,FALSE,"OK"
1,1000,0.75,0.1,"DML-IVQR",0.5,2.17448975019608,1.52039343190896,FALSE,"OK"
1,1000,0.9,1,"Oracle-GMM",-0.5,1.7815515655446,3.8765072257176,FALSE,"OK"
1,1000,0.9,1,"Oracle-GMM",-0.25,2.0315515655446,1.1190506715406,FALSE,"OK"
1,1000,0.9,1,"Oracle-GMM",0.25,2.5315515655446,27.4639589650514,TRUE,"OK"
1,1000,0.9,1,"Oracle-GMM",0.5,2.7815515655446,40.5183878877488,TRUE,"OK"
1,1000,0.9,1,"Full-GMM",-0.5,1.7815515655446,1.57383853751876,FALSE,"OK"
1,1000,0.9,1,"Full-GMM",-0.25,2.0315515655446,0.9860588758545,FALSE,"OK"
1,1000,0.9,1,"Full-GMM",0.25,2.5315515655446,22.9199941553549,TRUE,"OK"
1,1000,0.9,1,"Full-GMM",0.5,2.7815515655446,36.2701994504785,TRUE,"OK"
1,1000,0.9,1,"DML-IVQR",-0.5,1.7815515655446,3.39083838483641,FALSE,"OK"
1,1000,0.9,1,"DML-IVQR",-0.25,2.0315515655446,0.263065901698338,FALSE,"OK"
1,1000,0.9,1,"DML-IVQR",0.25,2.5315515655446,32.7834910182517,TRUE,"OK"
1,1000,0.9,1,"DML-IVQR",0.5,2.7815515655446,53.733997927533,TRUE,"OK"
1,1000,0.9,0.5,"Oracle-GMM",-0.5,1.7815515655446,1.39097561436546,FALSE,"OK"
1,1000,0.9,0.5,"Oracle-GMM",-0.25,2.0315515655446,0.41137839379847,FALSE,"OK"
1,1000,0.9,0.5,"Oracle-GMM",0.25,2.5315515655446,12.7495080968212,TRUE,"OK"
1,1000,0.9,0.5,"Oracle-GMM",0.5,2.7815515655446,18.0485856378316,TRUE,"OK"
1,1000,0.9,0.5,"Full-GMM",-0.5,1.7815515655446,0.610769996288439,FALSE,"OK"
1,1000,0.9,0.5,"Full-GMM",-0.25,2.0315515655446,4.67550398501074,FALSE,"OK"
1,1000,0.9,0.5,"Full-GMM",0.25,2.5315515655446,3.6777876073606,FALSE,"OK"
1,1000,0.9,0.5,"Full-GMM",0.5,2.7815515655446,15.4203510645138,TRUE,"OK"
1,1000,0.9,0.5,"DML-IVQR",-0.5,1.7815515655446,2.18604826044682,FALSE,"OK"
1,1000,0.9,0.5,"DML-IVQR",-0.25,2.0315515655446,1.52334144089145,FALSE,"OK"
1,1000,0.9,0.5,"DML-IVQR",0.25,2.5315515655446,12.497749587821,TRUE,"OK"
1,1000,0.9,0.5,"DML-IVQR",0.5,2.7815515655446,23.3577441685119,TRUE,"OK"
1,1000,0.9,0.25,"Oracle-GMM",-0.5,1.7815515655446,0.456307898015987,FALSE,"OK"
1,1000,0.9,0.25,"Oracle-GMM",-0.25,2.0315515655446,2.19581945823618,FALSE,"OK"
1,1000,0.9,0.25,"Oracle-GMM",0.25,2.5315515655446,9.51639091186884,TRUE,"OK"
1,1000,0.9,0.25,"Oracle-GMM",0.5,2.7815515655446,9.81171461626746,TRUE,"OK"
1,1000,0.9,0.25,"Full-GMM",-0.5,1.7815515655446,2.94311695968304,FALSE,"OK"
1,1000,0.9,0.25,"Full-GMM",-0.25,2.0315515655446,6.66035294350977,TRUE,"OK"
1,1000,0.9,0.25,"Full-GMM",0.25,2.5315515655446,9.75040266959754,TRUE,"OK"
1,1000,0.9,0.25,"Full-GMM",0.5,2.7815515655446,14.0759410274535,TRUE,"OK"
1,1000,0.9,0.25,"DML-IVQR",-0.5,1.7815515655446,2.68252229538118,FALSE,"OK"
1,1000,0.9,0.25,"DML-IVQR",-0.25,2.0315515655446,2.20968494640645,FALSE,"OK"
1,1000,0.9,0.25,"DML-IVQR",0.25,2.5315515655446,6.75329338335741,TRUE,"OK"
1,1000,0.9,0.25,"DML-IVQR",0.5,2.7815515655446,8.58387068154279,TRUE,"OK"
1,1000,0.9,0.1,"Oracle-GMM",-0.5,1.7815515655446,0.267358079620774,FALSE,"OK"
1,1000,0.9,0.1,"Oracle-GMM",-0.25,2.0315515655446,2.20537952272092,FALSE,"OK"
1,1000,0.9,0.1,"Oracle-GMM",0.25,2.5315515655446,3.94876724468837,FALSE,"OK"
1,1000,0.9,0.1,"Oracle-GMM",0.5,2.7815515655446,6.08548547089841,TRUE,"OK"
1,1000,0.9,0.1,"Full-GMM",-0.5,1.7815515655446,4.2586931053256,FALSE,"OK"
1,1000,0.9,0.1,"Full-GMM",-0.25,2.0315515655446,2.70557428259924,FALSE,"OK"
1,1000,0.9,0.1,"Full-GMM",0.25,2.5315515655446,0.789525095547495,FALSE,"OK"
1,1000,0.9,0.1,"Full-GMM",0.5,2.7815515655446,1.3210697118189,FALSE,"OK"
1,1000,0.9,0.1,"DML-IVQR",-0.5,1.7815515655446,1.52439507769886,FALSE,"OK"
1,1000,0.9,0.1,"DML-IVQR",-0.25,2.0315515655446,1.30492259664558,FALSE,"OK"
1,1000,0.9,0.1,"DML-IVQR",0.25,2.5315515655446,5.40746294601755,FALSE,"OK"
1,1000,0.9,0.1,"DML-IVQR",0.5,2.7815515655446,3.4139352220233,FALSE,"OK"
2,500,0.1,1,"Oracle-GMM",-0.5,-0.781551565544601,31.4815186865099,TRUE,"OK"
2,500,0.1,1,"Oracle-GMM",-0.25,-0.531551565544601,20.7612013574458,TRUE,"OK"
2,500,0.1,1,"Oracle-GMM",0.25,-0.0315515655446008,0.15244179842777,FALSE,"OK"
2,500,0.1,1,"Oracle-GMM",0.5,0.218448434455399,1.83475937865309,FALSE,"OK"
2,500,0.1,1,"Full-GMM",-0.5,-0.781551565544601,28.0177538644913,TRUE,"OK"
2,500,0.1,1,"Full-GMM",-0.25,-0.531551565544601,23.5547542403293,TRUE,"OK"
2,500,0.1,1,"Full-GMM",0.25,-0.0315515655446008,2.65269665649015,FALSE,"OK"
2,500,0.1,1,"Full-GMM",0.5,0.218448434455399,0.16427360363077,FALSE,"OK"
2,500,0.1,1,"DML-IVQR",-0.5,-0.781551565544601,22.0051519985143,TRUE,"OK"
2,500,0.1,1,"DML-IVQR",-0.25,-0.531551565544601,12.1543042335601,TRUE,"OK"
2,500,0.1,1,"DML-IVQR",0.25,-0.0315515655446008,1.17566009563477,FALSE,"OK"
2,500,0.1,1,"DML-IVQR",0.5,0.218448434455399,2.01751950580409,FALSE,"OK"
2,500,0.1,0.5,"Oracle-GMM",-0.5,-0.781551565544601,10.7557197550777,TRUE,"OK"
2,500,0.1,0.5,"Oracle-GMM",-0.25,-0.531551565544601,3.0498927237678,FALSE,"OK"
2,500,0.1,0.5,"Oracle-GMM",0.25,-0.0315515655446008,1.16146650987236,FALSE,"OK"
2,500,0.1,0.5,"Oracle-GMM",0.5,0.218448434455399,1.18501169467925,FALSE,"OK"
2,500,0.1,0.5,"Full-GMM",-0.5,-0.781551565544601,9.95753144834158,TRUE,"OK"
2,500,0.1,0.5,"Full-GMM",-0.25,-0.531551565544601,9.45807182286996,TRUE,"OK"
2,500,0.1,0.5,"Full-GMM",0.25,-0.0315515655446008,9.04629485152966,TRUE,"OK"
2,500,0.1,0.5,"Full-GMM",0.5,0.218448434455399,3.97104513359092,FALSE,"OK"
2,500,0.1,0.5,"DML-IVQR",-0.5,-0.781551565544601,7.65450575783033,TRUE,"OK"
2,500,0.1,0.5,"DML-IVQR",-0.25,-0.531551565544601,5.36121333120754,FALSE,"OK"
2,500,0.1,0.5,"DML-IVQR",0.25,-0.0315515655446008,1.95699757408674,FALSE,"OK"
2,500,0.1,0.5,"DML-IVQR",0.5,0.218448434455399,1.63265204518686,FALSE,"OK"
2,500,0.1,0.25,"Oracle-GMM",-0.5,-0.781551565544601,5.30983589085753,FALSE,"OK"
2,500,0.1,0.25,"Oracle-GMM",-0.25,-0.531551565544601,2.3804505013805,FALSE,"OK"
2,500,0.1,0.25,"Oracle-GMM",0.25,-0.0315515655446008,1.6159972294842,FALSE,"OK"
2,500,0.1,0.25,"Oracle-GMM",0.5,0.218448434455399,1.35882755400029,FALSE,"OK"
2,500,0.1,0.25,"Full-GMM",-0.5,-0.781551565544601,7.65383716335949,TRUE,"OK"
2,500,0.1,0.25,"Full-GMM",-0.25,-0.531551565544601,11.9567034879654,TRUE,"OK"
2,500,0.1,0.25,"Full-GMM",0.25,-0.0315515655446008,3.43294482991948,FALSE,"OK"
2,500,0.1,0.25,"Full-GMM",0.5,0.218448434455399,13.4573924798173,TRUE,"OK"
2,500,0.1,0.25,"DML-IVQR",-0.5,-0.781551565544601,3.48184879941331,FALSE,"OK"
2,500,0.1,0.25,"DML-IVQR",-0.25,-0.531551565544601,6.78760619096697,TRUE,"OK"
2,500,0.1,0.25,"DML-IVQR",0.25,-0.0315515655446008,5.29032198374356,FALSE,"OK"
2,500,0.1,0.25,"DML-IVQR",0.5,0.218448434455399,3.66656805790912,FALSE,"OK"
2,500,0.1,0.1,"Oracle-GMM",-0.5,-0.781551565544601,6.37708451402362,TRUE,"OK"
2,500,0.1,0.1,"Oracle-GMM",-0.25,-0.531551565544601,1.06315845644728,FALSE,"OK"
2,500,0.1,0.1,"Oracle-GMM",0.25,-0.0315515655446008,1.25646908338337,FALSE,"OK"
2,500,0.1,0.1,"Oracle-GMM",0.5,0.218448434455399,0.980123814257235,FALSE,"OK"
2,500,0.1,0.1,"Full-GMM",-0.5,-0.781551565544601,2.43777198902772,FALSE,"OK"
2,500,0.1,0.1,"Full-GMM",-0.25,-0.531551565544601,2.38781616685516,FALSE,"OK"
2,500,0.1,0.1,"Full-GMM",0.25,-0.0315515655446008,2.83692973002005,FALSE,"OK"
2,500,0.1,0.1,"Full-GMM",0.5,0.218448434455399,9.15059597170166,TRUE,"OK"
2,500,0.1,0.1,"DML-IVQR",-0.5,-0.781551565544601,3.026882627619,FALSE,"OK"
2,500,0.1,0.1,"DML-IVQR",-0.25,-0.531551565544601,4.27814161083915,FALSE,"OK"
2,500,0.1,0.1,"DML-IVQR",0.25,-0.0315515655446008,5.65227293378155,FALSE,"OK"
2,500,0.1,0.1,"DML-IVQR",0.5,0.218448434455399,4.11885070570442,FALSE,"OK"
2,500,0.25,1,"Oracle-GMM",-0.5,-0.174489750196082,38.240324550167,TRUE,"OK"
2,500,0.25,1,"Oracle-GMM",-0.25,0.0755102498039183,22.4378873418976,TRUE,"OK"
2,500,0.25,1,"Oracle-GMM",0.25,0.575510249803918,2.78641382629499,FALSE,"OK"
2,500,0.25,1,"Oracle-GMM",0.5,0.825510249803918,11.5516829489848,TRUE,"OK"
2,500,0.25,1,"Full-GMM",-0.5,-0.174489750196082,23.3680888155006,TRUE,"OK"
2,500,0.25,1,"Full-GMM",-0.25,0.0755102498039183,16.6597829332988,TRUE,"OK"
2,500,0.25,1,"Full-GMM",0.25,0.575510249803918,0.544684683883209,FALSE,"OK"
2,500,0.25,1,"Full-GMM",0.5,0.825510249803918,3.32960678533892,FALSE,"OK"
2,500,0.25,1,"DML-IVQR",-0.5,-0.174489750196082,32.2064148080902,TRUE,"OK"
2,500,0.25,1,"DML-IVQR",-0.25,0.0755102498039183,14.8134682925052,TRUE,"OK"
2,500,0.25,1,"DML-IVQR",0.25,0.575510249803918,2.89421198299046,FALSE,"OK"
2,500,0.25,1,"DML-IVQR",0.5,0.825510249803918,6.51819121701265,TRUE,"OK"
2,500,0.25,0.5,"Oracle-GMM",-0.5,-0.174489750196082,18.7980205475426,TRUE,"OK"
2,500,0.25,0.5,"Oracle-GMM",-0.25,0.0755102498039183,6.29226522642396,TRUE,"OK"
2,500,0.25,0.5,"Oracle-GMM",0.25,0.575510249803918,0.123593164133889,FALSE,"OK"
2,500,0.25,0.5,"Oracle-GMM",0.5,0.825510249803918,0.410096707561083,FALSE,"OK"
2,500,0.25,0.5,"Full-GMM",-0.5,-0.174489750196082,11.5024772563647,TRUE,"OK"
2,500,0.25,0.5,"Full-GMM",-0.25,0.0755102498039183,2.99803825926767,FALSE,"OK"
2,500,0.25,0.5,"Full-GMM",0.25,0.575510249803918,0.729335589758681,FALSE,"OK"
2,500,0.25,0.5,"Full-GMM",0.5,0.825510249803918,3.10364881944637,FALSE,"OK"
2,500,0.25,0.5,"DML-IVQR",-0.5,-0.174489750196082,12.8077079613219,TRUE,"OK"
2,500,0.25,0.5,"DML-IVQR",-0.25,0.0755102498039183,10.4622883418701,TRUE,"OK"
2,500,0.25,0.5,"DML-IVQR",0.25,0.575510249803918,1.09184341998983,FALSE,"OK"
2,500,0.25,0.5,"DML-IVQR",0.5,0.825510249803918,1.12930661750675,FALSE,"OK"
2,500,0.25,0.25,"Oracle-GMM",-0.5,-0.174489750196082,11.0409842819657,TRUE,"OK"
2,500,0.25,0.25,"Oracle-GMM",-0.25,0.0755102498039183,5.39858000007566,FALSE,"OK"
2,500,0.25,0.25,"Oracle-GMM",0.25,0.575510249803918,0.567840807130932,FALSE,"OK"
2,500,0.25,0.25,"Oracle-GMM",0.5,0.825510249803918,0.27680427462182,FALSE,"OK"
2,500,0.25,0.25,"Full-GMM",-0.5,-0.174489750196082,5.02129662706519,FALSE,"OK"
2,500,0.25,0.25,"Full-GMM",-0.25,0.0755102498039183,7.40120168364301,TRUE,"OK"
2,500,0.25,0.25,"Full-GMM",0.25,0.575510249803918,3.25886306263002,FALSE,"OK"
2,500,0.25,0.25,"Full-GMM",0.5,0.825510249803918,2.11090423740094,FALSE,"OK"
2,500,0.25,0.25,"DML-IVQR",-0.5,-0.174489750196082,7.74210170554012,TRUE,"OK"
2,500,0.25,0.25,"DML-IVQR",-0.25,0.0755102498039183,6.09636539049268,TRUE,"OK"
2,500,0.25,0.25,"DML-IVQR",0.25,0.575510249803918,0.94605986337524,FALSE,"OK"
2,500,0.25,0.25,"DML-IVQR",0.5,0.825510249803918,1.27185541537376,FALSE,"OK"
2,500,0.25,0.1,"Oracle-GMM",-0.5,-0.174489750196082,5.53780557798607,FALSE,"OK"
2,500,0.25,0.1,"Oracle-GMM",-0.25,0.0755102498039183,4.4182738129789,FALSE,"OK"
2,500,0.25,0.1,"Oracle-GMM",0.25,0.575510249803918,0.748609152265793,FALSE,"OK"
2,500,0.25,0.1,"Oracle-GMM",0.5,0.825510249803918,0.774895745261289,FALSE,"OK"
2,500,0.25,0.1,"Full-GMM",-0.5,-0.174489750196082,7.69268644756865,TRUE,"OK"
2,500,0.25,0.1,"Full-GMM",-0.25,0.0755102498039183,1.13690581858267,FALSE,"OK"
2,500,0.25,0.1,"Full-GMM",0.25,0.575510249803918,5.62624996247882,FALSE,"OK"
2,500,0.25,0.1,"Full-GMM",0.5,0.825510249803918,5.79940601292343,FALSE,"OK"
2,500,0.25,0.1,"DML-IVQR",-0.5,-0.174489750196082,5.88213514466375,FALSE,"OK"
2,500,0.25,0.1,"DML-IVQR",-0.25,0.0755102498039183,1.5936606274586,FALSE,"OK"
2,500,0.25,0.1,"DML-IVQR",0.25,0.575510249803918,1.09932125610985,FALSE,"OK"
2,500,0.25,0.1,"DML-IVQR",0.5,0.825510249803918,1.53812958962092,FALSE,"OK"
2,500,0.5,1,"Oracle-GMM",-0.5,0.5,24.8482456974103,TRUE,"OK"
2,500,0.5,1,"Oracle-GMM",-0.25,0.75,10.3873419420845,TRUE,"OK"
2,500,0.5,1,"Oracle-GMM",0.25,1.25,5.31690827271439,FALSE,"OK"
2,500,0.5,1,"Oracle-GMM",0.5,1.5,19.8130042250342,TRUE,"OK"
2,500,0.5,1,"Full-GMM",-0.5,0.5,17.9655682430742,TRUE,"OK"
2,500,0.5,1,"Full-GMM",-0.25,0.75,8.43062807092935,TRUE,"OK"
2,500,0.5,1,"Full-GMM",0.25,1.25,2.32195608618491,FALSE,"OK"
2,500,0.5,1,"Full-GMM",0.5,1.5,3.22932311148001,FALSE,"OK"
2,500,0.5,1,"DML-IVQR",-0.5,0.5,22.3766207694255,TRUE,"OK"
2,500,0.5,1,"DML-IVQR",-0.25,0.75,8.8522407982859,TRUE,"OK"
2,500,0.5,1,"DML-IVQR",0.25,1.25,3.96222389060747,FALSE,"OK"
2,500,0.5,1,"DML-IVQR",0.5,1.5,5.20809543355004,FALSE,"OK"
2,500,0.5,0.5,"Oracle-GMM",-0.5,0.5,11.4271127690425,TRUE,"OK"
2,500,0.5,0.5,"Oracle-GMM",-0.25,0.75,6.76588410493344,TRUE,"OK"
2,500,0.5,0.5,"Oracle-GMM",0.25,1.25,1.18238919775696,FALSE,"OK"
2,500,0.5,0.5,"Oracle-GMM",0.5,1.5,4.0769152417113,FALSE,"OK"
2,500,0.5,0.5,"Full-GMM",-0.5,0.5,13.1887220705999,TRUE,"OK"
2,500,0.5,0.5,"Full-GMM",-0.25,0.75,5.09320076765734,FALSE,"OK"
2,500,0.5,0.5,"Full-GMM",0.25,1.25,7.40072082231388,TRUE,"OK"
2,500,0.5,0.5,"Full-GMM",0.5,1.5,4.36712185090418,FALSE,"OK"
2,500,0.5,0.5,"DML-IVQR",-0.5,0.5,15.8533096917485,TRUE,"OK"
2,500,0.5,0.5,"DML-IVQR",-0.25,0.75,3.35514857121002,FALSE,"OK"
2,500,0.5,0.5,"DML-IVQR",0.25,1.25,1.00810351447889,FALSE,"OK"
2,500,0.5,0.5,"DML-IVQR",0.5,1.5,3.54961665190375,FALSE,"OK"
2,500,0.5,0.25,"Oracle-GMM",-0.5,0.5,6.394152377355,TRUE,"OK"
2,500,0.5,0.25,"Oracle-GMM",-0.25,0.75,3.51707895813436,FALSE,"OK"
2,500,0.5,0.25,"Oracle-GMM",0.25,1.25,0.416230106353343,FALSE,"OK"
2,500,0.5,0.25,"Oracle-GMM",0.5,1.5,0.97661611580539,FALSE,"OK"
2,500,0.5,0.25,"Full-GMM",-0.5,0.5,2.6108612312505,FALSE,"OK"
2,500,0.5,0.25,"Full-GMM",-0.25,0.75,2.40987135450612,FALSE,"OK"
2,500,0.5,0.25,"Full-GMM",0.25,1.25,2.70230858044223,FALSE,"OK"
2,500,0.5,0.25,"Full-GMM",0.5,1.5,4.76654747632784,FALSE,"OK"
2,500,0.5,0.25,"DML-IVQR",-0.5,0.5,5.13435641483618,FALSE,"OK"
2,500,0.5,0.25,"DML-IVQR",-0.25,0.75,0.642165024277522,FALSE,"OK"
2,500,0.5,0.25,"DML-IVQR",0.25,1.25,2.01484261606093,FALSE,"OK"
2,500,0.5,0.25,"DML-IVQR",0.5,1.5,3.47415189573748,FALSE,"OK"
2,500,0.5,0.1,"Oracle-GMM",-0.5,0.5,2.16798235375977,FALSE,"OK"
2,500,0.5,0.1,"Oracle-GMM",-0.25,0.75,2.0067819710473,FALSE,"OK"
2,500,0.5,0.1,"Oracle-GMM",0.25,1.25,0.385184129545204,FALSE,"OK"
2,500,0.5,0.1,"Oracle-GMM",0.5,1.5,1.25520118822039,FALSE,"OK"
2,500,0.5,0.1,"Full-GMM",-0.5,0.5,0.241744202927383,FALSE,"OK"
2,500,0.5,0.1,"Full-GMM",-0.25,0.75,2.72538254981055,FALSE,"OK"
2,500,0.5,0.1,"Full-GMM",0.25,1.25,2.54839057785114,FALSE,"OK"
2,500,0.5,0.1,"Full-GMM",0.5,1.5,5.45681513203698,FALSE,"OK"
2,500,0.5,0.1,"DML-IVQR",-0.5,0.5,2.30634109087922,FALSE,"OK"
2,500,0.5,0.1,"DML-IVQR",-0.25,0.75,0.389245744181143,FALSE,"OK"
2,500,0.5,0.1,"DML-IVQR",0.25,1.25,1.30796896254717,FALSE,"OK"
2,500,0.5,0.1,"DML-IVQR",0.5,1.5,4.36626451680435,FALSE,"OK"
2,500,0.75,1,"Oracle-GMM",-0.5,1.17448975019608,19.7226926563891,TRUE,"OK"
2,500,0.75,1,"Oracle-GMM",-0.25,1.42448975019608,13.5488688990417,TRUE,"OK"
2,500,0.75,1,"Oracle-GMM",0.25,1.92448975019608,10.1466234229339,TRUE,"OK"
2,500,0.75,1,"Oracle-GMM",0.5,2.17448975019608,26.1975812844786,TRUE,"OK"
2,500,0.75,1,"Full-GMM",-0.5,1.17448975019608,10.0505464171322,TRUE,"OK"
2,500,0.75,1,"Full-GMM",-0.25,1.42448975019608,2.55362339848863,FALSE,"OK"
2,500,0.75,1,"Full-GMM",0.25,1.92448975019608,1.24621010985022,FALSE,"OK"
2,500,0.75,1,"Full-GMM",0.5,2.17448975019608,1.41092872572975,FALSE,"OK"
2,500,0.75,1,"DML-IVQR",-0.5,1.17448975019608,13.8111632264688,TRUE,"OK"
2,500,0.75,1,"DML-IVQR",-0.25,1.42448975019608,5.0754691588032,FALSE,"OK"
2,500,0.75,1,"DML-IVQR",0.25,1.92448975019608,15.7411749352292,TRUE,"OK"
2,500,0.75,1,"DML-IVQR",0.5,2.17448975019608,22.0125989161921,TRUE,"OK"
2,500,0.75,0.5,"Oracle-GMM",-0.5,1.17448975019608,9.83609022118064,TRUE,"OK"
2,500,0.75,0.5,"Oracle-GMM",-0.25,1.42448975019608,4.66107939957223,FALSE,"OK"
2,500,0.75,0.5,"Oracle-GMM",0.25,1.92448975019608,1.98568588906778,FALSE,"OK"
2,500,0.75,0.5,"Oracle-GMM",0.5,2.17448975019608,3.40677228770932,FALSE,"OK"
2,500,0.75,0.5,"Full-GMM",-0.5,1.17448975019608,3.45686368717121,FALSE,"OK"
2,500,0.75,0.5,"Full-GMM",-0.25,1.42448975019608,1.69920035176342,FALSE,"OK"
2,500,0.75,0.5,"Full-GMM",0.25,1.92448975019608,1.55087722661923,FALSE,"OK"
2,500,0.75,0.5,"Full-GMM",0.5,2.17448975019608,4.86323852050121,FALSE,"OK"
2,500,0.75,0.5,"DML-IVQR",-0.5,1.17448975019608,12.7222574311765,TRUE,"OK"
2,500,0.75,0.5,"DML-IVQR",-0.25,1.42448975019608,6.97147712076339,TRUE,"OK"
2,500,0.75,0.5,"DML-IVQR",0.25,1.92448975019608,2.44039585982545,FALSE,"OK"
2,500,0.75,0.5,"DML-IVQR",0.5,2.17448975019608,5.49775997114906,FALSE,"OK"
2,500,0.75,0.25,"Oracle-GMM",-0.5,1.17448975019608,6.79132552805442,TRUE,"OK"
2,500,0.75,0.25,"Oracle-GMM",-0.25,1.42448975019608,2.11783956734191,FALSE,"OK"
2,500,0.75,0.25,"Oracle-GMM",0.25,1.92448975019608,0.393668083960527,FALSE,"OK"
2,500,0.75,0.25,"Oracle-GMM",0.5,2.17448975019608,1.93907086230268,FALSE,"OK"
2,500,0.75,0.25,"Full-GMM",-0.5,1.17448975019608,3.85058144529348,FALSE,"OK"
2,500,0.75,0.25,"Full-GMM",-0.25,1.42448975019608,1.42984495150936,FALSE,"OK"
2,500,0.75,0.25,"Full-GMM",0.25,1.92448975019608,3.88664101491225,FALSE,"OK"
2,500,0.75,0.25,"Full-GMM",0.5,2.17448975019608,1.99651033540014,FALSE,"OK"
2,500,0.75,0.25,"DML-IVQR",-0.5,1.17448975019608,7.55468677311876,TRUE,"OK"
2,500,0.75,0.25,"DML-IVQR",-0.25,1.42448975019608,2.44899876821248,FALSE,"OK"
2,500,0.75,0.25,"DML-IVQR",0.25,1.92448975019608,1.9429888418443,FALSE,"OK"
2,500,0.75,0.25,"DML-IVQR",0.5,2.17448975019608,2.70390073360729,FALSE,"OK"
2,500,0.75,0.1,"Oracle-GMM",-0.5,1.17448975019608,4.61704003596969,FALSE,"OK"
2,500,0.75,0.1,"Oracle-GMM",-0.25,1.42448975019608,0.343920413520803,FALSE,"OK"
2,500,0.75,0.1,"Oracle-GMM",0.25,1.92448975019608,0.164753174127478,FALSE,"OK"
2,500,0.75,0.1,"Oracle-GMM",0.5,2.17448975019608,0.420745386834794,FALSE,"OK"
2,500,0.75,0.1,"Full-GMM",-0.5,1.17448975019608,3.49871550294311,FALSE,"OK"
2,500,0.75,0.1,"Full-GMM",-0.25,1.42448975019608,3.17257876918577,FALSE,"OK"
2,500,0.75,0.1,"Full-GMM",0.25,1.92448975019608,3.22906930196466,FALSE,"OK"
2,500,0.75,0.1,"Full-GMM",0.5,2.17448975019608,2.10747282692864,FALSE,"OK"
2,500,0.75,0.1,"DML-IVQR",-0.5,1.17448975019608,4.04766732392293,FALSE,"OK"
2,500,0.75,0.1,"DML-IVQR",-0.25,1.42448975019608,0.0806122193076663,FALSE,"OK"
2,500,0.75,0.1,"DML-IVQR",0.25,1.92448975019608,1.23669675301301,FALSE,"OK"
2,500,0.75,0.1,"DML-IVQR",0.5,2.17448975019608,3.70936045675266,FALSE,"OK"
2,500,0.9,1,"Oracle-GMM",-0.5,1.7815515655446,12.4863686703197,TRUE,"OK"
2,500,0.9,1,"Oracle-GMM",-0.25,2.0315515655446,7.37050703848941,TRUE,"OK"
2,500,0.9,1,"Oracle-GMM",0.25,2.5315515655446,4.87588355290008,FALSE,"OK"
2,500,0.9,1,"Oracle-GMM",0.5,2.7815515655446,21.8089002293879,TRUE,"OK"
2,500,0.9,1,"Full-GMM",-0.5,1.7815515655446,3.20988246651213,FALSE,"OK"
2,500,0.9,1,"Full-GMM",-0.25,2.0315515655446,0.155396006689375,FALSE,"OK"
2,500,0.9,1,"Full-GMM",0.25,2.5315515655446,7.1367267717344,TRUE,"OK"
2,500,0.9,1,"Full-GMM",0.5,2.7815515655446,10.0628179361951,TRUE,"OK"
2,500,0.9,1,"DML-IVQR",-0.5,1.7815515655446,7.39051065862955,TRUE,"OK"
2,500,0.9,1,"DML-IVQR",-0.25,2.0315515655446,5.08981427492941,FALSE,"OK"
2,500,0.9,1,"DML-IVQR",0.25,2.5315515655446,10.1977777818011,TRUE,"OK"
2,500,0.9,1,"DML-IVQR",0.5,2.7815515655446,20.5344525811104,TRUE,"OK"
2,500,0.9,0.5,"Oracle-GMM",-0.5,1.7815515655446,1.98683763336455,FALSE,"OK"
2,500,0.9,0.5,"Oracle-GMM",-0.25,2.0315515655446,1.42538393263288,FALSE,"OK"
2,500,0.9,0.5,"Oracle-GMM",0.25,2.5315515655446,2.94074947763162,FALSE,"OK"
2,500,0.9,0.5,"Oracle-GMM",0.5,2.7815515655446,5.575906745218,FALSE,"OK"
2,500,0.9,0.5,"Full-GMM",-0.5,1.7815515655446,3.49904117874476,FALSE,"OK"
2,500,0.9,0.5,"Full-GMM",-0.25,2.0315515655446,1.39392952999957,FALSE,"OK"
2,500,0.9,0.5,"Full-GMM",0.25,2.5315515655446,3.96923715558594,FALSE,"OK"
2,500,0.9,0.5,"Full-GMM",0.5,2.7815515655446,6.10463060284397,TRUE,"OK"
2,500,0.9,0.5,"DML-IVQR",-0.5,1.7815515655446,6.90899455476371,TRUE,"OK"
2,500,0.9,0.5,"DML-IVQR",-0.25,2.0315515655446,3.25216597907305,FALSE,"OK"
2,500,0.9,0.5,"DML-IVQR",0.25,2.5315515655446,1.64971366241588,FALSE,"OK"
2,500,0.9,0.5,"DML-IVQR",0.5,2.7815515655446,1.18981227926308,FALSE,"OK"
2,500,0.9,0.25,"Oracle-GMM",-0.5,1.7815515655446,4.7320906301096,FALSE,"OK"
2,500,0.9,0.25,"Oracle-GMM",-0.25,2.0315515655446,1.63514118519865,FALSE,"OK"
2,500,0.9,0.25,"Oracle-GMM",0.25,2.5315515655446,0.051259934970333,FALSE,"OK"
2,500,0.9,0.25,"Oracle-GMM",0.5,2.7815515655446,0.0697911944356476,FALSE,"OK"
2,500,0.9,0.25,"Full-GMM",-0.5,1.7815515655446,10.4629853933135,TRUE,"OK"
2,500,0.9,0.25,"Full-GMM",-0.25,2.0315515655446,2.69022977084225,FALSE,"OK"
2,500,0.9,0.25,"Full-GMM",0.25,2.5315515655446,0.0934517523032236,FALSE,"OK"
2,500,0.9,0.25,"Full-GMM",0.5,2.7815515655446,0.926589750396363,FALSE,"OK"
2,500,0.9,0.25,"DML-IVQR",-0.5,1.7815515655446,5.06834085082231,FALSE,"OK"
2,500,0.9,0.25,"DML-IVQR",-0.25,2.0315515655446,2.74355073438274,FALSE,"OK"
2,500,0.9,0.25,"DML-IVQR",0.25,2.5315515655446,0.474996450139381,FALSE,"OK"
2,500,0.9,0.25,"DML-IVQR",0.5,2.7815515655446,1.33087361648747,FALSE,"OK"
2,500,0.9,0.1,"Oracle-GMM",-0.5,1.7815515655446,2.32653008145681,FALSE,"OK"
2,500,0.9,0.1,"Oracle-GMM",-0.25,2.0315515655446,3.2317833313003,FALSE,"OK"
2,500,0.9,0.1,"Oracle-GMM",0.25,2.5315515655446,0.93523431210191,FALSE,"OK"
2,500,0.9,0.1,"Oracle-GMM",0.5,2.7815515655446,0.313919358914961,FALSE,"OK"
2,500,0.9,0.1,"Full-GMM",-0.5,1.7815515655446,4.45747010864345,FALSE,"OK"
2,500,0.9,0.1,"Full-GMM",-0.25,2.0315515655446,2.09222561557245,FALSE,"OK"
2,500,0.9,0.1,"Full-GMM",0.25,2.5315515655446,3.63862822270837,FALSE,"OK"
2,500,0.9,0.1,"Full-GMM",0.5,2.7815515655446,2.0149521255249,FALSE,"OK"
2,500,0.9,0.1,"DML-IVQR",-0.5,1.7815515655446,5.07501492221044,FALSE,"OK"
2,500,0.9,0.1,"DML-IVQR",-0.25,2.0315515655446,2.91128530796614,FALSE,"OK"
2,500,0.9,0.1,"DML-IVQR",0.25,2.5315515655446,0.118314940743298,FALSE,"OK"
2,500,0.9,0.1,"DML-IVQR",0.5,2.7815515655446,0.509567151865977,FALSE,"OK"
2,1000,0.1,1,"Oracle-GMM",-0.5,-0.781551565544601,42.8604261401941,TRUE,"OK"
2,1000,0.1,1,"Oracle-GMM",-0.25,-0.531551565544601,20.3885284906308,TRUE,"OK"
2,1000,0.1,1,"Oracle-GMM",0.25,-0.0315515655446008,4.19788267985095,FALSE,"OK"
2,1000,0.1,1,"Oracle-GMM",0.5,0.218448434455399,13.1059851204631,TRUE,"OK"
2,1000,0.1,1,"Full-GMM",-0.5,-0.781551565544601,34.8202172647348,TRUE,"OK"
2,1000,0.1,1,"Full-GMM",-0.25,-0.531551565544601,27.8623042930735,TRUE,"OK"
2,1000,0.1,1,"Full-GMM",0.25,-0.0315515655446008,1.05714058213322,FALSE,"OK"
2,1000,0.1,1,"Full-GMM",0.5,0.218448434455399,0.545022977388906,FALSE,"OK"
2,1000,0.1,1,"DML-IVQR",-0.5,-0.781551565544601,31.0864610067932,TRUE,"OK"
2,1000,0.1,1,"DML-IVQR",-0.25,-0.531551565544601,9.76152894673891,TRUE,"OK"
2,1000,0.1,1,"DML-IVQR",0.25,-0.0315515655446008,4.15365682442981,FALSE,"OK"
2,1000,0.1,1,"DML-IVQR",0.5,0.218448434455399,5.16359061866908,FALSE,"OK"
2,1000,0.1,0.5,"Oracle-GMM",-0.5,-0.781551565544601,18.5077918278608,TRUE,"OK"
2,1000,0.1,0.5,"Oracle-GMM",-0.25,-0.531551565544601,4.13625893392109,FALSE,"OK"
2,1000,0.1,0.5,"Oracle-GMM",0.25,-0.0315515655446008,1.04402135379428,FALSE,"OK"
2,1000,0.1,0.5,"Oracle-GMM",0.5,0.218448434455399,5.63066372795046,FALSE,"OK"
2,1000,0.1,0.5,"Full-GMM",-0.5,-0.781551565544601,13.0552262638042,TRUE,"OK"
2,1000,0.1,0.5,"Full-GMM",-0.25,-0.531551565544601,12.8875761061123,TRUE,"OK"
2,1000,0.1,0.5,"Full-GMM",0.25,-0.0315515655446008,0.0945615804153528,FALSE,"OK"
2,1000,0.1,0.5,"Full-GMM",0.5,0.218448434455399,1.66327320811189,FALSE,"OK"
2,1000,0.1,0.5,"DML-IVQR",-0.5,-0.781551565544601,10.9769550277964,TRUE,"OK"
2,1000,0.1,0.5,"DML-IVQR",-0.25,-0.531551565544601,2.07875821100197,FALSE,"OK"
2,1000,0.1,0.5,"DML-IVQR",0.25,-0.0315515655446008,0.405834805123263,FALSE,"OK"
2,1000,0.1,0.5,"DML-IVQR",0.5,0.218448434455399,2.16310589416118,FALSE,"OK"
2,1000,0.1,0.25,"Oracle-GMM",-0.5,-0.781551565544601,8.35031539241221,TRUE,"OK"
2,1000,0.1,0.25,"Oracle-GMM",-0.25,-0.531551565544601,6.31914446805018,TRUE,"OK"
2,1000,0.1,0.25,"Oracle-GMM",0.25,-0.0315515655446008,0.0112455327965142,FALSE,"OK"
2,1000,0.1,0.25,"Oracle-GMM",0.5,0.218448434455399,4.17650739213213,FALSE,"OK"
2,1000,0.1,0.25,"Full-GMM",-0.5,-0.781551565544601,0.974000269391713,FALSE,"OK"
2,1000,0.1,0.25,"Full-GMM",-0.25,-0.531551565544601,0.106142034933138,FALSE,"OK"
2,1000,0.1,0.25,"Full-GMM",0.25,-0.0315515655446008,0.207378896503333,FALSE,"OK"
2,1000,0.1,0.25,"Full-GMM",0.5,0.218448434455399,1.45495139855889,FALSE,"OK"
2,1000,0.1,0.25,"DML-IVQR",-0.5,-0.781551565544601,7.48977999374349,TRUE,"OK"
2,1000,0.1,0.25,"DML-IVQR",-0.25,-0.531551565544601,1.88768644181791,FALSE,"OK"
2,1000,0.1,0.25,"DML-IVQR",0.25,-0.0315515655446008,0.113050355848353,FALSE,"OK"
2,1000,0.1,0.25,"DML-IVQR",0.5,0.218448434455399,0.7499040063108,FALSE,"OK"
2,1000,0.1,0.1,"Oracle-GMM",-0.5,-0.781551565544601,6.34521580004822,TRUE,"OK"
2,1000,0.1,0.1,"Oracle-GMM",-0.25,-0.531551565544601,1.3250443455501,FALSE,"OK"
2,1000,0.1,0.1,"Oracle-GMM",0.25,-0.0315515655446008,0.0570798958837011,FALSE,"OK"
2,1000,0.1,0.1,"Oracle-GMM",0.5,0.218448434455399,0.820404959421625,FALSE,"OK"
2,1000,0.1,0.1,"Full-GMM",-0.5,-0.781551565544601,0.41996782509218,FALSE,"OK"
2,1000,0.1,0.1,"Full-GMM",-0.25,-0.531551565544601,1.6233284261225,FALSE,"OK"
2,1000,0.1,0.1,"Full-GMM",0.25,-0.0315515655446008,0.755714068309032,FALSE,"OK"
2,1000,0.1,0.1,"Full-GMM",0.5,0.218448434455399,1.17067983477923,FALSE,"OK"
2,1000,0.1,0.1,"DML-IVQR",-0.5,-0.781551565544601,4.63151558428212,FALSE,"OK"
2,1000,0.1,0.1,"DML-IVQR",-0.25,-0.531551565544601,1.44330583292075,FALSE,"OK"
2,1000,0.1,0.1,"DML-IVQR",0.25,-0.0315515655446008,0.214477072190273,FALSE,"OK"
2,1000,0.1,0.1,"DML-IVQR",0.5,0.218448434455399,0.610127496475534,FALSE,"OK"
2,1000,0.25,1,"Oracle-GMM",-0.5,-0.174489750196082,61.6087122075545,TRUE,"OK"
2,1000,0.25,1,"Oracle-GMM",-0.25,0.0755102498039183,19.2357167465815,TRUE,"OK"
2,1000,0.25,1,"Oracle-GMM",0.25,0.575510249803918,10.0793636379051,TRUE,"OK"
2,1000,0.25,1,"Oracle-GMM",0.5,0.825510249803918,29.0855193200861,TRUE,"OK"
2,1000,0.25,1,"Full-GMM",-0.5,-0.174489750196082,42.8044358980543,TRUE,"OK"
2,1000,0.25,1,"Full-GMM",-0.25,0.0755102498039183,19.832804217227,TRUE,"OK"
2,1000,0.25,1,"Full-GMM",0.25,0.575510249803918,2.14591804129157,FALSE,"OK"
2,1000,0.25,1,"Full-GMM",0.5,0.825510249803918,11.6858327791943,TRUE,"OK"
2,1000,0.25,1,"DML-IVQR",-0.5,-0.174489750196082,40.1326710541332,TRUE,"OK"
2,1000,0.25,1,"DML-IVQR",-0.25,0.0755102498039183,5.64591589644343,FALSE,"OK"
2,1000,0.25,1,"DML-IVQR",0.25,0.575510249803918,7.21075580912144,TRUE,"OK"
2,1000,0.25,1,"DML-IVQR",0.5,0.825510249803918,19.8688697771433,TRUE,"OK"
2,1000,0.25,0.5,"Oracle-GMM",-0.5,-0.174489750196082,19.2616779787944,TRUE,"OK"
2,1000,0.25,0.5,"Oracle-GMM",-0.25,0.0755102498039183,7.84596948807191,TRUE,"OK"
2,1000,0.25,0.5,"Oracle-GMM",0.25,0.575510249803918,5.23087420906405,FALSE,"OK"
2,1000,0.25,0.5,"Oracle-GMM",0.5,0.825510249803918,11.6852999141784,TRUE,"OK"
2,1000,0.25,0.5,"Full-GMM",-0.5,-0.174489750196082,21.7596721090021,TRUE,"OK"
2,1000,0.25,0.5,"Full-GMM",-0.25,0.0755102498039183,8.4116416178995,TRUE,"OK"
2,1000,0.25,0.5,"Full-GMM",0.25,0.575510249803918,3.40854505595895,FALSE,"OK"
2,1000,0.25,0.5,"Full-GMM",0.5,0.825510249803918,2.29176257523409,FALSE,"OK"
2,1000,0.25,0.5,"DML-IVQR",-0.5,-0.174489750196082,12.9305649817133,TRUE,"OK"
2,1000,0.25,0.5,"DML-IVQR",-0.25,0.0755102498039183,0.549607941732407,FALSE,"OK"
2,1000,0.25,0.5,"DML-IVQR",0.25,0.575510249803918,2.80391710679294,FALSE,"OK"
2,1000,0.25,0.5,"DML-IVQR",0.5,0.825510249803918,8.76897232080518,TRUE,"OK"
2,1000,0.25,0.25,"Oracle-GMM",-0.5,-0.174489750196082,8.381934341359,TRUE,"OK"
2,1000,0.25,0.25,"Oracle-GMM",-0.25,0.0755102498039183,4.22567846874986,FALSE,"OK"
2,1000,0.25,0.25,"Oracle-GMM",0.25,0.575510249803918,1.68988872012576,FALSE,"OK"
2,1000,0.25,0.25,"Oracle-GMM",0.5,0.825510249803918,4.54171957226101,FALSE,"OK"
2,1000,0.25,0.25,"Full-GMM",-0.5,-0.174489750196082,4.20541317071208,FALSE,"OK"
2,1000,0.25,0.25,"Full-GMM",-0.25,0.0755102498039183,4.63826670829392,FALSE,"OK"
2,1000,0.25,0.25,"Full-GMM",0.25,0.575510249803918,2.74121392081821,FALSE,"OK"
2,1000,0.25,0.25,"Full-GMM",0.5,0.825510249803918,2.46385743684117,FALSE,"OK"
2,1000,0.25,0.25,"DML-IVQR",-0.5,-0.174489750196082,8.23515282750725,TRUE,"OK"
2,1000,0.25,0.25,"DML-IVQR",-0.25,0.0755102498039183,1.33251245126258,FALSE,"OK"
2,1000,0.25,0.25,"DML-IVQR",0.25,0.575510249803918,0.556729420111683,FALSE,"OK"
2,1000,0.25,0.25,"DML-IVQR",0.5,0.825510249803918,1.62025711002501,FALSE,"OK"
2,1000,0.25,0.1,"Oracle-GMM",-0.5,-0.174489750196082,3.69716076615541,FALSE,"OK"
2,1000,0.25,0.1,"Oracle-GMM",-0.25,0.0755102498039183,2.60470809012952,FALSE,"OK"
2,1000,0.25,0.1,"Oracle-GMM",0.25,0.575510249803918,1.66538316150936,FALSE,"OK"
2,1000,0.25,0.1,"Oracle-GMM",0.5,0.825510249803918,1.29704682474561,FALSE,"OK"
2,1000,0.25,0.1,"Full-GMM",-0.5,-0.174489750196082,3.87106916171463,FALSE,"OK"
2,1000,0.25,0.1,"Full-GMM",-0.25,0.0755102498039183,1.69379964049366,FALSE,"OK"
2,1000,0.25,0.1,"Full-GMM",0.25,0.575510249803918,3.5367764235788,FALSE,"OK"
2,1000,0.25,0.1,"Full-GMM",0.5,0.825510249803918,4.23135362494181,FALSE,"OK"
2,1000,0.25,0.1,"DML-IVQR",-0.5,-0.174489750196082,3.69248303651626,FALSE,"OK"
2,1000,0.25,0.1,"DML-IVQR",-0.25,0.0755102498039183,0.857000396570736,FALSE,"OK"
2,1000,0.25,0.1,"DML-IVQR",0.25,0.575510249803918,1.47774120501606,FALSE,"OK"
2,1000,0.25,0.1,"DML-IVQR",0.5,0.825510249803918,0.223166604033831,FALSE,"OK"
2,1000,0.5,1,"Oracle-GMM",-0.5,0.5,41.8740080872852,TRUE,"OK"
2,1000,0.5,1,"Oracle-GMM",-0.25,0.75,10.0839608117041,TRUE,"OK"
2,1000,0.5,1,"Oracle-GMM",0.25,1.25,25.0449284852002,TRUE,"OK"
2,1000,0.5,1,"Oracle-GMM",0.5,1.5,67.6191812471438,TRUE,"OK"
2,1000,0.5,1,"Full-GMM",-0.5,0.5,29.2459541646117,TRUE,"OK"
2,1000,0.5,1,"Full-GMM",-0.25,0.75,7.86138476088261,TRUE,"OK"
2,1000,0.5,1,"Full-GMM",0.25,1.25,18.5066768483596,TRUE,"OK"
2,1000,0.5,1,"Full-GMM",0.5,1.5,45.7458497849124,TRUE,"OK"
2,1000,0.5,1,"DML-IVQR",-0.5,0.5,31.0996573219442,TRUE,"OK"
2,1000,0.5,1,"DML-IVQR",-0.25,0.75,3.83482995580983,FALSE,"OK"
2,1000,0.5,1,"DML-IVQR",0.25,1.25,27.4736039024547,TRUE,"OK"
2,1000,0.5,1,"DML-IVQR",0.5,1.5,63.1425778408808,TRUE,"OK"
2,1000,0.5,0.5,"Oracle-GMM",-0.5,0.5,15.5831006387713,TRUE,"OK"
2,1000,0.5,0.5,"Oracle-GMM",-0.25,0.75,3.44405263085627,FALSE,"OK"
2,1000,0.5,0.5,"Oracle-GMM",0.25,1.25,9.50356809770786,TRUE,"OK"
2,1000,0.5,0.5,"Oracle-GMM",0.5,1.5,28.4841063672161,TRUE,"OK"
2,1000,0.5,0.5,"Full-GMM",-0.5,0.5,9.08926220947728,TRUE,"OK"
2,1000,0.5,0.5,"Full-GMM",-0.25,0.75,3.50638932347348,FALSE,"OK"
2,1000,0.5,0.5,"Full-GMM",0.25,1.25,7.04225374371083,TRUE,"OK"
2,1000,0.5,0.5,"Full-GMM",0.5,1.5,31.978324073023,TRUE,"OK"
2,1000,0.5,0.5,"DML-IVQR",-0.5,0.5,12.6471994475596,TRUE,"OK"
2,1000,0.5,0.5,"DML-IVQR",-0.25,0.75,0.890444803731985,FALSE,"OK"
2,1000,0.5,0.5,"DML-IVQR",0.25,1.25,13.3704393757193,TRUE,"OK"
2,1000,0.5,0.5,"DML-IVQR",0.5,1.5,23.0124287819275,TRUE,"OK"
2,1000,0.5,0.25,"Oracle-GMM",-0.5,0.5,8.07424331490402,TRUE,"OK"
2,1000,0.5,0.25,"Oracle-GMM",-0.25,0.75,0.945482157290642,FALSE,"OK"
2,1000,0.5,0.25,"Oracle-GMM",0.25,1.25,6.28823339656383,TRUE,"OK"
2,1000,0.5,0.25,"Oracle-GMM",0.5,1.5,13.045993834183,TRUE,"OK"
2,1000,0.5,0.25,"Full-GMM",-0.5,0.5,3.79716713650928,FALSE,"OK"
2,1000,0.5,0.25,"Full-GMM",-0.25,0.75,1.22982103033352,FALSE,"OK"
2,1000,0.5,0.25,"Full-GMM",0.25,1.25,3.14483026992378,FALSE,"OK"
2,1000,0.5,0.25,"Full-GMM",0.5,1.5,12.6077397346111,TRUE,"OK"
2,1000,0.5,0.25,"DML-IVQR",-0.5,0.5,3.30946653273049,FALSE,"OK"
2,1000,0.5,0.25,"DML-IVQR",-0.25,0.75,1.05183866207827,FALSE,"OK"
2,1000,0.5,0.25,"DML-IVQR",0.25,1.25,8.19900908085859,TRUE,"OK"
2,1000,0.5,0.25,"DML-IVQR",0.5,1.5,12.0938822033805,TRUE,"OK"
2,1000,0.5,0.1,"Oracle-GMM",-0.5,0.5,1.76249414594376,FALSE,"OK"
2,1000,0.5,0.1,"Oracle-GMM",-0.25,0.75,0.735759596893236,FALSE,"OK"
2,1000,0.5,0.1,"Oracle-GMM",0.25,1.25,2.14862208378796,FALSE,"OK"
2,1000,0.5,0.1,"Oracle-GMM",0.5,1.5,5.91851688386629,FALSE,"OK"
2,1000,0.5,0.1,"Full-GMM",-0.5,0.5,3.87835312022726,FALSE,"OK"
2,1000,0.5,0.1,"Full-GMM",-0.25,0.75,0.85747986196045,FALSE,"OK"
2,1000,0.5,0.1,"Full-GMM",0.25,1.25,0.219720475205389,FALSE,"OK"
2,1000,0.5,0.1,"Full-GMM",0.5,1.5,4.47879421568013,FALSE,"OK"
2,1000,0.5,0.1,"DML-IVQR",-0.5,0.5,1.1894147987504,FALSE,"OK"
2,1000,0.5,0.1,"DML-IVQR",-0.25,0.75,0.65249981928961,FALSE,"OK"
2,1000,0.5,0.1,"DML-IVQR",0.25,1.25,2.45368587875683,FALSE,"OK"
2,1000,0.5,0.1,"DML-IVQR",0.5,1.5,5.70000501356934,FALSE,"OK"
2,1000,0.75,1,"Oracle-GMM",-0.5,1.17448975019608,16.4524112204954,TRUE,"OK"
2,1000,0.75,1,"Oracle-GMM",-0.25,1.42448975019608,4.6590457865686,FALSE,"OK"
2,1000,0.75,1,"Oracle-GMM",0.25,1.92448975019608,31.4601840213488,TRUE,"OK"
2,1000,0.75,1,"Oracle-GMM",0.5,2.17448975019608,64.7100348828971,TRUE,"OK"
2,1000,0.75,1,"Full-GMM",-0.5,1.17448975019608,8.89877351038737,TRUE,"OK"
2,1000,0.75,1,"Full-GMM",-0.25,1.42448975019608,0.388102305892793,FALSE,"OK"
2,1000,0.75,1,"Full-GMM",0.25,1.92448975019608,32.0474048743548,TRUE,"OK"
2,1000,0.75,1,"Full-GMM",0.5,2.17448975019608,62.9258707098724,TRUE,"OK"
2,1000,0.75,1,"DML-IVQR",-0.5,1.17448975019608,12.6606893838529,TRUE,"OK"
2,1000,0.75,1,"DML-IVQR",-0.25,1.42448975019608,3.53656919655302,FALSE,"OK"
2,1000,0.75,1,"DML-IVQR",0.25,1.92448975019608,38.672774298351,TRUE,"OK"
2,1000,0.75,1,"DML-IVQR",0.5,2.17448975019608,78.8730634549536,TRUE,"OK"
2,1000,0.75,0.5,"Oracle-GMM",-0.5,1.17448975019608,2.27409646229443,FALSE,"OK"
2,1000,0.75,0.5,"Oracle-GMM",-0.25,1.42448975019608,0.585533554117644,FALSE,"OK"
2,1000,0.75,0.5,"Oracle-GMM",0.25,1.92448975019608,11.9720204597082,TRUE,"OK"
2,1000,0.75,0.5,"Oracle-GMM",0.5,2.17448975019608,22.4914888438082,TRUE,"OK"
2,1000,0.75,0.5,"Full-GMM",-0.5,1.17448975019608,1.47415256827809,FALSE,"OK"
2,1000,0.75,0.5,"Full-GMM",-0.25,1.42448975019608,0.145613653880077,FALSE,"OK"
2,1000,0.75,0.5,"Full-GMM",0.25,1.92448975019608,3.31298358122839,FALSE,"OK"
2,1000,0.75,0.5,"Full-GMM",0.5,2.17448975019608,19.1721542728155,TRUE,"OK"
2,1000,0.75,0.5,"DML-IVQR",-0.5,1.17448975019608,2.69591954292551,FALSE,"OK"
2,1000,0.75,0.5,"DML-IVQR",-0.25,1.42448975019608,0.0288803086323562,FALSE,"OK"
2,1000,0.75,0.5,"DML-IVQR",0.25,1.92448975019608,8.85899129867376,TRUE,"OK"
2,1000,0.75,0.5,"DML-IVQR",0.5,2.17448975019608,26.263434493244,TRUE,"OK"
2,1000,0.75,0.25,"Oracle-GMM",-0.5,1.17448975019608,0.751727789012711,FALSE,"OK"
2,1000,0.75,0.25,"Oracle-GMM",-0.25,1.42448975019608,0.132894431086099,FALSE,"OK"
2,1000,0.75,0.25,"Oracle-GMM",0.25,1.92448975019608,6.67281506370797,TRUE,"OK"
2,1000,0.75,0.25,"Oracle-GMM",0.5,2.17448975019608,13.9449292155243,TRUE,"OK"
2,1000,0.75,0.25,"Full-GMM",-0.5,1.17448975019608,0.271346109674836,FALSE,"OK"
2,1000,0.75,0.25,"Full-GMM",-0.25,1.42448975019608,1.18956383531979,FALSE,"OK"
2,1000,0.75,0.25,"Full-GMM",0.25,1.92448975019608,5.61345339396778,FALSE,"OK"
2,1000,0.75,0.25,"Full-GMM",0.5,2.17448975019608,7.02788613154808,TRUE,"OK"
2,1000,0.75,0.25,"DML-IVQR",-0.5,1.17448975019608,1.26247961677918,FALSE,"OK"
2,1000,0.75,0.25,"DML-IVQR",-0.25,1.42448975019608,0.00101846134192893,FALSE,"OK"
2,1000,0.75,0.25,"DML-IVQR",0.25,1.92448975019608,3.45320813306711,FALSE,"OK"
2,1000,0.75,0.25,"DML-IVQR",0.5,2.17448975019608,7.28157583971847,TRUE,"OK"
2,1000,0.75,0.1,"Oracle-GMM",-0.5,1.17448975019608,0.288194973969834,FALSE,"OK"
2,1000,0.75,0.1,"Oracle-GMM",-0.25,1.42448975019608,0.323153872979184,FALSE,"OK"
2,1000,0.75,0.1,"Oracle-GMM",0.25,1.92448975019608,4.83457263025917,FALSE,"OK"
2,1000,0.75,0.1,"Oracle-GMM",0.5,2.17448975019608,4.19067930072255,FALSE,"OK"
2,1000,0.75,0.1,"Full-GMM",-0.5,1.17448975019608,0.0816165299512914,FALSE,"OK"
2,1000,0.75,0.1,"Full-GMM",-0.25,1.42448975019608,1.65361327800439,FALSE,"OK"
2,1000,0.75,0.1,"Full-GMM",0.25,1.92448975019608,3.17422570933043,FALSE,"OK"
2,1000,0.75,0.1,"Full-GMM",0.5,2.17448975019608,2.84318934399154,FALSE,"OK"
2,1000,0.75,0.1,"DML-IVQR",-0.5,1.17448975019608,0.499073385246838,FALSE,"OK"
2,1000,0.75,0.1,"DML-IVQR",-0.25,1.42448975019608,0.323393485077356,FALSE,"OK"
2,1000,0.75,0.1,"DML-IVQR",0.25,1.92448975019608,0.549573138146067,FALSE,"OK"
2,1000,0.75,0.1,"DML-IVQR",0.5,2.17448975019608,1.87983358743716,FALSE,"OK"
2,1000,0.9,1,"Oracle-GMM",-0.5,1.7815515655446,7.18646182384297,TRUE,"OK"
2,1000,0.9,1,"Oracle-GMM",-0.25,2.0315515655446,1.15031553961642,FALSE,"OK"
2,1000,0.9,1,"Oracle-GMM",0.25,2.5315515655446,14.4207746754452,TRUE,"OK"
2,1000,0.9,1,"Oracle-GMM",0.5,2.7815515655446,30.2454860800587,TRUE,"OK"
2,1000,0.9,1,"Full-GMM",-0.5,1.7815515655446,2.34490259489723,FALSE,"OK"
2,1000,0.9,1,"Full-GMM",-0.25,2.0315515655446,3.24127609060699,FALSE,"OK"
2,1000,0.9,1,"Full-GMM",0.25,2.5315515655446,3.31991379147066,FALSE,"OK"
2,1000,0.9,1,"Full-GMM",0.5,2.7815515655446,44.6525666815398,TRUE,"OK"
2,1000,0.9,1,"DML-IVQR",-0.5,1.7815515655446,4.29373483059773,FALSE,"OK"
2,1000,0.9,1,"DML-IVQR",-0.25,2.0315515655446,0.0425589765590078,FALSE,"OK"
2,1000,0.9,1,"DML-IVQR",0.25,2.5315515655446,23.1889872759414,TRUE,"OK"
2,1000,0.9,1,"DML-IVQR",0.5,2.7815515655446,39.1286264331365,TRUE,"OK"
2,1000,0.9,0.5,"Oracle-GMM",-0.5,1.7815515655446,0.695192619130298,FALSE,"OK"
2,1000,0.9,0.5,"Oracle-GMM",-0.25,2.0315515655446,1.09946726970552,FALSE,"OK"
2,1000,0.9,0.5,"Oracle-GMM",0.25,2.5315515655446,7.90210220283933,TRUE,"OK"
2,1000,0.9,0.5,"Oracle-GMM",0.5,2.7815515655446,9.11573959806526,TRUE,"OK"
2,1000,0.9,0.5,"Full-GMM",-0.5,1.7815515655446,1.04040274037806,FALSE,"OK"
2,1000,0.9,0.5,"Full-GMM",-0.25,2.0315515655446,2.15164761319364,FALSE,"OK"
2,1000,0.9,0.5,"Full-GMM",0.25,2.5315515655446,8.54556502557111,TRUE,"OK"
2,1000,0.9,0.5,"Full-GMM",0.5,2.7815515655446,7.35097459545536,TRUE,"OK"
2,1000,0.9,0.5,"DML-IVQR",-0.5,1.7815515655446,0.240098420922839,FALSE,"OK"
2,1000,0.9,0.5,"DML-IVQR",-0.25,2.0315515655446,0.395981593318733,FALSE,"OK"
2,1000,0.9,0.5,"DML-IVQR",0.25,2.5315515655446,13.9838980756074,TRUE,"OK"
2,1000,0.9,0.5,"DML-IVQR",0.5,2.7815515655446,10.701390276734,TRUE,"OK"
2,1000,0.9,0.25,"Oracle-GMM",-0.5,1.7815515655446,1.82421836584919,FALSE,"OK"
2,1000,0.9,0.25,"Oracle-GMM",-0.25,2.0315515655446,0.565700428748991,FALSE,"OK"
2,1000,0.9,0.25,"Oracle-GMM",0.25,2.5315515655446,4.2079248188112,FALSE,"OK"
2,1000,0.9,0.25,"Oracle-GMM",0.5,2.7815515655446,4.33555722414444,FALSE,"OK"
2,1000,0.9,0.25,"Full-GMM",-0.5,1.7815515655446,1.41172167361551,FALSE,"OK"
2,1000,0.9,0.25,"Full-GMM",-0.25,2.0315515655446,4.36227242506363,FALSE,"OK"
2,1000,0.9,0.25,"Full-GMM",0.25,2.5315515655446,4.84072971741696,FALSE,"OK"
2,1000,0.9,0.25,"Full-GMM",0.5,2.7815515655446,5.63290542131816,FALSE,"OK"
2,1000,0.9,0.25,"DML-IVQR",-0.5,1.7815515655446,0.50877746078765,FALSE,"OK"
2,1000,0.9,0.25,"DML-IVQR",-0.25,2.0315515655446,0.47470669373683,FALSE,"OK"
2,1000,0.9,0.25,"DML-IVQR",0.25,2.5315515655446,7.28146003114142,TRUE,"OK"
2,1000,0.9,0.25,"DML-IVQR",0.5,2.7815515655446,5.8182176391907,FALSE,"OK"
2,1000,0.9,0.1,"Oracle-GMM",-0.5,1.7815515655446,0.764326817968549,FALSE,"OK"
2,1000,0.9,0.1,"Oracle-GMM",-0.25,2.0315515655446,1.54122801110728,FALSE,"OK"
2,1000,0.9,0.1,"Oracle-GMM",0.25,2.5315515655446,3.60669935147891,FALSE,"OK"
2,1000,0.9,0.1,"Oracle-GMM",0.5,2.7815515655446,1.78437738195063,FALSE,"OK"
2,1000,0.9,0.1,"Full-GMM",-0.5,1.7815515655446,0.272770165490571,FALSE,"OK"
2,1000,0.9,0.1,"Full-GMM",-0.25,2.0315515655446,2.97630741943962,FALSE,"OK"
2,1000,0.9,0.1,"Full-GMM",0.25,2.5315515655446,6.70392677454331,TRUE,"OK"
2,1000,0.9,0.1,"Full-GMM",0.5,2.7815515655446,1.9138494313827,FALSE,"OK"
2,1000,0.9,0.1,"DML-IVQR",-0.5,1.7815515655446,0.687766087323988,FALSE,"OK"
2,1000,0.9,0.1,"DML-IVQR",-0.25,2.0315515655446,0.888548470530888,FALSE,"OK"
2,1000,0.9,0.1,"DML-IVQR",0.25,2.5315515655446,4.95058509353704,FALSE,"OK"
2,1000,0.9,0.1,"DML-IVQR",0.5,2.7815515655446,1.49009474945832,FALSE,"OK"
3,500,0.1,1,"Oracle-GMM",-0.5,-0.781551565544601,22.6353875195772,TRUE,"OK"
3,500,0.1,1,"Oracle-GMM",-0.25,-0.531551565544601,10.7141653015425,TRUE,"OK"
3,500,0.1,1,"Oracle-GMM",0.25,-0.0315515655446008,0.00639298568259402,FALSE,"OK"
3,500,0.1,1,"Oracle-GMM",0.5,0.218448434455399,2.67990443938203,FALSE,"OK"
3,500,0.1,1,"Full-GMM",-0.5,-0.781551565544601,13.7563126049862,TRUE,"OK"
3,500,0.1,1,"Full-GMM",-0.25,-0.531551565544601,10.3949077092715,TRUE,"OK"
3,500,0.1,1,"Full-GMM",0.25,-0.0315515655446008,2.49486799033582,FALSE,"OK"
3,500,0.1,1,"Full-GMM",0.5,0.218448434455399,8.7287389100438,TRUE,"OK"
3,500,0.1,1,"DML-IVQR",-0.5,-0.781551565544601,22.746444847167,TRUE,"OK"
3,500,0.1,1,"DML-IVQR",-0.25,-0.531551565544601,8.70609776605851,TRUE,"OK"
3,500,0.1,1,"DML-IVQR",0.25,-0.0315515655446008,3.12102060396994,FALSE,"OK"
3,500,0.1,1,"DML-IVQR",0.5,0.218448434455399,1.9664442628367,FALSE,"OK"
3,500,0.1,0.5,"Oracle-GMM",-0.5,-0.781551565544601,14.5587819498319,TRUE,"OK"
3,500,0.1,0.5,"Oracle-GMM",-0.25,-0.531551565544601,11.9491865572579,TRUE,"OK"
3,500,0.1,0.5,"Oracle-GMM",0.25,-0.0315515655446008,0.864487534851855,FALSE,"OK"
3,500,0.1,0.5,"Oracle-GMM",0.5,0.218448434455399,4.39193050657867,FALSE,"OK"
3,500,0.1,0.5,"Full-GMM",-0.5,-0.781551565544601,7.17381590120942,TRUE,"OK"
3,500,0.1,0.5,"Full-GMM",-0.25,-0.531551565544601,6.6564453179241,TRUE,"OK"
3,500,0.1,0.5,"Full-GMM",0.25,-0.0315515655446008,4.76801586245221,FALSE,"OK"
3,500,0.1,0.5,"Full-GMM",0.5,0.218448434455399,1.60054845811734,FALSE,"OK"
3,500,0.1,0.5,"DML-IVQR",-0.5,-0.781551565544601,18.2538303471185,TRUE,"OK"
3,500,0.1,0.5,"DML-IVQR",-0.25,-0.531551565544601,5.66937920092258,FALSE,"OK"
3,500,0.1,0.5,"DML-IVQR",0.25,-0.0315515655446008,0.737537224107701,FALSE,"OK"
3,500,0.1,0.5,"DML-IVQR",0.5,0.218448434455399,0.3933761484232,FALSE,"OK"
3,500,0.1,0.25,"Oracle-GMM",-0.5,-0.781551565544601,7.42445971447536,TRUE,"OK"
3,500,0.1,0.25,"Oracle-GMM",-0.25,-0.531551565544601,1.80668397046019,FALSE,"OK"
3,500,0.1,0.25,"Oracle-GMM",0.25,-0.0315515655446008,0.62038527014963,FALSE,"OK"
3,500,0.1,0.25,"Oracle-GMM",0.5,0.218448434455399,1.07615911888823,FALSE,"OK"
3,500,0.1,0.25,"Full-GMM",-0.5,-0.781551565544601,3.36660385079856,FALSE,"OK"
3,500,0.1,0.25,"Full-GMM",-0.25,-0.531551565544601,6.34671896279382,TRUE,"OK"
3,500,0.1,0.25,"Full-GMM",0.25,-0.0315515655446008,1.50452666360979,FALSE,"OK"
3,500,0.1,0.25,"Full-GMM",0.5,0.218448434455399,0.180999017543235,FALSE,"OK"
3,500,0.1,0.25,"DML-IVQR",-0.5,-0.781551565544601,16.6140968629368,TRUE,"OK"
3,500,0.1,0.25,"DML-IVQR",-0.25,-0.531551565544601,5.41708499126661,FALSE,"OK"
3,500,0.1,0.25,"DML-IVQR",0.25,-0.0315515655446008,1.07111480682143,FALSE,"OK"
3,500,0.1,0.25,"DML-IVQR",0.5,0.218448434455399,0.499176318847649,FALSE,"OK"
3,500,0.1,0.1,"Oracle-GMM",-0.5,-0.781551565544601,4.93361673110089,FALSE,"OK"
3,500,0.1,0.1,"Oracle-GMM",-0.25,-0.531551565544601,1.49925803998332,FALSE,"OK"
3,500,0.1,0.1,"Oracle-GMM",0.25,-0.0315515655446008,0.242296788539481,FALSE,"OK"
3,500,0.1,0.1,"Oracle-GMM",0.5,0.218448434455399,2.94618845545528,FALSE,"OK"
3,500,0.1,0.1,"Full-GMM",-0.5,-0.781551565544601,0.216869131795559,FALSE,"OK"
3,500,0.1,0.1,"Full-GMM",-0.25,-0.531551565544601,2.32934003408184,FALSE,"OK"
3,500,0.1,0.1,"Full-GMM",0.25,-0.0315515655446008,2.31505263663489,FALSE,"OK"
3,500,0.1,0.1,"Full-GMM",0.5,0.218448434455399,0.612824931075738,FALSE,"OK"
3,500,0.1,0.1,"DML-IVQR",-0.5,-0.781551565544601,4.6728530470663,FALSE,"OK"
3,500,0.1,0.1,"DML-IVQR",-0.25,-0.531551565544601,4.48633783688508,FALSE,"OK"
3,500,0.1,0.1,"DML-IVQR",0.25,-0.0315515655446008,2.41132852148555,FALSE,"OK"
3,500,0.1,0.1,"DML-IVQR",0.5,0.218448434455399,0.464090936289087,FALSE,"OK"
3,500,0.25,1,"Oracle-GMM",-0.5,-0.174489750196082,26.6338696490926,TRUE,"OK"
3,500,0.25,1,"Oracle-GMM",-0.25,0.0755102498039183,14.8038797119662,TRUE,"OK"
3,500,0.25,1,"Oracle-GMM",0.25,0.575510249803918,0.353278091456053,FALSE,"OK"
3,500,0.25,1,"Oracle-GMM",0.5,0.825510249803918,6.74761543145735,TRUE,"OK"
3,500,0.25,1,"Full-GMM",-0.5,-0.174489750196082,14.6410813158185,TRUE,"OK"
3,500,0.25,1,"Full-GMM",-0.25,0.0755102498039183,12.2796743259055,TRUE,"OK"
3,500,0.25,1,"Full-GMM",0.25,0.575510249803918,2.1484860948574,FALSE,"OK"
3,500,0.25,1,"Full-GMM",0.5,0.825510249803918,0.191902549496596,FALSE,"OK"
3,500,0.25,1,"DML-IVQR",-0.5,-0.174489750196082,17.2170193085971,TRUE,"OK"
3,500,0.25,1,"DML-IVQR",-0.25,0.0755102498039183,5.77479305704728,FALSE,"OK"
3,500,0.25,1,"DML-IVQR",0.25,0.575510249803918,0.316689447164736,FALSE,"OK"
3,500,0.25,1,"DML-IVQR",0.5,0.825510249803918,3.9853165355824,FALSE,"OK"
3,500,0.25,0.5,"Oracle-GMM",-0.5,-0.174489750196082,9.3491492618606,TRUE,"OK"
3,500,0.25,0.5,"Oracle-GMM",-0.25,0.0755102498039183,2.41303610794581,FALSE,"OK"
3,500,0.25,0.5,"Oracle-GMM",0.25,0.575510249803918,1.59164029770156,FALSE,"OK"
3,500,0.25,0.5,"Oracle-GMM",0.5,0.825510249803918,1.94389835079912,FALSE,"OK"
3,500,0.25,0.5,"Full-GMM",-0.5,-0.174489750196082,6.61424361234475,TRUE,"OK"
3,500,0.25,0.5,"Full-GMM",-0.25,0.0755102498039183,0.9584138181582,FALSE,"OK"
3,500,0.25,0.5,"Full-GMM",0.25,0.575510249803918,3.36564536417042,FALSE,"OK"
3,500,0.25,0.5,"Full-GMM",0.5,0.825510249803918,2.99385911182773,FALSE,"OK"
3,500,0.25,0.5,"DML-IVQR",-0.5,-0.174489750196082,8.99888577308226,TRUE,"OK"
3,500,0.25,0.5,"DML-IVQR",-0.25,0.0755102498039183,4.16280057140853,FALSE,"OK"
3,500,0.25,0.5,"DML-IVQR",0.25,0.575510249803918,0.345218093029152,FALSE,"OK"
3,500,0.25,0.5,"DML-IVQR",0.5,0.825510249803918,1.47430241270141,FALSE,"OK"
3,500,0.25,0.25,"Oracle-GMM",-0.5,-0.174489750196082,7.3420166179491,TRUE,"OK"
3,500,0.25,0.25,"Oracle-GMM",-0.25,0.0755102498039183,2.16134390410287,FALSE,"OK"
3,500,0.25,0.25,"Oracle-GMM",0.25,0.575510249803918,1.22139566722876,FALSE,"OK"
3,500,0.25,0.25,"Oracle-GMM",0.5,0.825510249803918,0.243888346177753,FALSE,"OK"
3,500,0.25,0.25,"Full-GMM",-0.5,-0.174489750196082,8.51265686461098,TRUE,"OK"
3,500,0.25,0.25,"Full-GMM",-0.25,0.0755102498039183,1.62888306071704,FALSE,"OK"
3,500,0.25,0.25,"Full-GMM",0.25,0.575510249803918,0.148309888509484,FALSE,"OK"
3,500,0.25,0.25,"Full-GMM",0.5,0.825510249803918,3.67326947581622,FALSE,"OK"
3,500,0.25,0.25,"DML-IVQR",-0.5,-0.174489750196082,6.95887018737049,TRUE,"OK"
3,500,0.25,0.25,"DML-IVQR",-0.25,0.0755102498039183,3.83640083524166,FALSE,"OK"
3,500,0.25,0.25,"DML-IVQR",0.25,0.575510249803918,0.329897475132615,FALSE,"OK"
3,500,0.25,0.25,"DML-IVQR",0.5,0.825510249803918,0.524236330639951,FALSE,"OK"
3,500,0.25,0.1,"Oracle-GMM",-0.5,-0.174489750196082,3.78894957513831,FALSE,"OK"
3,500,0.25,0.1,"Oracle-GMM",-0.25,0.0755102498039183,2.61192079882071,FALSE,"OK"
3,500,0.25,0.1,"Oracle-GMM",0.25,0.575510249803918,1.79995945193124,FALSE,"OK"
3,500,0.25,0.1,"Oracle-GMM",0.5,0.825510249803918,0.151361260673932,FALSE,"OK"
3,500,0.25,0.1,"Full-GMM",-0.5,-0.174489750196082,0.577441882709642,FALSE,"OK"
3,500,0.25,0.1,"Full-GMM",-0.25,0.0755102498039183,1.82019333250548,FALSE,"OK"
3,500,0.25,0.1,"Full-GMM",0.25,0.575510249803918,3.91136116253522,FALSE,"OK"
3,500,0.25,0.1,"Full-GMM",0.5,0.825510249803918,3.80035651958386,FALSE,"OK"
3,500,0.25,0.1,"DML-IVQR",-0.5,-0.174489750196082,5.77178248203782,FALSE,"OK"
3,500,0.25,0.1,"DML-IVQR",-0.25,0.0755102498039183,2.73168137380351,FALSE,"OK"
3,500,0.25,0.1,"DML-IVQR",0.25,0.575510249803918,0.140256681037788,FALSE,"OK"
3,500,0.25,0.1,"DML-IVQR",0.5,0.825510249803918,1.34626641804362,FALSE,"OK"
3,500,0.5,1,"Oracle-GMM",-0.5,0.5,31.0333374758391,TRUE,"OK"
3,500,0.5,1,"Oracle-GMM",-0.25,0.75,21.6736016253096,TRUE,"OK"
3,500,0.5,1,"Oracle-GMM",0.25,1.25,7.2778625131115,TRUE,"OK"
3,500,0.5,1,"Oracle-GMM",0.5,1.5,10.6714719494885,TRUE,"OK"
3,500,0.5,1,"Full-GMM",-0.5,0.5,12.1094812034045,TRUE,"OK"
3,500,0.5,1,"Full-GMM",-0.25,0.75,2.16013289138845,FALSE,"OK"
3,500,0.5,1,"Full-GMM",0.25,1.25,1.55432641335098,FALSE,"OK"
3,500,0.5,1,"Full-GMM",0.5,1.5,6.58304016312702,TRUE,"OK"
3,500,0.5,1,"DML-IVQR",-0.5,0.5,34.3782709036567,TRUE,"OK"
3,500,0.5,1,"DML-IVQR",-0.25,0.75,12.3389103271186,TRUE,"OK"
3,500,0.5,1,"DML-IVQR",0.25,1.25,4.3590416505231,FALSE,"OK"
3,500,0.5,1,"DML-IVQR",0.5,1.5,12.3201426044935,TRUE,"OK"
3,500,0.5,0.5,"Oracle-GMM",-0.5,0.5,17.1003840432813,TRUE,"OK"
3,500,0.5,0.5,"Oracle-GMM",-0.25,0.75,13.1221182121646,TRUE,"OK"
3,500,0.5,0.5,"Oracle-GMM",0.25,1.25,3.73054836550405,FALSE,"OK"
3,500,0.5,0.5,"Oracle-GMM",0.5,1.5,4.75511154116578,FALSE,"OK"
3,500,0.5,0.5,"Full-GMM",-0.5,0.5,10.8090429843598,TRUE,"OK"
3,500,0.5,0.5,"Full-GMM",-0.25,0.75,3.88992228725489,FALSE,"OK"
3,500,0.5,0.5,"Full-GMM",0.25,1.25,5.28433492151249,FALSE,"OK"
3,500,0.5,0.5,"Full-GMM",0.5,1.5,4.45962369737007,FALSE,"OK"
3,500,0.5,0.5,"DML-IVQR",-0.5,0.5,18.7218210228721,TRUE,"OK"
3,500,0.5,0.5,"DML-IVQR",-0.25,0.75,7.09962247141932,TRUE,"OK"
3,500,0.5,0.5,"DML-IVQR",0.25,1.25,3.90943061025057,FALSE,"OK"
3,500,0.5,0.5,"DML-IVQR",0.5,1.5,5.41949390873948,FALSE,"OK"
3,500,0.5,0.25,"Oracle-GMM",-0.5,0.5,13.819324109275,TRUE,"OK"
3,500,0.5,0.25,"Oracle-GMM",-0.25,0.75,9.89571242517418,TRUE,"OK"
3,500,0.5,0.25,"Oracle-GMM",0.25,1.25,4.49187878309299,FALSE,"OK"
3,500,0.5,0.25,"Oracle-GMM",0.5,1.5,2.11670198034804,FALSE,"OK"
3,500,0.5,0.25,"Full-GMM",-0.5,0.5,9.4973195210799,TRUE,"OK"
3,500,0.5,0.25,"Full-GMM",-0.25,0.75,8.4757331308863,TRUE,"OK"
3,500,0.5,0.25,"Full-GMM",0.25,1.25,6.2511243769778,TRUE,"OK"
3,500,0.5,0.25,"Full-GMM",0.5,1.5,1.57375096754417,FALSE,"OK"
3,500,0.5,0.25,"DML-IVQR",-0.5,0.5,12.9192916571659,TRUE,"OK"
3,500,0.5,0.25,"DML-IVQR",-0.25,0.75,6.96070993292705,TRUE,"OK"
3,500,0.5,0.25,"DML-IVQR",0.25,1.25,2.04259747786582,FALSE,"OK"
3,500,0.5,0.25,"DML-IVQR",0.5,1.5,2.33024183203261,FALSE,"OK"
3,500,0.5,0.1,"Oracle-GMM",-0.5,0.5,4.86376812409738,FALSE,"OK"
3,500,0.5,0.1,"Oracle-GMM",-0.25,0.75,8.10695023748972,TRUE,"OK"
3,500,0.5,0.1,"Oracle-GMM",0.25,1.25,4.74563762703332,FALSE,"OK"
3,500,0.5,0.1,"Oracle-GMM",0.5,1.5,3.86554349358892,FALSE,"OK"
3,500,0.5,0.1,"Full-GMM",-0.5,0.5,5.15461062657083,FALSE,"OK"
3,500,0.5,0.1,"Full-GMM",-0.25,0.75,8.99288114960657,TRUE,"OK"
3,500,0.5,0.1,"Full-GMM",0.25,1.25,4.98459799601616,FALSE,"OK"
3,500,0.5,0.1,"Full-GMM",0.5,1.5,8.61346055510337,TRUE,"OK"
3,500,0.5,0.1,"DML-IVQR",-0.5,0.5,6.30569379113358,TRUE,"OK"
3,500,0.5,0.1,"DML-IVQR",-0.25,0.75,4.78278572289636,FALSE,"OK"
3,500,0.5,0.1,"DML-IVQR",0.25,1.25,3.16150102445709,FALSE,"OK"
3,500,0.5,0.1,"DML-IVQR",0.5,1.5,1.67920778439311,FALSE,"OK"
3,500,0.75,1,"Oracle-GMM",-0.5,1.17448975019608,21.0835876005095,TRUE,"OK"
3,500,0.75,1,"Oracle-GMM",-0.25,1.42448975019608,14.357289728464,TRUE,"OK"
3,500,0.75,1,"Oracle-GMM",0.25,1.92448975019608,4.54953956856591,FALSE,"OK"
3,500,0.75,1,"Oracle-GMM",0.5,2.17448975019608,17.8920419341241,TRUE,"OK"
3,500,0.75,1,"Full-GMM",-0.5,1.17448975019608,8.4086608960867,TRUE,"OK"
3,500,0.75,1,"Full-GMM",-0.25,1.42448975019608,10.4174311716536,TRUE,"OK"
3,500,0.75,1,"Full-GMM",0.25,1.92448975019608,4.31320319244118,FALSE,"OK"
3,500,0.75,1,"Full-GMM",0.5,2.17448975019608,13.0083455513242,TRUE,"OK"
3,500,0.75,1,"DML-IVQR",-0.5,1.17448975019608,22.6541429326021,TRUE,"OK"
3,500,0.75,1,"DML-IVQR",-0.25,1.42448975019608,9.64976813715613,TRUE,"OK"
3,500,0.75,1,"DML-IVQR",0.25,1.92448975019608,11.1245628767355,TRUE,"OK"
3,500,0.75,1,"DML-IVQR",0.5,2.17448975019608,24.5032426451152,TRUE,"OK"
3,500,0.75,0.5,"Oracle-GMM",-0.5,1.17448975019608,8.68378715776021,TRUE,"OK"
3,500,0.75,0.5,"Oracle-GMM",-0.25,1.42448975019608,10.680550472378,TRUE,"OK"
3,500,0.75,0.5,"Oracle-GMM",0.25,1.92448975019608,0.0236662448318282,FALSE,"OK"
3,500,0.75,0.5,"Oracle-GMM",0.5,2.17448975019608,2.45146348921803,FALSE,"OK"
3,500,0.75,0.5,"Full-GMM",-0.5,1.17448975019608,9.57695678274593,TRUE,"OK"
3,500,0.75,0.5,"Full-GMM",-0.25,1.42448975019608,9.60402186906367,TRUE,"OK"
3,500,0.75,0.5,"Full-GMM",0.25,1.92448975019608,1.49986120136545,FALSE,"OK"
3,500,0.75,0.5,"Full-GMM",0.5,2.17448975019608,0.970920253481833,FALSE,"OK"
3,500,0.75,0.5,"DML-IVQR",-0.5,1.17448975019608,9.7156955153315,TRUE,"OK"
3,500,0.75,0.5,"DML-IVQR",-0.25,1.42448975019608,8.34187661794561,TRUE,"OK"
3,500,0.75,0.5,"DML-IVQR",0.25,1.92448975019608,1.09871340482306,FALSE,"OK"
3,500,0.75,0.5,"DML-IVQR",0.5,2.17448975019608,3.29727033420433,FALSE,"OK"
3,500,0.75,0.25,"Oracle-GMM",-0.5,1.17448975019608,5.83026715592696,FALSE,"OK"
3,500,0.75,0.25,"Oracle-GMM",-0.25,1.42448975019608,9.98649567514669,TRUE,"OK"
3,500,0.75,0.25,"Oracle-GMM",0.25,1.92448975019608,1.24973788459132,FALSE,"OK"
3,500,0.75,0.25,"Oracle-GMM",0.5,2.17448975019608,1.57601589798034,FALSE,"OK"
3,500,0.75,0.25,"Full-GMM",-0.5,1.17448975019608,12.4442222097695,TRUE,"OK"
3,500,0.75,0.25,"Full-GMM",-0.25,1.42448975019608,10.0488033681665,TRUE,"OK"
3,500,0.75,0.25,"Full-GMM",0.25,1.92448975019608,0.224690357251055,FALSE,"OK"
3,500,0.75,0.25,"Full-GMM",0.5,2.17448975019608,1.14312963212826,FALSE,"OK"
3,500,0.75,0.25,"DML-IVQR",-0.5,1.17448975019608,6.6922036719775,TRUE,"OK"
3,500,0.75,0.25,"DML-IVQR",-0.25,1.42448975019608,6.97435578908182,TRUE,"OK"
3,500,0.75,0.25,"DML-IVQR",0.25,1.92448975019608,3.0381874818757,FALSE,"OK"
3,500,0.75,0.25,"DML-IVQR",0.5,2.17448975019608,0.903848452177676,FALSE,"OK"
3,500,0.75,0.1,"Oracle-GMM",-0.5,1.17448975019608,3.71126827831133,FALSE,"OK"
3,500,0.75,0.1,"Oracle-GMM",-0.25,1.42448975019608,8.50715445674282,TRUE,"OK"
3,500,0.75,0.1,"Oracle-GMM",0.25,1.92448975019608,2.18436513476872,FALSE,"OK"
3,500,0.75,0.1,"Oracle-GMM",0.5,2.17448975019608,2.05266396165961,FALSE,"OK"
3,500,0.75,0.1,"Full-GMM",-0.5,1.17448975019608,9.88271390849556,TRUE,"OK"
3,500,0.75,0.1,"Full-GMM",-0.25,1.42448975019608,10.1175240363401,TRUE,"OK"
3,500,0.75,0.1,"Full-GMM",0.25,1.92448975019608,3.41923612092384,FALSE,"OK"
3,500,0.75,0.1,"Full-GMM",0.5,2.17448975019608,3.42762400201077,FALSE,"OK"
3,500,0.75,0.1,"DML-IVQR",-0.5,1.17448975019608,8.51958261680392,TRUE,"OK"
3,500,0.75,0.1,"DML-IVQR",-0.25,1.42448975019608,5.72178300250935,FALSE,"OK"
3,500,0.75,0.1,"DML-IVQR",0.25,1.92448975019608,5.89272516697388,FALSE,"OK"
3,500,0.75,0.1,"DML-IVQR",0.5,2.17448975019608,1.38047728275793,FALSE,"OK"
3,500,0.9,1,"Oracle-GMM",-0.5,1.7815515655446,7.55310037459646,TRUE,"OK"
3,500,0.9,1,"Oracle-GMM",-0.25,2.0315515655446,4.06855963540231,FALSE,"OK"
3,500,0.9,1,"Oracle-GMM",0.25,2.5315515655446,2.76577388508558,FALSE,"OK"
3,500,0.9,1,"Oracle-GMM",0.5,2.7815515655446,12.4347018650887,TRUE,"OK"
3,500,0.9,1,"Full-GMM",-0.5,1.7815515655446,0.821369806166781,FALSE,"OK"
3,500,0.9,1,"Full-GMM",-0.25,2.0315515655446,2.92916672157845,FALSE,"OK"
3,500,0.9,1,"Full-GMM",0.25,2.5315515655446,5.16096510500548,FALSE,"OK"
3,500,0.9,1,"Full-GMM",0.5,2.7815515655446,4.53240527612797,FALSE,"OK"
3,500,0.9,1,"DML-IVQR",-0.5,1.7815515655446,8.97095191198148,TRUE,"OK"
3,500,0.9,1,"DML-IVQR",-0.25,2.0315515655446,5.5645223708987,FALSE,"OK"
3,500,0.9,1,"DML-IVQR",0.25,2.5315515655446,7.96501931128456,TRUE,"OK"
3,500,0.9,1,"DML-IVQR",0.5,2.7815515655446,14.6793973079013,TRUE,"OK"
3,500,0.9,0.5,"Oracle-GMM",-0.5,1.7815515655446,6.21103365057018,TRUE,"OK"
3,500,0.9,0.5,"Oracle-GMM",-0.25,2.0315515655446,4.68573167680411,FALSE,"OK"
3,500,0.9,0.5,"Oracle-GMM",0.25,2.5315515655446,3.31457615766835,FALSE,"OK"
3,500,0.9,0.5,"Oracle-GMM",0.5,2.7815515655446,4.38763020649352,FALSE,"OK"
3,500,0.9,0.5,"Full-GMM",-0.5,1.7815515655446,0.939606811139372,FALSE,"OK"
3,500,0.9,0.5,"Full-GMM",-0.25,2.0315515655446,4.79467935959369,FALSE,"OK"
3,500,0.9,0.5,"Full-GMM",0.25,2.5315515655446,1.13306079381252,FALSE,"OK"
3,500,0.9,0.5,"Full-GMM",0.5,2.7815515655446,0.913267713882823,FALSE,"OK"
3,500,0.9,0.5,"DML-IVQR",-0.5,1.7815515655446,4.86072107526014,FALSE,"OK"
3,500,0.9,0.5,"DML-IVQR",-0.25,2.0315515655446,3.36961891440539,FALSE,"OK"
3,500,0.9,0.5,"DML-IVQR",0.25,2.5315515655446,5.45405105719683,FALSE,"OK"
3,500,0.9,0.5,"DML-IVQR",0.5,2.7815515655446,6.84606066120778,TRUE,"OK"
3,500,0.9,0.25,"Oracle-GMM",-0.5,1.7815515655446,7.24170140397761,TRUE,"OK"
3,500,0.9,0.25,"Oracle-GMM",-0.25,2.0315515655446,3.15295585792032,FALSE,"OK"
3,500,0.9,0.25,"Oracle-GMM",0.25,2.5315515655446,3.25409706376878,FALSE,"OK"
3,500,0.9,0.25,"Oracle-GMM",0.5,2.7815515655446,2.33186715227807,FALSE,"OK"
3,500,0.9,0.25,"Full-GMM",-0.5,1.7815515655446,3.30774649109003,FALSE,"OK"
3,500,0.9,0.25,"Full-GMM",-0.25,2.0315515655446,2.54858700179378,FALSE,"OK"
3,500,0.9,0.25,"Full-GMM",0.25,2.5315515655446,0.294750372710111,FALSE,"OK"
3,500,0.9,0.25,"Full-GMM",0.5,2.7815515655446,1.34437841418685,FALSE,"OK"
3,500,0.9,0.25,"DML-IVQR",-0.5,1.7815515655446,6.41618683930601,TRUE,"OK"
3,500,0.9,0.25,"DML-IVQR",-0.25,2.0315515655446,5.63918423635328,FALSE,"OK"
3,500,0.9,0.25,"DML-IVQR",0.25,2.5315515655446,2.67023166685998,FALSE,"OK"
3,500,0.9,0.25,"DML-IVQR",0.5,2.7815515655446,2.40732644424772,FALSE,"OK"
3,500,0.9,0.1,"Oracle-GMM",-0.5,1.7815515655446,5.5910643614988,FALSE,"OK"
3,500,0.9,0.1,"Oracle-GMM",-0.25,2.0315515655446,6.56240522081517,TRUE,"OK"
3,500,0.9,0.1,"Oracle-GMM",0.25,2.5315515655446,5.20587416682678,FALSE,"OK"
3,500,0.9,0.1,"Oracle-GMM",0.5,2.7815515655446,2.1282985327583,FALSE,"OK"
3,500,0.9,0.1,"Full-GMM",-0.5,1.7815515655446,2.03239606704063,FALSE,"OK"
3,500,0.9,0.1,"Full-GMM",-0.25,2.0315515655446,1.29955805230773,FALSE,"OK"
3,500,0.9,0.1,"Full-GMM",0.25,2.5315515655446,0.998431788270489,FALSE,"OK"
3,500,0.9,0.1,"Full-GMM",0.5,2.7815515655446,1.42177247245557,FALSE,"OK"
3,500,0.9,0.1,"DML-IVQR",-0.5,1.7815515655446,6.39640538577624,TRUE,"OK"
3,500,0.9,0.1,"DML-IVQR",-0.25,2.0315515655446,7.75718867769295,TRUE,"OK"
3,500,0.9,0.1,"DML-IVQR",0.25,2.5315515655446,4.14626090428142,FALSE,"OK"
3,500,0.9,0.1,"DML-IVQR",0.5,2.7815515655446,0.695670170877684,FALSE,"OK"
3,1000,0.1,1,"Oracle-GMM",-0.5,-0.781551565544601,25.6475018703404,TRUE,"OK"
3,1000,0.1,1,"Oracle-GMM",-0.25,-0.531551565544601,17.8005069658258,TRUE,"OK"
3,1000,0.1,1,"Oracle-GMM",0.25,-0.0315515655446008,9.10449376771429,TRUE,"OK"
3,1000,0.1,1,"Oracle-GMM",0.5,0.218448434455399,14.3420839286369,TRUE,"OK"
3,1000,0.1,1,"Full-GMM",-0.5,-0.781551565544601,10.8180318985385,TRUE,"OK"
3,1000,0.1,1,"Full-GMM",-0.25,-0.531551565544601,7.30137517245955,TRUE,"OK"
3,1000,0.1,1,"Full-GMM",0.25,-0.0315515655446008,1.76549202833682,FALSE,"OK"
3,1000,0.1,1,"Full-GMM",0.5,0.218448434455399,5.03699786053571,FALSE,"OK"
3,1000,0.1,1,"DML-IVQR",-0.5,-0.781551565544601,18.9537346160643,TRUE,"OK"
3,1000,0.1,1,"DML-IVQR",-0.25,-0.531551565544601,6.5760002092089,TRUE,"OK"
3,1000,0.1,1,"DML-IVQR",0.25,-0.0315515655446008,6.1751581328577,TRUE,"OK"
3,1000,0.1,1,"DML-IVQR",0.5,0.218448434455399,12.1747684379751,TRUE,"OK"
3,1000,0.1,0.5,"Oracle-GMM",-0.5,-0.781551565544601,15.6227938480549,TRUE,"OK"
3,1000,0.1,0.5,"Oracle-GMM",-0.25,-0.531551565544601,15.441947988845,TRUE,"OK"
3,1000,0.1,0.5,"Oracle-GMM",0.25,-0.0315515655446008,1.1738848310998,FALSE,"OK"
3,1000,0.1,0.5,"Oracle-GMM",0.5,0.218448434455399,6.84687092413663,TRUE,"OK"
3,1000,0.1,0.5,"Full-GMM",-0.5,-0.781551565544601,4.62932359685815,FALSE,"OK"
3,1000,0.1,0.5,"Full-GMM",-0.25,-0.531551565544601,0.715707232878531,FALSE,"OK"
3,1000,0.1,0.5,"Full-GMM",0.25,-0.0315515655446008,0.466589510668376,FALSE,"OK"
3,1000,0.1,0.5,"Full-GMM",0.5,0.218448434455399,3.35401278743088,FALSE,"OK"
3,1000,0.1,0.5,"DML-IVQR",-0.5,-0.781551565544601,4.63018503274158,FALSE,"OK"
3,1000,0.1,0.5,"DML-IVQR",-0.25,-0.531551565544601,5.08468206992055,FALSE,"OK"
3,1000,0.1,0.5,"DML-IVQR",0.25,-0.0315515655446008,0.774137550374022,FALSE,"OK"
3,1000,0.1,0.5,"DML-IVQR",0.5,0.218448434455399,1.5089570535651,FALSE,"OK"
3,1000,0.1,0.25,"Oracle-GMM",-0.5,-0.781551565544601,9.46877849289165,TRUE,"OK"
3,1000,0.1,0.25,"Oracle-GMM",-0.25,-0.531551565544601,8.40004575543816,TRUE,"OK"
3,1000,0.1,0.25,"Oracle-GMM",0.25,-0.0315515655446008,0.986699720102054,FALSE,"OK"
3,1000,0.1,0.25,"Oracle-GMM",0.5,0.218448434455399,3.63616498524198,FALSE,"OK"
3,1000,0.1,0.25,"Full-GMM",-0.5,-0.781551565544601,1.9519268235059,FALSE,"OK"
3,1000,0.1,0.25,"Full-GMM",-0.25,-0.531551565544601,1.85438720420582,FALSE,"OK"
3,1000,0.1,0.25,"Full-GMM",0.25,-0.0315515655446008,0.961241751531608,FALSE,"OK"
3,1000,0.1,0.25,"Full-GMM",0.5,0.218448434455399,1.02758077735491,FALSE,"OK"
3,1000,0.1,0.25,"DML-IVQR",-0.5,-0.781551565544601,2.30863505696972,FALSE,"OK"
3,1000,0.1,0.25,"DML-IVQR",-0.25,-0.531551565544601,4.60219277086624,FALSE,"OK"
3,1000,0.1,0.25,"DML-IVQR",0.25,-0.0315515655446008,0.263882337105887,FALSE,"OK"
3,1000,0.1,0.25,"DML-IVQR",0.5,0.218448434455399,0.756874431441784,FALSE,"OK"
3,1000,0.1,0.1,"Oracle-GMM",-0.5,-0.781551565544601,1.8500757724786,FALSE,"OK"
3,1000,0.1,0.1,"Oracle-GMM",-0.25,-0.531551565544601,4.34412688485384,FALSE,"OK"
3,1000,0.1,0.1,"Oracle-GMM",0.25,-0.0315515655446008,1.24785382934924,FALSE,"OK"
3,1000,0.1,0.1,"Oracle-GMM",0.5,0.218448434455399,0.926997960417016,FALSE,"OK"
3,1000,0.1,0.1,"Full-GMM",-0.5,-0.781551565544601,0.922589653289529,FALSE,"OK"
3,1000,0.1,0.1,"Full-GMM",-0.25,-0.531551565544601,0.32486003720936,FALSE,"OK"
3,1000,0.1,0.1,"Full-GMM",0.25,-0.0315515655446008,0.486053045186994,FALSE,"OK"
3,1000,0.1,0.1,"Full-GMM",0.5,0.218448434455399,2.710330053324,FALSE,"OK"
3,1000,0.1,0.1,"DML-IVQR",-0.5,-0.781551565544601,0.585421736935844,FALSE,"OK"
3,1000,0.1,0.1,"DML-IVQR",-0.25,-0.531551565544601,2.79679545326685,FALSE,"OK"
3,1000,0.1,0.1,"DML-IVQR",0.25,-0.0315515655446008,0.644682377053099,FALSE,"OK"
3,1000,0.1,0.1,"DML-IVQR",0.5,0.218448434455399,0.276122598125307,FALSE,"OK"
3,1000,0.25,1,"Oracle-GMM",-0.5,-0.174489750196082,39.7861746683724,TRUE,"OK"
3,1000,0.25,1,"Oracle-GMM",-0.25,0.0755102498039183,14.2271337408505,TRUE,"OK"
3,1000,0.25,1,"Oracle-GMM",0.25,0.575510249803918,18.5763523779762,TRUE,"OK"
3,1000,0.25,1,"Oracle-GMM",0.5,0.825510249803918,39.5668171576365,TRUE,"OK"
3,1000,0.25,1,"Full-GMM",-0.5,-0.174489750196082,26.2255759805285,TRUE,"OK"
3,1000,0.25,1,"Full-GMM",-0.25,0.0755102498039183,7.4511886658599,TRUE,"OK"
3,1000,0.25,1,"Full-GMM",0.25,0.575510249803918,2.49117864936808,FALSE,"OK"
3,1000,0.25,1,"Full-GMM",0.5,0.825510249803918,19.5717978690289,TRUE,"OK"
3,1000,0.25,1,"DML-IVQR",-0.5,-0.174489750196082,35.9464599590001,TRUE,"OK"
3,1000,0.25,1,"DML-IVQR",-0.25,0.0755102498039183,4.52815332219213,FALSE,"OK"
3,1000,0.25,1,"DML-IVQR",0.25,0.575510249803918,20.127282637387,TRUE,"OK"
3,1000,0.25,1,"DML-IVQR",0.5,0.825510249803918,20.510702424735,TRUE,"OK"
3,1000,0.25,0.5,"Oracle-GMM",-0.5,-0.174489750196082,14.2943205835461,TRUE,"OK"
3,1000,0.25,0.5,"Oracle-GMM",-0.25,0.0755102498039183,5.05666392651335,FALSE,"OK"
3,1000,0.25,0.5,"Oracle-GMM",0.25,0.575510249803918,11.5372867847703,TRUE,"OK"
3,1000,0.25,0.5,"Oracle-GMM",0.5,0.825510249803918,22.5455442457467,TRUE,"OK"
3,1000,0.25,0.5,"Full-GMM",-0.5,-0.174489750196082,16.6560403492801,TRUE,"OK"
3,1000,0.25,0.5,"Full-GMM",-0.25,0.0755102498039183,1.45746987597043,FALSE,"OK"
3,1000,0.25,0.5,"Full-GMM",0.25,0.575510249803918,3.08356376559303,FALSE,"OK"
3,1000,0.25,0.5,"Full-GMM",0.5,0.825510249803918,9.29464845283394,TRUE,"OK"
3,1000,0.25,0.5,"DML-IVQR",-0.5,-0.174489750196082,13.5346206141009,TRUE,"OK"
3,1000,0.25,0.5,"DML-IVQR",-0.25,0.0755102498039183,1.4950393853961,FALSE,"OK"
3,1000,0.25,0.5,"DML-IVQR",0.25,0.575510249803918,3.15231519730837,FALSE,"OK"
3,1000,0.25,0.5,"DML-IVQR",0.5,0.825510249803918,8.461865336592,TRUE,"OK"
3,1000,0.25,0.25,"Oracle-GMM",-0.5,-0.174489750196082,6.15865963476544,TRUE,"OK"
3,1000,0.25,0.25,"Oracle-GMM",-0.25,0.0755102498039183,1.31842905384582,FALSE,"OK"
3,1000,0.25,0.25,"Oracle-GMM",0.25,0.575510249803918,10.6599343739335,TRUE,"OK"
3,1000,0.25,0.25,"Oracle-GMM",0.5,0.825510249803918,12.4079536506523,TRUE,"OK"
3,1000,0.25,0.25,"Full-GMM",-0.5,-0.174489750196082,8.82358388102488,TRUE,"OK"
3,1000,0.25,0.25,"Full-GMM",-0.25,0.0755102498039183,1.49227957941865,FALSE,"OK"
3,1000,0.25,0.25,"Full-GMM",0.25,0.575510249803918,2.52739532319113,FALSE,"OK"
3,1000,0.25,0.25,"Full-GMM",0.5,0.825510249803918,2.29864536912449,FALSE,"OK"
3,1000,0.25,0.25,"DML-IVQR",-0.5,-0.174489750196082,3.96835674433876,FALSE,"OK"
3,1000,0.25,0.25,"DML-IVQR",-0.25,0.0755102498039183,1.14183325081968,FALSE,"OK"
3,1000,0.25,0.25,"DML-IVQR",0.25,0.575510249803918,3.27874044671176,FALSE,"OK"
3,1000,0.25,0.25,"DML-IVQR",0.5,0.825510249803918,5.03733017413861,FALSE,"OK"
3,1000,0.25,0.1,"Oracle-GMM",-0.5,-0.174489750196082,2.00306313735804,FALSE,"OK"
3,1000,0.25,0.1,"Oracle-GMM",-0.25,0.0755102498039183,0.225680981698067,FALSE,"OK"
3,1000,0.25,0.1,"Oracle-GMM",0.25,0.575510249803918,4.62573978932986,FALSE,"OK"
3,1000,0.25,0.1,"Oracle-GMM",0.5,0.825510249803918,9.51250062723326,TRUE,"OK"
3,1000,0.25,0.1,"Full-GMM",-0.5,-0.174489750196082,2.334265593947,FALSE,"OK"
3,1000,0.25,0.1,"Full-GMM",-0.25,0.0755102498039183,2.49536805230914,FALSE,"OK"
3,1000,0.25,0.1,"Full-GMM",0.25,0.575510249803918,1.4835645615183,FALSE,"OK"
3,1000,0.25,0.1,"Full-GMM",0.5,0.825510249803918,5.46407280081199,FALSE,"OK"
3,1000,0.25,0.1,"DML-IVQR",-0.5,-0.174489750196082,1.57002173176807,FALSE,"OK"
3,1000,0.25,0.1,"DML-IVQR",-0.25,0.0755102498039183,2.3204944459073,FALSE,"OK"
3,1000,0.25,0.1,"DML-IVQR",0.25,0.575510249803918,1.22369986140705,FALSE,"OK"
3,1000,0.25,0.1,"DML-IVQR",0.5,0.825510249803918,3.14770397708694,FALSE,"OK"
3,1000,0.5,1,"Oracle-GMM",-0.5,0.5,35.7762654120238,TRUE,"OK"
3,1000,0.5,1,"Oracle-GMM",-0.25,0.75,8.46203115259282,TRUE,"OK"
3,1000,0.5,1,"Oracle-GMM",0.25,1.25,33.7568185458496,TRUE,"OK"
3,1000,0.5,1,"Oracle-GMM",0.5,1.5,66.0497515834415,TRUE,"OK"
3,1000,0.5,1,"Full-GMM",-0.5,0.5,27.1508773566667,TRUE,"OK"
3,1000,0.5,1,"Full-GMM",-0.25,0.75,4.42604582766089,FALSE,"OK"
3,1000,0.5,1,"Full-GMM",0.25,1.25,23.5040048274391,TRUE,"OK"
3,1000,0.5,1,"Full-GMM",0.5,1.5,30.7986752422275,TRUE,"OK"
3,1000,0.5,1,"DML-IVQR",-0.5,0.5,28.4747523799456,TRUE,"OK"
3,1000,0.5,1,"DML-IVQR",-0.25,0.75,4.48080640279311,FALSE,"OK"
3,1000,0.5,1,"DML-IVQR",0.25,1.25,35.2573747873348,TRUE,"OK"
3,1000,0.5,1,"DML-IVQR",0.5,1.5,44.0716364488613,TRUE,"OK"
3,1000,0.5,0.5,"Oracle-GMM",-0.5,0.5,7.56315498372517,TRUE,"OK"
3,1000,0.5,0.5,"Oracle-GMM",-0.25,0.75,2.41487733806188,FALSE,"OK"
3,1000,0.5,0.5,"Oracle-GMM",0.25,1.25,14.3563193027102,TRUE,"OK"
3,1000,0.5,0.5,"Oracle-GMM",0.5,1.5,26.5259185711911,TRUE,"OK"
3,1000,0.5,0.5,"Full-GMM",-0.5,0.5,6.69854060875499,TRUE,"OK"
3,1000,0.5,0.5,"Full-GMM",-0.25,0.75,0.262511041641482,FALSE,"OK"
3,1000,0.5,0.5,"Full-GMM",0.25,1.25,10.5983467536145,TRUE,"OK"
3,1000,0.5,0.5,"Full-GMM",0.5,1.5,17.1501075991802,TRUE,"OK"
3,1000,0.5,0.5,"DML-IVQR",-0.5,0.5,6.51510323890629,TRUE,"OK"
3,1000,0.5,0.5,"DML-IVQR",-0.25,0.75,1.9688110783462,FALSE,"OK"
3,1000,0.5,0.5,"DML-IVQR",0.25,1.25,14.0038140842654,TRUE,"OK"
3,1000,0.5,0.5,"DML-IVQR",0.5,1.5,21.7508083858514,TRUE,"OK"
3,1000,0.5,0.25,"Oracle-GMM",-0.5,0.5,0.108435902620964,FALSE,"OK"
3,1000,0.5,0.25,"Oracle-GMM",-0.25,0.75,1.30270392175262,FALSE,"OK"
3,1000,0.5,0.25,"Oracle-GMM",0.25,1.25,6.17345241810157,TRUE,"OK"
3,1000,0.5,0.25,"Oracle-GMM",0.5,1.5,11.4515701370714,TRUE,"OK"
3,1000,0.5,0.25,"Full-GMM",-0.5,0.5,0.173699216371631,FALSE,"OK"
3,1000,0.5,0.25,"Full-GMM",-0.25,0.75,0.498773970450208,FALSE,"OK"
3,1000,0.5,0.25,"Full-GMM",0.25,1.25,9.1683092326604,TRUE,"OK"
3,1000,0.5,0.25,"Full-GMM",0.5,1.5,11.6147673478167,TRUE,"OK"
3,1000,0.5,0.25,"DML-IVQR",-0.5,0.5,1.61852132739786,FALSE,"OK"
3,1000,0.5,0.25,"DML-IVQR",-0.25,0.75,2.63150630333858,FALSE,"OK"
3,1000,0.5,0.25,"DML-IVQR",0.25,1.25,5.86489038888875,FALSE,"OK"
3,1000,0.5,0.25,"DML-IVQR",0.5,1.5,10.3603708960793,TRUE,"OK"
3,1000,0.5,0.1,"Oracle-GMM",-0.5,0.5,1.0947763453715,FALSE,"OK"
3,1000,0.5,0.1,"Oracle-GMM",-0.25,0.75,2.76810792477855,FALSE,"OK"
3,1000,0.5,0.1,"Oracle-GMM",0.25,1.25,3.96971837559469,FALSE,"OK"
3,1000,0.5,0.1,"Oracle-GMM",0.5,1.5,3.98557209077324,FALSE,"OK"
3,1000,0.5,0.1,"Full-GMM",-0.5,0.5,2.96981796782919,FALSE,"OK"
3,1000,0.5,0.1,"Full-GMM",-0.25,0.75,2.28964161581797,FALSE,"OK"
3,1000,0.5,0.1,"Full-GMM",0.25,1.25,7.69686079031673,TRUE,"OK"
3,1000,0.5,0.1,"Full-GMM",0.5,1.5,7.31390398219651,TRUE,"OK"
3,1000,0.5,0.1,"DML-IVQR",-0.5,0.5,1.03510179130533,FALSE,"OK"
3,1000,0.5,0.1,"DML-IVQR",-0.25,0.75,4.74752289158201,FALSE,"OK"
3,1000,0.5,0.1,"DML-IVQR",0.25,1.25,3.03107992434032,FALSE,"OK"
3,1000,0.5,0.1,"DML-IVQR",0.5,1.5,3.43027648192746,FALSE,"OK"
3,1000,0.75,1,"Oracle-GMM",-0.5,1.17448975019608,25.2507020796231,TRUE,"OK"
3,1000,0.75,1,"Oracle-GMM",-0.25,1.42448975019608,7.12435784035504,TRUE,"OK"
3,1000,0.75,1,"Oracle-GMM",0.25,1.92448975019608,44.0890694302084,TRUE,"OK"
3,1000,0.75,1,"Oracle-GMM",0.5,2.17448975019608,77.8694271371927,TRUE,"OK"
3,1000,0.75,1,"Full-GMM",-0.5,1.17448975019608,7.12997934303371,TRUE,"OK"
3,1000,0.75,1,"Full-GMM",-0.25,1.42448975019608,0.258280948089169,FALSE,"OK"
3,1000,0.75,1,"Full-GMM",0.25,1.92448975019608,19.4295974855564,TRUE,"OK"
3,1000,0.75,1,"Full-GMM",0.5,2.17448975019608,39.8800074157363,TRUE,"OK"
3,1000,0.75,1,"DML-IVQR",-0.5,1.17448975019608,24.0023827422535,TRUE,"OK"
3,1000,0.75,1,"DML-IVQR",-0.25,1.42448975019608,3.34486083371049,FALSE,"OK"
3,1000,0.75,1,"DML-IVQR",0.25,1.92448975019608,38.9536129135065,TRUE,"OK"
3,1000,0.75,1,"DML-IVQR",0.5,2.17448975019608,78.9188265109656,TRUE,"OK"
3,1000,0.75,0.5,"Oracle-GMM",-0.5,1.17448975019608,2.06910107118321,FALSE,"OK"
3,1000,0.75,0.5,"Oracle-GMM",-0.25,1.42448975019608,0.161443276932535,FALSE,"OK"
3,1000,0.75,0.5,"Oracle-GMM",0.25,1.92448975019608,18.0230908867421,TRUE,"OK"
3,1000,0.75,0.5,"Oracle-GMM",0.5,2.17448975019608,28.8041045704401,TRUE,"OK"
3,1000,0.75,0.5,"Full-GMM",-0.5,1.17448975019608,1.83297981829741,FALSE,"OK"
3,1000,0.75,0.5,"Full-GMM",-0.25,1.42448975019608,2.40637205414614,FALSE,"OK"
3,1000,0.75,0.5,"Full-GMM",0.25,1.92448975019608,6.14117448157191,TRUE,"OK"
3,1000,0.75,0.5,"Full-GMM",0.5,2.17448975019608,23.6556077362772,TRUE,"OK"
3,1000,0.75,0.5,"DML-IVQR",-0.5,1.17448975019608,4.54557996370679,FALSE,"OK"
3,1000,0.75,0.5,"DML-IVQR",-0.25,1.42448975019608,1.21474332256465,FALSE,"OK"
3,1000,0.75,0.5,"DML-IVQR",0.25,1.92448975019608,16.6072531906532,TRUE,"OK"
3,1000,0.75,0.5,"DML-IVQR",0.5,2.17448975019608,26.5171036774683,TRUE,"OK"
3,1000,0.75,0.25,"Oracle-GMM",-0.5,1.17448975019608,0.467761106724245,FALSE,"OK"
3,1000,0.75,0.25,"Oracle-GMM",-0.25,1.42448975019608,0.0492920138070929,FALSE,"OK"
3,1000,0.75,0.25,"Oracle-GMM",0.25,1.92448975019608,5.41858830774046,FALSE,"OK"
3,1000,0.75,0.25,"Oracle-GMM",0.5,2.17448975019608,9.36790724623276,TRUE,"OK"
3,1000,0.75,0.25,"Full-GMM",-0.5,1.17448975019608,2.52130929378048,FALSE,"OK"
3,1000,0.75,0.25,"Full-GMM",-0.25,1.42448975019608,1.79103588014943,FALSE,"OK"
3,1000,0.75,0.25,"Full-GMM",0.25,1.92448975019608,4.39874710859682,FALSE,"OK"
3,1000,0.75,0.25,"Full-GMM",0.5,2.17448975019608,7.44663871945899,TRUE,"OK"
3,1000,0.75,0.25,"DML-IVQR",-0.5,1.17448975019608,0.512820283746934,FALSE,"OK"
3,1000,0.75,0.25,"DML-IVQR",-0.25,1.42448975019608,0.0274531219371711,FALSE,"OK"
3,1000,0.75,0.25,"DML-IVQR",0.25,1.92448975019608,6.51569394671901,TRUE,"OK"
3,1000,0.75,0.25,"DML-IVQR",0.5,2.17448975019608,7.30266396603726,TRUE,"OK"
3,1000,0.75,0.1,"Oracle-GMM",-0.5,1.17448975019608,0.621179493555731,FALSE,"OK"
3,1000,0.75,0.1,"Oracle-GMM",-0.25,1.42448975019608,0.784283852916954,FALSE,"OK"
3,1000,0.75,0.1,"Oracle-GMM",0.25,1.92448975019608,3.07537112549598,FALSE,"OK"
3,1000,0.75,0.1,"Oracle-GMM",0.5,2.17448975019608,5.17798693482653,FALSE,"OK"
3,1000,0.75,0.1,"Full-GMM",-0.5,1.17448975019608,2.55244939341003,FALSE,"OK"
3,1000,0.75,0.1,"Full-GMM",-0.25,1.42448975019608,2.52602682132341,FALSE,"OK"
3,1000,0.75,0.1,"Full-GMM",0.25,1.92448975019608,2.46289096345434,FALSE,"OK"
3,1000,0.75,0.1,"Full-GMM",0.5,2.17448975019608,1.30415091906634,FALSE,"OK"
3,1000,0.75,0.1,"DML-IVQR",-0.5,1.17448975019608,0.559995211257136,FALSE,"OK"
3,1000,0.75,0.1,"DML-IVQR",-0.25,1.42448975019608,0.0758202854698776,FALSE,"OK"
3,1000,0.75,0.1,"DML-IVQR",0.25,1.92448975019608,1.65997865825992,FALSE,"OK"
3,1000,0.75,0.1,"DML-IVQR",0.5,2.17448975019608,2.44500786337602,FALSE,"OK"
3,1000,0.9,1,"Oracle-GMM",-0.5,1.7815515655446,4.43786242722695,FALSE,"OK"
3,1000,0.9,1,"Oracle-GMM",-0.25,2.0315515655446,1.43530264869798,FALSE,"OK"
3,1000,0.9,1,"Oracle-GMM",0.25,2.5315515655446,28.045548146549,TRUE,"OK"
3,1000,0.9,1,"Oracle-GMM",0.5,2.7815515655446,40.1984520019482,TRUE,"OK"
3,1000,0.9,1,"Full-GMM",-0.5,1.7815515655446,0.69645391968945,FALSE,"OK"
3,1000,0.9,1,"Full-GMM",-0.25,2.0315515655446,0.237318258767872,FALSE,"OK"
3,1000,0.9,1,"Full-GMM",0.25,2.5315515655446,16.8353257725559,TRUE,"OK"
3,1000,0.9,1,"Full-GMM",0.5,2.7815515655446,24.1823153189101,TRUE,"OK"
3,1000,0.9,1,"DML-IVQR",-0.5,1.7815515655446,2.82740042155014,FALSE,"OK"
3,1000,0.9,1,"DML-IVQR",-0.25,2.0315515655446,1.23582710083084,FALSE,"OK"
3,1000,0.9,1,"DML-IVQR",0.25,2.5315515655446,41.7520967910657,TRUE,"OK"
3,1000,0.9,1,"DML-IVQR",0.5,2.7815515655446,52.7572079050207,TRUE,"OK"
3,1000,0.9,0.5,"Oracle-GMM",-0.5,1.7815515655446,0.0975295161808235,FALSE,"OK"
3,1000,0.9,0.5,"Oracle-GMM",-0.25,2.0315515655446,0.538804407912109,FALSE,"OK"
3,1000,0.9,0.5,"Oracle-GMM",0.25,2.5315515655446,13.9264933992691,TRUE,"OK"
3,1000,0.9,0.5,"Oracle-GMM",0.5,2.7815515655446,20.6751623094196,TRUE,"OK"
3,1000,0.9,0.5,"Full-GMM",-0.5,1.7815515655446,2.51859016439436,FALSE,"OK"
3,1000,0.9,0.5,"Full-GMM",-0.25,2.0315515655446,2.24947802731936,FALSE,"OK"
3,1000,0.9,0.5,"Full-GMM",0.25,2.5315515655446,13.1537873492564,TRUE,"OK"
3,1000,0.9,0.5,"Full-GMM",0.5,2.7815515655446,7.10014284642225,TRUE,"OK"
3,1000,0.9,0.5,"DML-IVQR",-0.5,1.7815515655446,0.0548494837514986,FALSE,"OK"
3,1000,0.9,0.5,"DML-IVQR",-0.25,2.0315515655446,2.48899410895399,FALSE,"OK"
3,1000,0.9,0.5,"DML-IVQR",0.25,2.5315515655446,16.2704084796736,TRUE,"OK"
3,1000,0.9,0.5,"DML-IVQR",0.5,2.7815515655446,15.1228098199301,TRUE,"OK"
3,1000,0.9,0.25,"Oracle-GMM",-0.5,1.7815515655446,0.190878438233258,FALSE,"OK"
3,1000,0.9,0.25,"Oracle-GMM",-0.25,2.0315515655446,1.59532765143386,FALSE,"OK"
3,1000,0.9,0.25,"Oracle-GMM",0.25,2.5315515655446,3.2101269603436,FALSE,"OK"
3,1000,0.9,0.25,"Oracle-GMM",0.5,2.7815515655446,4.39041569793922,FALSE,"OK"
3,1000,0.9,0.25,"Full-GMM",-0.5,1.7815515655446,0.393087017649405,FALSE,"OK"
3,1000,0.9,0.25,"Full-GMM",-0.25,2.0315515655446,0.948960945873404,FALSE,"OK"
3,1000,0.9,0.25,"Full-GMM",0.25,2.5315515655446,1.38560139135294,FALSE,"OK"
3,1000,0.9,0.25,"Full-GMM",0.5,2.7815515655446,5.46299623481711,FALSE,"OK"
3,1000,0.9,0.25,"DML-IVQR",-0.5,1.7815515655446,1.34079067972965,FALSE,"OK"
3,1000,0.9,0.25,"DML-IVQR",-0.25,2.0315515655446,2.36657178827124,FALSE,"OK"
3,1000,0.9,0.25,"DML-IVQR",0.25,2.5315515655446,2.07438827995692,FALSE,"OK"
3,1000,0.9,0.25,"DML-IVQR",0.5,2.7815515655446,5.51078178234794,FALSE,"OK"
3,1000,0.9,0.1,"Oracle-GMM",-0.5,1.7815515655446,2.04671338018076,FALSE,"OK"
3,1000,0.9,0.1,"Oracle-GMM",-0.25,2.0315515655446,1.92587868421011,FALSE,"OK"
3,1000,0.9,0.1,"Oracle-GMM",0.25,2.5315515655446,0.868344625501471,FALSE,"OK"
3,1000,0.9,0.1,"Oracle-GMM",0.5,2.7815515655446,1.03217462311478,FALSE,"OK"
3,1000,0.9,0.1,"Full-GMM",-0.5,1.7815515655446,2.32277782690571,FALSE,"OK"
3,1000,0.9,0.1,"Full-GMM",-0.25,2.0315515655446,0.413287693854781,FALSE,"OK"
3,1000,0.9,0.1,"Full-GMM",0.25,2.5315515655446,0.520235339660709,FALSE,"OK"
3,1000,0.9,0.1,"Full-GMM",0.5,2.7815515655446,0.0259751954627129,FALSE,"OK"
3,1000,0.9,0.1,"DML-IVQR",-0.5,1.7815515655446,0.512521607354782,FALSE,"OK"
3,1000,0.9,0.1,"DML-IVQR",-0.25,2.0315515655446,2.11298300740514,FALSE,"OK"
3,1000,0.9,0.1,"DML-IVQR",0.25,2.5315515655446,1.50317159939455,FALSE,"OK"
3,1000,0.9,0.1,"DML-IVQR",0.5,2.7815515655446,2.13953620492195,FALSE,"OK"
