"replication","n","kappa","first_stage_F","partial_R2","beta_Z1","beta_Z2","R2_restricted","R2_unrestricted","RSS_restricted","RSS_unrestricted","nested_F","partial_R2_from_model_R2","cov_z1_d_latent","cov_z2_d_latent","status"
1,500,1,108.396007852649,0.308034207361733,0.100204828319347,0.102006432744333,0.0153272612284989,0.318640147826685,66.2898753491638,45.870326139876,108.396007852649,0.308034207361733,1.08837958448095,1.00625660795686,"OK"
1,500,0.5,24.4425988718815,0.0912232656352226,0.0657243424904108,0.042259838058403,0.0162164439926223,0.105960392649847,66.7133467421618,60.6275373908869,24.4425988718815,0.0912232656352225,0.589325049440568,0.5144673437179,"OK"
1,500,0.25,6.97271338790522,0.0278382155628531,0.0393003841987086,0.0180050137071355,0.016479078637433,0.0438585460569,66.8528603588878,64.9917960212237,6.97271338790522,0.027838215562853,0.337334977019777,0.269442737700431,"OK"
1,500,0.1,1.84382099761093,0.0075152534517219,0.0221649246514189,0.00361311123905863,0.0175335099988959,0.0249169946790778,66.7986819007536,66.2966728760285,1.84382099761093,0.00751525345172191,0.185883400206605,0.122518951960706,"OK"
2,500,1,103.951161340143,0.299182080552549,0.104255140842802,0.102158035450829,0.0275436169268197,0.31848514086126,67.0697140522821,47.0036574600558,103.951161340143,0.299182080552549,1.06447011877247,1.00444307287095,"OK"
2,500,0.5,23.8877056602448,0.0893373373366597,0.0640583893823376,0.0478702786555429,0.0133022609143999,0.10145120968041,66.5987308302271,60.6489775478537,23.8877056602448,0.0893373373366598,0.569493672416269,0.441117702747955,"OK"
2,500,0.25,7.34431644650215,0.0292783848984216,0.039698870254335,0.0236806243825818,0.0109401282044016,0.0398982038184166,67.2852176357373,65.3152151358241,7.34431644650215,0.0292783848984215,0.323696533982489,0.184166632825609,"OK"
2,500,0.1,2.33058925726323,0.00948046890464169,0.0249713219048107,0.00899875676170224,0.0100262908396319,0.0194117058057396,67.5420398889831,66.9017096800595,2.33058925726323,0.0094804689046417,0.176395086179175,0.032580062916843,"OK"
3,500,1,94.3327499258475,0.279229145032721,0.0897377329802303,0.105792611933106,0.016473566832738,0.291102811883114,66.970949938275,48.2707088449813,94.3327499258475,0.279229145032721,0.928373235139234,1.05148194749204,"OK"
3,500,0.5,17.6734524750072,0.067669406318004,0.0436377388890423,0.0507711743992443,0.0157988705565606,0.082399176683507,64.331098391649,59.977851155701,17.6734524750072,0.0676694063180039,0.472738268219714,0.475353208894011,"OK"
3,500,0.25,3.64182663651874,0.0147357761576915,0.0198100057760321,0.0243851069039367,0.0175620591093311,0.0320390446951193,65.1813172746248,64.2208199736025,3.64182663651874,0.0147357761576915,0.241486096661649,0.222941350427618,"OK"
3,500,0.1,0.414156915527553,0.00169796177788476,0.00495168078809989,0.00940366711400975,0.0183505469978069,0.0200173502482862,65.6909627826423,65.5794220386849,0.414156915527553,0.00169796177788485,0.102375631387686,0.0752223873137749,"OK"
4,500,1,99.1639036548041,0.289391157332699,0.0931926036759181,0.105082998782238,0.0191881407672762,0.30302641983627,65.5173543766599,46.5572113682218,99.1639036548041,0.289391157332699,0.877366004379444,0.943269530546911,"OK"
4,500,0.5,14.0782687096023,0.0546562750814758,0.0305253966640656,0.0511969411861305,0.0326354643549935,0.0855080065192712,63.0724823386084,59.6251753938379,14.0782687096023,0.0546562750814758,0.375347848035493,0.478940962205768,"OK"
4,500,0.25,1.84136245469806,0.00750530785463485,0.0042502744709413,0.0211758518349854,0.035706944207114,0.0429442604529261,62.8486544979136,62.3769559976571,1.84136245469806,0.0075053078546348,0.142384271243866,0.247552914802338,"OK"
4,500,0.1,0.458282156072544,0.00187852673835176,-0.00988383387779166,0.00317842700810613,0.036394195943994,0.0382043552121442,62.7519139619133,62.6340328136531,0.458282156072544,0.00187852673835181,0.00449312751114581,0.108801256762081,"OK"
5,500,1,119.300571237756,0.328832368788015,0.0914630325755665,0.106952208404807,0.00946838740153799,0.335187243931702,63.9165475943047,42.8987178441176,119.300571237756,0.328832368788015,0.919575148362786,0.91425418105245,"OK"
5,500,0.5,18.0295221822958,0.0689387646635494,0.039497610302122,0.0520273132299909,0.0166683515489429,0.0844580206477303,65.5769697607032,61.0561744750214,18.0295221822958,0.0689387646635494,0.45246445727481,0.401349554374984,"OK"
5,500,0.25,4.10195892306611,0.0165667466481582,0.0175598903355291,0.0269472009566193,0.0213288611917023,0.0375422580002038,66.0052574362632,64.9117650588702,4.10195892306611,0.0165667466481582,0.212672754135713,0.159200055836126,"OK"
5,500,0.1,0.596462521528775,0.00244355250120091,0.00417654229878567,0.0116869237931096,0.0238292622304499,0.0262145866783259,66.0203617984828,65.8590375782799,0.596462521528775,0.00244355250120097,0.0681456017771247,0.0154059895832624,"OK"
6,500,1,106.900745793697,0.305081387745208,0.107387159010828,0.090802483916135,0.026218148704733,0.323300867258991,66.1676952641051,45.9811629690299,106.900745793697,0.305081387745208,1.08228411564553,1.02133191912053,"OK"
6,500,0.5,22.8901144409361,0.0859270415832616,0.0551821501049767,0.0484050428586985,0.0218681895132541,0.10591616226686,64.1358639464206,58.6248588981181,22.8901144409361,0.0859270415832616,0.592180486058984,0.558412915469298,"OK"
6,500,0.25,4.99070326549192,0.0200840643126989,0.0259935953989323,0.0241715376618851,0.0180546820688725,0.0377761349857549,64.3777588943653,63.0847918444235,4.99070326549192,0.020084064312699,0.321518795199125,0.307258743150313,"OK"
6,500,0.1,0.798730780920162,0.00326948395665813,0.00984862910986604,0.0103699229945225,0.0156577367756885,0.0188760280131609,64.6644525064526,64.4530331164166,0.798730780920162,0.0032694839566581,0.156443778276739,0.154506785240722,"OK"
7,500,1,92.6240976301084,0.275565180488897,0.091439041003255,0.105461718543352,0.0193005081378091,0.289547140618183,69.9728704322158,50.6907837622361,92.6240976301084,0.275565180488897,1.10646713741888,1.08994867993569,"OK"
7,500,0.5,23.8121881163569,0.0890800688294536,0.0433719279090178,0.062268173996879,0.0221710615859758,0.109276130723329,63.8107703949941,58.1265025761476,23.8121881163569,0.0890800688294535,0.506496099158857,0.499946597675132,"OK"
7,500,0.25,5.66565956190057,0.022738524931013,0.0174511269271114,0.0335899111627022,0.0188761697213714,0.0411854783965729,62.1657118522616,60.7521552634547,5.66565956190057,0.022738524931013,0.23331594276677,0.218212589931213,"OK"
7,500,0.1,0.941306139563166,0.00385084728284724,0.001478322673984,0.0153059991733002,0.0170113867709915,0.0207967258013142,61.4521108343877,61.2154681403559,0.941306139563166,0.00385084728284728,0.072210862336652,0.0505595073961846,"OK"
8,500,1,112.765123735494,0.316520243556636,0.098104329516471,0.0970973325517972,0.032178443784996,0.338513558477532,66.2771023092779,45.2990577441172,112.765123735494,0.316520243556636,1.07005678083295,1.09246822881851,"OK"
8,500,0.5,20.0799179517793,0.0761815168159086,0.045501656412946,0.0502495297401638,0.024747666401272,0.0990438684530776,65.994690569016,60.9671149396719,20.0799179517793,0.0761815168159085,0.565710104229757,0.621377767004465,"OK"
8,500,0.25,3.52301798428069,0.0142619016358422,0.0187572459609663,0.0228076419070019,0.0160697052415599,0.0301024223219301,66.4863526218706,65.5381308006515,3.52301798428069,0.0142619016358422,0.292377745865794,0.350967809322083,"OK"
8,500,0.1,0.239585503130945,0.000982956882594139,0.00457562647751813,0.00634245549936899,0.0116605247709287,0.0126320198604446,67.0679797494554,67.002054817159,0.239585503130945,0.000982956882594127,0.126165750571813,0.185076060638519,"OK"
9,500,1,156.023774243998,0.390524380030288,0.127623740517897,0.0961203988940097,0.0213965300326827,0.403565043437158,66.0985490009264,40.285454131438,156.023774243998,0.390524380030288,1.1288679856059,0.918254892266233,"OK"
9,500,0.5,28.8772491101488,0.106019314037755,0.0657418144831383,0.0467385353310916,0.0314465797294133,0.134131948955423,62.1119368593997,55.5268719200097,28.8772491101488,0.106019314037755,0.543472945740388,0.454563026947337,"OK"
9,500,0.25,6.11999812556397,0.0245172589196379,0.0314686420469168,0.0233166231959586,0.0338286373839104,0.0575165108419085,63.2833568747502,61.7318224289481,6.11999812556397,0.0245172589196379,0.258621673308159,0.2223214789975,"OK"
9,500,0.1,1.06498570733706,0.0043546123508109,0.0132449279621727,0.00999184483245454,0.0333504606069148,0.0375598446300617,63.9191925788117,63.6408492733541,1.06498570733706,0.00435461235081096,0.0885313851074107,0.0829351810816889,"OK"
10,500,1,90.0429379865991,0.269959059934337,0.0985573588685169,0.0902414985206946,0.0183002232535946,0.283318972121802,63.9791333562645,46.7073866599938,90.0429379865991,0.269959059934337,1.00687859178425,0.86498787544188,"OK"
10,500,0.5,12.8275493476774,0.0500435843916191,0.0418487987664243,0.0377802328475759,0.0243874183794066,0.0732105689412621,61.4324605008314,58.3581599793733,12.8275493476774,0.050043584391619,0.497356844978685,0.361060897339583,"OK"
10,500,0.25,1.19580902194238,0.00488692073118076,0.0166094888612136,0.00646937655012934,0.0250082023001996,0.02977290992911,62.3416697496562,62.0370109513402,1.19580902194238,0.00488692073118076,0.241068460761319,0.112579790987246,"OK"
10,500,0.1,0.459250641731015,0.0018824891473595,0.00282193111850035,-0.01092035772603,0.0240319505407357,0.0258691998020123,63.224224229772,63.1052053138092,0.459250641731015,0.00188248914735941,0.0871356997571278,-0.0361447231022514,"OK"
11,500,1,115.133975788077,0.321034769600614,0.105200193217521,0.0981592661008565,0.00567680843121554,0.324889125145047,65.5045747245271,44.4753286700524,115.133975788077,0.321034769600614,0.939255336390723,1.03605098359346,"OK"
11,500,0.5,20.2712269062152,0.0768515472440923,0.0550167754884032,0.042900521188328,0.0108154432234384,0.0868358069216788,64.0084578383464,59.0893088167613,20.2712269062152,0.0768515472440923,0.519333701655778,0.595226876667862,"OK"
11,500,0.25,4.46434138853991,0.0180039652618626,0.0301500677806001,0.0154469828630928,0.0153011050066439,0.0330295897054989,63.5983200110431,62.4532980668515,4.46434138853991,0.0180039652618626,0.286883225341685,0.345211082695978,"OK"
11,500,0.1,0.934142111475953,0.00382165152300995,0.015865703330941,-0.000942987067904744,0.0169196355858762,0.0206766261577805,63.5552469850332,63.3123609785976,0.934142111475953,0.00382165152300991,0.145061215529922,0.192105968984587,"OK"
12,500,1,90.3480656632468,0.270626296677067,0.0992781217782164,0.0936972561289761,0.0150079871479398,0.281572727842583,66.3297316326412,48.3791620013158,90.3480656632468,0.270626296677067,0.974983291194553,0.995828128480668,"OK"
12,500,0.5,22.0859839076803,0.0831594483365415,0.0468316352909515,0.0609815473089103,0.0185722016685224,0.100187195959915,68.687261881379,62.975267075576,22.0859839076803,0.0831594483365415,0.427988124839921,0.522277802068059,"OK"
12,500,0.25,7.38305879805266,0.0294282875592474,0.0216939663804089,0.0395749629892917,0.0212958554902956,0.0500974424903544,67.3700548660564,65.3874695185758,7.38305879805266,0.0294282875592475,0.177906568311691,0.281164342963251,"OK"
12,500,0.1,2.52402854351439,0.0102592765367549,0.0066711495607091,0.0254191783301415,0.022466047990465,0.0324948391281977,66.7779754505069,66.0928817337955,2.52402854351439,0.0102592765367549,0.0303062278808438,0.136042615681593,"OK"
13,500,1,99.0748736807538,0.289206480954823,0.106931844914365,0.106015835279814,0.0170989743958466,0.30136032113771,68.3680053742913,48.5955351300921,99.0748736807538,0.289206480954823,0.90031970384166,1.00535479027097,"OK"
13,500,0.5,16.7482808520544,0.0643550105200326,0.047506954943853,0.0520814426515074,0.0150436005293163,0.0784304799790255,67.8270652351485,63.4620537383976,16.7482808520544,0.0643550105200325,0.397525247142062,0.499650575737745,"OK"
13,500,0.25,3.56545527829082,0.0144312173236633,0.0181525890315888,0.0274624038463833,0.0145007719997499,0.0287227255313239,67.5143687112486,66.5400541839066,3.56545527829082,0.0144312173236634,0.168758475172301,0.251868114070727,"OK"
13,500,0.1,0.623034199423011,0.00255213196684282,0.000997128898235825,0.0133888755166242,0.0142867196410396,0.0168023900139852,67.5894366963729,67.4169395343592,0.623034199423011,0.00255213196684286,0.0338648590785787,0.103728765489739,"OK"
14,500,1,96.3121366693243,0.283427595062759,0.0940162057070942,0.0926541628273114,0.0167236359524174,0.295411291096478,64.7787552127647,46.4186684116516,96.3121366693243,0.283427595062759,0.999944591572683,0.988302064753821,"OK"
14,500,0.5,10.701848775764,0.0420998070128289,0.0396088885696592,0.0324961691409284,0.00615803627479006,0.0479985911488723,64.9595657289415,62.2247805481159,10.701848775764,0.0420998070128289,0.457783521020666,0.451587473858316,"OK"
14,500,0.25,1.55329592830072,0.00633860451628119,0.0190681238031943,0.00701933325601053,0.00730562536832058,0.013597922414648,65.1898034833496,64.7765911005746,1.55329592830072,0.00633860451628128,0.210361837910958,0.197032516152716,"OK"
14,500,0.1,0.441519155130648,0.00180993853223432,0.00678566027612546,-0.00822382298647564,0.00846624634436299,0.0102608614911153,65.2140184435502,65.0959850787274,0.441519155130648,0.00180993853223433,0.0643828135837963,0.0457428399503368,"OK"
15,500,1,88.2563217504508,0.266027550838467,0.10428547495138,0.0845014525503353,0.0117686384032742,0.274665407190614,64.7097030776606,47.4951392524262,88.2563217504508,0.266027550838467,0.890136328787433,0.900937547561349,"OK"
15,500,0.5,9.54565469240215,0.0377230531937238,0.0397237716657215,0.0300362233043148,0.0122016073057919,0.0494643786180704,62.6363506789894,60.2735162904652,9.54565469240215,0.0377230531937238,0.394497154954381,0.339190708597592,"OK"
15,500,0.25,0.484898150337494,0.00198741050783689,0.0109807564624476,0.00429247908413553,0.0133034411729234,0.0152644122819828,64.9360094438413,64.8069549363356,0.484898150337494,0.00198741050783692,0.174945107935761,0.0939420788301545,"OK"
15,500,0.1,0.375288384287049,0.00153885367711257,-0.00405895616343286,-0.00939067205549317,0.0143582435179156,0.0158750019591938,66.8113369778085,66.7085241062274,0.375288384287049,0.00153885367711261,0.0461697917202098,-0.0494818458374679,"OK"
16,500,1,113.541403527713,0.318006265956492,0.0947784293372813,0.11447751041596,0.0270306683664001,0.336441012409385,65.499276899935,44.6700964301364,113.541403527713,0.318006265956492,0.893487281458468,1.01510731204217,"OK"
16,500,0.5,19.5966043092991,0.0744844440723419,0.0367044061717806,0.0610806235387929,0.0261712434555201,0.0987063370083957,65.0973553488463,60.2486150251078,19.5966043092991,0.0744844440723419,0.403656283373984,0.501542473745239,"OK"
16,500,0.25,5.34143855047114,0.0214652293508091,0.0128267104666167,0.0356485725326997,0.0257600447136739,0.0466723287966169,64.7912333217293,63.4004746385566,5.34143855047114,0.0214652293508091,0.163147149818739,0.247951018724201,"OK"
16,500,0.1,1.56710564507723,0.00639459808754106,-0.00234285633967761,0.0203605793438318,0.0252892825027267,0.0315221657927405,64.7568089718329,64.3427152050264,1.56710564507723,0.00639459808754103,0.0193024394818719,0.0961298220476135,"OK"
17,500,1,116.33732223667,0.323305324510373,0.0966775704741589,0.117453233824875,0.0217766996256245,0.33804150119677,70.186383202864,47.4947518052527,116.33732223667,0.323305324510373,1.10193375697313,1.03998441023837,"OK"
17,500,0.5,32.7263982036327,0.118476722052854,0.0451602116871171,0.0780672203516645,0.024441231954609,0.140022236962547,67.7471039704847,59.7206491634878,32.7263982036327,0.118476722052854,0.609489984615966,0.581732031235229,"OK"
17,500,0.25,11.1357673920709,0.043732141427425,0.0209970728424831,0.0500273167324629,0.0236471613583872,0.0663451617809301,66.8049163783004,63.8833943271973,11.1357673920709,0.043732141427425,0.356786148388793,0.327922057081256,"OK"
17,500,0.1,3.95819967103353,0.0159954274147937,0.00611907046025374,0.0318599966959587,0.021323575809154,0.0369779235148685,65.9614088648358,64.9063279371608,3.95819967103353,0.0159954274147937,0.204486034788675,0.173054910753958,"OK"
18,500,1,93.7077798825986,0.277893291534447,0.100440126319896,0.0876519643278357,0.0166232149993892,0.289897026601771,65.3479210628943,47.1881721837934,93.7077798825986,0.277893291534447,1.0326682557663,0.990486024148657,"OK"
18,500,0.5,19.8652818872374,0.0754286280442344,0.0521131166766638,0.0453581011998923,0.0176767869061666,0.0917720791658385,64.6790285468225,59.8003781603018,19.8652818872374,0.0754286280442344,0.516772440023512,0.416941650010054,"OK"
18,500,0.25,4.50149170646016,0.0181510670580491,0.0264047889190032,0.0205535375153317,0.0222098191508776,0.039957754292172,63.6582316116945,62.5027667809138,4.50149170646016,0.0181510670580491,0.256242158013464,0.151674664499486,"OK"
18,500,0.1,0.610785845691733,0.00250208463167959,0.0110912617869793,0.0051882468546541,0.0240619943514226,0.026503873836828,64.1307940977659,63.9703334234365,0.610785845691733,0.00250208463167956,0.099653952195787,-0.00523674663407378,"OK"
19,500,1,135.358554573585,0.357279921330889,0.116180419509635,0.102432347350104,0.0105117070850219,0.364036006535521,66.368038016508,42.6560706150846,135.358554573585,0.357279921330889,1.00474468102078,0.877572917404186,"OK"
19,500,0.5,29.7576832994312,0.108899713047861,0.0625109783757981,0.0591889545776509,0.0115314843418366,0.119175422053855,66.8993455872305,59.6140260496914,29.7576832994312,0.108899713047861,0.536879710298304,0.426312074390192,"OK"
19,500,0.25,10.9841326913755,0.0431623479829937,0.0387568917707732,0.0389280767785453,0.0110480534959179,0.053733541549386,68.4255087381291,65.4721031190606,10.9841326913755,0.0431623479829937,0.292060423513408,0.200116791341124,"OK"
19,500,0.1,4.66392935707489,0.0187937439947774,0.0251839687807466,0.0263399354854035,0.0110880526493068,0.0296734106211926,68.9611319885584,67.6650941283754,4.66392935707489,0.0187937439947774,0.14403042811174,0.0643405544328329,"OK"
20,500,1,95.0764263139653,0.280812303883791,0.104247520884758,0.0870035242018251,0.0141740648654238,0.291006116938957,65.4546731834992,47.0741956068802,95.0764263139653,0.280812303883791,0.989655272744447,0.924511329683047,"OK"
20,500,0.5,21.6825794652034,0.0817647204010568,0.0582971622445235,0.0445654062102704,0.0423964414426489,0.120694628663148,65.3506215706166,60.0072462698599,21.6825794652034,0.0817647204010567,0.481198842217286,0.533907957474512,"OK"
20,500,0.25,5.70049760224356,0.0228751453431779,0.0327181879658428,0.0212600845326032,0.0424335043276733,0.0643379770919353,65.4989130816865,64.0006159251227,5.70049760224356,0.0228751453431779,0.238529264359371,0.302801259165486,"OK"
20,500,0.1,1.33275024851239,0.00544351295796665,0.0179118805117956,0.00711435378896404,0.0406054404456822,0.0458279171624187,65.776959198406,65.4189014686739,1.33275024851239,0.0054435129579666,0.0941361942780971,0.160393141278586,"OK"
21,500,1,79.4305755287471,0.245967961995213,0.10009719278283,0.0804561267000581,0.00945838837880919,0.253099889860727,66.4212580253385,50.0837565556878,79.4305755287471,0.245967961995213,0.941018458513701,0.870559978493548,"OK"
21,500,0.5,13.8831132594907,0.0539394876519887,0.051788562181223,0.0312306881329109,0.00738365338500047,0.0609248705564024,66.3925616257007,62.8113808677073,13.8831132594907,0.0539394876519887,0.552117239937382,0.431132654505656,"OK"
21,500,0.25,2.93269682912115,0.0119005995018376,0.0280091312983488,0.0081713419753701,0.00916086838375274,0.0209524480598663,67.7166573967819,66.9107885774997,2.93269682912115,0.0119005995018376,0.312394367330929,0.20214408258056,"OK"
21,500,0.1,0.733130766105427,0.00300176623788,0.0142752772549846,-0.00584417137939521,0.00992343583109934,0.0128954142343378,67.9892212056964,67.7851334569414,0.733130766105427,0.00300176623788005,0.163826562672812,0.0637810701824477,"OK"
22,500,1,94.9286511942274,0.280498270046725,0.0955364110252687,0.0950087329557135,0.0196546316573917,0.294639811525813,66.8359036005792,48.088548263607,94.9286511942274,0.280498270046725,0.990319486926763,1.00663944970822,"OK"
22,500,0.5,16.8270806132445,0.0646382257796824,0.0382669406743036,0.0527852188823163,0.0167795784610155,0.0803332020596469,65.9070927788924,61.6469752353678,16.8270806132445,0.0646382257796824,0.411852391790006,0.645187543857999,"OK"
22,500,0.25,4.12520952374887,0.0166590854448252,0.0158804561196326,0.0294266748315836,0.0186298504754543,0.0349785796493846,65.4815794033411,64.3907161769987,4.12520952374887,0.0166590854448252,0.14992486449642,0.414331874231371,"OK"
22,500,0.1,0.776082513209042,0.00317707122704932,0.00249584852688459,0.0148220543374721,0.019551698819574,0.0226666529068636,65.143215036096,64.9362504019673,0.776082513209042,0.00317707122704928,-0.00437628515257925,0.270576451696945,"OK"
23,500,1,98.9648441496514,0.28897811217786,0.0906925696589665,0.100952374072698,0.0180705721880091,0.301826684529005,67.6651850902452,48.1114276427006,98.9648441496514,0.28897811217786,1.08004294640621,1.01730191619687,"OK"
23,500,0.5,23.2256258406127,0.0870768444817209,0.0563762766055542,0.0486237561952667,0.00479921130365446,0.0914581556090521,67.8596538284611,61.9506493054568,23.2256258406127,0.0870768444817209,0.601744599791506,0.46836581128487,"OK"
23,500,0.25,6.24531858474583,0.0250067493562512,0.0320651977173133,0.0227885887060605,0.00343646694704347,0.0283572814356788,66.1016834156234,64.4486951864226,6.24531858474583,0.0250067493562511,0.339765375382508,0.210834140705694,"OK"
23,500,0.1,1.35167003094547,0.00552036271908883,0.0170367714649479,0.00697864981368984,0.00298040728002036,0.00848431706987285,65.612918486833,65.2507113777277,1.35167003094547,0.00552036271908882,0.180190522202997,0.0580861610412001,"OK"
24,500,1,108.897211300535,0.309018368501402,0.100696362066631,0.0975580621179653,0.0193284848865619,0.322373996522715,66.9189218592386,46.2397458044239,108.897211300535,0.309018368501402,1.04000713968612,1.02757385415332,"OK"
24,500,0.5,15.5564628683364,0.060050471993987,0.0519376987479477,0.0334872562065577,0.00691993220772336,0.0665548590064702,67.4567936113966,63.4059813158313,15.5564628683364,0.060050471993987,0.559552490021513,0.378159453905648,"OK"
24,500,0.25,3.78808671584958,0.0153185168204336,0.030031447572748,0.00755690561471738,0.00941819967609503,0.0245924436463721,66.7158145244733,65.6938271974913,3.78808671584958,0.0153185168204336,0.320546242092022,0.102498611435461,"OK"
24,500,0.1,1.22394399322732,0.00500132505735196,0.0164185963419747,-0.0070525474243009,0.0110919509485766,0.0160378015537146,66.3625687405894,66.0306679626768,1.22394399322732,0.00500132505735201,0.17727018028118,-0.0577691591990645,"OK"
25,500,1,112.815817734394,0.316617484039088,0.104461894024057,0.102078085607045,0.0183763501420503,0.329175560433341,62.2985518486382,42.5737411030437,112.815817734394,0.316617484039088,0.889840762366528,0.920413240712607,"OK"
25,500,0.5,20.1036124189879,0.0762645558401301,0.0529524218506049,0.0507821004255823,0.0118214539152381,0.0871844518231381,65.2360006635565,60.2608060481639,20.1036124189879,0.0762645558401301,0.365382668449529,0.408705259775806,"OK"
25,500,0.25,4.79348924358138,0.0193057387778657,0.028738069970983,0.0236019705201646,0.0126964715608848,0.0317570955753954,66.0120819792671,64.7376699683923,4.79348924358138,0.0193057387778656,0.126869337749385,0.173413171595591,"OK"
25,500,0.1,0.758991569330135,0.00310732294624538,0.012994761041801,0.00741947158315451,0.013875722726563,0.0169399293211844,66.1112474018344,65.9058184057778,0.758991569330135,0.00310732294624535,-0.0137587289035215,0.0343880588781528,"OK"
26,500,1,100.386268973539,0.291917061048062,0.101065128678046,0.0875094027637169,0.0230682595396808,0.308251302059426,64.7150924306233,45.8236528428221,100.386268973539,0.291917061048062,1.03465241029645,0.99318977162301,"OK"
26,500,0.5,9.83609324359128,0.0388262608681406,0.0317838615558147,0.0386538897062157,0.0297321544548482,0.0674040269379531,66.5712875397349,63.9865733633892,9.83609324359128,0.0388262608681407,0.44342343844529,0.495013000550283,"OK"
26,500,0.25,0.924196169422446,0.0037811157156546,0.00444309396232268,0.0154928064411801,0.0280832557404429,0.0317581854164706,67.1630163595284,66.9090652228606,0.924196169422446,0.00378111571565461,0.173759548995482,0.241064876872145,"OK"
26,500,0.1,0.465814023119877,0.00190934137631157,-0.010797967100697,0.000727601780109271,0.0252465836142808,0.0271077206438871,67.7434296608383,67.6140843276136,0.465814023119877,0.00190934137631159,0.014674846568121,0.0881878240858488,"OK"
27,500,1,97.0540573885552,0.284988697925925,0.0869909987525686,0.11399023109938,0.0259994196093182,0.303578576793954,62.9497850943788,45.009807805615,97.0540573885552,0.284988697925925,0.800154293925839,0.976379996469722,"OK"
27,500,0.5,14.1014667065184,0.0547414068980594,0.041036965054133,0.0485775804935264,0.0274784085838685,0.0807156087367272,64.1133785876708,60.6037220427937,14.1014667065184,0.0547414068980594,0.419909138234205,0.427408571984282,"OK"
27,500,0.25,2.06503035887848,0.00840930142154429,0.0165119960834284,0.0191858001666557,0.0205258771288813,0.0287625702627072,66.0659769721269,65.5104082580595,2.06503035887848,0.00840930142154426,0.198252559929707,0.178855668612491,"OK"
27,500,0.1,0.029991257282682,0.000123152212702201,0.00247913711864109,0.00188194554896914,0.0172996927693647,0.0174207144866233,66.8816743349287,66.8734377087451,0.029991257282682,0.0001231522127022,0.061961130019156,0.0324356977976144,"OK"
28,500,1,114.033047075949,0.318944075263974,0.103339795053744,0.0959523500925604,0.0068464853034238,0.323606914643488,70.3484746650277,47.9112454667594,114.033047075949,0.318944075263973,1.080019868744,1.08780816523068,"OK"
28,500,0.5,9.09153227191022,0.0359930207878994,0.0393578817360867,0.0250677358903879,0.0103860254389962,0.0460052217973662,68.4417038252418,65.9782801567006,9.09153227191022,0.0359930207878994,0.496976147604307,0.426928050071132,"OK"
28,500,0.25,0.480273984817821,0.00196849514501204,0.0109846082340066,0.00152449474391455,0.0123049473930323,0.0142492203088415,69.0685330968427,68.9325720247685,0.480273984817821,0.00196849514501193,0.218710502887872,0.145765971864335,"OK"
28,500,0.1,0.658570588169086,0.00269730686325126,-0.00542912255067288,-0.0118957592768214,0.0135534269388792,0.0162141760506277,69.4220594533299,69.2348068559054,0.658570588169086,0.00269730686325133,0.0531373069893471,-0.0177783197309576,"OK"
29,500,1,91.8275731837501,0.273844385392761,0.0989729055929564,0.103011024218387,0.0181786024759568,0.28704487964639,63.2660893564815,45.9410260004523,91.8275731837501,0.273844385392761,0.903892632164477,1.04384435130065,"OK"
29,500,0.5,27.8433129276573,0.102612858327858,0.0671555175382123,0.062192390722044,0.0168841048819094,0.117764436947527,68.9287947910016,61.8558141364025,27.8433129276573,0.102612858327858,0.505873625162069,0.559153955335168,"OK"
29,500,0.25,10.7338702107317,0.0422204571005214,0.0450726490584981,0.0375484162023048,0.0126847163858375,0.0543696189623584,68.5734889461037,65.6782848978217,10.7338702107317,0.0422204571005214,0.293294009308641,0.303029823703992,"OK"
29,500,0.1,4.2233300506425,0.0170485761263548,0.0300578893851557,0.0219013310680407,0.0106671605589383,0.0275338767864521,68.093123056097,66.9322322639939,4.2233300506425,0.0170485761263549,0.164327224982109,0.147914493649976,"OK"
30,500,1,107.309210302777,0.305890515845239,0.0974431350782217,0.104083744622458,0.0269300893220024,0.324582946252776,68.7931518232035,47.749979125384,107.309210302777,0.305890515845239,0.95072730715532,1.18910395054946,"OK"
30,500,0.5,14.5622526206813,0.0564292238512152,0.0410091362783664,0.0450963988979078,0.0176656221745952,0.0730979886776492,68.3932630512802,64.5338843006445,14.5622526206813,0.0564292238512152,0.406320628321105,0.481034650293992,"OK"
30,500,0.25,2.13821098654487,0.00870471649324134,0.0158634024423804,0.0177447186008139,0.0213527940839906,0.0298716405583922,67.7403035990494,67.1506434610536,2.13821098654487,0.0087047164932413,0.161425144837059,0.166505132958573,"OK"
30,500,0.1,0.0042379189234618,1.74038815902368e-05,0.00104300119190235,0.000407484805392746,0.0244051904309128,0.0244221695674586,67.463138896913,67.461964776432,0.0042379189234618,1.74038815901929e-05,0.0173434134269687,-0.0180815601581476,"OK"
31,500,1,96.2900668095421,0.283381052641289,0.0950147535965216,0.105395206535009,0.00993711754268589,0.290502179354509,70.2394328048918,50.3349083997145,96.2900668095421,0.283381052641289,0.909246908942011,1.08473528519842,"OK"
31,500,0.5,21.6875465747258,0.0817819194560652,0.0526351543031831,0.0544233434416071,0.0165523582753606,0.0969805941001424,69.3773100475145,63.7035004651302,21.6875465747258,0.0817819194560652,0.480511667119048,0.649178507067112,"OK"
31,500,0.25,7.49100296402351,0.0298457031350134,0.0327591263829375,0.0315700309156822,0.0201965584907595,0.0494394811367088,68.7097926913321,66.6591006161983,7.49100296402351,0.0298457031350134,0.254037895422773,0.401438134919839,"OK"
31,500,0.1,2.46945634744853,0.0100396869762571,0.0198137341038754,0.0171279158275078,0.0223382162660702,0.0321536345434081,67.751174691113,67.0709741049405,2.46945634744853,0.0100396869762572,0.116887702774951,0.249660813189821,"OK"
32,500,1,119.754142972907,0.329670411995381,0.102360470878922,0.100619888173305,0.00799276011223904,0.335028195588438,67.6929347073834,45.3765770332239,119.754142972907,0.329670411995381,0.992978894041585,0.901830001387321,"OK"
32,500,0.5,27.6961596061972,0.102125928502877,0.0590318870063059,0.0508056493720007,0.015769129231615,0.116284620770031,63.9878674883828,57.4530471082127,27.6961596061972,0.102125928502877,0.520037569987173,0.42009933962857,"OK"
32,500,0.25,8.08906550632302,0.0321518961487606,0.0356449173892892,0.0252298271766662,0.0211095319695355,0.0525827166386627,63.3304618582074,61.2942674254892,8.08906550632302,0.0321518961487606,0.278439347180458,0.185903164873773,"OK"
32,500,0.1,2.38251269044755,0.00968963861796466,0.021671917430184,0.0105521365323095,0.0240747057136681,0.0335310691334335,62.9019020803579,62.2924053808167,2.38251269044755,0.00968963861796471,0.132944228937351,0.0460828478608165,"OK"
33,500,1,90.739662159488,0.271480833762302,0.0944626157338325,0.100353374387091,0.0246826397214908,0.289462609872748,64.4493277980601,46.9525705520228,90.739662159488,0.271480833762302,0.877191462868184,0.871333668937335,"OK"
33,500,0.5,18.2930525382811,0.0698760045803971,0.0511008545144219,0.0477033312621384,0.0185518507237342,0.0871315260979848,65.0768485195504,60.5295383543205,18.2930525382811,0.0698760045803971,0.467156692066892,0.415484505494531,"OK"
33,500,0.25,5.41694591681108,0.0217620616260552,0.0304155747170959,0.0243415554598742,0.015745508387268,0.0371649152894659,65.7026177547938,64.2727933382209,5.41694591681108,0.0217620616260552,0.251154787197744,0.192113469961061,"OK"
33,500,0.1,1.7171338154765,0.00700250340895277,0.0188555216212019,0.0110380199020589,0.0147996283420802,0.0216984973031162,65.8099112937566,65.3490771655792,1.7171338154765,0.00700250340895274,0.120405002654794,0.0585670089948026,"OK"
34,500,1,93.1507948195528,0.276698573872319,0.0995755659414132,0.0928906179442835,0.0210629583474742,0.291933441683515,63.7302110005593,46.0961525041226,93.1507948195528,0.276698573872319,0.880315248752244,0.896696614600279,"OK"
34,500,0.5,16.7753370194498,0.0644522727798686,0.0494982677926005,0.0474895578326806,0.00884535551536614,0.0727275250287234,69.3791759091616,64.9075303382219,16.7753370194498,0.0644522727798685,0.41357729480437,0.489028372258164,"OK"
34,500,0.25,3.65485160025886,0.0147876991958471,0.0239107394309515,0.0226663413437764,0.0090627230610173,0.0237164054343428,69.7775933108456,68.7457432503547,3.65485160025886,0.0147876991958471,0.182904711058625,0.273075651608909,"OK"
34,500,0.1,0.441509952472496,0.00180990087565874,0.00869533928356805,0.00756688554459598,0.00913214139719831,0.0109255140021456,69.9256433395819,69.7990848564706,0.441509952472496,0.0018099008756587,0.0447831202995841,0.142236787840287,"OK"
35,500,1,111.448297176867,0.313984594554438,0.103898928630824,0.101071882646814,0.0161255078451989,0.325046941356878,61.2098154896271,41.9908763903645,111.448297176867,0.313984594554438,0.89455142246401,0.942959199394552,"OK"
35,500,0.5,26.3673164167294,0.0977047415998053,0.0563039579531746,0.0578128605109556,0.0299253636120262,0.124706255292838,61.1275912367257,55.1551357303229,26.3673164167294,0.0977047415998053,0.414849438270422,0.54331005224641,"OK"
35,500,0.25,7.60900802352165,0.0303016131655815,0.0302589728569199,0.0333426469231533,0.0364019357308407,0.0656005115214279,61.5660600803759,59.7005091436914,7.60900802352165,0.0303016131655814,0.179015931923294,0.310816480709122,"OK"
35,500,0.1,1.9362392634347,0.00788897054992955,0.014669767450084,0.0176386343046027,0.0396892520260022,0.0472651152355498,61.6509592600463,61.1645966580689,1.9362392634347,0.00788897054992948,0.0379359330962982,0.167904169159654,"OK"
36,500,1,105.58594584112,0.30246404101635,0.0933064095823804,0.101466823668354,0.0313572317081011,0.324336837706933,65.9613659227361,46.0104246347872,105.58594584112,0.30246404101635,1.06297735695759,0.976842684394116,"OK"
36,500,0.5,22.1078154319555,0.083234807665587,0.0535915600929589,0.0475442225750404,0.0327401245311624,0.113249814228451,64.0636081337515,58.7312860323752,22.1078154319555,0.083234807665587,0.60505271347666,0.501160461050612,"OK"
36,500,0.25,5.85038325230045,0.0234624995397775,0.0317147482954569,0.0211136524975653,0.0280255010943803,0.0508304523276288,63.2473894938044,61.7634476469139,5.85038325230045,0.0234624995397775,0.357249078044865,0.25244587054039,"OK"
36,500,0.1,1.474551149059,0.00601920135027324,0.0185870784947918,0.00625482988748402,0.0248174985982431,0.0306873184274433,63.2381248441498,62.8574818376991,1.474551149059,0.00601920135027315,0.206596677044183,0.10208008603464,"OK"
37,500,1,116.275844961242,0.3231896932207,0.0960249790984057,0.11193055604808,0.0203178518667281,0.336941024775717,66.3437505135975,44.9021341379973,116.275844961242,0.3231896932207,0.923854537602002,1.0580426498241,"OK"
37,500,0.5,24.3940998418608,0.0910587424518148,0.0556554234586583,0.056262492298156,0.012661702721002,0.102567486445744,67.1998858619509,61.0807487624562,24.3940998418608,0.0910587424518148,0.45835618908701,0.555169827410569,"OK"
37,500,0.25,8.85803511238881,0.0351010623000129,0.0375255668392243,0.0324968381838431,0.0151545130900625,0.0497236358819748,67.953643853637,65.5683987672176,8.85803511238881,0.0351010623000129,0.22767361336253,0.301217027697752,"OK"
37,500,0.1,3.6449661582803,0.0147482921256261,0.0263590803515647,0.0188523500508369,0.0168915656083913,0.0313907359899658,68.2213497792353,67.2152013834866,3.6449661582803,0.0147482921256262,0.0894801703342035,0.148582211318472,"OK"
38,500,1,87.4457965599843,0.264229965961011,0.0972897904152421,0.0929345793472798,0.0210432433105581,0.279712953807911,65.200350817904,47.9724643406432,87.4457965599843,0.264229965961011,1.07695069738422,0.980223977048331,"OK"
38,500,0.5,23.8546253439239,0.0892246592451407,0.0706751496937769,0.0370181478583963,0.021996420751325,0.109258456850316,66.7504363051388,60.7946513713484,23.8546253439239,0.0892246592451408,0.661053961536314,0.484099547679604,"OK"
38,500,0.25,6.78642794915996,0.0271146462265963,0.0435308523819326,0.00921256410184377,0.020647512908501,0.0472023091271242,67.2359755899061,65.4128958980857,6.78642794915996,0.0271146462265963,0.431204037237819,0.243095587554697,"OK"
38,500,0.1,2.86768555161191,0.0116398607438765,0.0290006505239236,-0.00507947757136355,0.0207959529801103,0.0321937517272621,67.7390166016028,66.950543881433,2.86768555161191,0.0116398607438765,0.291003856008504,0.0992312870036858,"OK"
39,500,1,96.2917766096358,0.283384658600078,0.0889654752248955,0.102506138341448,0.0219232210781903,0.299095175157612,67.0482779749245,48.0478246112773,96.2917766096358,0.283384658600079,1.09432462654498,1.04000939916615,"OK"
39,500,0.5,17.8201423197233,0.0681927621863932,0.0424416425472147,0.051152843607963,0.0229698267114558,0.089596212967452,66.692371643107,62.144434604002,17.8201423197233,0.0681927621863932,0.658800547670491,0.550423986166745,"OK"
39,500,0.25,3.2087064394025,0.0130060527077127,0.0165701351954118,0.0236954558064303,0.0260662891093471,0.0387333222870091,65.7723555409707,64.9169168180944,3.2087064394025,0.0130060527077127,0.407359048060372,0.283597127458321,"OK"
39,500,0.1,0.237944988220645,0.000976232848078474,0.00060088968362911,0.00790902851997856,0.0272592357620687,0.0282088572487826,66.1496752942608,66.0850978083489,0.237944988220645,0.000976232848078403,0.252972316515144,0.121196920152303,"OK"
40,500,1,99.5510548089029,0.290193116777787,0.104367054479204,0.100045699404366,0.025721658116687,0.3084505267569,63.7575675621032,45.2555603130862,99.5510548089029,0.290193116777787,0.979490588569128,1.01406684530492,"OK"
40,500,0.5,23.4007562825064,0.0876758710182798,0.0697377921990026,0.0398486896828833,0.0206144906253528,0.106482968222457,64.0847979309599,58.4661074533326,23.4007562825064,0.0876758710182799,0.57656430307759,0.421859576556809,"OK"
40,500,0.25,6.35688204448623,0.0254420930593155,0.0416534017907989,0.0121974739684062,0.0267581384526726,0.0515194484633812,64.2665633910571,62.6314875046594,6.35688204448623,0.0254420930593155,0.342047631739583,0.149249279428347,"OK"
40,500,0.1,2.11544385841724,0.00861282916572896,0.0244965429034648,-0.00470398629657698,0.0293171141670128,0.0376774400367891,64.5913745789246,64.0350601040967,2.11544385841724,0.00861282916572896,0.197881250277147,-0.011860221060984,"OK"
41,500,1,99.3203260249516,0.289715394581717,0.0916318976450514,0.0937741308446981,0.0284526944775636,0.3099249054518,64.0533087893952,45.496079159211,99.3203260249516,0.289715394581717,0.956377061111353,0.855856998906866,"OK"
41,500,0.5,13.6454350039506,0.0530650485929915,0.0456454853438251,0.0344743284327277,0.0172725511369703,0.0694210309645535,67.475571469023,63.8949769901794,13.6454350039506,0.0530650485929915,0.436803816963395,0.371234061461771,"OK"
41,500,0.25,2.62852805992604,0.0106794936801721,0.0234756304650485,0.0102663643558835,0.0194674063232911,0.0299389979606642,68.4558327703244,67.7247591368828,2.62852805992604,0.010679493680172,0.197899229336214,0.140744990491889,"OK"
41,500,0.1,0.490561291720375,0.0020105748727462,0.0106824197184771,-0.00307869729589306,0.0202123997085828,0.022182336038357,68.5636096918176,68.4257574209865,0.490561291720375,0.00201057487274614,0.0567400928912414,0.00368780573290092,"OK"
42,500,1,101.220955332316,0.293631570017951,0.105542237548267,0.0949661658580501,0.013894563452482,0.303446250989167,64.1946547413536,45.3450774828896,101.220955332316,0.293631570017951,0.995974846558978,0.820442145921779,"OK"
42,500,0.5,14.0288892793163,0.0544750117882913,0.04762551587413,0.0373013645785477,0.0157659651906628,0.069382125839339,62.4858112490204,59.0818959446291,14.0288892793163,0.0544750117882914,0.483247827031201,0.359109907973983,"OK"
42,500,0.25,1.29063091941753,0.00527238691517729,0.0174379297747977,0.00766435570462962,0.0160769597345788,0.0212645826976157,63.0392169312791,62.7068497887876,1.29063091941753,0.0052723869151773,0.23416262393146,0.123859886601428,"OK"
42,500,0.1,0.355527437159689,0.00145794290946022,-0.000352856903812075,-0.00966898141448532,0.0156198106061752,0.017054980723515,63.5911158659685,63.4984036494871,0.355527437159689,0.00145794290946012,0.0854725882522334,-0.0177694608984121,"OK"
43,500,1,105.634167135355,0.302560382451489,0.101822142495155,0.108595211025129,0.0293165828197978,0.323006928761158,66.1187137756284,46.1138104484737,105.634167135355,0.302560382451489,0.949805937644685,0.942181145648422,"OK"
43,500,0.5,8.32522461994946,0.0330595341769823,0.0348266994682743,0.0347945001543439,0.0296843395451113,0.0617625232843808,66.606215772214,64.404245305493,8.32522461994946,0.0330595341769823,0.419395972338228,0.435729718867707,"OK"
43,500,0.25,0.763451994477358,0.00312552691875745,0.0126990410876055,0.0076874357062043,0.0268579450667571,0.0298995267552259,67.6025858154769,67.3912921137331,0.763451994477358,0.00312552691875746,0.173326793172438,0.193430931720504,"OK"
43,500,0.1,0.158952224030793,0.000652355362197592,0.000774403755846873,-0.00695021697480458,0.024800132069807,0.0254363089328656,67.6413493098035,67.597223112875,0.158952224030793,0.000652355362197559,0.0276862999557302,0.0491942785802967,"OK"
44,500,1,90.8419296058747,0.271703670888542,0.0947365295554481,0.0908541709431673,0.0227323250878283,0.288259539802176,65.2587276336788,47.5276917780927,90.8419296058747,0.271703670888542,1.0880067819806,0.999727271611099,"OK"
44,500,0.5,15.5326555447196,0.0599640825673349,0.0393722848529647,0.0484991054203402,0.0247348758957945,0.0832157543226213,66.9801641640668,62.9637600697591,15.5326555447196,0.059964082567335,0.523613133681281,0.49382280594662,"OK"
44,500,0.25,3.4269983853627,0.0138785892501492,0.0169919841843652,0.0245379756699572,0.0256549619382823,0.0391774965094619,65.9741329648514,65.0585050722975,3.4269983853627,0.0138785892501492,0.255736170898439,0.245149486598222,"OK"
44,500,0.1,0.376179026355955,0.00154250008286091,0.00239829741537254,0.00971625093644103,0.026344659667365,0.0278465231105061,65.4142770779579,65.3133755501448,0.376179026355955,0.00154250008286092,0.0965074086438245,0.0963929372406418,"OK"
45,500,1,88.1329598529195,0.265754525400632,0.106905962041817,0.0820957475607826,0.0258469304545682,0.284732517119183,68.3250764489562,50.167378184302,88.1329598529195,0.265754525400632,1.16502300656204,0.884171558093199,"OK"
45,500,0.5,12.6820084913666,0.0495038998485876,0.0387595512231402,0.0425681195462005,0.0264509152087901,0.0746453915999783,66.3541181255208,63.0693305072937,12.6820084913666,0.0495038998485877,0.556335360384689,0.438667748540706,"OK"
45,500,0.25,2.61573728362131,0.0106280781249147,0.0135844151185948,0.0232452373540764,0.0242400169174396,0.0346104702488065,67.1589510835942,66.4451805046904,2.61573728362131,0.0106280781249147,0.271850512780395,0.215058456164539,"OK"
45,500,0.1,0.462952031625447,0.00189763252071746,-0.00150082536137766,0.0112102915212784,0.0228857802622427,0.0247399839820726,67.128518622385,67.0011333623795,0.462952031625447,0.00189763252071743,0.103236239965642,0.0808032244652242,"OK"
46,500,1,86.0962696572344,0.261217366770476,0.0948756267845376,0.0859293659434804,0.0163774605058074,0.273316750168569,64.8375657462397,47.9008675541993,86.0962696572344,0.261217366770476,1.07018764249811,0.974431865510384,"OK"
46,500,0.5,23.1702004985671,0.0868871004530993,0.0520056868038448,0.0578062380325194,0.0200716843862333,0.105214814381803,70.6839211218397,64.5424001669075,23.1702004985671,0.0868871004530993,0.618657875844349,0.558216946922214,"OK"
46,500,0.25,9.02639140308402,0.035744348750765,0.0307144074978078,0.0397686088040648,0.0186137867258096,0.0536927977922749,70.7456796009203,68.2169213566551,9.02639140308402,0.035744348750765,0.366841415406757,0.328039967621906,"OK"
46,500,0.1,3.69080976800679,0.014931015321608,0.0173676428296321,0.0275838159588859,0.0182902202230927,0.0329481439863141,69.9153117315483,68.8714051408695,3.69080976800679,0.014931015321608,0.213027348444745,0.187625989581016,"OK"
47,500,1,112.698604704707,0.316392605743461,0.110529417193093,0.101515797816933,0.0141175276985668,0.326043452066823,69.8005915918127,47.716200535644,112.698604704707,0.316392605743461,1.15789355649102,1.01241082006052,"OK"
47,500,0.5,26.2589572617387,0.0973422996896465,0.0650533278127599,0.0495861094527975,0.0113625094088817,0.107598756302422,68.0247639678218,61.4030770073486,26.2589572617387,0.0973422996896465,0.615793771316292,0.604476100897284,"OK"
47,500,0.25,8.31129053132139,0.0330060281005851,0.0404759358317164,0.0233235678278372,0.0112834643457038,0.0439170701050228,66.1079352278259,63.9259748600246,8.31129053132139,0.0330060281005852,0.348932063530573,0.365608197804072,"OK"
47,500,0.1,2.54846252371091,0.0103575632929034,0.0248166257338168,0.00723186575492582,0.0114766040660604,0.021715297705962,65.070449368701,64.396478070867,2.54846252371091,0.0103575632929034,0.189252993691425,0.218637936549137,"OK"
48,500,1,100.872042757945,0.292915888148467,0.10291739338259,0.108806773928128,0.0151801090427653,0.30364950206878,65.8723651200001,46.5773027864351,100.872042757945,0.292915888148467,0.909647538161467,0.991634556089286,"OK"
48,500,0.5,17.8747279664732,0.0683873613395631,0.0522414259020873,0.049770303479739,0.0286206460318976,0.0950507169095056,66.0416858598981,61.5252692255233,17.8747279664732,0.0683873613395631,0.518934140695019,0.484257121090678,"OK"
48,500,0.25,4.4372199244721,0.0178965462540226,0.0272184235914281,0.0246536310277359,0.0301178487102735,0.0474753894917811,65.6576259955506,64.4825812549919,4.4372199244721,0.0178965462540227,0.296267884624999,0.238846948718772,"OK"
48,500,0.1,0.800269854372203,0.00327576328445828,0.0122453371845851,0.00969355799487157,0.0289679991344644,0.0321488701109337,65.6680453405758,65.452932368687,0.800269854372203,0.00327576328445825,0.159812394388346,0.0924665255400621,"OK"
49,500,1,70.4876362711778,0.224491757408883,0.0884511880094027,0.0959395741737821,0.0188713212742183,0.239126622605624,65.4185986547971,50.7326624755553,70.4876362711778,0.224491757408883,0.870661188977703,0.926295074389983,"OK"
49,500,0.5,13.3577740822043,0.0520045543878663,0.0488700121488626,0.0392442676247121,0.0183779116798355,0.0694267309602125,64.4717790577287,61.1189529172385,13.3577740822043,0.0520045543878664,0.450378927969867,0.43872891011846,"OK"
49,500,0.25,2.89508183882467,0.0117497549757038,0.0272985413167487,0.0125193823627434,0.0205380861441163,0.0320465236399567,65.4823272531231,64.71292595266,2.89508183882467,0.0117497549757037,0.234402530148471,0.203128247238604,"OK"
49,500,0.1,0.729883004762509,0.00298850818656076,0.0143243273515601,-0.00313203041826128,0.0217435636543603,0.024667091022935,66.4364361210648,66.2378902878311,0.729883004762509,0.00298850818656077,0.104206502641054,0.0626234779565708,"OK"
50,500,1,80.9559575138726,0.249512932769654,0.102000756856348,0.0768086633182589,0.0180429392759794,0.263053925351099,63.5991795635352,47.7303617488937,80.9559575138726,0.249512932769654,0.961767125085259,0.875400620605554,"OK"
50,500,0.5,9.53411222363071,0.0376791577224358,0.0511903324609322,0.0116639868991278,0.00969424746628067,0.0470081341094342,67.6997014505961,65.1488337218773,9.53411222363071,0.0376791577224358,0.577480075344121,0.349205522289634,"OK"
50,500,0.25,2.88898095589513,0.0117252847294022,0.0276673019620999,-0.0117056870998204,0.00970825297680689,0.021319705675831,68.3878593023197,67.5859921799657,2.88898095589513,0.0117252847294022,0.35629890004122,0.0959235538724801,"OK"
50,500,0.1,2.74548320653729,0.0111493748871508,0.0137341828249665,-0.0250268740698085,0.0109266753130323,0.0219542246008478,68.4663079855093,67.7029514506397,2.74548320653729,0.0111493748871507,0.22055375307687,-0.0550192204596996,"OK"
51,500,1,101.420498288065,0.294040217358616,0.0925879890798108,0.106342985834301,0.0151470579892771,0.304733431124383,67.1269299873066,47.3889129032223,101.420498288065,0.294040217358616,1.00559771519712,1.14442894600006,"OK"
51,500,0.5,12.0018206597937,0.0469735230410526,0.0432731317373441,0.0366386659501818,0.0305003922017765,0.0760412043669778,68.1991353620921,64.995581705781,12.0018206597937,0.0469735230410526,0.404033819890647,0.478046569331192,"OK"
51,500,0.25,1.74275125741905,0.00710622943383053,0.0182628231910041,0.0122973063537813,0.0323651706682631,0.0392414057736598,67.9818800169745,67.4987851802308,1.74275125741905,0.00710622943383046,0.13991939470554,0.190111511040669,"OK"
51,500,0.1,0.0392029272379819,0.000160971731724418,0.00309274875760486,-0.00148976737289249,0.033158437440074,0.0333140716007024,67.8280250608174,67.817106666164,0.0392029272379819,0.000160971731724477,-0.0147149695579754,0.022082870118166,"OK"
52,500,1,159.499408655801,0.395780751112784,0.106415712094129,0.120338174369608,0.0310576794297622,0.414546398850015,67.8867566775481,41.0184851290973,159.499408655801,0.395780751112784,1.0941299976665,1.18461522216999,"OK"
52,500,0.5,37.937523817111,0.134799096092688,0.0420923970992716,0.0824410131000598,0.0286666904957377,0.159601542621632,67.0363912610409,57.9999463137368,37.937523817111,0.134799096092688,0.469432601152584,0.755824135317856,"OK"
52,500,0.25,14.4954114139225,0.0561847644284897,0.0152836245846739,0.0579458036331473,0.0334109136053905,0.0877184937236207,66.8208670250828,63.0665523523711,14.4954114139225,0.0561847644284897,0.192938201594407,0.489971342027644,"OK"
52,500,0.1,6.97272790468797,0.027838271906957,-0.000437317162064592,0.0427283353092521,0.0364772798804247,0.0633000873516443,66.2324067810971,64.3886110320727,6.97272790468797,0.027838271906957,0.030790814606682,0.325078826309964,"OK"
53,500,1,90.4821612214962,0.270919143976341,0.116614246269156,0.0771894483580778,0.0300215423852804,0.292807275797752,63.8234674212503,46.5324682618832,90.4821612214962,0.270919143976341,1.02294111774925,0.74586541653992,"OK"
53,500,0.5,14.457529251037,0.0560461611375077,0.0421016862935251,0.0495234937067852,0.0204078319811806,0.0753102124790037,66.3161126820781,62.5993491446852,14.457529251037,0.0560461611375076,0.450524137277212,0.386255890199916,"OK"
53,500,0.25,3.50304711746256,0.0141822020349274,0.0105171529307936,0.0308462155900168,0.0139004652463057,0.0278855280747305,67.2718353271912,66.3177725673206,3.50304711746256,0.0141822020349274,0.188039736414501,0.181906489039572,"OK"
53,500,0.1,1.39908422270486,0.00571290099816204,-0.00694722449848933,0.0187834471390705,0.0126228186588148,0.0182636067436613,67.7099822719787,67.3231618466716,1.39908422270486,0.00571290099816214,0.0330299032333816,0.0567302369535575,"OK"
54,500,1,89.2511411566072,0.268221893533948,0.0970001552291842,0.100244193215126,0.0147566728095527,0.279020503620262,64.4391924648328,47.1551902441169,89.2511411566072,0.268221893533948,0.900855798141068,0.759352432541922,"OK"
54,500,0.5,17.8896491829939,0.068440541692872,0.037345396546913,0.0619177996634601,0.00747813335657199,0.0754068675516687,66.5405024868946,61.9864344521756,17.8896491829939,0.068440541692872,0.300149520686701,0.498664354919563,"OK"
54,500,0.25,5.72714101001069,0.0229796040142379,0.0136454412327208,0.0396306134039084,0.00925432033464413,0.0320212637321711,67.0077782387816,65.4679660289805,5.72714101001069,0.022979604014238,0.0542000715624125,0.320246986422937,"OK"
54,500,0.1,2.41706733758664,0.00982879050956059,-0.000500930177887619,0.0266629291204863,0.0114817900954515,0.0211977284954891,67.1130513378587,66.4534112158015,2.41706733758664,0.00982879050956053,-0.0876806515346526,0.208169579163452,"OK"
55,500,1,106.579671667389,0.304444046007477,0.0949118259307258,0.0993816876392022,0.0212697560157836,0.319238351444224,64.6598024951416,44.9745106094763,106.579671667389,0.304444046007477,1.11261162732485,0.959625405621765,"OK"
55,500,0.5,24.967761620767,0.0930009676768416,0.0362975316891584,0.0707029566849356,0.013456348498243,0.105205862743351,70.0440384002308,63.5298750490155,24.967761620767,0.0930009676768417,0.523367228152602,0.554845759869334,"OK"
55,500,0.25,8.12058371573621,0.0322731296296105,0.00782140973677166,0.0463626156302213,0.0132521042495073,0.0450975470008084,69.6465602294439,67.3988477629025,8.12058371573621,0.0322731296296105,0.253033429666308,0.328195316167145,"OK"
55,500,0.1,3.82839309307422,0.0154789874514469,-0.00937265797668738,0.0315017130679485,0.0128838856071777,0.0281634435549852,69.8526642029128,68.7714156902658,3.82839309307422,0.0154789874514469,0.0933729674961588,0.189668137983216,"OK"
56,500,1,70.7016324461735,0.22501993988935,0.0838227371770628,0.0949450707441643,0.0196232947065708,0.240227602000617,65.2118107950309,50.5378530498574,70.7016324461735,0.22501993988935,0.889015465928525,0.904482019429327,"OK"
56,500,0.5,11.9073276533475,0.0466209319942018,0.0449674365517421,0.0363021989952344,0.0111356269079627,0.0572374055973754,65.9393308386432,62.8651777798716,11.9073276533475,0.0466209319942017,0.425210923068935,0.405400324468519,"OK"
56,500,0.25,2.07916615453073,0.00846637842732316,0.022417794026459,0.00952905235356737,0.0116690716252797,0.0200366552763277,66.1563722605035,65.5962673775672,2.07916615453073,0.00846637842732311,0.18946508249862,0.171605944247351,"OK"
56,500,0.1,0.469600145493053,0.00192483057402645,0.00936136585687846,-0.0058706788641849,0.0120731642023718,0.0139747559808163,66.3479352176898,66.2202266834592,0.469600145493053,0.00192483057402648,0.0476156594832989,0.0329759104637997,"OK"
57,500,1,82.6788499335146,0.253477041660939,0.0971981023774213,0.0896992579479663,0.00916565184761342,0.260319411193325,64.6049422972827,48.2290726470918,82.6788499335146,0.253477041660939,0.887462375555037,0.893386484743534,"OK"
57,500,0.5,16.5073595577068,0.0634880473606097,0.0424524863120877,0.0498241786145602,0.0212337825848878,0.0833737385511033,63.5762888522425,59.5399544145795,16.5073595577068,0.0634880473606097,0.457507025653933,0.488083285093767,"OK"
57,500,0.25,3.37644614228351,0.0136766637524325,0.0140549628627467,0.0268276009764318,0.0225403196178977,0.0359087069980438,63.5288329418209,62.6599704550912,3.37644614228351,0.0136766637524325,0.220816901864922,0.273044538306525,"OK"
57,500,0.1,0.624990758524754,0.00256012609189594,-0.00322732882291969,0.013021820541914,0.0219945692505865,0.024498386471864,64.1323926686908,63.968205656884,0.624990758524754,0.0025601260918959,0.0765323757514287,0.142725977078887,"OK"
58,500,1,119.25776958898,0.328753177979079,0.101234408921027,0.104456849172399,0.013415015675003,0.337757964618286,67.4982292017711,45.3079718437285,119.25776958898,0.328753177979079,1.07481529335574,1.0488675600337,"OK"
58,500,0.5,14.2968949394495,0.0554579795959432,0.0395886042088778,0.0443502986962646,0.0232346575456086,0.0774040899774687,66.7864737851599,63.0826308846975,14.2968949394495,0.0554579795959432,0.472738973850858,0.514915947764884,"OK"
58,500,0.25,1.94382196038867,0.00791962064827353,0.0137969352970655,0.0176325736725364,0.0255680675789988,0.0332851988313372,66.2240508816858,65.6995815209109,1.94382196038867,0.00791962064827351,0.200144891489131,0.244862682652548,"OK"
58,500,0.1,0.0220232165113725,9.04362415377602e-05,-0.00181350816406878,0.00170270025041468,0.0268534233140996,0.0269414310329603,65.8171260438916,65.8111737903834,0.0220232165113725,9.04362415376977e-05,0.0395628144393838,0.0825089163836082,"OK"
59,500,1,131.966483668861,0.351473405507075,0.111952490186121,0.0994007478214714,0.0267330078430505,0.368810472044081,64.1070174436418,41.5751057058236,131.966483668861,0.351473405507075,1.08591855916487,0.861770204067744,"OK"
59,500,0.5,25.6501546157417,0.095300538290092,0.0580497412547911,0.052685747410076,0.0134748546678888,0.10749123205475,64.8500670611039,58.6698207620321,25.6501546157417,0.0953005382900921,0.558323891841631,0.510780047773074,"OK"
59,500,0.25,8.5734208582475,0.0340116019731756,0.0317807437421154,0.0345654314852327,0.0150559734742368,0.048555497670288,65.4326097435521,63.2071418648883,8.5734208582475,0.0340116019731756,0.295848638546399,0.304778937669341,"OK"
59,500,0.1,3.2083363440592,0.0130045720854153,0.0161371862573833,0.0239929028518766,0.0180452677550893,0.030815168855183,65.435211608878,64.5842546825859,3.2083363440592,0.0130045720854154,0.138501735360216,0.177988282449063,"OK"
60,500,1,96.4766440054591,0.283774328932755,0.10139898176218,0.0946607127867602,0.0301697439785781,0.305382674059739,60.8339032677474,43.5708031915823,96.4766440054591,0.283774328932755,0.862475175921379,0.995238488042408,"OK"
60,500,0.5,13.5016328165646,0.0525352024755479,0.0411406990707609,0.044522589406627,0.0240682662713385,0.0753390375050863,62.7620181714621,59.4648028390503,13.5016328165646,0.052535202475548,0.412602999112246,0.479515480975492,"OK"
60,500,0.25,2.28958968869815,0.00931524273097979,0.0152393432159512,0.0205869753166741,0.0225125064818463,0.031618039750465,63.3893021952719,62.7988154587755,2.28958968869815,0.00931524273097978,0.186681182034021,0.231311932060044,"OK"
60,500,0.1,0.179781997477651,0.000737779704183712,0.000855994134726461,0.00699465906972536,0.0220464839748712,0.0227679982306296,63.8329421060119,63.7858474568678,0.179781997477651,0.000737779704183663,0.0510250149993135,0.0833997266026896,"OK"
61,500,1,119.139245001461,0.328533788451332,0.106717098434546,0.100474642966787,0.0181102389298072,0.340694201975771,66.0710854465949,44.3645014377334,119.139245001461,0.328533788451332,1.02182448888817,0.951135455073672,"OK"
61,500,0.5,22.0370443864659,0.0829904710183974,0.0567276606003018,0.0461834584591161,0.0107751184196906,0.0928713572851588,65.79919225885,60.338486300658,22.0370443864659,0.0829904710183974,0.482464195266831,0.423485098911473,"OK"
61,500,0.25,5.43539355426708,0.0218345550492489,0.0312200027699824,0.0201548187411459,0.0141601862988416,0.0356855599808409,65.4003992768685,63.9724106586149,5.43539355426708,0.0218345550492489,0.226273625711087,0.176618540003321,"OK"
61,500,0.1,1.2183616117372,0.00497862769149386,0.0169094929447552,0.00470507081769335,0.0168817047406123,0.021776284709405,65.2866680463665,64.9616300329455,1.2183616117372,0.00497862769149385,0.0739698773072218,0.0302719526761047,"OK"
62,500,1,101.124589695874,0.29343405177534,0.0933778311742732,0.104822148308617,0.021246609058557,0.308446182251358,68.1128739259284,48.1262373517803,101.124589695874,0.29343405177534,1.05349296036121,1.08855711267131,"OK"
62,500,0.5,14.5685831488269,0.0564523700291919,0.0423991683167044,0.0441468797694061,0.0127295130804764,0.0684632719269579,67.1118450175443,63.3232223092721,14.5685831488269,0.056452370029192,0.548025350084975,0.524999638688788,"OK"
62,500,0.25,2.40782243660569,0.00979156503744983,0.0201279260096777,0.0158743469196547,0.0124823238486697,0.0221516674003367,67.0608564789733,66.4042257412924,2.40782243660569,0.0097915650374498,0.300408709340154,0.255915178303227,"OK"
62,500,0.1,0.189357616746488,0.000777045081485638,0.0073976512351016,-0.000818106401257758,0.0120629046654089,0.0128305763261559,67.146776537876,67.0946004654297,0.189357616746488,0.000777045081485669,0.152373822311301,0.0957919315061486,"OK"
63,500,1,88.1353523491865,0.265759822422028,0.0864757864437152,0.101955169213087,0.0158599701168508,0.277404849697006,64.4148726060703,47.2959875009435,88.1353523491865,0.265759822422028,1.01030276079115,0.866318475967684,"OK"
63,500,0.5,14.2742542029193,0.0553750189174542,0.0430798150174638,0.0429943126391849,0.0107402144634324,0.0655204938017965,65.2981585861132,61.6822718191323,14.2742542029193,0.0553750189174541,0.569505687500841,0.434714226111793,"OK"
63,500,0.25,2.75124084013485,0.0111724953374791,0.020418955400965,0.0182761270732995,0.00951404178048665,0.0205802415305326,66.466782189945,65.7241823758306,2.75124084013485,0.011172495337479,0.319496924573755,0.216564275062476,"OK"
63,500,0.1,0.243044552302596,0.000997134308997453,0.00704718636189102,0.00377210902444816,0.00887650831779074,0.00986479155580045,67.1590438388699,67.0920772520987,0.243044552302596,0.000997134308997472,0.166395351277632,0.0854287943028618,"OK"
64,500,1,113.822426722543,0.318542633236186,0.0972193939886509,0.105140196161081,0.0164512682165306,0.329753471154948,65.7591754623054,44.8120745511023,113.822426722543,0.318542633236186,0.938654949118207,1.05658814693836,"OK"
64,500,0.5,22.9211335753285,0.0860334661433597,0.0462620659712014,0.0585915869946674,0.0185891547756177,0.103023331500956,66.8607497963823,61.1084877424556,22.9211335753285,0.0860334661433598,0.471879639131941,0.554879522499889,"OK"
64,500,0.25,7.0012265907122,0.0279488714925589,0.0212923927338147,0.0366605373019173,0.0172979924191121,0.04476340454447,67.5469872103699,65.6591251451178,7.0012265907122,0.0279488714925589,0.228340908963337,0.301937157742481,"OK"
64,500,0.1,2.21951277593056,0.00903270868013853,0.00625736557925441,0.0229824457748428,0.0164191419244989,0.0253035412788556,67.5632982237639,66.9530186334393,2.21951277593056,0.00903270868013855,0.0811561817836065,0.149953393055064,"OK"
65,500,1,98.9628398492138,0.288973950846133,0.0818786502886339,0.120753938123629,0.0161244580333483,0.300438860536332,68.6171024699948,48.7885472736265,98.9628398492138,0.288973950846133,0.979348314918798,1.13455133897852,"OK"
65,500,0.5,22.8300804007609,0.0857209984182309,0.0394784495651517,0.0672522124228679,0.0155647018516962,0.0999514784871176,66.2646214638747,60.5843519521852,22.8300804007609,0.0857209984182309,0.548525515127116,0.589733157338901,"OK"
65,500,0.25,7.03373741412108,0.0280750109215615,0.0150938908778951,0.0419088661197352,0.0172771859589855,0.0448671396960547,66.7744435167687,64.8997502857543,7.03373741412108,0.0280750109215616,0.307220684160473,0.323409869623253,"OK"
65,500,0.1,2.69945871240214,0.0109645192825363,0.00153293688604134,0.0275097648963554,0.0183798409909577,0.0291428341525387,67.1203254553988,66.384383352693,2.69945871240214,0.0109645192825363,0.159730132074508,0.16425228411717,"OK"
66,500,1,117.072245723307,0.324684573235692,0.096786493985212,0.114012017330099,0.0193695320512939,0.337765117039137,66.7488653828714,45.0765385120671,117.072245723307,0.324684573235692,0.927323328809719,1.08979425428924,"OK"
66,500,0.5,17.2238999061059,0.0660618374928755,0.0274280898690415,0.0605063733121258,0.0273894314611449,0.0916418727838121,65.5846531852795,61.252010484527,17.2238999061059,0.0660618374928756,0.276365964866337,0.515338381233956,"OK"
66,500,0.25,4.23200846899652,0.0170830103673347,-0.00543958060535385,0.0332753227586048,0.0278416885101902,0.0444490790240613,65.9544600556966,64.8277593307932,4.23200846899652,0.0170830103673347,0.0163124090503688,0.231870242612398,"OK"
66,500,0.1,3.10007594101242,0.0125712692065592,-0.0247533848710949,0.0160387692810406,0.0281428394202451,0.0403603174162155,66.3551309119538,65.5209626980232,3.10007594101242,0.0125712692065593,-0.132878276052928,0.0621825182276649,"OK"
67,500,1,110.343505214942,0.311842675048999,0.0875124452962295,0.10397710064804,0.0161051105860773,0.322925524867954,65.2768678147525,44.9207547365802,110.343505214942,0.311842675048999,0.926642687057427,1.0316112761457,"OK"
67,500,0.5,29.2730051607706,0.107316356849598,0.0397304253579763,0.0666432970340325,0.0252722192623114,0.129876453611174,63.392674656023,56.5896037609868,29.2730051607706,0.107316356849598,0.394299181344489,0.608497481187705,"OK"
67,500,0.25,8.39685049301389,0.0333344798737242,0.0159946901728278,0.0395853036030404,0.0278784635351352,0.0602836293272372,62.9736131175,60.874420478459,8.39685049301389,0.0333344798737243,0.145239393750029,0.360247396704402,"OK"
67,500,0.1,2.56262407178352,0.0104145198054782,0.0018161284233713,0.0236238663276924,0.0277748270653941,0.037900085384306,63.2004040748489,62.5422022148972,2.56262407178352,0.0104145198054781,-0.00240709552216935,0.207460371448706,"OK"
68,500,1,87.6689473716667,0.26472574819425,0.0902026045974938,0.103088266767202,0.0114807276999919,0.273167231664047,67.0846595274442,49.325622841685,87.6689473716667,0.26472574819425,1.08701012170073,1.12022739346917,"OK"
68,500,0.5,19.5137139496504,0.0741927622579633,0.0432378528340737,0.0560447907454462,0.00933412994946292,0.0828343673232008,64.309283570763,59.5380001838174,19.5137139496504,0.0741927622579633,0.474729237085753,0.55766897024338,"OK"
68,500,0.25,3.79252046689059,0.0153361713477232,0.0121937283471507,0.0291027184909453,0.0116978375155735,0.0268546088227601,63.703364168552,62.7263984602366,3.79252046689059,0.0153361713477233,0.195449214403154,0.274453956923265,"OK"
68,500,0.1,0.758045134147161,0.00310346025135361,-0.00679493074149056,0.0119579548815914,0.012164312381109,0.0152300211725028,63.714900502498,63.5171638413695,0.758045134147161,0.0031034602513536,0.0306899714493851,0.104322523834841,"OK"
69,500,1,115.455792370983,0.321643485980186,0.106523114463971,0.0992511157711368,0.0133678063694801,0.330711624509079,66.9489896462283,45.415283233564,115.455792370983,0.321643485980186,1.08493920344054,1.14332860066695,"OK"
69,500,0.5,30.3757938108297,0.110910838041462,0.0598727532223004,0.0612334462610569,0.0121290058851546,0.121694605719284,67.0653678804909,59.6270917253067,30.3757938108297,0.110910838041462,0.503207718504872,0.583103532331462,"OK"
69,500,0.25,11.6170960623671,0.0455363291667727,0.0346710812201603,0.0422690396189173,0.0178852836675939,0.062607182670038,66.4145812204163,63.3903049884901,11.6170960623671,0.0455363291667727,0.224424640235702,0.303421581269555,"OK"
69,500,0.1,4.91136758044874,0.0197711064042115,0.0196528782665499,0.0300857582580231,0.0220708178101919,0.0414055597270502,66.008891397488,64.7038225820443,4.91136758044874,0.0197711064042115,0.0584182669324279,0.135657436332286,"OK"
70,500,1,105.291537723688,0.301875264551573,0.107775424838762,0.0972432359138474,0.0233795700051721,0.318197120676332,63.9923940251271,44.6746731495034,105.291537723688,0.301875264551573,1.00880580477781,0.80859283347761,"OK"
70,500,0.5,16.7582928870124,0.0643910044176299,0.0583846683466414,0.0324561176761856,0.0140345045897827,0.0775218131603727,64.0593285500614,59.934484042404,16.7582928870124,0.0643910044176299,0.572684502968293,0.415980168752187,"OK"
70,500,0.25,4.35257543406054,0.017561146687453,0.0349755096426634,0.00260087589514348,0.0135973752034317,0.0309197363903729,64.9288159097804,63.7885914493461,4.35257543406054,0.017561146687453,0.329244849947916,0.195858839882058,"OK"
70,500,0.1,2.24421746313005,0.00913233070669001,0.021464805998917,-0.0142846665875247,0.0141277708674663,0.0231310820984463,65.7131807769664,65.1130662783227,2.24421746313005,0.00913233070669001,0.180527198016931,0.0612957291437367,"OK"
71,500,1,114.354826427475,0.319556473693812,0.103608738105385,0.103777743265994,0.0231360568451345,0.335299253798336,64.5516379125306,43.9237441300425,114.354826427475,0.319556473693812,0.948088748269119,1.03372894643629,"OK"
71,500,0.5,19.5485681693223,0.0743154327178812,0.0518355771432015,0.0473616678585968,0.0182866332798107,0.0912430869325496,63.3879985267058,58.6772919870732,19.5485681693223,0.0743154327178812,0.442233290809424,0.515659469937391,"OK"
71,500,0.25,4.04686960476925,0.0163478924667092,0.0264457276719209,0.0195457540464181,0.0208381805365356,0.0368454126686317,62.7796633161368,61.7533481311484,4.04686960476925,0.0163478924667093,0.201323383138309,0.266221576792966,"OK"
71,500,0.1,0.436470835172203,0.00178928076510186,0.0104797028118609,0.00287404206061907,0.0228809458280128,0.0246292861568572,62.7355567343442,62.6233052093915,0.436470835172203,0.00178928076510181,0.0580341316032722,0.117562374629745,"OK"
72,500,1,123.928339221155,0.337285739809424,0.105058616058498,0.109918770761361,0.0119650782039137,0.345215167759453,65.6229743564643,43.4892809021494,123.928339221155,0.337285739809424,0.972762132641636,1.03129697342532,"OK"
72,500,0.5,23.4447496421552,0.0878262249906896,0.0419954293845865,0.0631381027635608,0.00612759061124313,0.0934156524502588,62.509121912525,57.0191817074652,23.4447496421552,0.0878262249906896,0.402795692515981,0.5817555983752,"OK"
72,500,0.25,5.46107245519087,0.0219354471819034,0.0137573493815637,0.0354929400975584,0.0052536221057764,0.0270738287374649,63.4276611651499,62.0363470537901,5.46107245519087,0.0219354471819034,0.139578878109062,0.330892878375018,"OK"
72,500,0.1,1.50903422564194,0.00615909625704736,-0.00260245866105524,0.0196644404557704,0.00495859396193787,0.0110871497614741,63.9283624845358,63.5346215464382,1.50903422564194,0.00615909625704738,-0.0160751164776566,0.177646825293276,"OK"
73,500,1,98.4634710370899,0.287935640431052,0.102596510844778,0.0957841352171392,0.0219279188859728,0.303549729949272,62.7781732193722,44.7020997083608,98.4634710370899,0.287935640431052,0.858820210195847,0.854182559532817,"OK"
73,500,0.5,17.6323293622947,0.0675225829193736,0.056670480696436,0.0388842140454263,0.0153245013637453,0.0818123343690873,63.9314683262708,59.6146504550529,17.6323293622947,0.0675225829193735,0.460760052674993,0.397573698306511,"OK"
73,500,0.25,3.62127491738995,0.0146538371437283,0.0300547430596493,0.012074966278195,0.0139315382289478,0.0283812248803075,65.5238476761057,64.5636718832296,3.62127491738995,0.0146538371437283,0.250550143429972,0.178787660085694,"OK"
73,500,0.1,0.790133569059618,0.00323440639012239,0.014835421472886,-0.00260836219381778,0.0128249902957428,0.0160179154552993,66.5363770342687,66.3211713512135,0.790133569059618,0.0032344063901223,0.123255132758871,0.0485113671448886,"OK"
74,500,1,137.28733006393,0.360535446494191,0.118958503263433,0.0944897207100392,0.0325928230666065,0.381377401543972,70.5075542449761,45.0870816940503,137.28733006393,0.360535446494191,1.41510335854807,1.08237190111469,"OK"
74,500,0.5,29.4598536212083,0.107927423137068,0.0579244434674766,0.0581840426618263,0.0299689719915361,0.134661921207491,68.3049181857211,60.932944378348,29.4598536212083,0.107927423137068,0.6922557947767,0.544622646489039,"OK"
74,500,0.25,8.50050014331538,0.0337320764779477,0.0291954882285441,0.034757307583103,0.0290893112694384,0.0618401448749545,66.3871703985511,64.1477932895127,8.50050014331538,0.0337320764779476,0.350950895236015,0.278857630453386,"OK"
74,500,0.1,2.03241718170914,0.00827759203871247,0.0112059841142653,0.0195256190360615,0.0280743093452868,0.0361195137044703,65.5283763731143,64.9859592065384,2.03241718170914,0.00827759203871244,0.148271769493183,0.119723790171423,"OK"
75,500,1,79.2258492287796,0.245489629721654,0.0943363347520854,0.0868599504998487,0.0147310890436296,0.256604389170567,65.629288256176,49.5179785832716,79.2258492287796,0.245489629721654,1.06418214177665,0.920298440898524,"OK"
75,500,0.5,12.5731768299204,0.049099936922606,0.0512839759211931,0.0250072248361456,0.0255101594877821,0.0733575491886523,67.580427539288,64.2622328099062,12.5731768299204,0.0490999369226059,0.562477869434839,0.372821968253113,"OK"
75,500,0.25,2.56391548146816,0.0104197134165381,0.025814409371874,-0.00253553005285986,0.0291492318683008,0.039265218642459,68.1725572039172,67.4622186949799,2.56391548146816,0.0104197134165382,0.300849632256576,0.129305338565731,"OK"
75,500,0.1,1.56626635742996,0.00639119524980054,0.0108196427905429,-0.0184286340239252,0.0309773641511227,0.0371705770183093,68.6741652933865,68.2352552943794,1.56626635742996,0.00639119524980055,0.14274584246488,-0.0136443921964449,"OK"
76,500,1,129.472157657281,0.34713625400492,0.116307998572627,0.101549266880216,0.025412443623438,0.363727117143807,67.3918852941152,43.9977186827868,129.472157657281,0.34713625400492,1.00538787753988,1.26358509822119,"OK"
76,500,0.5,31.5155717503169,0.114595590168725,0.0670981185317532,0.0587954898769288,0.0256489395152789,0.137305274323049,68.1724698594412,60.3602054426389,31.5155717503169,0.114595590168725,0.551229190249807,0.717562683783106,"OK"
76,500,0.25,10.0357324842744,0.0395831088026097,0.0404022552635048,0.0331880832212736,0.0261720217526117,0.0647191605706035,67.4882587957839,64.8168637049717,10.0357324842744,0.0395831088026097,0.310930207145467,0.425172670088698,"OK"
76,500,0.1,3.20916618884781,0.0130078919985944,0.0242150035347164,0.017781604284181,0.0264775369696079,0.0391410120269129,67.3020585248548,66.4266006162804,3.20916618884781,0.0130078919985945,0.165368451113161,0.247712236978757,"OK"
77,500,1,84.4679475536076,0.257549398298445,0.093397303911156,0.0952950691448962,0.0101439111160864,0.26508075121019,65.3304977002736,48.5046673270302,84.4679475536076,0.257549398298445,0.920886054819701,1.01623223997185,"OK"
77,500,0.5,17.8869264831733,0.0684308382359925,0.0493508320202519,0.0468699481258899,0.015036944449084,0.0824387919719176,63.8693562733491,59.4987226859705,17.8869264831733,0.0684308382359925,0.510233937828536,0.517938111126497,"OK"
77,500,0.25,4.22313830684087,0.0170478152977777,0.0271520136930429,0.0206024613012734,0.0137108070182599,0.0305248830104068,64.012212222856,62.9209438520787,4.22313830684087,0.0170478152977777,0.292848159846602,0.264558906396595,"OK"
77,500,0.1,0.745240579087892,0.00305119795710647,0.0137872830773921,0.00452660577503389,0.0122015795244688,0.0152155480470567,64.4482768768463,64.2516324261007,0.745240579087892,0.00305119795710648,0.161155618707771,0.112088832337484,"OK"
78,500,1,129.516021000814,0.347213024934743,0.111682028612259,0.0925281443381536,0.0291379354212041,0.366233889657997,65.0655495265618,42.473943256403,129.516021000814,0.347213024934743,1.06467724002148,0.910478958101762,"OK"
78,500,0.5,35.3813337998764,0.126868777188458,0.076678610182367,0.0481811346448238,0.0307743436321145,0.153738817475188,68.9521086604363,60.2042389501211,35.3813337998764,0.126868777188458,0.550595173335158,0.439289221012825,"OK"
78,500,0.25,15.5776459808431,0.0601273256203469,0.055460435706114,0.0294263555059833,0.0288445224368984,0.0872375040643184,69.5032967728613,65.3242494161119,15.5776459808431,0.0601273256203468,0.3000777561105,0.214840074666826,"OK"
78,500,0.1,8.00128177253107,0.0318140794994746,0.0420764373705911,0.0176892347713316,0.0293840889796538,0.06026334073631,68.7692550308559,66.5814244841846,8.00128177253107,0.0318140794994745,0.150449474624113,0.0813360853095808,"OK"
79,500,1,86.9885363762971,0.263211962902251,0.0952157379255106,0.0951031925165953,0.0256875272415398,0.28213822567644,60.4043779591661,44.5052230686445,86.9885363762971,0.263211962902251,0.827759122398436,0.847642152244011,"OK"
79,500,0.5,22.0142423008353,0.082911719198447,0.0524278928704852,0.0580846684524376,0.0224562014582179,0.103506038387097,65.1949023327775,59.7894808973921,22.0142423008353,0.0829117191984471,0.436141043030784,0.477227591048915,"OK"
79,500,0.25,8.62572107908293,0.0342119837760517,0.0333985026447197,0.0380128779658963,0.0179994155981517,0.051595603659781,66.1807048086006,63.9165316094011,8.62572107908293,0.0342119837760517,0.228635927132922,0.276284853107888,"OK"
79,500,0.1,3.65040758855519,0.0147699840925702,0.0218514403813063,0.025148145221694,0.0163724914522081,0.0309006541064734,66.4962748930027,65.5141259706179,3.65040758855519,0.0147699840925701,0.102909809104396,0.154073767291413,"OK"
80,500,1,112.475358732394,0.315963888997574,0.09482659005141,0.112360792476517,0.0109767198059963,0.323472361725231,69.4020473509846,47.4735065655737,112.475358732394,0.315963888997574,0.98423154365132,1.17709581495509,"OK"
80,500,0.5,29.5979906779513,0.10837864681639,0.0559034505524565,0.0633302792002519,0.0195380047332014,0.125799149035114,66.6700512777755,59.4444413371109,29.5979906779513,0.10837864681639,0.588334817946343,0.621172103244909,"OK"
80,500,0.25,9.80479765283984,0.0387075086760794,0.0341866781008455,0.0362555488993224,0.0250533882795471,0.0627911427114307,64.7941627462197,62.2861421295611,9.80479765283984,0.0387075086760794,0.354460590040901,0.347519503151574,"OK"
80,500,0.1,3.22742528916384,0.0130809344983895,0.0209396895973179,0.0198560761156731,0.0289919005826926,0.0416935939285762,64.0462631074129,63.2084781348382,3.22742528916384,0.0130809344983896,0.210379316919209,0.183778558212572,"OK"
81,500,1,127.757051250181,0.344120201407538,0.112147846872737,0.096848745936105,0.023012502083739,0.359213636639329,65.9786221600569,43.2740454137463,127.757051250181,0.344120201407538,0.986131090154184,0.893047566486884,"OK"
81,500,0.5,13.2187069658213,0.0514910156803694,0.0519394575568858,0.0259337424947381,0.0173284635232713,0.0679272190166473,66.5220998309962,63.0968093455073,13.2187069658213,0.0514910156803695,0.440134580309546,0.440437206711133,"OK"
81,500,0.25,2.56619898568256,0.0104288967613625,0.0267190202859888,0.00311983849421657,0.0181958074102028,0.0284349419745945,68.8725732911986,68.1543083346553,2.56619898568256,0.0104288967613624,0.186637848184906,0.219291747571182,"OK"
81,500,0.1,0.774132654571176,0.0031691143313397,0.0122977530851809,-0.00851115235219899,0.0194737567872698,0.02258115655689,69.5097526365968,69.2894682833483,0.774132654571176,0.00316911433133972,0.036579066142224,0.0871440195861416,"OK"
82,500,1,111.495784086701,0.314076361141997,0.105559726864703,0.116435791024608,0.0209096454566391,0.328418781240846,66.7349236210031,45.7750616490293,111.495784086701,0.314076361141997,0.956919742549849,1.0352319200722,"OK"
82,500,0.5,24.0769302253821,0.0899813380963071,0.05784830567432,0.0616225262754037,0.011056717053517,0.100043156954396,67.5304724873295,61.4539902106438,24.0769302253821,0.0899813380963071,0.461070471876253,0.509794200577375,"OK"
82,500,0.25,6.22961627443807,0.024945444466595,0.030196910543838,0.0327328096098355,0.0084016983308014,0.0331375586982603,67.5461666915307,65.8611975413958,6.22961627443807,0.024945444466595,0.222236610771378,0.253115579178882,"OK"
82,500,0.1,1.39125624770034,0.00568111850548525,0.014055436150403,0.0160598457300517,0.00724655201644964,0.0128865020011733,67.8705867809901,67.4850059344504,1.39125624770034,0.00568111850548523,0.0798869084420204,0.0997400287963721,"OK"
83,500,1,77.8363401177677,0.242227007655721,0.0934063745005317,0.0911852127896229,0.0123401960906319,0.251578074973434,69.6232066272032,52.7585856224998,77.8363401177677,0.242227007655721,1.1134840557947,0.976941425494214,"OK"
83,500,0.5,16.5031703258643,0.0634729580611681,0.0605248415382073,0.023992290572554,0.0182532651080064,0.0805676344384947,67.9004175248193,63.5905771709306,16.5031703258643,0.0634729580611682,0.649293884237983,0.408978207376073,"OK"
83,500,0.25,6.38096066395461,0.0255360018106216,0.0401494915601252,-0.00883398285974306,0.0176830486054926,0.042767496054907,66.1646578880946,64.475077064465,6.38096066395461,0.0255360018106216,0.387663163663841,0.145817410519686,"OK"
83,500,0.1,4.94728793985813,0.0199128273078824,0.026241931773396,-0.0263603969506104,0.0179564692703412,0.037511732506584,65.4324035053659,64.1294593540239,4.94728793985813,0.0199128273078824,0.227596215746142,-0.00990185341948645,"OK"
84,500,1,126.564792264639,0.342007115808332,0.109411737322167,0.103283965009367,0.0250836693820936,0.358511991771167,63.6362072667603,41.8721715584743,126.564792264639,0.342007115808333,0.98034678421326,1.03569680540248,"OK"
84,500,0.5,22.5398056391611,0.0847234329652633,0.048833514188848,0.058384656532464,0.0234274784080579,0.106166054976871,66.414402094707,60.7875459509081,22.5398056391611,0.0847234329652632,0.471205690504726,0.56558137989014,"OK"
84,500,0.25,6.72688384577741,0.02688313798418,0.0241749429117015,0.0354193728006505,0.0239380473259367,0.0501776554807818,67.0388032760601,65.2365898772955,6.72688384577741,0.02688313798418,0.229441219446503,0.30985791087239,"OK"
84,500,0.1,1.84484306640544,0.0075193879901772,0.0098899388817175,0.0202400218563534,0.0241097470014983,0.0314478444496262,67.0310732740579,66.5270406267123,1.84484306640544,0.00751938799017724,0.0857216569896633,0.15426282935162,"OK"
85,500,1,82.4901000381983,0.2530448011413,0.103443629838081,0.0818577754674448,0.0208889374431027,0.26864790156306,63.7191045265586,47.5953163927339,82.4901000381983,0.2530448011413,1.00830165996414,0.916764214675463,"OK"
85,500,0.5,18.1318273942097,0.0693028351129844,0.058253482981855,0.0397764091088629,0.0309298999371295,0.0980892052947099,66.6449648491147,62.0262798390658,18.1318273942097,0.0693028351129844,0.584155193553155,0.449651672834055,"OK"
85,500,0.25,5.7415084572772,0.0230359240433716,0.0355304114165828,0.0198892549172648,0.0303496506652751,0.0526864424611785,67.0699496760914,65.5249314097602,5.7415084572772,0.0230359240433716,0.351875854871469,0.219711628104273,"OK"
85,500,0.1,1.87249087334612,0.00763121760993428,0.0218960010740336,0.00819576617953303,0.0286341321361747,0.0360468364527062,67.4407203563767,66.9260655435665,1.87249087334612,0.00763121760993428,0.210395316834115,0.0821257468855567,"OK"
86,500,1,109.582376922572,0.310359236497953,0.0874207637771064,0.108642798690811,0.0130487534767887,0.319358188808436,66.9893486633553,46.1985855587012,109.582376922572,0.310359236497953,0.937917951449836,1.13386150840406,"OK"
86,500,0.5,21.318940040402,0.0805038341938437,0.0313990956610482,0.0636888834981187,0.0316394005238801,0.109596141663957,66.4189032634884,61.0719268878276,21.318940040402,0.0805038341938437,0.406809442825453,0.654571320357001,"OK"
86,500,0.25,6.31191417420353,0.0252666659037006,0.00797882762725813,0.0393857646357901,0.037028153195513,0.0613592411233915,66.4550192274519,64.7759224590079,6.31191417420353,0.0252666659037006,0.159975837107383,0.399366500824903,"OK"
86,500,0.1,2.35281442379245,0.0095700121607587,-0.00640775543245878,0.0244837479149767,0.0395753163908915,0.0487665922925234,66.4441644837463,65.8082930216254,2.35281442379245,0.00957001216075864,0.0138332755741603,0.24461654217851,"OK"
87,500,1,117.724221827219,0.325903454734353,0.0937582451076864,0.0994227551080696,0.0294268654811861,0.345740003093217,64.0466170720381,43.1736033042127,117.724221827219,0.325903454734353,1.02151961572581,1.03485653103432,"OK"
87,500,0.5,22.9871891071218,0.0862600156658242,0.0527741894840269,0.0478545737858286,0.014687760746248,0.0996808099400049,65.6014107417107,59.9426320234305,22.9871891071218,0.0862600156658242,0.552503639026679,0.367566242318935,"OK"
87,500,0.25,5.68607036036648,0.0228185722907522,0.0307551441201256,0.020271331169149,0.0150878885759292,0.0375621767904968,65.7944221073716,64.2930873301863,5.68607036036648,0.0228185722907522,0.313816699763532,0.0884254253790856,"OK"
87,500,0.1,1.16450598166979,0.00475960326569411,0.0166944654212122,0.00365544693206167,0.0148947025268973,0.0195834129178029,65.9122237140686,65.59850767883,1.16450598166979,0.00475960326569413,0.170167546952983,-0.073359594798771,"OK"
88,500,1,153.563851828973,0.386748506875204,0.110840554479414,0.125816316109332,0.0179257595865249,0.397741505707037,65.8115150377002,40.3590098616746,153.563851828973,0.386748506875204,0.934403031623485,1.0857438625443,"OK"
88,500,0.5,27.7826164176238,0.102412077797326,0.0430039770190169,0.0726138602062805,0.0230533658836054,0.123104500580569,62.9394085691434,56.4936529622426,27.7826164176238,0.102412077797326,0.356973427810673,0.572755242327071,"OK"
88,500,0.25,7.37820684822657,0.0294095168365507,0.0140024016002139,0.0425887970047606,0.0201901696482875,0.0490059033506339,61.8610260821337,60.0417231940449,7.37820684822657,0.0294095168365506,0.106022208327566,0.323067231363632,"OK"
88,500,0.1,2.13723500592735,0.00870077781927391,-0.00241569152239352,0.0242238644227175,0.0178836305042497,0.0264288068279042,61.7525980920506,61.2153024562888,2.13723500592735,0.00870077781927395,-0.0405996184810877,0.173966153551555,"OK"
89,500,1,114.553798901315,0.319934599919962,0.101491858350142,0.107618209169892,0.0196116490467109,0.333271803875143,68.5956903617643,46.6495556096397,114.553798901315,0.319934599919962,1.0212655872949,1.11261045231424,"OK"
89,500,0.5,27.3357060067042,0.100930953343455,0.0554717813292831,0.0604656976584375,0.0155958008547322,0.114952655149764,67.00789014254,60.24471990892,27.3357060067042,0.100930953343455,0.526035463608018,0.568547967300257,"OK"
89,500,0.25,7.70071094994044,0.0306556096948111,0.0307601972561457,0.0324677174546996,0.0179958892383985,0.0480998239766062,65.4257831262211,63.4201158547263,7.70071094994044,0.0306556096948111,0.26937864904511,0.295668443545235,"OK"
89,500,0.1,1.72954586536311,0.00705276299093532,0.0152694844680498,0.0149461483960016,0.019693006193688,0.0266068790793602,64.6277605108724,64.1719562333543,1.72954586536311,0.00705276299093535,0.114439072110606,0.131852025261882,"OK"
90,500,1,100.457724984914,0.292064162795936,0.0949133154898471,0.0956801865669391,0.0159299684450966,0.30334155834375,62.0093396844428,43.8986338039772,100.457724984914,0.292064162795936,0.8945691353861,0.93191549165581,"OK"
90,500,0.5,6.71890891485114,0.0268521229829899,0.0217770809439685,0.0341604065897448,0.0128595814881237,0.0393663974074848,61.49640469639,59.8450956744708,6.71890891485114,0.02685212298299,0.336062386871429,0.329232918050881,"OK"
90,500,0.25,0.396967598683613,0.00162760366638423,-0.00644491592151917,0.00774728531412516,0.0103487481171265,0.0119595081231328,63.4992213664264,63.3958698009179,0.396967598683613,0.00162760366638427,0.0981850884471234,0.0677724578046756,"OK"
90,500,0.1,1.91824551856852,0.00781623026647943,-0.0214166987758189,-0.00725310126798171,0.0101781903104874,0.0179148654978041,64.3975783201495,63.8942320193956,1.91824551856852,0.00781623026647951,-0.0402146304407699,-0.0849335150892553,"OK"
91,500,1,131.545889500119,0.350746117163023,0.10025029590236,0.115121996333038,0.0293677673559399,0.36981325414912,64.1107555886567,41.6241569975478,131.545889500119,0.350746117163023,0.956604788004883,1.0220392118349,"OK"
91,500,0.5,14.7794475952345,0.0572227009653369,0.0293785811569932,0.0560209209873668,0.0192018950963427,0.0753258117606138,68.8613259079213,64.9208948474157,14.7794475952345,0.0572227009653369,0.433919960944774,0.498488217146835,"OK"
91,500,0.25,2.87199953478182,0.0116571669678573,0.0059638632900018,0.027874543845243,0.0212523283883911,0.0326617534157692,69.9744234077199,69.1587198705766,2.87199953478182,0.0116571669678573,0.194098452935874,0.241883761221633,"OK"
91,500,0.1,0.607047131382701,0.00248680707302964,-0.00739843889854543,0.0109690695884984,0.0221269809035288,0.0245587624439428,70.2263379644768,70.0516986105137,0.607047131382701,0.0024868070730297,0.0524559704529708,0.0884618189581269,"OK"
92,500,1,97.3521797809413,0.285614074240357,0.0902508883767438,0.104692921977413,0.00932894712344112,0.292278542767499,63.7276785532905,45.5261566398053,97.3521797809413,0.285614074240357,0.868582551917359,0.970782904828824,"OK"
92,500,0.5,15.3895508378483,0.0594444649776048,0.0317090589162402,0.0534698387914423,0.0280698297063745,0.0858456986750714,63.7065895840152,59.9195854506456,15.3895508378483,0.0594444649776048,0.355903632713157,0.477272275673454,"OK"
92,500,0.25,3.46642589942407,0.0140360208348148,0.007252216119063,0.0287485846077275,0.0294497754496085,0.043072438622632,64.2901401339164,63.3877623875235,3.46642589942407,0.0140360208348148,0.130100522107885,0.240931272607548,"OK"
92,500,0.1,0.948639362449107,0.00388073079450665,-0.00682433106684297,0.0136895317941568,0.0293649307837591,0.0331317041870947,64.7018951781074,64.4508045410267,0.948639362449107,0.00388073079450662,-0.00218818487076057,0.100215686240698,"OK"
93,500,1,97.6120941682834,0.286158409030574,0.0954291744143178,0.110090312124068,0.0154100176234686,0.297158720527778,68.8774919457097,49.1676184325092,97.6120941682834,0.286158409030574,0.933008127805935,1.05963587628248,"OK"
93,500,0.5,16.2249964519069,0.0624699073002442,0.0425184131314907,0.0482011082326014,0.0244692889354745,0.0854106020242168,61.4167770249296,57.5800766575024,16.2249964519069,0.0624699073002443,0.411258589120378,0.468069940418668,"OK"
93,500,0.25,1.71551086385265,0.00699593128431882,0.0149209349934724,0.0152601015128591,0.0294342144178473,0.036224225960691,60.5402062995732,60.1166711763629,1.71551086385265,0.00699593128431881,0.162305377755135,0.206909009731766,"OK"
93,500,0.1,0.0393643675276101,0.000161634516990054,-9.30713969591782e-07,-0.00326393588602928,0.0314780840669964,0.0316346306390725,61.0217190566215,61.0118558405359,0.0393643675276101,0.000161634516990029,0.0141800778571696,0.0538328475612143,"OK"
94,500,1,93.04157469818,0.27646383595139,0.0889827851696074,0.0984719053969184,0.0161650913070449,0.288159864107185,63.5056371434464,45.9486250942321,93.04157469818,0.27646383595139,0.865995106994836,0.957023394704276,"OK"
94,500,0.5,16.8132867457499,0.0645886614392127,0.0563085824628059,0.0294028621022125,0.00887026996132578,0.072886012537132,63.7307595098483,59.6144750606028,16.8132867457499,0.0645886614392127,0.454080414118806,0.393160794581072,"OK"
94,500,0.25,4.72561427262881,0.0190375771109529,0.0342627334965479,0.00349413181301454,0.0102231938682638,0.0290661461376294,63.7089470369896,62.4960830451153,4.72561427262881,0.0190375771109529,0.22912772747195,0.141568143915834,"OK"
94,500,0.1,2.11453159232318,0.00860914693692852,0.0207062773500635,-0.011346961220841,0.0125060829129157,0.0210075631444414,63.5040194043617,62.957303970224,2.11453159232318,0.00860914693692845,0.0921697893236188,-0.00621496037360289,"OK"
95,500,1,77.8601358433681,0.242283118405568,0.0885068460415774,0.0824527794024833,0.0182908772577584,0.256142424882943,65.36984637621,49.5318361464889,77.8601358433681,0.242283118405568,0.952595880949851,0.939762565525956,"OK"
95,500,0.5,11.5222646087746,0.045181406519351,0.0311515167733038,0.0424878242331864,0.0179572252228681,0.0623272990494652,67.3574441386415,64.3141400729091,11.5222646087746,0.045181406519351,0.434752625567902,0.446882961921245,"OK"
95,500,0.25,2.22033719859013,0.00903603350013174,0.0088280944223736,0.0219099581970664,0.0167454813134658,0.0256302020834732,67.8537949526376,67.2406657883345,2.22033719859013,0.00903603350013177,0.189059333002171,0.201534493992922,"OK"
95,500,0.1,0.349630917974407,0.00143379719976699,-0.00371168138962558,0.00906002585203379,0.0162062605042061,0.0176168212130435,67.5004661012138,67.4036841219349,0.349630917974407,0.00143379719976701,0.0430266329306369,0.0544395330674069,"OK"
96,500,1,118.138966570794,0.326676540669926,0.11216388690333,0.0977276190636702,0.0497170543450353,0.360152199689227,62.3687035890771,41.9943112545294,118.138966570794,0.326676540669926,0.962618591129154,0.876371538531283,"OK"
96,500,0.5,19.1209733970498,0.0728082496600199,0.0522292178257034,0.0472098136495092,0.0368713737338195,0.10699508320972,62.6497740538594,58.0883536634022,19.1209733970498,0.0728082496600198,0.452456200188998,0.468004556594495,"OK"
96,500,0.25,4.74702082891014,0.0191221663529318,0.0284422259200958,0.0222044341414101,0.0278411552693723,0.0464309384197853,62.7638832922968,61.5637018750255,4.74702082891014,0.0191221663529318,0.210305933391858,0.247052419934471,"OK"
96,500,0.1,1.01970436663408,0.00417023392562726,0.015312844892656,0.00700101162730394,0.0220854234926837,0.0261635560359998,63.1852955103013,62.9217980473635,1.01970436663408,0.00417023392562716,0.0663679492481228,0.112727655282052,"OK"
97,500,1,86.4839113500407,0.262085236205047,0.0950815602372067,0.0882249274857691,0.0156312346874218,0.273619755057239,62.0819340666281,45.8111757127097,86.4839113500407,0.262085236205047,0.901969986902824,0.895217275488833,"OK"
97,500,0.5,15.0857801594705,0.0583395581542305,0.0335955543903313,0.0549834565318995,0.0200285670296845,0.0771996674329408,68.474190081463,64.4794360871416,15.0857801594705,0.0583395581542305,0.41148736327967,0.459569017984714,"OK"
97,500,0.25,4.94468092926601,0.0199025429353981,0.0102391024369527,0.0364538605517565,0.0160181989386734,0.0356019389819469,69.0596096056803,67.6851477604014,4.94468092926601,0.0199025429353982,0.184173292053091,0.229839331718839,"OK"
97,500,0.1,1.99180596388739,0.00811353338685526,-0.00285651161077017,0.023967146033085,0.0147172297732986,0.0227113544250261,68.7937088422826,68.2355487887852,1.99180596388739,0.00811353338685523,0.0496594852311626,0.0907565661926706,"OK"
98,500,1,118.519636357543,0.327384551705612,0.0943431414913479,0.111091520049431,0.0121592201651675,0.335563031027916,65.96731234361,44.3706333647731,118.519636357543,0.327384551705612,1.00849819670601,1.1320257340198,"OK"
98,500,0.5,11.6700199748161,0.0457342911050752,0.0414291493659149,0.0355623230833881,0.0222674987691673,0.0669834016033516,66.3928597507668,63.3564293756268,11.6700199748161,0.0457342911050753,0.51710540923765,0.544480552658128,"OK"
98,500,0.25,1.04683555717385,0.00428071602230612,0.0156974524699326,0.00615625410655662,0.0210878332655988,0.0252782782621692,67.1615707221342,66.8740711102607,1.04683555717385,0.00428071602230617,0.254325146816015,0.261976331716237,"OK"
98,500,0.1,0.422039884791898,0.00173022448070389,-0.000398674945096277,-0.0109146312378974,0.0199759571375383,0.0216716187281772,67.5699658866197,67.4530546774823,0.422039884791898,0.0017302244807038,0.0948705441128544,0.0936521227478052,"OK"
99,500,1,107.05327054688,0.305383744900944,0.0957227887188713,0.11333167873621,0.0181053540590678,0.317960018134697,65.444398943987,45.4587433116808,107.05327054688,0.305383744900944,1.00062777017412,0.975577576253436,"OK"
99,500,0.5,21.1565785637791,0.0799397418291668,0.0542831755502587,0.0528857837289415,0.0162051313003998,0.094849439117105,65.4925699223738,60.2571107910506,21.1565785637791,0.0799397418291669,0.547129990805995,0.48464434286108,"OK"
99,500,0.25,5.47041498381551,0.021972148715626,0.0292083720492666,0.0265605175542537,0.0234220360906798,0.0448795523460986,64.7524090526085,63.3296594912095,5.47041498381551,0.021972148715626,0.308920395377225,0.243845524987045,"OK"
99,500,0.1,1.09103304510438,0.00446064204202936,0.013619037617782,0.0114209136245247,0.0274899047945413,0.0318279242115127,64.7627147861771,64.4738314978459,1.09103304510438,0.00446064204202934,0.16479620211487,0.0998543419147701,"OK"
100,500,1,105.581057176115,0.30245427245526,0.106193033346727,0.10650790362838,0.0166965045865444,0.314100847894535,70.5668900057658,49.2236326296415,105.581057176115,0.30245427245526,0.977991924049493,1.0772695256917,"OK"
100,500,0.5,25.0513347479231,0.0932832256128521,0.0487275446296918,0.0651399425861069,0.00971402501699059,0.102091095042574,66.9741616115476,60.726595783706,25.0513347479231,0.0932832256128521,0.464257025368155,0.601398868166523,"OK"
100,500,0.25,7.34297602496032,0.0292731976845533,0.0199074752285354,0.0405848494250092,0.011073431296613,0.0400224742377742,66.3068117898339,64.3657993804777,7.34297602496032,0.0292731976845533,0.215141888979607,0.352273102166003,"OK"
100,500,0.1,2.24728008338626,0.00914467937396383,0.00201076222032389,0.0247748505425664,0.0118519547430727,0.0208882517909563,65.8785199156921,65.2760819734318,2.24728008338626,0.0091446793739638,0.0664834597512585,0.201627468302656,"OK"
1,1000,1,194.122581055088,0.282309782144191,0.0962700451592355,0.0990498537698213,0.00592458650711447,0.286561799925187,130.375981644078,93.5695666693033,194.122581055088,0.282309782144191,0.88933329823525,0.90414244088067,"OK"
1,1000,0.5,34.5754423131318,0.0654744370646754,0.0423332106950163,0.0523394878162526,0.0123500271073798,0.077015853099466,133.824318037811,125.062246148722,34.5754423131318,0.0654744370646754,0.38098641054729,0.497206559873047,"OK"
1,1000,0.25,7.27389307240221,0.0145253040803997,0.0168420543119847,0.0266655522393025,0.0134635440623068,0.0277932860712016,133.113983475296,131.180462387964,7.27389307240221,0.0145253040803997,0.148520684740696,0.276721641364006,"OK"
1,1000,0.1,0.904599731021852,0.00182967498990502,0.00119331516803128,0.0109244038407269,0.0138849063146554,0.0156891764387393,133.287842661719,133.043969229542,0.904599731021852,0.00182967498990501,0.011311206401083,0.142651239708709,"OK"
2,1000,1,255.352295594724,0.340991537445883,0.108859833054749,0.100846563441828,0.00513145053293351,0.344373206772264,131.127633784153,86.4142203384539,255.352295594724,0.340991537445883,1.0277896520798,1.09125867151006,"OK"
2,1000,0.5,47.758816443039,0.0882365607582949,0.0602575803232422,0.0453136024469955,0.00904299131066255,0.0964816296167375,129.151763156054,117.755855759294,47.758816443039,0.0882365607582949,0.51786641460124,0.489540705297408,"OK"
2,1000,0.25,12.4782400182371,0.0246616139417129,0.0352442612547104,0.0193918288902111,0.0083257173841994,0.0327820056979954,129.14680926757,125.961840515609,12.4782400182371,0.0246616139417129,0.264308682559391,0.206284646262344,"OK"
2,1000,0.1,2.7675310107465,0.005576691679002,0.0191072332852882,0.00375605404742505,0.00838075369188906,0.0139107084915138,129.027834048675,128.308285600176,2.7675310107465,0.00557669167900203,0.112320846541934,0.0381717332603124,"OK"
3,1000,1,192.07135689851,0.28016245860596,0.0997833733825149,0.0859255295429707,0.00895028734128667,0.286605211440482,128.466841721237,92.4752554952725,192.07135689851,0.28016245860596,0.94507202946749,0.882286792974733,"OK"
3,1000,0.5,42.9596604346864,0.0800799456195397,0.0535536032903836,0.0463077307882776,0.00788764737184899,0.087335950618785,129.917907728833,119.514088742903,42.9596604346864,0.0800799456195397,0.516348872775897,0.406541926852255,"OK"
3,1000,0.25,12.0507783655365,0.0238369297036731,0.0302439191248632,0.0237509337567158,0.00721708699038703,0.030881983498805,128.789318854259,125.719376914146,12.0507783655365,0.0238369297036731,0.285848250974883,0.173504447079819,"OK"
3,1000,0.1,2.61155405747127,0.00526404603180989,0.0153928805246886,0.00942084090685578,0.00677753682805537,0.0120059055940201,128.299354676309,127.623980967442,2.61155405747127,0.00526404603180995,0.145860232194669,0.0341875460653098,"OK"
4,1000,1,243.288127421545,0.330200933439242,0.0955013054736761,0.111404385461316,0.00665026009500647,0.334655271443263,133.316671929833,89.295382415589,243.288127421545,0.330200933439242,1.020466988624,1.01290108154139,"OK"
4,1000,0.5,48.0476158113407,0.0887227907731739,0.0460133210185724,0.0613660375812812,0.00657939436759347,0.0947184429108772,135.489429504121,123.46842919825,48.0476158113407,0.0887227907731739,0.501829704534921,0.48010162798289,"OK"
4,1000,0.25,12.2104526788941,0.0241451459312574,0.0206340054301842,0.0344302262320314,0.00772377691167692,0.0316824311222614,136.205465035499,132.916764205582,12.2104526788941,0.0241451459312574,0.24046230360731,0.223591462582407,"OK"
4,1000,0.1,2.78726571410187,0.00561623460173072,0.00580980496857468,0.0185551554489755,0.008104225601679,0.0136749449711654,136.988256261764,136.218898076916,2.78726571410187,0.00561623460173077,0.0834276261210177,0.0707195061510248,"OK"
5,1000,1,223.696445221174,0.311904007209892,0.106338496094056,0.104729979828088,0.00646237298329333,0.316350740163611,136.507158066538,93.9300284527505,223.696445221174,0.311904007209892,0.992128879086681,1.04596202643089,"OK"
5,1000,0.5,48.6281759036842,0.0896986691802634,0.0539412567430426,0.0585766657531499,0.00652856801155299,0.0956416333295272,135.400319436659,123.255090976608,48.6281759036842,0.0896986691802634,0.472506800744558,0.538445203803735,"OK"
5,1000,0.25,13.5979511219822,0.0268152357782082,0.0273010547840478,0.0337673968927332,0.00686315152642825,0.0334943502782737,135.092459555511,131.469923400672,13.5979511219822,0.0268152357782082,0.216526565059942,0.287521434212279,"OK"
5,1000,0.1,3.32014143112797,0.00668278347484876,0.0115420582481786,0.0182705588621526,0.00713898202810048,0.0137740572318247,135.063969135603,134.161365874616,3.32014143112797,0.00668278347484883,0.0633390074289904,0.137263588470259,"OK"
6,1000,1,185.214254145383,0.27288988409209,0.10286749519836,0.0891116273280178,0.0115764400481851,0.281307230757327,128.773313519299,93.6323789188633,185.214254145383,0.27288988409209,1.02743181971657,0.988946231057958,"OK"
6,1000,0.5,30.7797088343275,0.0587085639891776,0.0524133564050165,0.0384721684963662,0.00858784089379772,0.0667922250763329,135.741252475799,127.772078468852,30.7797088343275,0.0587085639891776,0.560897748478245,0.49052138542864,"OK"
6,1000,0.25,7.79906416885602,0.0155577074172016,0.0304582334686545,0.0145524045166867,0.00706258589306785,0.0225104156653362,136.404708107783,134.282563568713,7.79906416885602,0.0155577074172015,0.317656201032712,0.236351360382122,"OK"
6,1000,0.1,1.95010925853365,0.00393603558076127,0.0169908021512893,-0.000516571765263532,0.00643675699837143,0.0103474572745623,135.910203227213,135.375255831523,1.95010925853365,0.0039360355807612,0.170668246562262,0.0833309332122412,"OK"
7,1000,1,177.943199895663,0.265016013153926,0.0957726752957436,0.0971639868406596,0.0136330819340547,0.275036110066817,135.609439691718,99.6707666385815,177.943199895663,0.265016013153926,0.896698326171699,0.982906466277251,"OK"
7,1000,0.5,32.1706421026818,0.0611992367958752,0.0420439036072723,0.0492492352410194,0.00631948168538465,0.0671319710251688,132.881381959682,124.749142799369,32.1706421026818,0.0611992367958752,0.398287193218189,0.481563648656797,"OK"
7,1000,0.25,6.48310672976398,0.0129666515578256,0.0168366604996236,0.0244391603828975,0.00602781350889281,0.018916304509293,132.76605883755,131.044527613897,6.48310672976398,0.0129666515578256,0.166621635620235,0.236720502239167,"OK"
7,1000,0.1,0.62694729924363,0.001268798033927,0.00175235273870089,0.00892803772042301,0.00579421676212133,0.00705566310521244,132.714096439036,132.5457090544,0.62694729924363,0.00126879803392704,0.0294564444936607,0.0904240707042837,"OK"
8,1000,1,210.027195781686,0.298534579815817,0.109403794011823,0.0959098715178989,0.00990622270531349,0.305483452488238,134.373916837509,94.2586560362177,210.027195781686,0.298534579815817,1.08109557836647,0.949620735627036,"OK"
8,1000,0.5,46.8030364529031,0.0866236783716147,0.0543872901661738,0.0546432975217269,0.0043265018865154,0.0905754027502383,129.61018619975,118.382875116698,46.8030364529031,0.0866236783716146,0.550431675746576,0.500839257936261,"OK"
8,1000,0.25,12.3107293682215,0.0243386086008853,0.0254963764728089,0.0323082239387272,0.00402849557649521,0.0282690562002939,130.919329586955,127.732935265848,12.3107293682215,0.0243386086008854,0.284770168347423,0.271966076622406,"OK"
8,1000,0.1,2.9478222972703,0.00593782904239463,0.00878229714570257,0.0184030158121624,0.00412795519586573,0.0100412731460127,131.434231465143,130.653797468385,2.9478222972703,0.00593782904239465,0.125338802515081,0.134173442734206,"OK"
9,1000,1,255.772837660658,0.341361417103039,0.100113311866218,0.11083656170474,0.00442504762720342,0.344275924201472,138.46165779432,91.1961900752145,255.772837660658,0.341361417103039,1.07137924029947,1.12311917095043,"OK"
9,1000,0.5,51.7323910683263,0.0948813605276863,0.0464135964169042,0.0612651946366866,0.00429844157733628,0.0987719601200161,131.897587175176,119.382964653676,51.7323910683263,0.0948813605276863,0.511256325187337,0.565023486528161,"OK"
9,1000,0.25,12.3222614015279,0.0243608523029127,0.0187992968437767,0.0342418980956687,0.00588527396071548,0.030102755973909,132.438043420811,129.21173980575,12.3222614015279,0.0243608523029127,0.237120065736316,0.288199336390873,"OK"
9,1000,0.1,2.71726475571411,0.00547595770786374,0.00280275164931653,0.0184860919506986,0.00629150370493525,0.0117330094045919,133.449713058143,132.71894807331,2.71726475571411,0.00547595770786372,0.0732579028643131,0.122337375849429,"OK"
10,1000,1,237.789503816609,0.325164661294306,0.0930462505608224,0.111199574226157,0.00748552618887266,0.330216158895365,131.938453075898,89.036730669779,237.789503816609,0.325164661294306,0.974286394619388,0.995427359130135,"OK"
10,1000,0.5,31.4076974609155,0.0598347054402914,0.0401173009739983,0.0479434846167152,0.010105955039854,0.0693359736371428,133.284493259424,125.309454865488,31.4076974609155,0.0598347054402913,0.4366408174997,0.441757222588422,"OK"
10,1000,0.25,5.36811371134212,0.0107605869443246,0.0168405442291821,0.0210024049263587,0.0123677335285454,0.0229952364009318,137.546586844413,136.066504837779,5.36811371134212,0.0107605869443246,0.189129127682679,0.18440439652948,"OK"
10,1000,0.1,0.425454047868657,0.000861372995422553,0.00411629086351739,0.00646120570514012,0.0134055354364273,0.0142553612656358,139.50295467996,139.382790602017,0.425454047868657,0.000861372995422569,0.0428505968030602,0.0320299419721774,"OK"
11,1000,1,194.036304619679,0.282219721803655,0.096027089907491,0.0994560235097426,0.0039161649962014,0.285030667804091,131.318344318579,94.2577177172729,194.036304619679,0.282219721803655,0.98564004311624,1.00317699510438,"OK"
11,1000,0.5,38.5363340504695,0.0724317712609716,0.0505878676654381,0.050624784581937,0.00497151659332284,0.0770431921015867,137.330875393386,127.383756839823,38.5363340504695,0.0724317712609716,0.467173878560602,0.512050655710327,"OK"
11,1000,0.25,8.75829911349411,0.0174378385164623,0.0255867650459765,0.0241479257082933,0.0055997512224315,0.0229399421813447,138.226997672849,135.816617608814,8.75829911349411,0.0174378385164623,0.204212334321919,0.251210079251018,"OK"
11,1000,0.1,1.10838678095252,0.0022409381049242,0.0096271176727064,0.00809030968935439,0.00614553394575856,0.00837270028948867,138.187311339131,137.877642127534,1.10838678095252,0.00224093810492426,0.0460455257629712,0.0931081882733928,"OK"
12,1000,1,240.188997968104,0.32737167741821,0.105410055392947,0.106774285974052,0.00316840435494181,0.329502835924736,132.641011430787,89.2181010242423,240.188997968104,0.32737167741821,0.969677322798625,0.989823786001187,"OK"
12,1000,0.5,41.7862869257495,0.0780634362328542,0.043769823511643,0.0579894728413528,0.0115998728265629,0.0887577831267116,130.69456805397,120.492100974708,41.7862869257495,0.0780634362328542,0.417040663883469,0.502159519156558,"OK"
12,1000,0.25,10.3499327357113,0.0205416971666843,0.0143571647740279,0.0342779671789836,0.0146028154785667,0.0348445460319093,130.346831446061,127.669286307859,10.3499327357113,0.0205416971666844,0.161771024509566,0.26412874688657,"OK"
12,1000,0.1,2.97569190270708,0.00599363060717626,-0.00276542421394298,0.019844742823517,0.0161280875459167,0.0220250523539425,129.934381876721,129.155603188581,2.97569190270708,0.00599363060717624,0.0108102840511718,0.121916926801036,"OK"
13,1000,1,193.629942915314,0.281795233800745,0.104929297991589,0.0955453589174391,0.00321773535949454,0.284106226672302,135.768196851774,97.5093660772224,193.629942915314,0.281795233800745,1.04986554853245,0.939253798673571,"OK"
13,1000,0.5,36.8464906927064,0.0694762600287593,0.0494874021577994,0.0496714403367338,0.0107835081083425,0.0795105703237443,133.573905754764,124.293690345489,36.8464906927064,0.0694762600287593,0.504647885432847,0.445239768104416,"OK"
13,1000,0.25,7.00448097162202,0.0139948416805866,0.0212019785226774,0.0233530168982743,0.0120404471918251,0.0258667847201985,133.389699022383,131.522931302743,7.00448097162202,0.0139948416805865,0.250099649097554,0.209888064525872,"OK"
13,1000,0.1,0.533727534932879,0.00108034635124206,0.00473146979575754,0.00752157751453822,0.0124671005335766,0.0135339780982466,134.275677576809,134.130613338479,0.533727534932879,0.00108034635124207,0.0992592879877095,0.0698958281595033,"OK"
14,1000,1,209.023506838269,0.297532402551178,0.0987020713710665,0.100356485326485,0.0120229053034836,0.305978103954071,134.238006772124,94.2978501035328,209.023506838269,0.297532402551178,1.01641172034736,0.935702986972885,"OK"
14,1000,0.5,39.1438381312168,0.0734897042431828,0.0477019368291921,0.0509131669533206,0.0179550434402228,0.09012523685131,133.524880796387,123.712176797554,39.1438381312168,0.0734897042431827,0.473921674416752,0.418246678664143,"OK"
14,1000,0.25,9.20256059378654,0.0183061740980921,0.0230989555786006,0.026114976514124,0.0210154117880974,0.0389368740992534,133.856557005225,131.406155568516,9.20256059378654,0.018306174098092,0.214550036925625,0.172532414738008,"OK"
14,1000,0.1,1.29559097198683,0.00261843677596591,0.00793663343995951,0.0105297161198087,0.0215484888898502,0.0241105023100404,133.785932916064,133.435622909209,1.29559097198683,0.00261843677596592,0.0601686439954634,0.0264647075343643,"OK"
15,1000,1,244.001092769421,0.33084844912319,0.0946581748771606,0.114882381300632,0.0064597951114288,0.335171031040349,133.373679781202,89.2472046717384,244.001092769421,0.33084844912319,1.02987815429128,1.02753205449017,"OK"
15,1000,0.5,37.2182680083448,0.0701281079847049,0.0415335310924027,0.0530779031516082,0.0310421959154386,0.0989933734329032,128.482640836305,119.472396325576,37.2182680083448,0.0701281079847048,0.476106228322077,0.493599151015485,"OK"
15,1000,0.25,7.14860881008383,0.0142786950453618,0.0178621429680205,0.0251705958960739,0.030067345686603,0.0439167182720823,131.378791619519,129.502873918555,7.14860881008383,0.0142786950453618,0.210341298631307,0.226941171420296,"OK"
15,1000,0.1,0.72577677107118,0.00146851258105739,0.00464201793345936,0.00892574325676944,0.0281775601436609,0.0296046936231438,132.934602818389,132.739386681693,0.72577677107118,0.00146851258105733,0.0520452575699714,0.066978640326075,"OK"
16,1000,1,226.996011351811,0.315055194998118,0.104089074539184,0.1027731630863,0.01027394385757,0.322092279470242,132.703701829,90.8947111722922,226.996011351811,0.315055194998118,0.971945240589344,1.01807573982032,"OK"
16,1000,0.5,40.0549138708497,0.0750717739253081,0.0479015652557101,0.052468836195061,0.0119136690301759,0.0860910626874296,131.646046673932,121.763144419866,40.0549138708497,0.075071773925308,0.459499865551816,0.504009241763862,"OK"
16,1000,0.25,10.1005533330386,0.0200566763999541,0.0228254425100324,0.0286089053622241,0.01311369864553,0.0329073578353443,131.137326330679,128.507147412509,10.1005533330386,0.0200566763999542,0.205087040266748,0.244250595672615,"OK"
16,1000,0.1,1.70440558079251,0.00344182232949549,0.00720703674805661,0.0132138180106923,0.0143714948025158,0.0177638530002917,130.351545077007,129.902898218477,1.70440558079251,0.00344182232949547,0.0526286008111437,0.0881104156237466,"OK"
17,1000,1,214.073221819602,0.302545680387803,0.105057679768718,0.0962012377915079,0.010478686891537,0.30985408582417,134.373078579765,93.7190840950462,214.073221819602,0.302545680387803,0.97395860145878,0.962614910662492,"OK"
17,1000,0.5,43.3185129918475,0.080694893979011,0.0522065947639748,0.0525541654351961,0.0120782500658754,0.0917984909363686,136.408014012904,125.400583784245,43.3185129918475,0.080694893979011,0.491696764416131,0.473196851977928,"OK"
17,1000,0.25,13.6841975508548,0.0269807253793288,0.0295379086477419,0.0309088381437655,0.011804796284444,0.0384670196970632,135.969631840499,132.301072543882,13.6841975508548,0.0269807253793288,0.253707596228475,0.230439797226769,"OK"
17,1000,0.1,4.09425443637231,0.00822809829468368,0.015926517402646,0.0173348137137369,0.0123952712574226,0.0205213800418109,135.252181538614,134.139313294344,4.09425443637231,0.00822809829468369,0.111242625408422,0.0849896806567921,"OK"
18,1000,1,196.965149913209,0.285264433603879,0.0979535421447376,0.114552362823289,0.00996914324925302,0.292389734850618,138.466222976937,98.9667343061528,196.965149913209,0.285264433603879,1.04807821649988,1.09859600478022,"OK"
18,1000,0.5,37.4803566099995,0.0705870869673782,0.0502280671766209,0.0517098290830331,0.00422976684537069,0.074518286892583,127.607149561892,118.599732598107,37.4803566099995,0.0705870869673782,0.504873931997586,0.500800081085174,"OK"
18,1000,0.25,7.85896742949879,0.0156753303322612,0.023670866474492,0.0242779170694368,0.00609031935219451,0.0216701819167812,127.119410405761,125.126771656008,7.85896742949879,0.0156753303322613,0.248205564528673,0.225258132496792,"OK"
18,1000,0.1,0.792054792131034,0.00160240243486034,0.00774212805173469,0.00760895979199146,0.00792416036443044,0.00951386510542862,127.348150143999,127.144087158133,0.792054792131034,0.00160240243486036,0.0957661558528844,0.0623752812820032,"OK"
19,1000,1,197.486555146918,0.285803759387081,0.1016360311743,0.0980741900569216,0.0172039234081832,0.298090736808998,130.22168954172,93.0038411169589,197.486555146918,0.285803759387081,0.994984851777203,0.986916770744436,"OK"
19,1000,0.5,42.5307465672197,0.079343856373146,0.0495599406805776,0.0562186984636018,0.00524121658030485,0.0841692146178825,132.206478329015,121.716706500879,42.5307465672197,0.0793438563731459,0.507396030341953,0.491872406622163,"OK"
19,1000,0.25,11.1741727666625,0.0221413604453044,0.0232311933279377,0.0322625358180182,0.00310578821978857,0.0251783822886519,133.565182138703,130.607867298027,11.1741727666625,0.0221413604453044,0.257417560364069,0.243778962633689,"OK"
19,1000,0.1,2.69466350817441,0.00543065797830777,0.00764562184441502,0.0181497483746882,0.00271861841830923,0.00813451250981367,134.486382267956,133.756032723119,2.69466350817441,0.00543065797830781,0.106783816693476,0.0948631598790474,"OK"
20,1000,1,218.144690439852,0.306535962918548,0.0946847346129816,0.110201917077221,0.0105442757110422,0.313848038921227,136.689838053323,94.7894869244675,218.144690439852,0.306535962918548,0.98652565860753,1.0571109833842,"OK"
20,1000,0.5,43.1816158259917,0.0804603969143458,0.0325034630105427,0.0657022798080174,0.012174277399963,0.0916551271225624,132.976047264939,122.276741721901,43.1816158259917,0.0804603969143458,0.41368561565643,0.601074507162109,"OK"
20,1000,0.25,13.4707522683882,0.0265710639284707,0.00573135258336183,0.0414863390206362,0.00958414881410974,0.0359005517117408,132.623165236339,129.099226634448,13.4707522683882,0.0265710639284707,0.14619526645235,0.340659135691833,"OK"
20,1000,0.1,6.08737731238192,0.0121848100829329,-0.00994952551791312,0.0263586163176594,0.00824570437429495,0.0203300421154271,133.011349762978,131.390631727241,6.08737731238192,0.0121848100829329,-0.0123194837488231,0.181022172827124,"OK"
21,1000,1,197.401358157768,0.285715689840476,0.097113662050961,0.10230326074973,0.0105218136919667,0.293231256275069,133.987390758334,95.7050909778909,197.401358157768,0.285715689840476,0.947998945955091,0.976144670869284,"OK"
21,1000,0.5,30.9349225711373,0.0589871521512588,0.0410199381566488,0.0493810361808829,0.00520415924897044,0.0638843328667908,133.736843122975,125.848087609451,30.9349225711373,0.0589871521512588,0.473023807277902,0.490045218171589,"OK"
21,1000,0.25,5.49825259458373,0.0110185808587407,0.0159093569974353,0.0227127482128295,0.00680003647381577,0.0177436905808273,132.713362880127,131.251049960197,5.49825259458373,0.0110185808587406,0.226697408293974,0.241727842065986,"OK"
21,1000,0.1,0.298412767505233,0.000604321034230894,0.000208843548212395,0.0066173316404495,0.00797371711704753,0.00857321946630363,132.511131921499,132.431052657209,0.298412767505233,0.000604321034230937,0.0779773001957549,0.0921865828613613,"OK"
22,1000,1,195.853125183033,0.284111463382474,0.0979005475480993,0.0972670486289445,0.0163605547859615,0.295823797006447,132.058113255524,94.5388894469687,195.853125183033,0.284111463382474,0.893594326464525,0.970442509256441,"OK"
22,1000,0.5,37.7236303064931,0.0710127113222132,0.049723301045327,0.0469528794061461,0.0160053059475835,0.0858814370989173,129.599441146901,120.396233445216,37.7236303064931,0.0710127113222132,0.455092090291037,0.484280023427999,"OK"
22,1000,0.25,9.86072225123183,0.0195897729308928,0.0256947073873439,0.0251835282937526,0.0134530311421848,0.0327792622477699,130.130913171222,127.581678130908,9.86072225123183,0.0195897729308928,0.221494506272787,0.248548440610591,"OK"
22,1000,0.1,2.02915823091597,0.00409493204831831,0.0111210811628578,0.0121208218948026,0.0119492490738945,0.0159952497592267,130.449018024411,129.914838159831,2.02915823091597,0.00409493204831826,0.0798357584306183,0.107878038466993,"OK"
23,1000,1,221.256574394636,0.309555144116064,0.0983587230614596,0.106377333806003,0.0062656750228316,0.313881247204219,131.546977766989,90.8259341062962,221.256574394636,0.309555144116064,0.976702168635919,1.00539078217862,"OK"
23,1000,0.5,42.2152944101691,0.0788017345232766,0.0501271283106478,0.0537099510945833,0.00270479301699222,0.0812933851590034,132.816586576765,122.350409181055,42.2152944101691,0.0788017345232766,0.443459105224381,0.481438750940406,"OK"
23,1000,0.25,10.5141629632512,0.0208608482377465,0.0227674107299444,0.0298548157504174,0.00395541362454388,0.0247337485789512,132.368533773368,129.607213878869,10.5141629632512,0.0208608482377464,0.190709726050407,0.226214607593029,"OK"
23,1000,0.1,2.04686363063095,0.00413051475219634,0.00590714223039551,0.0153635082468877,0.00512388014849241,0.00923323063814685,132.484795037442,131.937564637098,2.04686363063095,0.00413051475219627,0.0405106974386713,0.0737861589798973,"OK"
24,1000,1,182.787244046658,0.270280484595459,0.09566345121223,0.101278972395696,0.00828682929751234,0.27632754565468,130.800223861918,95.4474759713245,182.787244046658,0.270280484595459,0.930442843967214,1.00624391509331,"OK"
24,1000,0.5,38.5817450190021,0.0725109353594235,0.0504079557606254,0.0533420683247951,0.00992393831694904,0.0817152796265613,135.300749969706,125.489966034571,38.5817450190021,0.0725109353594235,0.484237416299316,0.505035828271642,"OK"
24,1000,0.25,10.7550613787436,0.0213286136371878,0.0268594888982861,0.0293090430028342,0.00898269950734509,0.0301197246173218,135.206455131736,132.322688888977,10.7550613787436,0.0213286136371878,0.250851212484471,0.251253420063275,"OK"
24,1000,0.1,2.41435017582779,0.00486848217836765,0.0114688436492574,0.0150070971877815,0.00846555214382294,0.0132928199324484,135.165446069122,134.507395503803,2.41435017582779,0.00486848217836766,0.109744154616268,0.0986516163031592,"OK"
25,1000,1,229.656257390237,0.317574874092955,0.106159139600053,0.105497137039377,0.0158746535227078,0.328408136521919,136.634909983536,93.2430956488124,229.656257390237,0.317574874092955,1.13685663510757,1.07114326462934,"OK"
25,1000,0.5,57.4522883844863,0.104278155469594,0.0590486054702035,0.0617815856447828,0.00619797409882372,0.109829816261744,135.228027515994,121.126698238835,57.4522883844863,0.104278155469594,0.637875900213314,0.558181200528389,"OK"
25,1000,0.25,20.2442624826941,0.0394053305527203,0.0358556590693949,0.0383587885609606,0.00603588038235892,0.0452033650734357,134.889941213026,129.57455849129,20.2442624826941,0.0394053305527203,0.368744542776021,0.299400994621321,"OK"
25,1000,0.1,7.15930797837069,0.0142997600649422,0.0211209629148964,0.0234864998851479,0.00649328858680109,0.0207001961829195,134.182314049527,132.26353915366,7.15930797837069,0.0142997600649421,0.205211887118851,0.143892448471956,"OK"
26,1000,1,197.625547660908,0.285947391656646,0.106224734823297,0.0936450081496795,0.00777501896873134,0.291499164231188,135.138014848763,96.4956519891024,197.625547660908,0.285947391656647,1.07223588972286,1.03630976790559,"OK"
26,1000,0.5,33.6456346471155,0.0638260708914695,0.0555632442241859,0.038620542667444,0.00649162835831207,0.0699033641179828,138.923295393467,130.056367293207,33.6456346471155,0.0638260708914694,0.571798059205115,0.429554629044844,"OK"
26,1000,0.25,8.65652334917219,0.0172386954000654,0.0314648145002456,0.0147169486374399,0.00894269002764958,0.026027225118271,136.938472946491,134.577832322816,8.65652334917219,0.0172386954000653,0.313440788070684,0.162993482853108,"OK"
26,1000,0.1,2.11996163377492,0.00427739356337994,0.0169648079795967,0.000491033881828098,0.0104758282487116,0.0147084125717695,135.950701936492,135.369187279092,2.11996163377492,0.00427739356337995,0.157575404613401,0.00690665640933434,"OK"
27,1000,1,206.084798838306,0.294581584935121,0.0910684052035295,0.105973867792192,0.00770600941323663,0.300017545881881,128.56702716778,90.6935485342984,206.084798838306,0.294581584935121,0.900713995940571,0.976177898947886,"OK"
27,1000,0.5,24.7852554168855,0.047821648711479,0.0331643290351712,0.0456927383886193,0.0132208952839414,0.0604102989855005,130.565504940882,124.321647229762,24.7852554168855,0.047821648711479,0.349360398753663,0.457901289513695,"OK"
27,1000,0.25,3.30471930858593,0.00665194830110547,0.00851412900595001,0.0192863353163565,0.0106982002423442,0.0172789846685228,134.079364336712,133.187475336899,3.30471930858593,0.00665194830110555,0.0994004479272392,0.210959319679949,"OK"
27,1000,0.1,0.382424273070346,0.000774322499192442,-0.00572068324483922,0.00453994629397362,0.00955740268756144,0.010324324674819,136.055232030969,135.949881403675,0.382424273070346,0.000774322499192406,-0.0478863342247165,0.0640694978822969,"OK"
28,1000,1,231.422009392182,0.319237112949875,0.0979845463786821,0.113203558693675,0.0130146576742045,0.328097008882135,138.728143483034,94.4409714726142,231.422009392182,0.319237112949875,0.965890988951498,1.0918238696341,"OK"
28,1000,0.5,54.8345316650267,0.100001966862311,0.0602514501019733,0.056595177652722,0.00646602143258024,0.105821373433859,134.056748406221,120.650809894433,54.8345316650267,0.100001966862311,0.488342328164654,0.583641335620177,"OK"
28,1000,0.25,14.4843836855491,0.0285134428355088,0.0359254949154823,0.0258610329865895,0.00594266702289392,0.034286663961955,133.800957200185,129.985831255721,14.4843836855491,0.0285134428355088,0.242819002220005,0.323055204906253,"OK"
28,1000,0.1,3.38205266751691,0.00680655026552142,0.0203252332740345,0.00787231661629333,0.00610751976862434,0.0128724988938429,134.704097333213,133.787227123743,3.38205266751691,0.00680655026552137,0.0947992700740748,0.16602436424409,"OK"
29,1000,1,196.105427572574,0.284373381837886,0.0952804756716901,0.103391586512853,0.0123806352286425,0.293233293957258,136.666257483475,97.8020116597719,196.105427572574,0.284373381837886,1.06256410667313,1.10471230508649,"OK"
29,1000,0.5,38.931415556684,0.0731200571926795,0.050668832486487,0.0509784577972542,0.00292406751302099,0.0758303167219132,139.029637753727,128.863782689697,38.931415556684,0.0731200571926796,0.571517420329421,0.59659720133725,"OK"
29,1000,0.25,11.0211650907295,0.0218448022666155,0.0258236893024514,0.0294561950401325,0.002943973094236,0.0247244648507297,138.023025124652,135.007939432564,11.0211650907295,0.0218448022666155,0.314953045165052,0.333046004222553,"OK"
29,1000,0.1,2.66968197386806,0.00538058263303695,0.0107253474908794,0.0161472697186476,0.0033085434955753,0.00867132423693928,136.78963679588,136.053628851757,2.66968197386806,0.00538058263303692,0.159859868979616,0.17392254375018,"OK"
30,1000,1,203.908800311684,0.292380595456429,0.106303668320196,0.0915225956009127,0.00582577989366684,0.296503030355787,131.198320216066,92.8384772284094,203.908800311684,0.292380595456429,0.992193564181191,1.02991508420362,"OK"
30,1000,0.5,37.0366044916866,0.0698097062071181,0.0525148141408997,0.0450515579524968,0.00456067065222787,0.0740519977810065,133.691508478616,124.358543549337,37.0366044916866,0.069809706207118,0.500675069867075,0.520502562399403,"OK"
30,1000,0.25,9.01885590321547,0.0179472984889397,0.02716442968663,0.0225050874587247,0.00555615050274982,0.0234037311001671,135.14968250344,132.724110810865,9.01885590321547,0.0179472984889396,0.250600015006156,0.270347272753163,"OK"
30,1000,0.1,1.71000022899131,0.00345308097211402,0.0123251601785115,0.00939293552571865,0.00614282358758989,0.0095746928924586,135.508621050565,135.040698809658,1.71000022899131,0.00345308097211408,0.100103681841733,0.120729990060842,"OK"
31,1000,1,192.626777529468,0.280745168149621,0.103759703286074,0.101770811153068,0.0192559929441688,0.294595134116791,132.696447244036,95.4425608496516,192.626777529468,0.280745168149621,1.06677928198464,0.999276666620966,"OK"
31,1000,0.5,36.0255130939372,0.0680335738375392,0.0532613858799677,0.0484292385347286,0.0114979385253738,0.0787492665132675,134.289564436639,125.153365438928,36.0255130939372,0.0680335738375392,0.531736163552579,0.441228301426569,"OK"
31,1000,0.25,6.86597224657788,0.0137219008234124,0.0249213380232535,0.0208182918310223,0.0103303994213815,0.0239105475284674,135.506474283735,133.647067882683,6.86597224657788,0.0137219008234124,0.268125804490851,0.181267936491399,"OK"
31,1000,0.1,0.613541723219991,0.00124170189928466,0.00871562226620668,0.0043381887621208,0.010135398378415,0.0113645151342833,136.232411914249,136.063251869631,0.613541723219991,0.00124170189928472,0.110368579843078,0.0272852043180779,"OK"
32,1000,1,159.456763956563,0.244207232023055,0.0908667155841968,0.0938289839773681,0.00942093043969705,0.251327503116991,132.21856845866,99.9298378333196,159.456763956563,0.244207232023055,0.952680390887215,0.884729299224951,"OK"
32,1000,0.5,35.8644435923848,0.067750004796319,0.0456518846833255,0.0509808706876629,0.00987413604583576,0.07695516807769,130.873764313559,122.007066153603,35.8644435923848,0.0677500047963191,0.472457266356921,0.458851032873975,"OK"
32,1000,0.25,9.30545093123193,0.0185070605618884,0.023332246147046,0.0270499506774959,0.00818814452607586,0.0265436666013308,130.578392059041,128.16176984913,9.30545093123193,0.0185070605618885,0.238403944844846,0.237976718322903,"OK"
32,1000,0.1,1.78405274173204,0.00360207992132213,0.00976549888070399,0.0123812473988875,0.0073526538974592,0.0109282489718089,130.820070093052,130.348845745264,1.78405274173204,0.00360207992132215,0.0986054568898901,0.104622354595913,"OK"
33,1000,1,172.426912698401,0.258927683219335,0.0869330148358061,0.0887665470836514,0.0135933558288204,0.269001342916223,127.946511372153,94.8176176065651,172.426912698401,0.258927683219335,0.93062545046475,0.932559837875831,"OK"
33,1000,0.5,21.0511435348616,0.040911664077247,0.0362830783790906,0.0343537519633707,0.00959825355311705,0.0501172371052707,130.807086322743,125.455550748184,21.0511435348616,0.040911664077247,0.386534078531533,0.409745175737052,"OK"
33,1000,0.25,1.68136179944606,0.00339544645488299,0.00997411262343874,0.0105783490573094,0.0129601543027446,0.0163115952476455,133.669992046708,133.216122746089,1.68136179944606,0.00339544645488291,0.134073258715953,0.15891326372991,"OK"
33,1000,0.1,0.283921187126342,0.000574990749888646,-0.00522073242607257,-0.00309539560094972,0.0153389640832791,0.0159051350707069,135.475606247949,135.397709027521,0.283921187126342,0.000574990749888598,-0.0153552607995151,0.00951997887437347,"OK"
34,1000,1,201.22411720184,0.289646079960943,0.0968477154765836,0.0990204831913075,0.00379622501020216,0.292342743278291,133.972549722948,95.1679258733237,201.22411720184,0.289646079960943,1.0165170374233,0.990895302921787,"OK"
34,1000,0.5,53.6004612466235,0.0979718809311355,0.0538477893630143,0.059047548943085,0.00749154736975277,0.104729467313989,131.603410476888,118.709976815515,53.6004612466235,0.0979718809311355,0.495010395358829,0.504735257066711,"OK"
34,1000,0.25,17.3617718404708,0.0339852633285162,0.0304039979069493,0.035947230492921,0.00834757775442796,0.0420491464548046,131.426570078707,126.960003486219,17.3617718404708,0.0339852633285162,0.243584336925465,0.262655755722679,"OK"
34,1000,0.1,5.57830986098427,0.0111772235955077,0.0162056801510326,0.0216907361913346,0.00842282632522229,0.0195059061075868,131.770097714899,130.297273869538,5.57830986098427,0.0111772235955077,0.0937040455813091,0.117512678585715,"OK"
35,1000,1,152.70082579826,0.236305525622978,0.088667084002682,0.0924917821028451,0.00468771594091488,0.239885508384504,132.874805088666,101.475754430138,152.70082579826,0.236305525622978,0.93545939173741,0.873670691073145,"OK"
35,1000,0.5,27.3702961640127,0.0525472394290541,0.0444062967871065,0.0405069486456121,0.00473635953094531,0.0570347163417048,131.96371520826,125.029386269264,27.3702961640127,0.0525472394290541,0.489440968990258,0.438232341151284,"OK"
35,1000,0.25,5.1220203129601,0.0102723508074217,0.0212631104298817,0.0158572007439118,0.00544808402727892,0.0156644702043441,132.273732094009,130.914969915333,5.1220203129601,0.0102723508074217,0.256796939852432,0.212704365134607,"OK"
35,1000,0.1,0.317432007152906,0.000642812478009704,0.0064310865950493,0.0008009154310729,0.00525602157392446,0.00589545541568182,131.286134635787,131.201742270254,0.317432007152906,0.00064281247800976,0.116203017878443,0.0765710200080853,"OK"
36,1000,1,239.482165781732,0.326723045882463,0.111473106489589,0.098792023970061,0.0180167161828619,0.33885328567726,134.562366841959,90.5977404862009,239.482165781732,0.326723045882463,1.06028423565848,1.09515947914717,"OK"
36,1000,0.5,53.2481090838554,0.0973905683424845,0.0632734191592025,0.0505831627167413,0.0119187593723163,0.108148552965594,133.369626234392,120.3806825358,53.2481090838554,0.0973905683424845,0.536757674855185,0.516420022041863,"OK"
36,1000,0.25,14.229148616143,0.0280250772580729,0.0363160052226353,0.0233625678486888,0.0110282562603553,0.0387442657847099,131.621782622537,127.933071995695,14.229148616143,0.0280250772580729,0.275606523490268,0.241928395703038,"OK"
36,1000,0.1,3.34405155044994,0.00673058586494998,0.019741880266483,0.00734360666545229,0.0104370065021813,0.0170973451986952,131.221500607258,130.338303030093,3.34405155044994,0.00673058586494992,0.118979842470864,0.078789210073375,"OK"
37,1000,1,224.768096058855,0.312930641486319,0.104204106079665,0.104591996487211,0.0164874508436553,0.324258663760995,132.306330560222,90.9036256653108,224.768096058855,0.312930641486319,1.03171915961987,1.02214824025096,"OK"
37,1000,0.5,34.2927786478329,0.0649739443872053,0.0522254330234674,0.0439112339157065,0.00851215216247414,0.0729330284484594,135.90170367444,127.07163393777,34.2927786478329,0.0649739443872053,0.535784079271451,0.446860346833499,"OK"
37,1000,0.25,7.31573549100965,0.0146076390428051,0.0263752630592354,0.0186744250221489,0.00808652965053769,0.0225760435870989,135.409625823655,133.431610886702,7.31573549100965,0.0146076390428052,0.282629287714548,0.174886106813327,"OK"
37,1000,0.1,0.950530141977526,0.00192239685071141,0.0110388679266445,0.00396032074618554,0.00833657574766422,0.0102429463914127,134.911633109233,134.65227941062,0.950530141977526,0.00192239685071146,0.130193986427006,0.013340130364439,"OK"
38,1000,1,237.309814252882,0.324721712304162,0.0995376389830099,0.111708259488835,0.0125325499945609,0.333184671204951,134.600902863401,90.8930672079113,237.309814252882,0.324721712304162,0.958235101092113,1.07547183239159,"OK"
38,1000,0.5,34.1354811182454,0.0646951964752263,0.0451834774245598,0.0491969790026751,0.00911378632789428,0.0732193646060043,134.600153028905,125.892169683104,34.1354811182454,0.0646951964752264,0.457434482828733,0.546533124452115,"OK"
38,1000,0.25,7.76628231206987,0.0154933267728446,0.0219078849879226,0.0242257743688636,0.00796511513987042,0.0233350357810697,134.413678465546,132.331163422339,7.76628231206987,0.0154933267728446,0.213328002505915,0.287337558051678,"OK"
38,1000,0.1,1.06909696872815,0.00216167361705528,0.00789358417758274,0.00929890269113856,0.00716311639388489,0.00930930569121557,134.46675532746,134.176082090098,1.06909696872815,0.00216167361705524,0.0675222545020584,0.132371693578382,"OK"
39,1000,1,245.897965828794,0.332565109985346,0.105119526783494,0.103399902036453,0.00704630033418741,0.337268056673905,136.574287947382,91.1544448549902,245.897965828794,0.332565109985346,1.08424227859644,1.00994487094054,"OK"
39,1000,0.5,46.7859001914767,0.0865947087919486,0.0526396460607728,0.0518255685583259,0.00783864590180094,0.0937545694345598,131.644597277151,120.244871711902,46.7859001914767,0.0865947087919486,0.532908718385947,0.439180726945842,"OK"
39,1000,0.25,10.569847106589,0.0209690128605411,0.0264780501311123,0.0249359821726155,0.0082839477806973,0.0290792544336889,131.771789060104,129.008664720646,10.569847106589,0.0209690128605411,0.26362622184447,0.17614548312576,"OK"
39,1000,0.1,1.75666735545117,0.0035469837586061,0.0119074276158658,0.00908318999609353,0.00836115953176919,0.011878486393313,131.961702872572,131.493636855725,1.75666735545117,0.00354698375860612,0.102724322884254,0.0206611251680279,"OK"
40,1000,1,210.103584591926,0.298610736489896,0.100347522399511,0.0975978765222204,0.0110687062111026,0.306374208187311,133.148988515613,93.3892709920811,210.103584591926,0.298610736489896,1.07038299758202,0.998252028498024,"OK"
40,1000,0.5,50.2073856271631,0.0923426588536206,0.0628619463206087,0.0492365266939864,0.00762991111101941,0.0992680036858317,140.594636240279,127.611753709294,50.2073856271631,0.0923426588536206,0.618217143396984,0.475748656113151,"OK"
40,1000,0.25,16.0898999892455,0.0315742128907677,0.0399562712704346,0.0230503258204973,0.0109835373632398,0.0422109537070068,137.945913693751,133.590380047373,16.0898999892455,0.0315742128907677,0.368655184316973,0.226903348058432,"OK"
40,1000,0.1,4.93243009652613,0.00989588517659439,0.0246094981892901,0.00702401732761731,0.0131009778101044,0.022867217214589,136.767874571746,135.414435389138,4.93243009652613,0.00989588517659442,0.216462826969584,0.0788934873681318,"OK"
41,1000,1,202.842063918573,0.2912965831435,0.102327303969774,0.0973968732505752,0.00554514848077414,0.295226448818801,135.091305245297,95.7396696149462,202.842063918573,0.291296583143499,1.0811943124583,0.998497380687363,"OK"
41,1000,0.5,35.8025152170039,0.0676409315801675,0.0514505410965177,0.0448721409270142,0.00367976644143841,0.0710717951915096,136.281782300997,127.063555588752,35.8025152170039,0.0676409315801676,0.579770152341245,0.476857838882339,"OK"
41,1000,0.25,9.01036240602755,0.0179306997031579,0.028174936057964,0.0208421324314679,0.00378736512733679,0.0216501547237302,136.241280765413,133.798379272834,9.01036240602755,0.0179306997031579,0.318039693183461,0.227854662846331,"OK"
41,1000,0.1,1.63384179221585,0.00329979826525672,0.0135111194357382,0.00630322398515015,0.0045799827876426,0.00786466803364172,135.703077428906,135.255284649416,1.63384179221585,0.00329979826525669,0.159849235395269,0.0796884082449229,"OK"
42,1000,1,238.013300435411,0.325371118055872,0.101314905622163,0.107560348379864,0.00785487052417078,0.330670240575409,138.865537807113,93.6827025113823,238.013300435411,0.325371118055872,0.95316505622384,1.15769933212834,"OK"
42,1000,0.5,44.9207388374194,0.0834305508632786,0.0434470380981881,0.0580952884533902,0.00957037784006709,0.0922024668081791,131.716098804046,120.726952123263,44.9207388374194,0.0834305508632785,0.45302365638146,0.626332195990213,"OK"
42,1000,0.25,11.2388717884262,0.0222667054522744,0.0188534902081741,0.0324055762279552,0.00702622323634261,0.0291364778453714,132.547338079469,129.595945543971,11.2388717884262,0.0222667054522744,0.211525112951903,0.354182414676259,"OK"
42,1000,0.1,2.55910610290607,0.0051588733508204,0.00465079774363318,0.0174522986502897,0.00558333767340402,0.0107134072922925,132.515282001024,131.831652444132,2.55910610290607,0.00515887335082047,0.0675223698229098,0.190216379607912,"OK"
43,1000,1,221.040476114978,0.309346333068206,0.0983653662186158,0.10893878563247,0.00408618554176099,0.312168472096387,138.279147040019,95.5029999633896,221.040476114978,0.309346333068206,1.03812994713437,1.07738876565731,"OK"
43,1000,0.5,44.3567528354359,0.0824694541838492,0.053212441437003,0.0537535134375056,0.00827830633031512,0.0900650531095365,137.938175758612,126.562489692683,44.3567528354359,0.0824694541838492,0.549522895601503,0.546893799998376,"OK"
43,1000,0.25,12.2544831471391,0.0242301028571879,0.0300923677774223,0.0278846287395725,0.0095315541484069,0.0335307064681901,138.306353924419,134.955176743028,12.2544831471391,0.024230102857188,0.304734295614176,0.284505855548883,"OK"
43,1000,0.1,2.94493271067766,0.00593204304573683,0.0157077118010714,0.0127855204303773,0.00973295497800253,0.0156072617158477,137.954714028645,137.136360726665,2.94493271067766,0.0059320430457369,0.157810411833523,0.127372108313841,"OK"
44,1000,1,192.618389598472,0.280736375119162,0.091077907673855,0.0990936930232271,0.0142435856436561,0.290981268160519,131.853346261271,94.8373157845501,192.618389598472,0.280736375119162,0.929039182815399,0.968227870946412,"OK"
44,1000,0.5,34.8838269219235,0.0660198612155442,0.0383604452734471,0.0524429258022719,0.0048442882388634,0.0705443302171899,131.582457471522,122.895401890852,34.8838269219235,0.0660198612155443,0.410863419696929,0.515102634932599,"OK"
44,1000,0.25,8.30203938508244,0.0165444512645981,0.0159353029917498,0.0284424030786349,0.0056508845840757,0.0221018450640706,133.042335859377,130.841223417624,8.30203938508244,0.0165444512645981,0.168282022510888,0.267933150178181,"OK"
44,1000,0.1,1.48290197287596,0.00299586504294491,0.00321574745573305,0.0134640941774248,0.0065683520266937,0.00954453917341214,133.585171838321,133.184968691754,1.48290197287596,0.00299586504294496,0.0244592528752248,0.117476617240541,"OK"
45,1000,1,205.337883872674,0.293827636725667,0.0929992149630456,0.105885672442982,0.00783257643617385,0.299358785738127,132.638079019331,93.6653457212484,205.337883872674,0.293827636725667,1.00190418331557,0.997933597168366,"OK"
45,1000,0.5,41.1742124834152,0.0770080387684535,0.0426409154293689,0.0601139745093858,0.00523361471621375,0.0818386230797019,137.823225457391,127.209729168175,41.1742124834152,0.0770080387684535,0.501652935609099,0.543928193005816,"OK"
45,1000,0.25,11.715048978821,0.0231882423187915,0.019128188104332,0.0359498767262757,0.00475228929393368,0.0278303343770085,138.901032065018,135.680161275164,11.715048978821,0.0231882423187916,0.247094421178754,0.299456511134417,"OK"
45,1000,0.1,3.15606926257757,0.0063546374602119,0.0045227301746762,0.0210099641917325,0.00489500754134753,0.0112185390032691,139.258569611752,138.373631888642,3.15606926257757,0.00635463746021182,0.0938957690187256,0.150946786029239,"OK"
46,1000,1,228.123411097418,0.316125291376698,0.105868553263299,0.0960979802992345,0.0131112545629651,0.325091746770632,134.419007685261,91.9257597141911,228.123411097418,0.316125291376698,1.05084786332472,1.07770159417164,"OK"
46,1000,0.5,53.664798765869,0.0980779445002859,0.0594913893920556,0.0518841507735701,0.0105030830079236,0.107550906715877,131.856244344874,118.924054930002,53.664798765869,0.098077944500286,0.537766450574624,0.550845191217215,"OK"
46,1000,0.25,15.5572870653276,0.0305609750820267,0.0346183608437905,0.0275428707050721,0.00888498742338084,0.0391744286261574,132.430393777948,128.383191813597,15.5572870653276,0.0305609750820266,0.28531646048693,0.281319776486473,"OK"
46,1000,0.1,3.89623222350413,0.00783325640824993,0.0189880795986566,0.0120399586777296,0.00781625690162868,0.0155882865654153,132.33515348637,131.298538297286,3.89623222350413,0.00783325640824986,0.134274229069059,0.118966947375353,"OK"
47,1000,1,218.419010251202,0.306803171577245,0.0931494339220024,0.106347003136923,0.0130141790060874,0.315824559188791,129.903389870989,90.0486178599341,218.419010251202,0.306803171577245,0.944020527629334,0.969629307823279,"OK"
47,1000,0.5,53.6226425392212,0.0980084507019415,0.0501086582127804,0.0638610755402593,0.0126201331767569,0.109391704178392,133.604700327777,120.510310642155,53.6226425392212,0.0980084507019416,0.463394423141409,0.470621690754763,"OK"
47,1000,0.25,17.0178247003076,0.0333344378529735,0.0275158611360485,0.0385896543191933,0.0109761306960132,0.0439446854024343,133.470596777844,129.021429464354,17.0178247003076,0.0333344378529735,0.223987441396525,0.218962448968502,"OK"
47,1000,0.1,5.23898046013691,0.01050445356267,0.0137030254209726,0.0229328833296124,0.0102518207104406,0.020648584498525,133.669795170512,132.265667014411,5.23898046013691,0.01050445356267,0.0804379993515183,0.0677415121212902,"OK"
48,1000,1,225.058068920474,0.313207907133505,0.115653380187812,0.0872802803235742,0.00792553424284947,0.318651101383236,134.693962631894,92.5067484924399,225.058068920474,0.313207907133505,1.10680549927316,1.01236910907264,"OK"
48,1000,0.5,46.0176569635579,0.0852940703044797,0.062236608888063,0.0433666135150659,0.00787298371015199,0.0924955351885519,135.627389246165,124.059177172589,46.0176569635579,0.0852940703044796,0.577052065418447,0.534502890511171,"OK"
48,1000,0.25,12.4365206667993,0.0245811878739422,0.0359769485443697,0.019376020766713,0.00881020797576237,0.0331748304722439,136.709614808581,133.349130082797,12.4365206667993,0.0245811878739422,0.310069493257061,0.282256097360419,"OK"
48,1000,0.1,3.27495347131249,0.0065924287213518,0.020593958832982,0.00506475914166811,0.00895849083901568,0.0154918613480604,137.357594975669,136.452074821455,3.27495347131249,0.00659242872135177,0.149659742514877,0.129515821158252,"OK"
49,1000,1,228.494405279134,0.316476697891855,0.0992987450139592,0.104857633799671,0.0127729406799522,0.325207300483047,135.676635792048,92.7381421155051,228.494405279134,0.316476697891855,1.01952671647034,1.06823056189472,"OK"
49,1000,0.5,38.5523832035329,0.07245975099558,0.050263067018275,0.0478765173413254,0.0101561415680376,0.0818799810745217,136.660057842376,126.757704080076,38.5523832035329,0.07245975099558,0.528911591072678,0.520899480590432,"OK"
49,1000,0.25,8.53291907595303,0.0169967321897114,0.0248568336828263,0.022420334185018,0.00787550096787659,0.0247383753767773,135.330899465229,133.030716410026,8.53291907595303,0.0169967321897115,0.279353348761562,0.25496457302451,"OK"
49,1000,0.1,1.03312120543383,0.00208908394834217,0.00931378939072292,0.00713167340656323,0.00701484338149017,0.00908927273312399,134.696220915823,134.414829202806,1.03312120543383,0.00208908394834223,0.12917391351476,0.0962120140450667,"OK"
50,1000,1,213.370226874698,0.301852049729237,0.0986206785582722,0.097196183234979,0.00360205624162069,0.304366817911084,129.674324519063,90.5318638657294,213.370226874698,0.301852049729237,0.994666139573416,0.903413340247858,"OK"
50,1000,0.5,23.518081643822,0.0454879287181754,0.0400860093154645,0.0357081053798017,0.00449549643750935,0.0497789343341825,129.909313650501,124.00000805134,23.518081643822,0.0454879287181753,0.505587517524595,0.386576430359281,"OK"
50,1000,0.25,2.20826323668616,0.00445476382069464,0.0145684815595568,0.00845959151804617,0.0037139410178253,0.00815216010844155,132.730415151587,132.139132500264,2.20826323668616,0.00445476382069466,0.256246514388356,0.142598175612507,"OK"
50,1000,0.1,0.307497904730575,0.000622708051285807,-0.000371303576949527,-0.00655149270916308,0.00378801817789531,0.00440836739976336,134.462799236103,134.37906816842,0.307497904730575,0.000622708051285837,0.10613980374993,-0.00227877809388525,"OK"
51,1000,1,202.24413181805,0.290687513654719,0.0962554866575575,0.102235878001,0.00984843208153641,0.297673129501076,129.371955092824,91.7651431302412,202.24413181805,0.290687513654719,0.965347138988899,1.00884192430461,"OK"
51,1000,0.5,33.655912579232,0.0638443234271293,0.038909979470539,0.0530124467945552,0.00707072957320209,0.0704636270545942,129.655207408827,121.377458413006,33.655912579232,0.0638443234271294,0.416283513228472,0.547171657850234,"OK"
51,1000,0.25,6.69865815684001,0.0133919954554129,0.014825742925108,0.026423014977463,0.00620076525167679,0.0195097200870191,131.750293249135,129.985893920693,6.69865815684001,0.0133919954554129,0.168028658290846,0.29950296376604,"OK"
51,1000,0.1,0.806645775126476,0.00163187321477656,0.000820931905181495,0.0105036753863228,0.00610965811925335,0.00773156114659368,132.63638084629,132.419935089082,0.806645775126476,0.00163187321477658,0.0218235039047669,0.149141476536887,"OK"
52,1000,1,185.596382295718,0.273299029613883,0.0967094193505635,0.0878992978317202,0.0172807467586585,0.285856965052397,132.122008621455,96.0131918745741,185.596382295718,0.273299029613883,1.03113807606087,1.01855310984318,"OK"
52,1000,0.5,29.999356513613,0.0573054314973792,0.0487759205420274,0.0345006655791468,0.0139494467184914,0.0704554991525178,132.153997627436,124.580855769292,29.999356513613,0.0573054314973793,0.488179632820455,0.42555629372361,"OK"
52,1000,0.25,6.28922090490639,0.0125837465912516,0.0250613253720528,0.0131277647072513,0.0129164799298481,0.0253376888108114,135.168456641959,133.467531036447,6.28922090490639,0.0125837465912515,0.230674872073204,0.159045401792944,"OK"
52,1000,0.1,0.906509415975991,0.0018335305031619,0.0108840897985195,0.000500273476058559,0.0122177709246998,0.0140288997721906,136.030230880285,135.780815302614,0.906509415975991,0.00183353050316188,0.0776333128115176,0.00227463504470939,"OK"
53,1000,1,234.010440539243,0.321659219578747,0.0989687363567442,0.114604882981796,0.0137033165585788,0.330954738027453,132.711454289306,90.0235914734476,234.010440539243,0.321659219578747,0.92375160052073,1.06774202735459,"OK"
53,1000,0.5,46.5039471326498,0.0861177911376013,0.052563049444468,0.0573177991683368,0.0127662285284952,0.0977846202640646,130.618937046302,119.370322707133,46.5039471326498,0.0861177911376013,0.459781196816363,0.532782380128033,"OK"
53,1000,0.25,10.1639947317156,0.0201801098312172,0.0246338665296211,0.0288440516413627,0.011086622870647,0.0310430034346773,132.764448024109,130.085246881301,10.1639947317156,0.0201801098312172,0.222460623162129,0.262850368898007,"OK"
53,1000,0.1,1.58917071464575,0.00320986765344075,0.0086532624454975,0.0124385974233657,0.0103884714071154,0.0135649934422177,133.718994230128,133.289773955899,1.58917071464575,0.00320986765344072,0.0795103637931086,0.100634739039406,"OK"
54,1000,1,211.661185502573,0.300160005760556,0.105101505119115,0.0947137014606297,0.00841722409411072,0.306050715822091,136.184428700601,95.3073097973308,211.661185502573,0.300160005760556,1.0764112074985,1.01661851393688,"OK"
54,1000,0.5,37.1261271475914,0.0699666398772425,0.0510805343930737,0.0439543436289386,0.0156946007304761,0.0845631421303922,132.567587805362,123.29227912999,37.1261271475914,0.0699666398772424,0.51840098498182,0.461210912998354,"OK"
54,1000,0.25,7.03572308922592,0.0140563855179058,0.0236903348429719,0.0186919575656888,0.0159366832099959,0.0297690565648253,132.360598006354,130.500086413396,7.03572308922592,0.0140563855179059,0.253628752193694,0.204345168935466,"OK"
54,1000,0.1,0.457201338036499,0.000925588971672096,0.00680134065898659,0.00370975943670674,0.0155455493329117,0.0164567495155628,132.632644972068,132.509881658598,0.457201338036499,0.000925588971672135,0.0962537322102671,0.0524047398837357,"OK"
55,1000,1,189.477705534966,0.277428829666631,0.0913933334861709,0.106784057750167,0.00451750472113299,0.280693048339966,138.623527935697,100.165364816237,189.477705534966,0.277428829666631,0.939778376230744,0.958644894558487,"OK"
55,1000,0.5,28.9401667614902,0.0553942223487236,0.0412015965066408,0.0457780532826442,0.00638823180551751,0.061428583021191,133.492041623677,126.09735378819,28.9401667614902,0.0553942223487235,0.474421984028138,0.417141539635199,"OK"
55,1000,0.25,4.97525976532066,0.00998095626182729,0.0174355812732917,0.0197404049803748,0.00751041075379599,0.0174164059343812,135.417243128663,134.065649547898,4.97525976532066,0.00998095626182721,0.241728704551677,0.170059464980393,"OK"
55,1000,0.1,0.323744769889635,0.000655587693622333,0.00407889224532529,0.00542357029782945,0.00824486348441,0.00889504594699631,136.240397125056,136.151079597327,0.323744769889635,0.000655587693622277,0.102111159610414,0.0242853299112778,"OK"
56,1000,1,182.08102714404,0.269517674162301,0.0918965167151653,0.0998786403878776,0.00728433243428284,0.274838750261071,135.055274589888,98.6554910990706,182.08102714404,0.269517674162301,0.962733749386205,0.927327442460696,"OK"
56,1000,0.5,38.3253875210038,0.0720638548295894,0.0514570910027216,0.0463442980935488,0.0099295514053992,0.081277844483987,131.173923154749,121.721024599097,38.3253875210038,0.0720638548295894,0.471496947309848,0.425369092695555,"OK"
56,1000,0.25,9.24584108137634,0.0183906863585168,0.0271992852669233,0.0221329153749743,0.00978560620404811,0.0279963285480384,131.642917859344,129.221914245673,9.24584108137634,0.0183906863585168,0.222359430565844,0.178504533825488,"OK"
56,1000,0.1,1.28183152380404,0.00259070047066263,0.0110397385989897,0.00718898438214613,0.00930302608078026,0.0118696251973969,131.619807433982,131.278819936915,1.28183152380404,0.00259070047066267,0.0725089296590268,0.0308160603116084,"OK"
57,1000,1,196.159577026666,0.284429570125554,0.10049734240721,0.101547637196443,0.0114965015921149,0.292656126711876,136.925816876337,97.9800656431102,196.159577026666,0.284429570125554,1.01188153822587,0.954267906106784,"OK"
57,1000,0.5,31.9828373938234,0.0608637145076802,0.0345976207141498,0.0549798800113152,0.00465551817016086,0.0652358805490471,129.329600084506,121.45812022757,31.9828373938234,0.0608637145076802,0.37052389456997,0.521288838861826,"OK"
57,1000,0.25,5.92136413609504,0.0118564494058797,0.00437647836064767,0.0286592415160773,0.00525680617446267,0.0170509285238984,130.627627316934,129.078847462641,5.92136413609504,0.0118564494058798,0.0915309474409362,0.290453173488405,"OK"
57,1000,0.1,2.40991734261881,0.00485958690951895,-0.0125138931715667,0.0126247083330558,0.00649979103149223,0.0113277916415999,132.173220202793,131.530912952106,2.40991734261881,0.00485958690951893,-0.0715057652725574,0.150451611778104,"OK"
58,1000,1,214.598718634871,0.303063277742674,0.0892784860578672,0.103328632948334,0.00975705695439888,0.30986332903535,128.594470336313,89.6222086566071,214.598718634871,0.303063277742673,0.924793651062347,0.938311336404806,"OK"
58,1000,0.5,30.6947521610113,0.0585560081142955,0.04147251317275,0.0463878588935408,0.0118207505716708,0.0696845827195745,138.027450951502,129.94511441359,30.6947521610113,0.0585560081142955,0.489751774393435,0.497520711861598,"OK"
58,1000,0.25,6.10710165477089,0.0122238087379929,0.0190055204894175,0.0214944053182159,0.0115539700258045,0.0236365452440375,140.63679557921,138.917678288526,6.10710165477089,0.0122238087379929,0.251153774373639,0.25847464484776,"OK"
58,1000,0.1,0.697987088210537,0.00141236327635214,0.00606725567605759,0.0076215188761028,0.0111824024759328,0.0125789721376866,140.819206774537,140.620318898284,0.697987088210537,0.00141236327635212,0.105790964402169,0.113096711480976,"OK"
59,1000,1,186.090357512273,0.273827248216823,0.0920096656828445,0.102570074813812,0.0102066204511705,0.281239017876256,130.798046384866,94.9819772711616,186.090357512273,0.273827248216823,0.941244535992088,0.942434818325284,"OK"
59,1000,0.5,24.4027712018772,0.0471184410642303,0.0420713487027855,0.0411868593478325,0.00979250302689161,0.056449536614378,138.255539797184,131.741154293447,24.4027712018772,0.0471184410642303,0.459610200127767,0.480743950031183,"OK"
59,1000,0.25,4.12388418818799,0.00828715083665165,0.01750214956944,0.0173597185149385,0.0089991398679975,0.0172117134751629,137.861172857854,136.718696523863,4.12388418818799,0.00828715083665165,0.223983280533577,0.246969338331963,"OK"
59,1000,0.1,0.131524862508967,0.000266443401372309,0.0022969279670916,0.00373098520936693,0.00858017238063924,0.00884432965169812,137.152798156956,137.116254698907,0.131524862508967,0.000266443401372343,0.083149868519463,0.106398269770273,"OK"
60,1000,1,195.236497025624,0.283470525910521,0.0916084318548951,0.0956934682507779,0.00742223423340027,0.288788775502348,137.929706451657,98.8307000251223,195.236497025624,0.283470525910521,0.962794454801301,0.97509600669164,"OK"
60,1000,0.5,37.3365942326276,0.0703353812421336,0.0376911140267322,0.0549512241388128,0.00935907355118903,0.0790361807870266,138.848856820515,129.082869541009,37.3365942326276,0.0703353812421336,0.413376834516668,0.562834204340581,"OK"
60,1000,0.25,9.61380596511845,0.0191086109169204,0.0137707409382193,0.0323139124370602,0.00976489172353545,0.028686909123865,138.881909254467,136.228068887125,9.61380596511845,0.0191086109169204,0.157203601784604,0.330207803984709,"OK"
60,1000,0.1,2.59562156536652,0.0052320993222564,-0.0007464629824175,0.0188936518578615,0.00935503042842278,0.0145381833023149,138.537349719564,137.812508545989,2.59562156536652,0.00523209932225639,0.0054379113106836,0.187861352528042,"OK"
61,1000,1,179.799999682839,0.267042922571713,0.0957606688922032,0.097842294145621,0.00741987800153887,0.272481374666596,131.41537798559,96.3218313774513,179.799999682839,0.267042922571713,0.958510794436104,0.931072300805019,"OK"
61,1000,0.5,32.2317433034571,0.0613083453947969,0.0492874099049263,0.0434614716193639,0.00837238960559838,0.0691674376466754,132.351779731005,124.23751110564,32.2317433034571,0.0613083453947969,0.496535237129302,0.437859398590882,"OK"
61,1000,0.25,8.76881092930723,0.0174584022310344,0.0277872237019209,0.0215061724990781,0.00790902281731154,0.025229346146747,133.3936718669,131.064831488373,8.76881092930723,0.0174584022310345,0.258370206990932,0.197716989382379,"OK"
61,1000,0.1,2.02058799936228,0.00407770746220717,0.0147970499656308,0.00812852328209875,0.00806124580155176,0.0121060818615992,133.345674879902,132.801930226391,2.02058799936228,0.00407770746220714,0.114720669979251,0.0543074830814618,"OK"
62,1000,1,208.51471444844,0.297023281929733,0.0901784576423825,0.107781657462183,0.00685377632850204,0.301841327119531,131.207015311385,92.2354770113924,208.51471444844,0.297023281929733,0.918154004716259,0.975093755074924,"OK"
62,1000,0.5,63.4288794010149,0.113890447680202,0.0586885207366413,0.0661828247989003,0.00707034863584233,0.120155551144653,135.355471665663,119.939776401696,63.4288794010149,0.113890447680202,0.483980944478183,0.523835219362087,"OK"
62,1000,0.25,25.6500091376369,0.0494077023715059,0.0375771720933325,0.0444197926876989,0.00686125969103957,0.055929962985837,135.163076485031,128.484979430442,25.6500091376369,0.0494077023715059,0.260995360361041,0.287091453127542,"OK"
62,1000,0.1,11.1060781563531,0.0220094022587493,0.0240963539869881,0.03026667411426,0.00710311555640064,0.0289561824875787,134.364773261053,131.407484916945,11.1060781563531,0.0220094022587493,0.126587150958611,0.143882959984124,"OK"
63,1000,1,167.321569263609,0.253202342426663,0.0932847186763437,0.0933192181035081,0.00970653193079274,0.26045115773574,136.435094593598,101.889409053296,167.321569263609,0.253202342426663,1.05847878458353,1.02751991298077,"OK"
63,1000,0.5,36.1817769944801,0.0683085176155817,0.0451949581064367,0.052839371373764,0.0106387866612331,0.0782205845307575,140.949218334503,131.321186170998,36.1817769944801,0.0683085176155817,0.527513471863519,0.554193260054495,"OK"
63,1000,0.25,10.3998162209928,0.0206386584916551,0.0222617895299763,0.0307814243445862,0.010987549929219,0.031399440130225,139.734975270172,136.851032836231,10.3998162209928,0.0206386584916551,0.27232666528693,0.298003671734469,"OK"
63,1000,0.1,2.52530885223818,0.00509108871497211,0.00833426075858563,0.0168159770998624,0.0113337527592257,0.016367140333427,139.046180292162,138.338283852817,2.52530885223818,0.00509108871497213,0.120291209374043,0.142248074568504,"OK"
64,1000,1,225.36710254884,0.313503152042666,0.109013393436683,0.0947507188554725,0.0135766228023642,0.322823460802395,130.996534085754,89.9287077432058,225.36710254884,0.313503152042666,1.05440356525941,0.920566327149417,"OK"
64,1000,0.5,33.8743320570343,0.0642320454332823,0.051037685920989,0.0420079586336408,0.00764837426264653,0.0713891489727998,134.069655359956,125.458087165651,33.8743320570343,0.0642320454332823,0.549176138756734,0.386486430824952,"OK"
64,1000,0.25,7.54683890341977,0.0150621425332941,0.0276206797427089,0.016053645454719,0.00548875999628251,0.0204682300441815,134.62407036203,132.596343425825,7.54683890341977,0.0150621425332941,0.284955230606069,0.142624549545237,"OK"
64,1000,0.1,1.3605676500231,0.00274939596922042,0.0134223562881814,0.00118820007512646,0.00521626915318807,0.00795132353302441,134.602730916722,134.232654710894,1.3605676500231,0.00274939596922049,0.125208931467428,-0.00126886898177083,"OK"
65,1000,1,215.261180236901,0.303714687315339,0.106893461990048,0.0972469521100997,0.00370876675040233,0.306297047131817,129.909567616068,90.4541239082828,215.261180236901,0.303714687315338,0.888272660881102,0.955964994599299,"OK"
65,1000,0.5,55.3410931471068,0.10083263414147,0.060980419903136,0.0576585763769618,0.0108845407092009,0.110619657939542,132.17665994757,118.848939153036,55.3410931471068,0.10083263414147,0.437095482170304,0.467986638072044,"OK"
65,1000,0.25,18.4352294588058,0.0360108630896425,0.036389170726984,0.0349638191253538,0.0104173951544622,0.0460531188534467,133.908384446268,129.086227947418,18.4352294588058,0.0360108630896425,0.21490645808364,0.22133367567229,"OK"
65,1000,0.1,6.24529698236162,0.0124969599915656,0.0215537328225812,0.0205499122073017,0.0099343977244819,0.0223072079451443,134.334992616207,132.656213588015,6.24529698236162,0.0124969599915655,0.0819485332071068,0.0730633486483514,"OK"
66,1000,1,191.925179008848,0.280008941729248,0.102292313843841,0.0989009544040954,0.00577662277584512,0.28416805847486,133.769305015623,96.3127034823414,191.925179008848,0.280008941729248,0.926320829111314,0.919195770179009,"OK"
66,1000,0.5,39.1111121585973,0.0734327753697918,0.0538145616859438,0.0502424944152271,0.00720577574032477,0.0801094109988123,136.596536300716,126.565873534254,39.1111121585973,0.0734327753697919,0.423669154485303,0.408170564400384,"OK"
66,1000,0.25,10.7630351737673,0.0213440891420058,0.0291888047632014,0.0269491951807312,0.00791823144618276,0.0290933131503542,136.846271371427,133.925412356524,10.7630351737673,0.0213440891420058,0.17901237730874,0.165944524093862,"OK"
66,1000,0.1,2.46124123783078,0.00496256770325027,0.0140702317315081,0.0129250423024842,0.00835762102555915,0.013278713468632,136.135069821652,135.459490320875,2.46124123783078,0.00496256770325026,0.032915688805329,0.0219982641723107,"OK"
67,1000,1,215.832304470927,0.304275306665909,0.102074975703147,0.1044191049925,0.0101454287947336,0.311333732002868,133.572692587062,92.9298205879427,215.832304470927,0.304275306665909,1.05801545800713,1.01933252132294,"OK"
67,1000,0.5,28.4589386435165,0.0545233284393529,0.0422260546760476,0.0458824529374849,0.00530163506316228,0.0595359007127009,135.988799036987,128.57423708302,28.4589386435165,0.054523328439353,0.490040632770554,0.532082225548045,"OK"
67,1000,0.25,4.60892447845381,0.00925284461281155,0.0148568393276825,0.0208759766648473,0.00410592215907557,0.0133207753121569,135.779680382744,134.523332098585,4.60892447845381,0.00925284461281157,0.222103079182646,0.284200784118442,"OK"
67,1000,0.1,0.208688949076328,0.000422696528838798,-0.00174242850823296,0.00498779106130559,0.00416882437939214,0.00458975876063639,135.4842993969,135.427030653833,0.208688949076328,0.00042269652883875,0.0630188667919774,0.135026842356798,"OK"
68,1000,1,208.493443728962,0.297001981416597,0.111611974232956,0.0922585063218923,0.00700546271984381,0.301926807827907,132.629640724803,93.2383746349654,208.493443728962,0.297001981416597,0.94847462290609,0.933048531319015,"OK"
68,1000,0.5,30.7606061723027,0.0586742658329605,0.058570683014724,0.0301426696645549,0.00991327682277487,0.0680058884161601,137.305849765874,129.249529836291,30.7606061723027,0.0586742658329604,0.471809305478051,0.398247176523174,"OK"
68,1000,0.25,6.67913241367126,0.013353480744869,0.030611957420071,0.00859026302741318,0.00945042099762972,0.022677705727676,138.572145368945,136.721724893986,6.67913241367126,0.0133534807448691,0.228364045350776,0.157247723652995,"OK"
68,1000,0.1,1.58168206430678,0.00319479011566687,0.0152561243433501,-0.0045443299294949,0.00882776377710748,0.0119943510403158,139.957678819464,139.51054341056,1.58168206430678,0.00319479011566683,0.0817622690032148,0.0154088049558239,"OK"
69,1000,1,250.855772382393,0.337010582425527,0.10221411883919,0.106625539637459,0.00482547047946758,0.340209818288232,138.844370601803,92.0523483987834,250.855772382393,0.337010582425527,1.13702844907378,1.09444340915829,"OK"
69,1000,0.5,44.3958657190679,0.0825361720520362,0.0516393609805802,0.0505756313114591,0.0051175590750745,0.0872313473908038,135.635521001564,124.440684303811,44.3958657190679,0.0825361720520362,0.616782340691124,0.561814638114094,"OK"
69,1000,0.25,10.5509136856938,0.0209322379926741,0.0269725888788026,0.0241503466361892,0.00584840054537883,0.0266582184259606,133.948343731426,131.144505121716,10.5509136856938,0.0209322379926741,0.354378224056829,0.294309984556721,"OK"
69,1000,0.1,1.73321172631461,0.00349978895856535,0.0125956824026463,0.00782277255575364,0.00627069478094,0.00974853763114847,132.966506337496,132.501151626757,1.73321172631461,0.00349978895856533,0.196697225365855,0.133682727131856,"OK"
70,1000,1,225.852266860252,0.313966157145826,0.0973731544160144,0.107497988806913,0.0112243742588815,0.32166645775228,132.274167051626,90.7445551327622,225.852266860252,0.313966157145826,0.962700105281756,1.0091579809168,"OK"
70,1000,0.5,35.57459382392,0.0672392782401482,0.0355546405077217,0.0584662213217732,0.00815043896305478,0.0748416875699869,139.045869070934,129.696525192331,35.57459382392,0.0672392782401483,0.452346900514371,0.578069121329609,"OK"
70,1000,0.25,9.34906293926504,0.0185921852665245,0.00917368380658145,0.0344334340315878,0.00968226818507056,0.028094438927698,139.376844762787,136.785524643094,9.34906293926504,0.0185921852665245,0.204677062662066,0.330491619771261,"OK"
70,1000,0.1,3.25455577935209,0.00655163750686908,-0.00553227127682769,0.0200363575266739,0.0108335122134612,0.0173141724753815,139.140096386625,138.228500912429,3.25455577935209,0.00655163750686913,0.0568601357712452,0.178595448457152,"OK"
71,1000,1,263.356996611932,0.34796136891229,0.108539891680877,0.0970184731014763,0.00783093589809736,0.353067441635421,130.289807853375,84.9539879573955,263.356996611932,0.34796136891229,1.09137968945838,1.03795174070047,"OK"
71,1000,0.5,41.6906278580315,0.0778986508506099,0.0502972025477842,0.0477127076279163,0.0109679438094288,0.0880122066346789,131.844367921948,121.573869538576,41.6906278580315,0.0778986508506099,0.567746532898776,0.490096659788297,"OK"
71,1000,0.25,8.1325448067956,0.0162121554731419,0.0224834604123683,0.0222208038523646,0.00913698872769086,0.0252010139190231,131.599560386653,129.466047853468,8.1325448067956,0.0162121554731419,0.295502691659601,0.224381212567164,"OK"
71,1000,0.1,0.680758818108415,0.00137755023027713,0.00633438243413581,0.00668767654110509,0.00768303820844152,0.00905000466766537,131.304032948193,131.123155047369,0.680758818108415,0.00137755023027712,0.131066017121822,0.0658106756624753,"OK"
72,1000,1,229.996598713939,0.317895894911976,0.111298540344208,0.0992810699233251,0.0147316583385709,0.32794441953947,138.220690176756,94.280900177665,229.996598713939,0.317895894911976,1.10388742326088,1.01961396210746,"OK"
72,1000,0.5,51.895354510712,0.0951518088328211,0.0556486588905047,0.0568950651025667,0.0153008954455434,0.108996796399959,131.164215411622,118.683703061068,51.895354510712,0.0951518088328211,0.60354160826377,0.515286856552256,"OK"
72,1000,0.25,16.735980895141,0.0328004717851923,0.0303853696401029,0.0355380576907446,0.0138014107044456,0.0461491897072309,131.062108527979,126.7632095351,16.735980895141,0.0328004717851923,0.351455531641768,0.264192771010342,"OK"
72,1000,0.1,5.40537238105701,0.0108344641695469,0.0157479984196626,0.0217890970715972,0.0127763213046352,0.0234723608787885,130.912682686894,129.494313916984,5.40537238105701,0.0108344641695469,0.20000382724176,0.11364815294137,"OK"
73,1000,1,217.58171946308,0.305986940048706,0.0948305271870186,0.105881353295876,0.00910228135414326,0.312304042183833,135.861504199328,94.2896582589613,217.58171946308,0.305986940048706,1.08578740164256,1.01809611156508,"OK"
73,1000,0.5,37.0587829009284,0.0698485900059982,0.0502114512558807,0.0436262865007241,0.0136306959824435,0.0825272010932676,130.837374669898,121.698568529119,37.0587829009284,0.0698485900059982,0.601682198039789,0.483525579438864,"OK"
73,1000,0.25,7.05553726359286,0.0140954134723265,0.0246357417284544,0.0170616495693671,0.0146636875023183,0.0285524102362705,131.753801320206,129.896677014047,7.05553726359286,0.0140954134723264,0.338031951361184,0.23012191792933,"OK"
73,1000,0.1,0.689977775162542,0.00139617921486149,0.00926585785112435,0.00212819212389774,0.0145445020586822,0.0159203745420788,132.367482484987,132.182673757218,0.689977775162542,0.0013961792148615,0.177583356464044,0.0795313083059339,"OK"
74,1000,1,222.446149143584,0.310702347389779,0.0927254677064166,0.112974895390502,0.00877086424376727,0.31674808352437,134.599147005995,92.7788760745704,222.446149143584,0.310702347389779,0.927974570368907,1.04078180505934,"OK"
74,1000,0.5,51.9026984509232,0.0951639927678017,0.0608450024560221,0.0543177696861162,0.0122606999553894,0.106257915561308,135.765681695564,122.845677344572,51.9026984509232,0.0951639927678018,0.493819704003081,0.557039374399875,"OK"
74,1000,0.25,19.9995850439938,0.0389476167586004,0.0429528396828093,0.0296817839074157,0.010943057446452,0.0494644681974605,134.931564242949,129.676301390177,19.9995850439938,0.0389476167586003,0.258708929785674,0.30366122939565,"OK"
74,1000,0.1,8.20701327946623,0.0163581793003453,0.0304836936635599,0.01473949430299,0.00996090206216982,0.0261561391405889,133.826960361069,131.637794948263,8.20701327946623,0.0163581793003452,0.115756734509735,0.150431072791994,"OK"
75,1000,1,201.183957501327,0.289605014379424,0.0948935705425968,0.101248537966943,0.0106114155229834,0.297143310757288,134.923691864659,95.8491141420694,201.183957501327,0.289605014379424,1.01142472298105,1.09096263833811,"OK"
75,1000,0.5,63.5668835143812,0.114109966676452,0.055485327305435,0.066811579094553,0.0167762761842777,0.128971902544387,134.230615287459,118.913564250048,63.5668835143812,0.114109966676452,0.55203064148331,0.622428969166564,"OK"
75,1000,0.25,25.9253436965203,0.0499115878944626,0.0355496092740953,0.0447912085236276,0.0153402430212416,0.0644861750278271,133.071749192214,126.429926886137,25.9253436965203,0.0499115878944626,0.310863490596413,0.370484247162434,"OK"
75,1000,0.1,10.6744281252242,0.0211720934854175,0.0219578590089128,0.0297838873615663,0.0141830268575894,0.0350548359724719,131.371022096245,128.589622535148,10.6744281252242,0.0211720934854176,0.164963780649973,0.217468852689117,"OK"
76,1000,1,216.723642404555,0.305148448270194,0.104549738789255,0.0993254861039884,0.00725369695345923,0.310188690854083,131.224202314978,91.1813406030683,216.723642404555,0.305148448270194,0.952019635822229,1.00227385667572,"OK"
76,1000,0.5,44.212372415637,0.0822230893014715,0.0556771284373901,0.0492580877405058,0.00678728136731943,0.0884522994268117,129.022388898807,118.413769494491,44.212372415637,0.0822230893014715,0.445313772277418,0.496567788602287,"OK"
76,1000,0.25,10.1426044126924,0.0201384956789347,0.0300999409406298,0.021101709132011,0.0071447774158061,0.0271393880256257,127.768433269777,125.195369228469,10.1426044126924,0.0201384956789347,0.204618890705824,0.242751498736001,"OK"
76,1000,0.1,1.7051476402874,0.00344331566101976,0.0146606668034911,0.00422776745117567,0.00722879551658884,0.010647220152796,127.812629544229,127.372530315243,1.7051476402874,0.0034433156610197,0.0615256030335574,0.0903609979941664,"OK"
77,1000,1,212.264298170313,0.300758055799374,0.0924255346834537,0.105929297045983,0.00670747061431765,0.305448200592398,134.459909923538,94.0200088319754,212.264298170313,0.300758055799374,0.983951375988804,1.13823695064212,"OK"
77,1000,0.5,39.344896365145,0.0738393041456158,0.0424073209146495,0.0559256969871447,0.00865409244788684,0.0818543844291387,135.566680072179,125.556530750318,39.344896365145,0.0738393041456157,0.460291349873252,0.608003178818401,"OK"
77,1000,0.25,8.48246079372882,0.0168979226491628,0.0181664747173981,0.028293327731645,0.00711018839348032,0.0238879636291491,134.887181512879,132.60786835331,8.48246079372882,0.0168979226491628,0.206775366835754,0.333564379817766,"OK"
77,1000,0.1,1.1124170700946,0.00224906822332557,0.00384040955369448,0.0118126371174133,0.00624791094941723,0.00848292719476429,135.078539663581,134.77473881237,1.1124170700946,0.00224906822332556,0.0555351678819925,0.167926316095128,"OK"
78,1000,1,189.657604281398,0.277619107352096,0.10401343221483,0.0948605330454262,0.005430718559013,0.281542154672475,135.493904045729,97.8782073529033,189.657604281398,0.277619107352096,1.04382913335369,1.02338985856127,"OK"
78,1000,0.5,25.1223061969659,0.0484404660130927,0.0411257488173971,0.0423973518264868,0.0108856356621059,0.0587987964108775,136.939112426443,130.305718005087,25.1223061969659,0.0484404660130928,0.50495699720731,0.502271887549732,"OK"
78,1000,0.25,3.45774760315879,0.00695783015726307,0.0153016193740522,0.0165448278742496,0.0104136673414663,0.0172990409700532,138.877732153484,137.911444480535,3.45774760315879,0.00695783015726304,0.243677549624962,0.244171988423085,"OK"
78,1000,0.1,0.0183397392836234,3.71612112597719e-05,0.00126802790209632,0.00106907999825982,0.0095850213959896,0.00962182641624432,140.369969891149,140.364753573044,0.0183397392836234,3.71612112597409e-05,0.0877628117670707,0.0895691934652463,"OK"
79,1000,1,223.833036208191,0.312035031024597,0.102432569947976,0.100954409516006,0.00735392890955033,0.317094276498703,132.114644515177,90.8902473150802,223.833036208191,0.312035031024597,1.04879248571989,1.07842047829395,"OK"
79,1000,0.5,35.0456118074408,0.0663057473651084,0.0416350652916258,0.0524759723556486,0.00983114042111455,0.0754850266731496,133.596515341923,124.738298546802,35.0456118074408,0.0663057473651084,0.497613240908349,0.553174983313102,"OK"
79,1000,0.25,8.37341649529772,0.016684319631375,0.0161199045443974,0.0297514053107101,0.0111949997102373,0.0276925383881735,133.703216442853,131.472469243977,8.37341649529772,0.016684319631375,0.227577578166244,0.286355656874756,"OK"
79,1000,0.1,1.81710073038927,0.00366856045896618,0.00143737198359842,0.0159361794122885,0.0123573681799176,0.0159805948866021,133.197234963923,132.708592854491,1.81710073038927,0.0036685604589662,0.0661369532395229,0.125825228410909,"OK"
80,1000,1,202.426608756802,0.290873500466401,0.100704047573638,0.102447430708173,0.00648647941229752,0.29547323490634,136.589029846892,96.8589006100169,202.426608756802,0.290873500466401,0.980359876818715,1.00533362214301,"OK"
80,1000,0.5,50.1969846052756,0.0923252952041268,0.0491822812023366,0.0636425701966646,0.00539528318045013,0.0972224572722319,133.504863986234,121.178988007518,50.1969846052756,0.0923252952041267,0.4276202643613,0.553859349935264,"OK"
80,1000,0.25,14.1274297463394,0.0278303119935793,0.0216639209053959,0.0385641478486291,0.00565010472084138,0.0333231725372434,132.852902728654,129.155564996463,14.1274297463394,0.0278303119935794,0.169148215095748,0.311867797086163,"OK"
80,1000,0.1,4.0142344879345,0.0080685821825101,0.00477782230134021,0.023317508106818,0.00557586759512119,0.0135994604317012,132.970308400526,131.897426539362,4.0142344879345,0.00806858218251008,0.0159365383738118,0.164973155192774,"OK"
81,1000,1,239.696741575744,0.326920085679325,0.107458958587039,0.0997509360010606,0.00717942861120402,0.331752414873825,137.202375641707,92.3481632415135,239.696741575744,0.326920085679325,1.14220780514835,1.07181603440248,"OK"
81,1000,0.5,56.2723873090975,0.102355790520013,0.0534738605290869,0.0608426462921965,0.0108200038265535,0.11206830430147,133.322171415102,119.675875166064,56.2723873090975,0.102355790520013,0.558425050215238,0.539333869415283,"OK"
81,1000,0.25,14.9212209804277,0.0293481474900949,0.0267653153163293,0.0341649331080891,0.0105046776193687,0.0395445322813545,133.158437931645,129.250484455676,14.9212209804277,0.0293481474900949,0.279833364230931,0.269607279750317,"OK"
81,1000,0.1,3.36391174707358,0.00677028793507136,0.0104459748624498,0.0181414805779704,0.0105833840888411,0.0172820194663036,133.200234497215,132.29843055665,3.36391174707358,0.00677028793507142,0.114069089780275,0.107406849506062,"OK"
82,1000,1,232.414481952833,0.320167854108102,0.104486285114529,0.0908099169509398,0.0133159221152596,0.329220446014248,132.195785962286,89.8709448486072,232.414481952833,0.320167854108102,1.08505615081544,1.09682473312566,"OK"
82,1000,0.5,52.522308494308,0.096190774034749,0.0618791705929148,0.0474538266445897,0.0165600298048743,0.111157881754654,139.572329691628,126.146759264757,52.522308494308,0.0961907740347489,0.622655997522555,0.525749608315883,"OK"
82,1000,0.25,18.0009217868406,0.0351923545395725,0.0392790948968286,0.0261190261996516,0.0154615750935653,0.0501098004007048,139.46555081597,134.557429705597,18.0009217868406,0.0351923545395725,0.369813776557662,0.25038443002433,"OK"
82,1000,0.1,6.21429291619089,0.0124356917628392,0.0251053034525967,0.0123965454491949,0.0142544637867872,0.0265128914317293,138.619163361622,136.895338173634,6.21429291619089,0.0124356917628392,0.215845343820986,0.0862290403850152,"OK"
83,1000,1,214.255959780744,0.302725758532812,0.105872317803744,0.0974794132272124,0.0151340715612119,0.313278356800966,131.893643977772,91.9660405589441,214.255959780744,0.302725758532812,1.07848727252437,1.01220133310182,"OK"
83,1000,0.5,30.1446885757196,0.0575670664352793,0.0494657667514001,0.0381117490238121,0.0141016678216479,0.0708569426085901,131.131630906282,123.582767598134,30.1446885757196,0.0575670664352792,0.556290745484436,0.464440484187578,"OK"
83,1000,0.25,4.71046975908651,0.009454778743137,0.0228476806857082,0.0107636956975792,0.0130529845210307,0.0223843501835838,131.86170479442,130.614981550896,4.71046975908651,0.00945477874313704,0.293280342300889,0.197231988637575,"OK"
83,1000,0.1,0.569224321780029,0.00115211450897678,0.00709438436420565,-0.00527493992478307,0.0119141069917061,0.0130524950851563,132.112454475561,131.960245799943,0.569224321780029,0.00115211450897677,0.135274149613676,0.0376045690949475,"OK"
84,1000,1,219.242253335924,0.307603838989173,0.0956895721702948,0.0975029377911043,0.0118815017416234,0.315830545182117,131.08262996913,90.7611097658283,219.242253335924,0.307603838989173,1.01677729105802,0.962295164437262,"OK"
84,1000,0.5,42.6049791634717,0.0794713364348,0.0522593120364286,0.0481683525781461,0.00813317586735385,0.086958157946516,137.37348175275,126.456227567157,42.6049791634717,0.0794713364348,0.546452659368778,0.464172854917107,"OK"
84,1000,0.25,11.4552282748724,0.0226856315836317,0.0300032707413285,0.0232125444428196,0.00797775276856949,0.0304824039920281,137.12191944527,134.011222098694,11.4552282748724,0.0226856315836316,0.301210397699733,0.215453663060641,"OK"
84,1000,0.1,2.63138478107037,0.00530380633394425,0.0164341082512515,0.00823817260250703,0.00824512929483645,0.0135052050598026,137.477506480763,136.748352411116,2.63138478107037,0.00530380633394426,0.153010989553946,0.0662579067093733,"OK"
85,1000,1,199.129791274246,0.287498161041995,0.0932123733422835,0.100708212016971,0.0143776577542722,0.297742268631823,129.795488551143,92.4795242811425,199.129791274246,0.287498161041995,0.916446836657316,1.01931239968307,"OK"
85,1000,0.5,43.3928444780355,0.0808221694968235,0.0489025568004113,0.0552514901552572,0.00298490047820432,0.0835658238426472,133.709334002165,122.902655546134,43.3928444780355,0.0808221694968235,0.442654896466465,0.51139854486311,"OK"
85,1000,0.25,11.9365946465405,0.0236164036656031,0.0256735479229147,0.0304060004377901,0.0014657028205195,0.0250474918566593,133.336895803317,130.187957848507,11.9365946465405,0.023616403665603,0.206843879133378,0.259544818354684,"OK"
85,1000,0.1,2.83379910844457,0.00570946228835285,0.011695128812986,0.0155940632244747,0.0018689012737213,0.00756769314073125,132.853920735215,132.095396284917,2.83379910844457,0.00570946228835291,0.0654707212977196,0.108652512333748,"OK"
86,1000,1,198.552961775061,0.286904287304527,0.102934993923494,0.0949976946203458,0.00622024863607618,0.291339919938813,135.918013317564,96.9225525748409,198.552961775061,0.286904287304527,0.980570620907789,1.03755563987881,"OK"
86,1000,0.5,49.1684332055002,0.0906049259491033,0.064201261541771,0.0460891507389781,0.00691079222397173,0.0968895663553724,135.787349114108,123.4843464028,49.1684332055002,0.0906049259491032,0.550917111187624,0.534452205770504,"OK"
86,1000,0.25,15.5108438922686,0.0304725215157724,0.0403178074502173,0.0222771800001596,0.00718312648342168,0.0374367600228774,135.870897771625,131.730568915911,15.5108438922686,0.0304725215157723,0.318661519902834,0.282587733485473,"OK"
86,1000,0.1,5.27191402401738,0.0105697892679729,0.0258217603797198,0.00885426640719243,0.00732335802709938,0.017815740943992,135.632282190433,134.198677549746,5.27191402401738,0.0105697892679729,0.177485646906335,0.131436345572708,"OK"
87,1000,1,220.682225042722,0.308999884489594,0.0968738582597663,0.106636886625571,0.0136004011056372,0.318397763224577,132.64592941298,91.6583525463544,220.682225042722,0.308999884489594,0.957645085153438,0.985157790628212,"OK"
87,1000,0.5,36.1344323010561,0.0682252325326849,0.0442029961831387,0.0518031638758236,0.0132303015826423,0.0805528937133738,134.268957733651,125.108426870351,36.1344323010561,0.0682252325326849,0.473481074534626,0.479059537930542,"OK"
87,1000,0.25,7.65414312731361,0.0152730317254289,0.0183424836064209,0.026232647078157,0.0144539442035011,0.0295062203805524,132.610851444342,130.585481703097,7.65414312731361,0.0152730317254289,0.22854491524808,0.228449289227419,"OK"
87,1000,0.1,0.976246359128335,0.00197430385446525,0.00210822406893475,0.0113026864081122,0.0149039153260997,0.0168487943230901,132.232449907055,131.971382871519,0.976246359128335,0.00197430385446531,0.0812847632838075,0.0783381713140657,"OK"
88,1000,1,169.092555779615,0.255198393499393,0.0847440359399151,0.102124124036245,0.014044472457702,0.265658739148343,134.009150166867,99.8102303300635,169.092555779615,0.255198393499393,0.927118297478858,0.996540356716612,"OK"
88,1000,0.5,34.7866670891959,0.0658480882753804,0.0346080605200413,0.0588196986063251,0.0155241644535361,0.0803500161775785,138.164054404961,129.066215554018,34.7866670891959,0.0658480882753804,0.459711457314912,0.555125555894698,"OK"
88,1000,0.25,9.83959732016597,0.0195486255652308,0.0119502935467491,0.0350226601107071,0.0143373020383203,0.0336056530543883,137.477414982573,134.789920473403,9.83959732016597,0.0195486255652308,0.226808642668119,0.315536966379092,"OK"
88,1000,0.1,3.03916231326129,0.00612069005615294,-0.00140194014541878,0.0206045190614026,0.013813504137652,0.0198496460163891,136.520776559423,135.685175199877,3.03916231326129,0.00612069005615298,0.0871506724922087,0.169809423190926,"OK"
89,1000,1,224.502235880168,0.312676235060689,0.0999267503261954,0.110890215131403,0.00511596677190129,0.316192560603657,134.704401462698,92.5855363672378,224.502235880168,0.312676235060689,0.925598811087757,1.04828283292535,"OK"
89,1000,0.5,38.71745410632,0.0727474339813468,0.0528755822925662,0.0487215494674446,0.0135175085288926,0.0852815784509415,133.990113273164,124.242676353672,38.71745410632,0.0727474339813469,0.500291899377254,0.493965650097084,"OK"
89,1000,0.25,9.9308778225604,0.019726397922816,0.0292907221305998,0.0233823301448671,0.014159411684061,0.0336064954176443,134.115175253179,131.469565938646,9.9308778225604,0.019726397922816,0.270829458725769,0.23491393723764,"OK"
89,1000,0.1,2.09116821736452,0.00421954294481563,0.0150038585768427,0.00869848674644686,0.0138980303758154,0.0180589299846119,134.257883527123,133.691376621901,2.09116821736452,0.00421954294481561,0.131394293453483,0.0813763300218257,"OK"
90,1000,1,192.616938493576,0.280734853910591,0.0955754576726228,0.0992801592118166,0.0125113929751894,0.289733862806673,127.863069087856,91.9674490669169,192.616938493576,0.280734853910591,0.979201523055644,0.918389999038047,"OK"
90,1000,0.5,16.9184674120612,0.0331462681940991,0.0374157257785804,0.0306272955714617,0.00552139940112351,0.0384846538098662,134.370807622166,129.916916795264,16.9184674120612,0.0331462681940991,0.475807516235559,0.380825110773002,"OK"
90,1000,0.25,1.66365845403412,0.00335981533707113,0.0142344933970349,0.00598650060251648,0.00567718567808195,0.00901792671964052,137.718001913557,137.255294858537,1.66365845403412,0.00335981533707119,0.234749687688757,0.129134877248798,"OK"
90,1000,0.1,0.325091609131575,0.00065831326648928,0.00103877658532904,-0.00693186889724039,0.00570736739894373,0.00636192342975761,138.360923906401,138.26983907463,0.325091609131575,0.000658313266489333,0.0912275197979344,-0.0200919453081554,"OK"
91,1000,1,237.341100393721,0.324750619889686,0.103019263372565,0.112927282202724,0.00744597242532019,0.329778508154202,139.063759825927,93.9027176182669,237.341100393721,0.324750619889686,0.967037628431115,1.03980613399645,"OK"
91,1000,0.5,55.3223256861371,0.100801886324455,0.0596170409561262,0.0606398948944542,0.00726220602616223,0.107332048284303,138.715686105109,124.732883282923,55.3223256861371,0.100801886324455,0.518733689131184,0.492334918695578,"OK"
91,1000,0.25,18.4456668085773,0.0360305165264234,0.0373311614931604,0.0342135361882506,0.00865760715776698,0.0443761856264132,137.711939083269,132.750106786243,18.4456668085773,0.0360305165264234,0.283264830738853,0.23012356967146,"OK"
91,1000,0.1,5.87877035579568,0.0117721671500116,0.02248800986742,0.0180075604248066,0.0093555986774454,0.0210176301560376,136.590170440595,134.98220812312,5.87877035579568,0.0117721671500116,0.140800118516876,0.0740018419314889,"OK"
92,1000,1,232.375246814145,0.320131107699341,0.102883995848952,0.105987337162923,0.0115580398071313,0.327989059420182,130.173440226102,88.5008726134862,232.375246814145,0.320131107699341,0.919450539718129,0.891220587479673,"OK"
92,1000,0.5,36.3312276350661,0.0685713218475867,0.048687452328671,0.0491926802508185,0.0107531466057965,0.0785871109766029,133.429204321665,124.279787408257,36.3312276350661,0.0685713218475867,0.410356255190436,0.482699885608995,"OK"
92,1000,0.25,5.89249831348274,0.0117993328561853,0.0193706320255011,0.0209623786784387,0.0114124628426765,0.0230771362510721,131.869648504108,130.31367462778,5.89249831348274,0.0117993328561852,0.175788915071591,0.263237677053333,"OK"
92,1000,0.1,0.157660349998256,0.000319371829227722,0.00195229023148638,0.00426181070938339,0.0115271634787489,0.0118428538566906,131.386455891399,131.344494758646,0.157660349998256,0.000319371829227672,0.0371377814866392,0.129970706925787,"OK"
93,1000,1,222.775707866404,0.311019493499219,0.111749069464513,0.0896860209843783,0.0113924275651819,0.318868654013352,132.033099939548,90.9682320712181,222.775707866404,0.311019493499219,1.01281991809102,0.992284910154403,"OK"
93,1000,0.5,49.528692964971,0.0912082429651023,0.0655626725897444,0.0417692773878155,0.00806018590076996,0.098533273471891,132.996419222167,120.866049504263,49.528692964971,0.0912082429651024,0.573698327199122,0.458701011660597,"OK"
93,1000,0.25,15.3782834518704,0.030219964089556,0.0405105207676002,0.0191383456342017,0.00793914984123756,0.0379191931076898,133.749281328791,129.707382850031,15.3782834518704,0.030219964089556,0.33195340154013,0.20358545208049,"OK"
93,1000,0.1,4.76480052930844,0.00956278774709106,0.0245382477897041,0.00538876643948538,0.00790467402716677,0.017391871054326,133.191914588202,131.918228579366,4.76480052930844,0.00956278774709102,0.18458667099465,0.0517371062171597,"OK"
94,1000,1,185.357041732576,0.273042821003239,0.101328404584378,0.0957196475973057,0.00909252765884538,0.279652699260063,131.65914339175,95.710559469197,185.357041732576,0.273042821003239,0.993519517809449,0.901037901899729,"OK"
94,1000,0.5,35.731331123901,0.0675155249180357,0.0449175827538844,0.0530958944736882,0.00751311273890043,0.074521385906601,132.742432483176,123.780257475177,35.731331123901,0.0675155249180358,0.446283617235312,0.445378464538394,"OK"
94,1000,0.25,8.80556889812831,0.0175303031528089,0.0199475508065383,0.0294888715721132,0.00701529058130168,0.0244226135635153,134.30475805389,131.95035493034,8.80556889812831,0.0175303031528089,0.195334521757033,0.214797666539243,"OK"
94,1000,0.1,1.78654934678409,0.0036071024927697,0.00551616621666703,0.0151718596229911,0.00703282108062941,0.010614555466948,135.395497555787,134.907112119043,1.78654934678409,0.00360710249276973,0.0471355268484093,0.0761615097745755,"OK"
95,1000,1,268.407112576701,0.35228324837259,0.105723769377262,0.106707644028878,0.0162724355712666,0.362823177481877,135.983551380875,88.0788241751793,268.407112576701,0.35228324837259,1.09284046496544,1.13366515422778,"OK"
95,1000,0.5,55.1090282032311,0.100452280896143,0.0517288970032118,0.0608766393392925,0.00697580202995673,0.106727347701111,134.495339979946,120.984976309058,55.1090282032311,0.100452280896143,0.520471859794519,0.599307900108245,"OK"
95,1000,0.25,14.5625915463728,0.0286629871765389,0.024060113672125,0.0349367017573733,0.00531144016715479,0.0338221856022937,132.319219042679,128.526554964049,14.5625915463728,0.028662987176539,0.251525429292721,0.326042291214002,"OK"
95,1000,0.1,3.04424740986645,0.00613086834808019,0.00701177228710474,0.0184328156792734,0.00443380068473709,0.0105374859845375,132.06754535584,131.257856622209,3.04424740986645,0.00613086834808018,0.0919601202426608,0.161446415495348,"OK"
96,1000,1,214.494576206855,0.302960761869151,0.106990126639291,0.0953120320550808,0.0163521453949778,0.314358848837071,135.467987387147,94.4265027194565,214.494576206855,0.30296076186915,1.000075649557,1.02406803039542,"OK"
96,1000,0.5,42.8120032033273,0.0798266735549762,0.0502561961272964,0.0530273565789717,0.0155653992297615,0.0941495387416706,132.835827309661,122.231985086607,42.8120032033273,0.0798266735549762,0.508366657565564,0.543006751884317,"OK"
96,1000,0.25,10.7885946844314,0.0213936916245004,0.0252312439589086,0.0285232687225873,0.011895260562984,0.0330344686512068,134.331789356785,131.457936479919,10.7885946844314,0.0213936916245005,0.265506992615498,0.295501254127018,"OK"
96,1000,0.1,2.30377024943581,0.00464653636715347,0.0107844574771594,0.0142686913213005,0.00984086266753581,0.0144416731084204,135.695905113994,135.065389156008,2.30377024943581,0.00464653636715343,0.120104360516177,0.146268600601732,"OK"
97,1000,1,213.392953595666,0.301874495296956,0.0984808938640985,0.0998852465092216,0.00367035636114432,0.30443686468402,134.158121159462,93.6592060444618,213.392953595666,0.301874495296956,1.06216550561236,1.03047774253033,"OK"
97,1000,0.5,45.9722495386755,0.0852170794289942,0.0562134360450822,0.0489505264474186,0.0116037818715989,0.0958320208991644,133.817168856587,122.413660549172,45.9722495386755,0.0852170794289943,0.50617859471399,0.517664783193276,"OK"
97,1000,0.25,11.3728682067609,0.022526201986563,0.0300609855190361,0.0238717665422776,0.0141434735694793,0.0363510768136245,133.962086186196,130.944429174224,11.3728682067609,0.0225262019865629,0.24393684219436,0.253991967680703,"OK"
97,1000,0.1,1.97849520987014,0.00399310006185456,0.0133429519897865,0.00924190443190907,0.0154831577078197,0.0194144319716735,134.603198608539,134.065714567849,1.97849520987014,0.00399310006185456,0.0882389325212106,0.0950284439707602,"OK"
98,1000,1,194.951730007213,0.283174144983513,0.0922789331923575,0.0968486665722917,0.0171887178871393,0.295495462379599,132.046479817688,94.6543307972312,194.951730007213,0.283174144983513,1.04656545999084,1.01908352692793,"OK"
98,1000,0.5,44.1761114002213,0.0821611941902671,0.0380885922232802,0.0624595629173902,0.012003736478338,0.0931786893447996,135.425766051915,124.299023388958,44.1761114002213,0.0821611941902671,0.495465733814045,0.586842973266005,"OK"
98,1000,0.25,14.1188118276894,0.0278138073269081,0.0133555317259323,0.0405029271224858,0.0094629456532751,0.0370135524330381,135.716591174027,131.941796056048,14.1188118276894,0.0278138073269081,0.235552490801577,0.345425080521615,"OK"
98,1000,0.1,5.60873875252633,0.0112375086169495,-0.00121893544718513,0.0270158598002489,0.00838660375212918,0.0195298678371472,135.816026232534,134.289792467426,5.60873875252633,0.0112375086169495,0.0812396527190829,0.197928995240411,"OK"
99,1000,1,221.951151622322,0.31022544462894,0.110343045747757,0.100380295959798,0.00826414514613427,0.315925841672636,135.626726995962,93.5518653100719,221.951151622322,0.31022544462894,1.04200482566949,0.983942550993685,"OK"
99,1000,0.5,36.2570542930803,0.0684409089020297,0.0556692288024547,0.0431515009483532,0.0157225478087548,0.0830873912484977,137.324252527012,127.925655869771,36.2570542930803,0.0684409089020297,0.532173628184269,0.506772989220491,"OK"
99,1000,0.25,9.06273121605572,0.0180330347897596,0.0316376803675152,0.0170115072263486,0.0166165165172386,0.0343499050865582,136.445413598123,133.984888707805,9.06273121605572,0.0180330347897596,0.266371185966351,0.261168467679465,"OK"
99,1000,0.1,2.13075120333503,0.00429906981792757,0.0171825193592969,0.0013207728965581,0.0167333981722172,0.0209605299431112,135.21547580591,134.634175034956,2.13075120333503,0.0042990698179275,0.105751292907565,0.113071706596378,"OK"
100,1000,1,198.529920764247,0.286880544911988,0.0934647625544369,0.104377131059893,0.0140521071154894,0.296901375881025,134.945474623098,96.2322433298169,198.529920764247,0.286880544911988,0.929885901242889,1.02779603382065,"OK"
100,1000,0.5,31.4129495172552,0.0598441123354732,0.051233801881815,0.0372114985274226,0.0147693300601615,0.0737295849483948,131.349020133183,123.488554617178,31.4129495172552,0.0598441123354733,0.499647917301032,0.468730535631749,"OK"
100,1000,0.25,6.94174718041377,0.0138712391992174,0.029262376476309,0.00934194050107661,0.0183748216811846,0.0319911793336193,131.859690501362,130.030633193683,6.94174718041377,0.0138712391992173,0.265917940912372,0.210424229116302,"OK"
100,1000,0.1,2.11033487233748,0.00425805259464791,0.0161650621647782,-0.00579742024730132,0.0192678888148464,0.0234438977255329,132.27772017833,131.71447468871,2.11033487233748,0.00425805259464792,0.123733820668847,0.057660075796404,"OK"
