"replication","tau","estimator","window","window_left","window_right","any_accepted","all_accepted","left_endpoint_accepted","right_endpoint_accepted","n_accepted_gridpoints","n_accepted_components_grid","min_accepted_alpha","max_accepted_alpha","alpha_hat_grid","min_W","n_alpha_success_full","n_alpha_failure_full","any_accept_left_outer","any_accept_right_outer","all_accept_left_outer","all_accept_right_outer","W_minus40","W_minus30","W_30","W_40","left_tail_label","right_tail_label"
1,0.1,"Oracle-GMM","[-3,5]",-3,5,TRUE,TRUE,TRUE,TRUE,41,1,-3,5,25.8,0.0289377435035891,401,0,TRUE,TRUE,TRUE,TRUE,1.3927007436715,0.704854141137003,1.24011647393992,0.216550774405838,"tail unresolved within search range","tail unresolved within search range"
1,0.1,"Oracle-GMM","[-5,5]",-5,5,TRUE,TRUE,TRUE,TRUE,51,1,-5,5,25.8,0.0289377435035891,401,0,TRUE,TRUE,TRUE,TRUE,1.3927007436715,0.704854141137003,1.24011647393992,0.216550774405838,"tail unresolved within search range","tail unresolved within search range"
1,0.1,"Oracle-GMM","[-10,10]",-10,10,TRUE,TRUE,TRUE,TRUE,101,1,-10,10,25.8,0.0289377435035891,401,0,TRUE,TRUE,TRUE,TRUE,1.3927007436715,0.704854141137003,1.24011647393992,0.216550774405838,"tail unresolved within search range","tail unresolved within search range"
1,0.1,"Oracle-GMM","[-20,20]",-20,20,TRUE,FALSE,TRUE,TRUE,200,2,-20,20,25.8,0.0289377435035891,401,0,TRUE,TRUE,TRUE,TRUE,1.3927007436715,0.704854141137003,1.24011647393992,0.216550774405838,"tail unresolved within search range","tail unresolved within search range"
1,0.1,"Oracle-GMM","[-40,40]",-40,40,TRUE,FALSE,TRUE,TRUE,400,2,-40,40,25.8,0.0289377435035891,401,0,TRUE,TRUE,TRUE,TRUE,1.3927007436715,0.704854141137003,1.24011647393992,0.216550774405838,"tail unresolved within search range","tail unresolved within search range"
1,0.1,"Full-GMM","[-3,5]",-3,5,TRUE,FALSE,FALSE,TRUE,37,3,-2.8,5,35,0.0306454215386101,401,0,TRUE,TRUE,FALSE,FALSE,5.6403769238739,6.34024231443236,2.81421732407078,6.30703184223023,"tail unresolved within search range","tail unresolved within search range"
1,0.1,"Full-GMM","[-5,5]",-5,5,TRUE,FALSE,TRUE,TRUE,47,4,-5,5,35,0.0306454215386101,401,0,TRUE,TRUE,FALSE,FALSE,5.6403769238739,6.34024231443236,2.81421732407078,6.30703184223023,"tail unresolved within search range","tail unresolved within search range"
1,0.1,"Full-GMM","[-10,10]",-10,10,TRUE,FALSE,FALSE,TRUE,89,9,-9.8,10,35,0.0306454215386101,401,0,TRUE,TRUE,FALSE,FALSE,5.6403769238739,6.34024231443236,2.81421732407078,6.30703184223023,"tail unresolved within search range","tail unresolved within search range"
1,0.1,"Full-GMM","[-20,20]",-20,20,TRUE,FALSE,FALSE,TRUE,175,21,-19.8,20,35,0.0306454215386101,401,0,TRUE,TRUE,FALSE,FALSE,5.6403769238739,6.34024231443236,2.81421732407078,6.30703184223023,"tail unresolved within search range","tail unresolved within search range"
1,0.1,"Full-GMM","[-40,40]",-40,40,TRUE,FALSE,TRUE,FALSE,332,52,-40,39.8,35,0.0306454215386101,401,0,TRUE,TRUE,FALSE,FALSE,5.6403769238739,6.34024231443236,2.81421732407078,6.30703184223023,"tail unresolved within search range","tail unresolved within search range"
1,0.1,"DML-IVQR","[-3,5]",-3,5,TRUE,FALSE,TRUE,TRUE,40,2,-3,5,2.40000000000001,0.00242760911151924,401,0,TRUE,TRUE,FALSE,TRUE,5.74277859360798,4.28279049325038,1.46917420680228,1.10117647545421,"tail unresolved within search range","tail unresolved within search range"
1,0.1,"DML-IVQR","[-5,5]",-5,5,TRUE,FALSE,FALSE,TRUE,42,2,-3.4,5,2.40000000000001,0.00242760911151924,401,0,TRUE,TRUE,FALSE,TRUE,5.74277859360798,4.28279049325038,1.46917420680228,1.10117647545421,"tail unresolved within search range","tail unresolved within search range"
1,0.1,"DML-IVQR","[-10,10]",-10,10,TRUE,FALSE,FALSE,TRUE,76,11,-9.6,10,2.40000000000001,0.00242760911151924,401,0,TRUE,TRUE,FALSE,TRUE,5.74277859360798,4.28279049325038,1.46917420680228,1.10117647545421,"tail unresolved within search range","tail unresolved within search range"
1,0.1,"DML-IVQR","[-20,20]",-20,20,TRUE,FALSE,FALSE,TRUE,147,19,-19.8,20,2.40000000000001,0.00242760911151924,401,0,TRUE,TRUE,FALSE,TRUE,5.74277859360798,4.28279049325038,1.46917420680228,1.10117647545421,"tail unresolved within search range","tail unresolved within search range"
1,0.1,"DML-IVQR","[-40,40]",-40,40,TRUE,FALSE,TRUE,TRUE,334,29,-40,40,2.40000000000001,0.00242760911151924,401,0,TRUE,TRUE,FALSE,TRUE,5.74277859360798,4.28279049325038,1.46917420680228,1.10117647545421,"tail unresolved within search range","tail unresolved within search range"
1,0.5,"Oracle-GMM","[-3,5]",-3,5,TRUE,FALSE,TRUE,TRUE,39,2,-3,5,1.40000000000001,0.124456969868891,401,0,TRUE,FALSE,FALSE,FALSE,6.84558882308887,5.50790231711118,7.25284586629229,6.7773510168804,"tail unresolved within search range","no acceptance near search boundary"
1,0.5,"Oracle-GMM","[-5,5]",-5,5,TRUE,FALSE,TRUE,TRUE,49,2,-5,5,1.40000000000001,0.124456969868891,401,0,TRUE,FALSE,FALSE,FALSE,6.84558882308887,5.50790231711118,7.25284586629229,6.7773510168804,"tail unresolved within search range","no acceptance near search boundary"
1,0.5,"Oracle-GMM","[-10,10]",-10,10,TRUE,FALSE,FALSE,FALSE,91,4,-9.6,9.2,1.40000000000001,0.124456969868891,401,0,TRUE,FALSE,FALSE,FALSE,6.84558882308887,5.50790231711118,7.25284586629229,6.7773510168804,"tail unresolved within search range","no acceptance near search boundary"
1,0.5,"Oracle-GMM","[-20,20]",-20,20,TRUE,FALSE,FALSE,FALSE,113,20,-17.8,18.6,1.40000000000001,0.124456969868891,401,0,TRUE,FALSE,FALSE,FALSE,6.84558882308887,5.50790231711118,7.25284586629229,6.7773510168804,"tail unresolved within search range","no acceptance near search boundary"
1,0.5,"Oracle-GMM","[-40,40]",-40,40,TRUE,FALSE,FALSE,FALSE,140,38,-34.4,20.4,1.40000000000001,0.124456969868891,401,0,TRUE,FALSE,FALSE,FALSE,6.84558882308887,5.50790231711118,7.25284586629229,6.7773510168804,"tail unresolved within search range","no acceptance near search boundary"
1,0.5,"Full-GMM","[-3,5]",-3,5,TRUE,FALSE,FALSE,TRUE,24,5,-2.2,5,1.6,0.0344669519794047,401,0,TRUE,TRUE,TRUE,FALSE,2.57666134363641,0.722350051592707,4.13235057400482,2.88832640410053,"tail unresolved within search range","tail unresolved within search range"
1,0.5,"Full-GMM","[-5,5]",-5,5,TRUE,FALSE,TRUE,TRUE,26,7,-5,5,1.6,0.0344669519794047,401,0,TRUE,TRUE,TRUE,FALSE,2.57666134363641,0.722350051592707,4.13235057400482,2.88832640410053,"tail unresolved within search range","tail unresolved within search range"
1,0.5,"Full-GMM","[-10,10]",-10,10,TRUE,FALSE,TRUE,TRUE,61,18,-10,10,1.6,0.0344669519794047,401,0,TRUE,TRUE,TRUE,FALSE,2.57666134363641,0.722350051592707,4.13235057400482,2.88832640410053,"tail unresolved within search range","tail unresolved within search range"
1,0.5,"Full-GMM","[-20,20]",-20,20,TRUE,FALSE,TRUE,TRUE,150,28,-20,20,1.6,0.0344669519794047,401,0,TRUE,TRUE,TRUE,FALSE,2.57666134363641,0.722350051592707,4.13235057400482,2.88832640410053,"tail unresolved within search range","tail unresolved within search range"
1,0.5,"Full-GMM","[-40,40]",-40,40,TRUE,FALSE,TRUE,TRUE,343,35,-40,40,1.6,0.0344669519794047,401,0,TRUE,TRUE,TRUE,FALSE,2.57666134363641,0.722350051592707,4.13235057400482,2.88832640410053,"tail unresolved within search range","tail unresolved within search range"
1,0.5,"DML-IVQR","[-3,5]",-3,5,TRUE,FALSE,FALSE,TRUE,24,2,0.200000000000003,5,1.8,0.000830224415282742,401,0,FALSE,TRUE,FALSE,FALSE,9.96892619953134,9.25750202476925,5.89311378071239,6.0268034964473,"no acceptance near search boundary","tail unresolved within search range"
1,0.5,"DML-IVQR","[-5,5]",-5,5,TRUE,FALSE,FALSE,TRUE,24,2,0.200000000000003,5,1.8,0.000830224415282742,401,0,FALSE,TRUE,FALSE,FALSE,9.96892619953134,9.25750202476925,5.89311378071239,6.0268034964473,"no acceptance near search boundary","tail unresolved within search range"
1,0.5,"DML-IVQR","[-10,10]",-10,10,TRUE,FALSE,FALSE,TRUE,48,3,0.200000000000003,10,1.8,0.000830224415282742,401,0,FALSE,TRUE,FALSE,FALSE,9.96892619953134,9.25750202476925,5.89311378071239,6.0268034964473,"no acceptance near search boundary","tail unresolved within search range"
1,0.5,"DML-IVQR","[-20,20]",-20,20,TRUE,FALSE,FALSE,FALSE,51,5,0.200000000000003,18.8,1.8,0.000830224415282742,401,0,FALSE,TRUE,FALSE,FALSE,9.96892619953134,9.25750202476925,5.89311378071239,6.0268034964473,"no acceptance near search boundary","tail unresolved within search range"
1,0.5,"DML-IVQR","[-40,40]",-40,40,TRUE,FALSE,FALSE,FALSE,124,14,0.200000000000003,38.6,1.8,0.000830224415282742,401,0,FALSE,TRUE,FALSE,FALSE,9.96892619953134,9.25750202476925,5.89311378071239,6.0268034964473,"no acceptance near search boundary","tail unresolved within search range"
1,0.9,"Oracle-GMM","[-3,5]",-3,5,TRUE,FALSE,FALSE,TRUE,23,4,-0.599999999999994,5,2.6,0.0321133667896885,401,0,TRUE,TRUE,TRUE,TRUE,0.995937907002786,3.15791144085334,0.869139496318188,1.81242093025364,"tail unresolved within search range","tail unresolved within search range"
1,0.9,"Oracle-GMM","[-5,5]",-5,5,TRUE,FALSE,FALSE,TRUE,23,4,-0.599999999999994,5,2.6,0.0321133667896885,401,0,TRUE,TRUE,TRUE,TRUE,0.995937907002786,3.15791144085334,0.869139496318188,1.81242093025364,"tail unresolved within search range","tail unresolved within search range"
1,0.9,"Oracle-GMM","[-10,10]",-10,10,TRUE,FALSE,TRUE,TRUE,66,11,-10,10,2.6,0.0321133667896885,401,0,TRUE,TRUE,TRUE,TRUE,0.995937907002786,3.15791144085334,0.869139496318188,1.81242093025364,"tail unresolved within search range","tail unresolved within search range"
1,0.9,"Oracle-GMM","[-20,20]",-20,20,TRUE,FALSE,TRUE,TRUE,165,12,-20,20,2.6,0.0321133667896885,401,0,TRUE,TRUE,TRUE,TRUE,0.995937907002786,3.15791144085334,0.869139496318188,1.81242093025364,"tail unresolved within search range","tail unresolved within search range"
1,0.9,"Oracle-GMM","[-40,40]",-40,40,TRUE,FALSE,TRUE,TRUE,365,12,-40,40,2.6,0.0321133667896885,401,0,TRUE,TRUE,TRUE,TRUE,0.995937907002786,3.15791144085334,0.869139496318188,1.81242093025364,"tail unresolved within search range","tail unresolved within search range"
1,0.9,"Full-GMM","[-3,5]",-3,5,TRUE,FALSE,TRUE,TRUE,35,6,-3,5,-20,0.00975274977970514,401,0,TRUE,TRUE,FALSE,FALSE,0.0442051560863511,0.236979809309383,2.09144117825348,4.4414357273274,"tail unresolved within search range","tail unresolved within search range"
1,0.9,"Full-GMM","[-5,5]",-5,5,TRUE,FALSE,TRUE,TRUE,43,8,-5,5,-20,0.00975274977970514,401,0,TRUE,TRUE,FALSE,FALSE,0.0442051560863511,0.236979809309383,2.09144117825348,4.4414357273274,"tail unresolved within search range","tail unresolved within search range"
1,0.9,"Full-GMM","[-10,10]",-10,10,TRUE,FALSE,TRUE,TRUE,83,14,-10,10,-20,0.00975274977970514,401,0,TRUE,TRUE,FALSE,FALSE,0.0442051560863511,0.236979809309383,2.09144117825348,4.4414357273274,"tail unresolved within search range","tail unresolved within search range"
1,0.9,"Full-GMM","[-20,20]",-20,20,TRUE,FALSE,TRUE,TRUE,156,32,-20,20,-20,0.00975274977970514,401,0,TRUE,TRUE,FALSE,FALSE,0.0442051560863511,0.236979809309383,2.09144117825348,4.4414357273274,"tail unresolved within search range","tail unresolved within search range"
1,0.9,"Full-GMM","[-40,40]",-40,40,TRUE,FALSE,TRUE,TRUE,317,58,-40,40,-20,0.00975274977970514,401,0,TRUE,TRUE,FALSE,FALSE,0.0442051560863511,0.236979809309383,2.09144117825348,4.4414357273274,"tail unresolved within search range","tail unresolved within search range"
1,0.9,"DML-IVQR","[-3,5]",-3,5,TRUE,FALSE,FALSE,TRUE,16,2,1.8,5,2.6,0.318775755346938,401,0,TRUE,TRUE,TRUE,TRUE,0.540651196599289,2.13266294327379,0.57201487376774,0.702404291847064,"tail unresolved within search range","tail unresolved within search range"
1,0.9,"DML-IVQR","[-5,5]",-5,5,TRUE,FALSE,FALSE,TRUE,16,2,1.8,5,2.6,0.318775755346938,401,0,TRUE,TRUE,TRUE,TRUE,0.540651196599289,2.13266294327379,0.57201487376774,0.702404291847064,"tail unresolved within search range","tail unresolved within search range"
1,0.9,"DML-IVQR","[-10,10]",-10,10,TRUE,FALSE,TRUE,TRUE,65,4,-10,10,2.6,0.318775755346938,401,0,TRUE,TRUE,TRUE,TRUE,0.540651196599289,2.13266294327379,0.57201487376774,0.702404291847064,"tail unresolved within search range","tail unresolved within search range"
1,0.9,"DML-IVQR","[-20,20]",-20,20,TRUE,FALSE,TRUE,TRUE,165,4,-20,20,2.6,0.318775755346938,401,0,TRUE,TRUE,TRUE,TRUE,0.540651196599289,2.13266294327379,0.57201487376774,0.702404291847064,"tail unresolved within search range","tail unresolved within search range"
1,0.9,"DML-IVQR","[-40,40]",-40,40,TRUE,FALSE,TRUE,TRUE,365,4,-40,40,2.6,0.318775755346938,401,0,TRUE,TRUE,TRUE,TRUE,0.540651196599289,2.13266294327379,0.57201487376774,0.702404291847064,"tail unresolved within search range","tail unresolved within search range"
2,0.1,"Oracle-GMM","[-3,5]",-3,5,TRUE,TRUE,TRUE,TRUE,41,1,-3,5,-1,0.0320148616438612,401,0,TRUE,TRUE,TRUE,TRUE,2.63753041542812,1.33975147081443,2.70479080970548,4.70090368640772,"tail unresolved within search range","tail unresolved within search range"
2,0.1,"Oracle-GMM","[-5,5]",-5,5,TRUE,TRUE,TRUE,TRUE,51,1,-5,5,-1,0.0320148616438612,401,0,TRUE,TRUE,TRUE,TRUE,2.63753041542812,1.33975147081443,2.70479080970548,4.70090368640772,"tail unresolved within search range","tail unresolved within search range"
2,0.1,"Oracle-GMM","[-10,10]",-10,10,TRUE,TRUE,TRUE,TRUE,101,1,-10,10,-1,0.0320148616438612,401,0,TRUE,TRUE,TRUE,TRUE,2.63753041542812,1.33975147081443,2.70479080970548,4.70090368640772,"tail unresolved within search range","tail unresolved within search range"
2,0.1,"Oracle-GMM","[-20,20]",-20,20,TRUE,FALSE,TRUE,TRUE,199,3,-20,20,-1,0.0320148616438612,401,0,TRUE,TRUE,TRUE,TRUE,2.63753041542812,1.33975147081443,2.70479080970548,4.70090368640772,"tail unresolved within search range","tail unresolved within search range"
2,0.1,"Oracle-GMM","[-40,40]",-40,40,TRUE,FALSE,TRUE,TRUE,399,3,-40,40,-1,0.0320148616438612,401,0,TRUE,TRUE,TRUE,TRUE,2.63753041542812,1.33975147081443,2.70479080970548,4.70090368640772,"tail unresolved within search range","tail unresolved within search range"
2,0.1,"Full-GMM","[-3,5]",-3,5,TRUE,TRUE,TRUE,TRUE,41,1,-3,5,6.2,0.000874866285138206,401,0,TRUE,TRUE,TRUE,FALSE,0.755328760672576,1.71242565141979,1.36420375935808,0.937788273563649,"tail unresolved within search range","tail unresolved within search range"
2,0.1,"Full-GMM","[-5,5]",-5,5,TRUE,TRUE,TRUE,TRUE,51,1,-5,5,6.2,0.000874866285138206,401,0,TRUE,TRUE,TRUE,FALSE,0.755328760672576,1.71242565141979,1.36420375935808,0.937788273563649,"tail unresolved within search range","tail unresolved within search range"
2,0.1,"Full-GMM","[-10,10]",-10,10,TRUE,FALSE,TRUE,TRUE,100,2,-10,10,6.2,0.000874866285138206,401,0,TRUE,TRUE,TRUE,FALSE,0.755328760672576,1.71242565141979,1.36420375935808,0.937788273563649,"tail unresolved within search range","tail unresolved within search range"
2,0.1,"Full-GMM","[-20,20]",-20,20,TRUE,FALSE,TRUE,FALSE,197,4,-20,19.8,6.2,0.000874866285138206,401,0,TRUE,TRUE,TRUE,FALSE,0.755328760672576,1.71242565141979,1.36420375935808,0.937788273563649,"tail unresolved within search range","tail unresolved within search range"
2,0.1,"Full-GMM","[-40,40]",-40,40,TRUE,FALSE,TRUE,TRUE,392,10,-40,40,6.2,0.000874866285138206,401,0,TRUE,TRUE,TRUE,FALSE,0.755328760672576,1.71242565141979,1.36420375935808,0.937788273563649,"tail unresolved within search range","tail unresolved within search range"
2,0.1,"DML-IVQR","[-3,5]",-3,5,TRUE,FALSE,FALSE,FALSE,29,2,-1.2,4.8,0.200000000000003,0.0529524594230478,401,0,FALSE,TRUE,FALSE,FALSE,17.8732630807798,16.8655463478435,4.80389628896728,6.55723665712005,"no acceptance near search boundary","tail unresolved within search range"
2,0.1,"DML-IVQR","[-5,5]",-5,5,TRUE,FALSE,FALSE,FALSE,29,2,-1.2,4.8,0.200000000000003,0.0529524594230478,401,0,FALSE,TRUE,FALSE,FALSE,17.8732630807798,16.8655463478435,4.80389628896728,6.55723665712005,"no acceptance near search boundary","tail unresolved within search range"
2,0.1,"DML-IVQR","[-10,10]",-10,10,TRUE,FALSE,FALSE,FALSE,37,7,-1.2,8.40000000000001,0.200000000000003,0.0529524594230478,401,0,FALSE,TRUE,FALSE,FALSE,17.8732630807798,16.8655463478435,4.80389628896728,6.55723665712005,"no acceptance near search boundary","tail unresolved within search range"
2,0.1,"DML-IVQR","[-20,20]",-20,20,TRUE,FALSE,FALSE,FALSE,39,9,-1.2,18.6,0.200000000000003,0.0529524594230478,401,0,FALSE,TRUE,FALSE,FALSE,17.8732630807798,16.8655463478435,4.80389628896728,6.55723665712005,"no acceptance near search boundary","tail unresolved within search range"
2,0.1,"DML-IVQR","[-40,40]",-40,40,TRUE,FALSE,FALSE,FALSE,99,26,-1.2,39.8,0.200000000000003,0.0529524594230478,401,0,FALSE,TRUE,FALSE,FALSE,17.8732630807798,16.8655463478435,4.80389628896728,6.55723665712005,"no acceptance near search boundary","tail unresolved within search range"
2,0.5,"Oracle-GMM","[-3,5]",-3,5,TRUE,TRUE,TRUE,TRUE,41,1,-3,5,0.400000000000006,0.0915665770152036,401,0,TRUE,TRUE,FALSE,TRUE,6.10650082026816,4.32831636159109,5.03127932563613,3.48457743327636,"tail unresolved within search range","tail unresolved within search range"
2,0.5,"Oracle-GMM","[-5,5]",-5,5,TRUE,TRUE,TRUE,TRUE,51,1,-5,5,0.400000000000006,0.0915665770152036,401,0,TRUE,TRUE,FALSE,TRUE,6.10650082026816,4.32831636159109,5.03127932563613,3.48457743327636,"tail unresolved within search range","tail unresolved within search range"
2,0.5,"Oracle-GMM","[-10,10]",-10,10,TRUE,TRUE,TRUE,TRUE,101,1,-10,10,0.400000000000006,0.0915665770152036,401,0,TRUE,TRUE,FALSE,TRUE,6.10650082026816,4.32831636159109,5.03127932563613,3.48457743327636,"tail unresolved within search range","tail unresolved within search range"
2,0.5,"Oracle-GMM","[-20,20]",-20,20,TRUE,FALSE,FALSE,TRUE,183,8,-19.2,20,0.400000000000006,0.0915665770152036,401,0,TRUE,TRUE,FALSE,TRUE,6.10650082026816,4.32831636159109,5.03127932563613,3.48457743327636,"tail unresolved within search range","tail unresolved within search range"
2,0.5,"Oracle-GMM","[-40,40]",-40,40,TRUE,FALSE,FALSE,TRUE,343,33,-39.8,40,0.400000000000006,0.0915665770152036,401,0,TRUE,TRUE,FALSE,TRUE,6.10650082026816,4.32831636159109,5.03127932563613,3.48457743327636,"tail unresolved within search range","tail unresolved within search range"
2,0.5,"Full-GMM","[-3,5]",-3,5,TRUE,FALSE,TRUE,FALSE,37,4,-3,4.8,0.200000000000003,0.021693344644786,401,0,TRUE,TRUE,FALSE,FALSE,8.57346405108681,4.9487864802899,11.7464593023053,5.37444795607444,"tail unresolved within search range","tail unresolved within search range"
2,0.5,"Full-GMM","[-5,5]",-5,5,TRUE,FALSE,TRUE,FALSE,47,4,-5,4.8,0.200000000000003,0.021693344644786,401,0,TRUE,TRUE,FALSE,FALSE,8.57346405108681,4.9487864802899,11.7464593023053,5.37444795607444,"tail unresolved within search range","tail unresolved within search range"
2,0.5,"Full-GMM","[-10,10]",-10,10,TRUE,FALSE,TRUE,FALSE,63,14,-10,9.2,0.200000000000003,0.021693344644786,401,0,TRUE,TRUE,FALSE,FALSE,8.57346405108681,4.9487864802899,11.7464593023053,5.37444795607444,"tail unresolved within search range","tail unresolved within search range"
2,0.5,"Full-GMM","[-20,20]",-20,20,TRUE,FALSE,TRUE,TRUE,119,37,-20,20,0.200000000000003,0.021693344644786,401,0,TRUE,TRUE,FALSE,FALSE,8.57346405108681,4.9487864802899,11.7464593023053,5.37444795607444,"tail unresolved within search range","tail unresolved within search range"
2,0.5,"Full-GMM","[-40,40]",-40,40,TRUE,FALSE,FALSE,TRUE,204,80,-39.8,40,0.200000000000003,0.021693344644786,401,0,TRUE,TRUE,FALSE,FALSE,8.57346405108681,4.9487864802899,11.7464593023053,5.37444795607444,"tail unresolved within search range","tail unresolved within search range"
2,0.5,"DML-IVQR","[-3,5]",-3,5,TRUE,TRUE,TRUE,TRUE,41,1,-3,5,0.200000000000003,0.0972429902385376,401,0,TRUE,TRUE,FALSE,TRUE,5.85407688242048,6.33184199803409,1.52598594968656,4.43227681124107,"tail unresolved within search range","tail unresolved within search range"
2,0.5,"DML-IVQR","[-5,5]",-5,5,TRUE,FALSE,TRUE,TRUE,47,3,-5,5,0.200000000000003,0.0972429902385376,401,0,TRUE,TRUE,FALSE,TRUE,5.85407688242048,6.33184199803409,1.52598594968656,4.43227681124107,"tail unresolved within search range","tail unresolved within search range"
2,0.5,"DML-IVQR","[-10,10]",-10,10,TRUE,FALSE,FALSE,TRUE,75,3,-5.6,10,0.200000000000003,0.0972429902385376,401,0,TRUE,TRUE,FALSE,TRUE,5.85407688242048,6.33184199803409,1.52598594968656,4.43227681124107,"tail unresolved within search range","tail unresolved within search range"
2,0.5,"DML-IVQR","[-20,20]",-20,20,TRUE,FALSE,FALSE,TRUE,126,4,-19.6,20,0.200000000000003,0.0972429902385376,401,0,TRUE,TRUE,FALSE,TRUE,5.85407688242048,6.33184199803409,1.52598594968656,4.43227681124107,"tail unresolved within search range","tail unresolved within search range"
2,0.5,"DML-IVQR","[-40,40]",-40,40,TRUE,FALSE,TRUE,TRUE,235,11,-40,40,0.200000000000003,0.0972429902385376,401,0,TRUE,TRUE,FALSE,TRUE,5.85407688242048,6.33184199803409,1.52598594968656,4.43227681124107,"tail unresolved within search range","tail unresolved within search range"
2,0.9,"Oracle-GMM","[-3,5]",-3,5,TRUE,TRUE,TRUE,TRUE,41,1,-3,5,3,0.0412325203425919,401,0,TRUE,TRUE,FALSE,TRUE,6.05003609586942,6.16981690085172,1.4015596532546,0.814032086154924,"tail unresolved within search range","tail unresolved within search range"
2,0.9,"Oracle-GMM","[-5,5]",-5,5,TRUE,FALSE,TRUE,TRUE,47,3,-5,5,3,0.0412325203425919,401,0,TRUE,TRUE,FALSE,TRUE,6.05003609586942,6.16981690085172,1.4015596532546,0.814032086154924,"tail unresolved within search range","tail unresolved within search range"
2,0.9,"Oracle-GMM","[-10,10]",-10,10,TRUE,FALSE,FALSE,TRUE,87,7,-9.8,10,3,0.0412325203425919,401,0,TRUE,TRUE,FALSE,TRUE,6.05003609586942,6.16981690085172,1.4015596532546,0.814032086154924,"tail unresolved within search range","tail unresolved within search range"
2,0.9,"Oracle-GMM","[-20,20]",-20,20,TRUE,FALSE,FALSE,TRUE,139,9,-12,20,3,0.0412325203425919,401,0,TRUE,TRUE,FALSE,TRUE,6.05003609586942,6.16981690085172,1.4015596532546,0.814032086154924,"tail unresolved within search range","tail unresolved within search range"
2,0.9,"Oracle-GMM","[-40,40]",-40,40,TRUE,FALSE,FALSE,TRUE,272,26,-39.8,40,3,0.0412325203425919,401,0,TRUE,TRUE,FALSE,TRUE,6.05003609586942,6.16981690085172,1.4015596532546,0.814032086154924,"tail unresolved within search range","tail unresolved within search range"
2,0.9,"Full-GMM","[-3,5]",-3,5,TRUE,FALSE,TRUE,TRUE,39,3,-3,5,8.2,0.00412620072588973,401,0,TRUE,TRUE,FALSE,FALSE,1.65127161646693,0.692073110249378,1.39376125383063,0.377815388503738,"tail unresolved within search range","tail unresolved within search range"
2,0.9,"Full-GMM","[-5,5]",-5,5,TRUE,FALSE,TRUE,TRUE,49,3,-5,5,8.2,0.00412620072588973,401,0,TRUE,TRUE,FALSE,FALSE,1.65127161646693,0.692073110249378,1.39376125383063,0.377815388503738,"tail unresolved within search range","tail unresolved within search range"
2,0.9,"Full-GMM","[-10,10]",-10,10,TRUE,FALSE,TRUE,TRUE,94,8,-10,10,8.2,0.00412620072588973,401,0,TRUE,TRUE,FALSE,FALSE,1.65127161646693,0.692073110249378,1.39376125383063,0.377815388503738,"tail unresolved within search range","tail unresolved within search range"
2,0.9,"Full-GMM","[-20,20]",-20,20,TRUE,FALSE,TRUE,TRUE,189,13,-20,20,8.2,0.00412620072588973,401,0,TRUE,TRUE,FALSE,FALSE,1.65127161646693,0.692073110249378,1.39376125383063,0.377815388503738,"tail unresolved within search range","tail unresolved within search range"
2,0.9,"Full-GMM","[-40,40]",-40,40,TRUE,FALSE,TRUE,TRUE,382,20,-40,40,8.2,0.00412620072588973,401,0,TRUE,TRUE,FALSE,FALSE,1.65127161646693,0.692073110249378,1.39376125383063,0.377815388503738,"tail unresolved within search range","tail unresolved within search range"
2,0.9,"DML-IVQR","[-3,5]",-3,5,TRUE,TRUE,TRUE,TRUE,41,1,-3,5,24.6,0.153619914227551,401,0,FALSE,TRUE,FALSE,TRUE,9.44854196928029,8.481725354592,0.385393855375446,0.736548658697074,"no acceptance near search boundary","tail unresolved within search range"
2,0.9,"DML-IVQR","[-5,5]",-5,5,TRUE,TRUE,TRUE,TRUE,51,1,-5,5,24.6,0.153619914227551,401,0,FALSE,TRUE,FALSE,TRUE,9.44854196928029,8.481725354592,0.385393855375446,0.736548658697074,"no acceptance near search boundary","tail unresolved within search range"
2,0.9,"DML-IVQR","[-10,10]",-10,10,TRUE,TRUE,TRUE,TRUE,101,1,-10,10,24.6,0.153619914227551,401,0,FALSE,TRUE,FALSE,TRUE,9.44854196928029,8.481725354592,0.385393855375446,0.736548658697074,"no acceptance near search boundary","tail unresolved within search range"
2,0.9,"DML-IVQR","[-20,20]",-20,20,TRUE,FALSE,FALSE,TRUE,192,4,-19,20,24.6,0.153619914227551,401,0,FALSE,TRUE,FALSE,TRUE,9.44854196928029,8.481725354592,0.385393855375446,0.736548658697074,"no acceptance near search boundary","tail unresolved within search range"
2,0.9,"DML-IVQR","[-40,40]",-40,40,TRUE,FALSE,FALSE,TRUE,295,7,-29.6,40,24.6,0.153619914227551,401,0,FALSE,TRUE,FALSE,TRUE,9.44854196928029,8.481725354592,0.385393855375446,0.736548658697074,"no acceptance near search boundary","tail unresolved within search range"
3,0.1,"Oracle-GMM","[-3,5]",-3,5,TRUE,FALSE,TRUE,TRUE,39,2,-3,5,-12.8,0.000346748300580658,401,0,TRUE,TRUE,TRUE,TRUE,0.119257833506808,0.0122580912156547,3.91254947715994,3.60093550003552,"tail unresolved within search range","tail unresolved within search range"
3,0.1,"Oracle-GMM","[-5,5]",-5,5,TRUE,FALSE,TRUE,TRUE,49,2,-5,5,-12.8,0.000346748300580658,401,0,TRUE,TRUE,TRUE,TRUE,0.119257833506808,0.0122580912156547,3.91254947715994,3.60093550003552,"tail unresolved within search range","tail unresolved within search range"
3,0.1,"Oracle-GMM","[-10,10]",-10,10,TRUE,FALSE,TRUE,FALSE,98,2,-10,9.8,-12.8,0.000346748300580658,401,0,TRUE,TRUE,TRUE,TRUE,0.119257833506808,0.0122580912156547,3.91254947715994,3.60093550003552,"tail unresolved within search range","tail unresolved within search range"
3,0.1,"Oracle-GMM","[-20,20]",-20,20,TRUE,FALSE,TRUE,TRUE,187,11,-20,20,-12.8,0.000346748300580658,401,0,TRUE,TRUE,TRUE,TRUE,0.119257833506808,0.0122580912156547,3.91254947715994,3.60093550003552,"tail unresolved within search range","tail unresolved within search range"
3,0.1,"Oracle-GMM","[-40,40]",-40,40,TRUE,FALSE,TRUE,TRUE,382,15,-40,40,-12.8,0.000346748300580658,401,0,TRUE,TRUE,TRUE,TRUE,0.119257833506808,0.0122580912156547,3.91254947715994,3.60093550003552,"tail unresolved within search range","tail unresolved within search range"
3,0.1,"Full-GMM","[-3,5]",-3,5,TRUE,TRUE,TRUE,TRUE,41,1,-3,5,4.6,0.00147797177665632,401,0,TRUE,TRUE,TRUE,FALSE,1.4702744678828,3.36297867173329,3.21876622684344,0.660466641684655,"tail unresolved within search range","tail unresolved within search range"
3,0.1,"Full-GMM","[-5,5]",-5,5,TRUE,TRUE,TRUE,TRUE,51,1,-5,5,4.6,0.00147797177665632,401,0,TRUE,TRUE,TRUE,FALSE,1.4702744678828,3.36297867173329,3.21876622684344,0.660466641684655,"tail unresolved within search range","tail unresolved within search range"
3,0.1,"Full-GMM","[-10,10]",-10,10,TRUE,TRUE,TRUE,TRUE,101,1,-10,10,4.6,0.00147797177665632,401,0,TRUE,TRUE,TRUE,FALSE,1.4702744678828,3.36297867173329,3.21876622684344,0.660466641684655,"tail unresolved within search range","tail unresolved within search range"
3,0.1,"Full-GMM","[-20,20]",-20,20,TRUE,TRUE,TRUE,TRUE,201,1,-20,20,4.6,0.00147797177665632,401,0,TRUE,TRUE,TRUE,FALSE,1.4702744678828,3.36297867173329,3.21876622684344,0.660466641684655,"tail unresolved within search range","tail unresolved within search range"
3,0.1,"Full-GMM","[-40,40]",-40,40,TRUE,FALSE,TRUE,TRUE,399,3,-40,40,4.6,0.00147797177665632,401,0,TRUE,TRUE,TRUE,FALSE,1.4702744678828,3.36297867173329,3.21876622684344,0.660466641684655,"tail unresolved within search range","tail unresolved within search range"
3,0.1,"DML-IVQR","[-3,5]",-3,5,TRUE,FALSE,TRUE,TRUE,36,4,-3,5,18,0.0385065013852331,401,0,TRUE,TRUE,FALSE,TRUE,7.22556136357098,5.04022719858343,3.41496376505212,3.87702255091682,"tail unresolved within search range","tail unresolved within search range"
3,0.1,"DML-IVQR","[-5,5]",-5,5,TRUE,FALSE,TRUE,TRUE,45,5,-5,5,18,0.0385065013852331,401,0,TRUE,TRUE,FALSE,TRUE,7.22556136357098,5.04022719858343,3.41496376505212,3.87702255091682,"tail unresolved within search range","tail unresolved within search range"
3,0.1,"DML-IVQR","[-10,10]",-10,10,TRUE,FALSE,TRUE,TRUE,89,9,-10,10,18,0.0385065013852331,401,0,TRUE,TRUE,FALSE,TRUE,7.22556136357098,5.04022719858343,3.41496376505212,3.87702255091682,"tail unresolved within search range","tail unresolved within search range"
3,0.1,"DML-IVQR","[-20,20]",-20,20,TRUE,FALSE,TRUE,TRUE,183,12,-20,20,18,0.0385065013852331,401,0,TRUE,TRUE,FALSE,TRUE,7.22556136357098,5.04022719858343,3.41496376505212,3.87702255091682,"tail unresolved within search range","tail unresolved within search range"
3,0.1,"DML-IVQR","[-40,40]",-40,40,TRUE,FALSE,FALSE,TRUE,353,25,-39,40,18,0.0385065013852331,401,0,TRUE,TRUE,FALSE,TRUE,7.22556136357098,5.04022719858343,3.41496376505212,3.87702255091682,"tail unresolved within search range","tail unresolved within search range"
3,0.5,"Oracle-GMM","[-3,5]",-3,5,TRUE,TRUE,TRUE,TRUE,41,1,-3,5,0.400000000000006,0.045508997033478,401,0,TRUE,TRUE,TRUE,TRUE,0.954261353320202,1.07920982305934,1.22545832668283,0.534648984625864,"tail unresolved within search range","tail unresolved within search range"
3,0.5,"Oracle-GMM","[-5,5]",-5,5,TRUE,TRUE,TRUE,TRUE,51,1,-5,5,0.400000000000006,0.045508997033478,401,0,TRUE,TRUE,TRUE,TRUE,0.954261353320202,1.07920982305934,1.22545832668283,0.534648984625864,"tail unresolved within search range","tail unresolved within search range"
3,0.5,"Oracle-GMM","[-10,10]",-10,10,TRUE,TRUE,TRUE,TRUE,101,1,-10,10,0.400000000000006,0.045508997033478,401,0,TRUE,TRUE,TRUE,TRUE,0.954261353320202,1.07920982305934,1.22545832668283,0.534648984625864,"tail unresolved within search range","tail unresolved within search range"
3,0.5,"Oracle-GMM","[-20,20]",-20,20,TRUE,TRUE,TRUE,TRUE,201,1,-20,20,0.400000000000006,0.045508997033478,401,0,TRUE,TRUE,TRUE,TRUE,0.954261353320202,1.07920982305934,1.22545832668283,0.534648984625864,"tail unresolved within search range","tail unresolved within search range"
3,0.5,"Oracle-GMM","[-40,40]",-40,40,TRUE,TRUE,TRUE,TRUE,401,1,-40,40,0.400000000000006,0.045508997033478,401,0,TRUE,TRUE,TRUE,TRUE,0.954261353320202,1.07920982305934,1.22545832668283,0.534648984625864,"tail unresolved within search range","tail unresolved within search range"
3,0.5,"Full-GMM","[-3,5]",-3,5,TRUE,FALSE,FALSE,TRUE,31,4,-2,5,1.40000000000001,0.133349631085193,401,0,TRUE,TRUE,FALSE,FALSE,6.01047415938446,7.29271523518774,8.18165294189967,7.26831668403838,"tail unresolved within search range","tail unresolved within search range"
3,0.5,"Full-GMM","[-5,5]",-5,5,TRUE,FALSE,TRUE,TRUE,35,6,-5,5,1.40000000000001,0.133349631085193,401,0,TRUE,TRUE,FALSE,FALSE,6.01047415938446,7.29271523518774,8.18165294189967,7.26831668403838,"tail unresolved within search range","tail unresolved within search range"
3,0.5,"Full-GMM","[-10,10]",-10,10,TRUE,FALSE,FALSE,TRUE,65,11,-9.6,10,1.40000000000001,0.133349631085193,401,0,TRUE,TRUE,FALSE,FALSE,6.01047415938446,7.29271523518774,8.18165294189967,7.26831668403838,"tail unresolved within search range","tail unresolved within search range"
3,0.5,"Full-GMM","[-20,20]",-20,20,TRUE,FALSE,TRUE,TRUE,121,27,-20,20,1.40000000000001,0.133349631085193,401,0,TRUE,TRUE,FALSE,FALSE,6.01047415938446,7.29271523518774,8.18165294189967,7.26831668403838,"tail unresolved within search range","tail unresolved within search range"
3,0.5,"Full-GMM","[-40,40]",-40,40,TRUE,FALSE,FALSE,FALSE,218,66,-39,39.8,1.40000000000001,0.133349631085193,401,0,TRUE,TRUE,FALSE,FALSE,6.01047415938446,7.29271523518774,8.18165294189967,7.26831668403838,"tail unresolved within search range","tail unresolved within search range"
3,0.5,"DML-IVQR","[-3,5]",-3,5,TRUE,FALSE,FALSE,TRUE,31,1,-1,5,2.6,0.0464388119223179,401,0,TRUE,TRUE,FALSE,TRUE,8.50840942424988,7.37532798632528,0.848161781881105,2.21078233291374,"tail unresolved within search range","tail unresolved within search range"
3,0.5,"DML-IVQR","[-5,5]",-5,5,TRUE,FALSE,FALSE,TRUE,31,1,-1,5,2.6,0.0464388119223179,401,0,TRUE,TRUE,FALSE,TRUE,8.50840942424988,7.37532798632528,0.848161781881105,2.21078233291374,"tail unresolved within search range","tail unresolved within search range"
3,0.5,"DML-IVQR","[-10,10]",-10,10,TRUE,FALSE,FALSE,TRUE,56,1,-1,10,2.6,0.0464388119223179,401,0,TRUE,TRUE,FALSE,TRUE,8.50840942424988,7.37532798632528,0.848161781881105,2.21078233291374,"tail unresolved within search range","tail unresolved within search range"
3,0.5,"DML-IVQR","[-20,20]",-20,20,TRUE,FALSE,FALSE,TRUE,116,5,-18.2,20,2.6,0.0464388119223179,401,0,TRUE,TRUE,FALSE,TRUE,8.50840942424988,7.37532798632528,0.848161781881105,2.21078233291374,"tail unresolved within search range","tail unresolved within search range"
3,0.5,"DML-IVQR","[-40,40]",-40,40,TRUE,FALSE,FALSE,TRUE,223,8,-33.2,40,2.6,0.0464388119223179,401,0,TRUE,TRUE,FALSE,TRUE,8.50840942424988,7.37532798632528,0.848161781881105,2.21078233291374,"tail unresolved within search range","tail unresolved within search range"
3,0.9,"Oracle-GMM","[-3,5]",-3,5,TRUE,TRUE,TRUE,TRUE,41,1,-3,5,35.6,0.000340635152019077,401,0,TRUE,TRUE,TRUE,TRUE,2.95342361288708,2.33703227330365,0.0201255801758802,0.803559225879231,"tail unresolved within search range","tail unresolved within search range"
3,0.9,"Oracle-GMM","[-5,5]",-5,5,TRUE,TRUE,TRUE,TRUE,51,1,-5,5,35.6,0.000340635152019077,401,0,TRUE,TRUE,TRUE,TRUE,2.95342361288708,2.33703227330365,0.0201255801758802,0.803559225879231,"tail unresolved within search range","tail unresolved within search range"
3,0.9,"Oracle-GMM","[-10,10]",-10,10,TRUE,TRUE,TRUE,TRUE,101,1,-10,10,35.6,0.000340635152019077,401,0,TRUE,TRUE,TRUE,TRUE,2.95342361288708,2.33703227330365,0.0201255801758802,0.803559225879231,"tail unresolved within search range","tail unresolved within search range"
3,0.9,"Oracle-GMM","[-20,20]",-20,20,TRUE,TRUE,TRUE,TRUE,201,1,-20,20,35.6,0.000340635152019077,401,0,TRUE,TRUE,TRUE,TRUE,2.95342361288708,2.33703227330365,0.0201255801758802,0.803559225879231,"tail unresolved within search range","tail unresolved within search range"
3,0.9,"Oracle-GMM","[-40,40]",-40,40,TRUE,TRUE,TRUE,TRUE,401,1,-40,40,35.6,0.000340635152019077,401,0,TRUE,TRUE,TRUE,TRUE,2.95342361288708,2.33703227330365,0.0201255801758802,0.803559225879231,"tail unresolved within search range","tail unresolved within search range"
3,0.9,"Full-GMM","[-3,5]",-3,5,TRUE,FALSE,TRUE,TRUE,39,3,-3,5,36.8,0.00687754485272852,401,0,TRUE,TRUE,TRUE,TRUE,1.97737607849961,1.08549648022372,0.565562300678832,1.80570385816454,"tail unresolved within search range","tail unresolved within search range"
3,0.9,"Full-GMM","[-5,5]",-5,5,TRUE,FALSE,TRUE,TRUE,49,3,-5,5,36.8,0.00687754485272852,401,0,TRUE,TRUE,TRUE,TRUE,1.97737607849961,1.08549648022372,0.565562300678832,1.80570385816454,"tail unresolved within search range","tail unresolved within search range"
3,0.9,"Full-GMM","[-10,10]",-10,10,TRUE,FALSE,FALSE,TRUE,95,5,-9.8,10,36.8,0.00687754485272852,401,0,TRUE,TRUE,TRUE,TRUE,1.97737607849961,1.08549648022372,0.565562300678832,1.80570385816454,"tail unresolved within search range","tail unresolved within search range"
3,0.9,"Full-GMM","[-20,20]",-20,20,TRUE,FALSE,TRUE,TRUE,192,9,-20,20,36.8,0.00687754485272852,401,0,TRUE,TRUE,TRUE,TRUE,1.97737607849961,1.08549648022372,0.565562300678832,1.80570385816454,"tail unresolved within search range","tail unresolved within search range"
3,0.9,"Full-GMM","[-40,40]",-40,40,TRUE,FALSE,TRUE,TRUE,387,14,-40,40,36.8,0.00687754485272852,401,0,TRUE,TRUE,TRUE,TRUE,1.97737607849961,1.08549648022372,0.565562300678832,1.80570385816454,"tail unresolved within search range","tail unresolved within search range"
3,0.9,"DML-IVQR","[-3,5]",-3,5,TRUE,TRUE,TRUE,TRUE,41,1,-3,5,2,0.0813667066042142,401,0,FALSE,TRUE,FALSE,TRUE,11.0843647392394,8.60605199696609,2.18046366045491,2.20806333985386,"no acceptance near search boundary","tail unresolved within search range"
3,0.9,"DML-IVQR","[-5,5]",-5,5,TRUE,TRUE,TRUE,TRUE,51,1,-5,5,2,0.0813667066042142,401,0,FALSE,TRUE,FALSE,TRUE,11.0843647392394,8.60605199696609,2.18046366045491,2.20806333985386,"no acceptance near search boundary","tail unresolved within search range"
3,0.9,"DML-IVQR","[-10,10]",-10,10,TRUE,FALSE,FALSE,TRUE,93,3,-9.8,10,2,0.0813667066042142,401,0,FALSE,TRUE,FALSE,TRUE,11.0843647392394,8.60605199696609,2.18046366045491,2.20806333985386,"no acceptance near search boundary","tail unresolved within search range"
3,0.9,"DML-IVQR","[-20,20]",-20,20,TRUE,FALSE,FALSE,TRUE,160,10,-19.6,20,2,0.0813667066042142,401,0,FALSE,TRUE,FALSE,TRUE,11.0843647392394,8.60605199696609,2.18046366045491,2.20806333985386,"no acceptance near search boundary","tail unresolved within search range"
3,0.9,"DML-IVQR","[-40,40]",-40,40,TRUE,FALSE,FALSE,TRUE,279,17,-26,40,2,0.0813667066042142,401,0,FALSE,TRUE,FALSE,TRUE,11.0843647392394,8.60605199696609,2.18046366045491,2.20806333985386,"no acceptance near search boundary","tail unresolved within search range"
4,0.1,"Oracle-GMM","[-3,5]",-3,5,TRUE,FALSE,TRUE,TRUE,38,4,-3,5,-0.199999999999996,0.206501041557764,401,0,TRUE,TRUE,TRUE,TRUE,1.90044127454252,1.22208874412347,4.39544690388178,2.47299479490457,"tail unresolved within search range","tail unresolved within search range"
4,0.1,"Oracle-GMM","[-5,5]",-5,5,TRUE,FALSE,TRUE,TRUE,48,4,-5,5,-0.199999999999996,0.206501041557764,401,0,TRUE,TRUE,TRUE,TRUE,1.90044127454252,1.22208874412347,4.39544690388178,2.47299479490457,"tail unresolved within search range","tail unresolved within search range"
4,0.1,"Oracle-GMM","[-10,10]",-10,10,TRUE,FALSE,TRUE,TRUE,97,5,-10,10,-0.199999999999996,0.206501041557764,401,0,TRUE,TRUE,TRUE,TRUE,1.90044127454252,1.22208874412347,4.39544690388178,2.47299479490457,"tail unresolved within search range","tail unresolved within search range"
4,0.1,"Oracle-GMM","[-20,20]",-20,20,TRUE,FALSE,TRUE,TRUE,197,5,-20,20,-0.199999999999996,0.206501041557764,401,0,TRUE,TRUE,TRUE,TRUE,1.90044127454252,1.22208874412347,4.39544690388178,2.47299479490457,"tail unresolved within search range","tail unresolved within search range"
4,0.1,"Oracle-GMM","[-40,40]",-40,40,TRUE,FALSE,TRUE,TRUE,397,5,-40,40,-0.199999999999996,0.206501041557764,401,0,TRUE,TRUE,TRUE,TRUE,1.90044127454252,1.22208874412347,4.39544690388178,2.47299479490457,"tail unresolved within search range","tail unresolved within search range"
4,0.1,"Full-GMM","[-3,5]",-3,5,TRUE,FALSE,FALSE,TRUE,37,3,-2.8,5,-27.4,0.000165181067302669,401,0,TRUE,TRUE,FALSE,FALSE,3.81211411968665,8.96871868858584,2.89227347617123,5.41223405987117,"tail unresolved within search range","tail unresolved within search range"
4,0.1,"Full-GMM","[-5,5]",-5,5,TRUE,FALSE,TRUE,TRUE,44,7,-5,5,-27.4,0.000165181067302669,401,0,TRUE,TRUE,FALSE,FALSE,3.81211411968665,8.96871868858584,2.89227347617123,5.41223405987117,"tail unresolved within search range","tail unresolved within search range"
4,0.1,"Full-GMM","[-10,10]",-10,10,TRUE,FALSE,TRUE,FALSE,83,15,-10,9.8,-27.4,0.000165181067302669,401,0,TRUE,TRUE,FALSE,FALSE,3.81211411968665,8.96871868858584,2.89227347617123,5.41223405987117,"tail unresolved within search range","tail unresolved within search range"
4,0.1,"Full-GMM","[-20,20]",-20,20,TRUE,FALSE,TRUE,TRUE,169,28,-20,20,-27.4,0.000165181067302669,401,0,TRUE,TRUE,FALSE,FALSE,3.81211411968665,8.96871868858584,2.89227347617123,5.41223405987117,"tail unresolved within search range","tail unresolved within search range"
4,0.1,"Full-GMM","[-40,40]",-40,40,TRUE,FALSE,TRUE,TRUE,354,42,-40,40,-27.4,0.000165181067302669,401,0,TRUE,TRUE,FALSE,FALSE,3.81211411968665,8.96871868858584,2.89227347617123,5.41223405987117,"tail unresolved within search range","tail unresolved within search range"
4,0.1,"DML-IVQR","[-3,5]",-3,5,TRUE,FALSE,FALSE,TRUE,28,2,-0.599999999999994,5,2.2,0.627389526173701,401,0,FALSE,TRUE,FALSE,TRUE,15.9188306847418,15.7767352055557,3.53854564944296,5.18221945906584,"no acceptance near search boundary","tail unresolved within search range"
4,0.1,"DML-IVQR","[-5,5]",-5,5,TRUE,FALSE,FALSE,TRUE,28,2,-0.599999999999994,5,2.2,0.627389526173701,401,0,FALSE,TRUE,FALSE,TRUE,15.9188306847418,15.7767352055557,3.53854564944296,5.18221945906584,"no acceptance near search boundary","tail unresolved within search range"
4,0.1,"DML-IVQR","[-10,10]",-10,10,TRUE,FALSE,FALSE,TRUE,41,5,-0.599999999999994,10,2.2,0.627389526173701,401,0,FALSE,TRUE,FALSE,TRUE,15.9188306847418,15.7767352055557,3.53854564944296,5.18221945906584,"no acceptance near search boundary","tail unresolved within search range"
4,0.1,"DML-IVQR","[-20,20]",-20,20,TRUE,FALSE,FALSE,TRUE,81,10,-0.599999999999994,20,2.2,0.627389526173701,401,0,FALSE,TRUE,FALSE,TRUE,15.9188306847418,15.7767352055557,3.53854564944296,5.18221945906584,"no acceptance near search boundary","tail unresolved within search range"
4,0.1,"DML-IVQR","[-40,40]",-40,40,TRUE,FALSE,FALSE,TRUE,181,10,-0.599999999999994,40,2.2,0.627389526173701,401,0,FALSE,TRUE,FALSE,TRUE,15.9188306847418,15.7767352055557,3.53854564944296,5.18221945906584,"no acceptance near search boundary","tail unresolved within search range"
4,0.5,"Oracle-GMM","[-3,5]",-3,5,TRUE,FALSE,TRUE,TRUE,37,3,-3,5,-1.8,0.0898584040100405,401,0,TRUE,TRUE,TRUE,TRUE,1.27343002407346,2.22261281678898,1.49786068413599,1.34061479667359,"tail unresolved within search range","tail unresolved within search range"
4,0.5,"Oracle-GMM","[-5,5]",-5,5,TRUE,FALSE,TRUE,TRUE,47,3,-5,5,-1.8,0.0898584040100405,401,0,TRUE,TRUE,TRUE,TRUE,1.27343002407346,2.22261281678898,1.49786068413599,1.34061479667359,"tail unresolved within search range","tail unresolved within search range"
4,0.5,"Oracle-GMM","[-10,10]",-10,10,TRUE,FALSE,TRUE,TRUE,97,3,-10,10,-1.8,0.0898584040100405,401,0,TRUE,TRUE,TRUE,TRUE,1.27343002407346,2.22261281678898,1.49786068413599,1.34061479667359,"tail unresolved within search range","tail unresolved within search range"
4,0.5,"Oracle-GMM","[-20,20]",-20,20,TRUE,FALSE,TRUE,TRUE,197,3,-20,20,-1.8,0.0898584040100405,401,0,TRUE,TRUE,TRUE,TRUE,1.27343002407346,2.22261281678898,1.49786068413599,1.34061479667359,"tail unresolved within search range","tail unresolved within search range"
4,0.5,"Oracle-GMM","[-40,40]",-40,40,TRUE,FALSE,TRUE,TRUE,397,3,-40,40,-1.8,0.0898584040100405,401,0,TRUE,TRUE,TRUE,TRUE,1.27343002407346,2.22261281678898,1.49786068413599,1.34061479667359,"tail unresolved within search range","tail unresolved within search range"
4,0.5,"Full-GMM","[-3,5]",-3,5,TRUE,FALSE,TRUE,FALSE,34,4,-3,4.6,1.6,0.208564424775606,401,0,TRUE,TRUE,FALSE,FALSE,7.91894411967831,4.99358396702894,6.80904729462356,6.70828909271293,"tail unresolved within search range","tail unresolved within search range"
4,0.5,"Full-GMM","[-5,5]",-5,5,TRUE,FALSE,FALSE,FALSE,38,5,-4.4,4.6,1.6,0.208564424775606,401,0,TRUE,TRUE,FALSE,FALSE,7.91894411967831,4.99358396702894,6.80904729462356,6.70828909271293,"tail unresolved within search range","tail unresolved within search range"
4,0.5,"Full-GMM","[-10,10]",-10,10,TRUE,FALSE,TRUE,FALSE,67,17,-10,9.8,1.6,0.208564424775606,401,0,TRUE,TRUE,FALSE,FALSE,7.91894411967831,4.99358396702894,6.80904729462356,6.70828909271293,"tail unresolved within search range","tail unresolved within search range"
4,0.5,"Full-GMM","[-20,20]",-20,20,TRUE,FALSE,TRUE,TRUE,144,35,-20,20,1.6,0.208564424775606,401,0,TRUE,TRUE,FALSE,FALSE,7.91894411967831,4.99358396702894,6.80904729462356,6.70828909271293,"tail unresolved within search range","tail unresolved within search range"
4,0.5,"Full-GMM","[-40,40]",-40,40,TRUE,FALSE,FALSE,FALSE,243,83,-39.6,39.8,1.6,0.208564424775606,401,0,TRUE,TRUE,FALSE,FALSE,7.91894411967831,4.99358396702894,6.80904729462356,6.70828909271293,"tail unresolved within search range","tail unresolved within search range"
4,0.5,"DML-IVQR","[-3,5]",-3,5,TRUE,FALSE,TRUE,TRUE,38,2,-3,5,0.200000000000003,0.673950384509103,401,0,FALSE,TRUE,FALSE,TRUE,7.98703269566696,6.67677573430042,3.73242982053441,2.14856572395633,"no acceptance near search boundary","tail unresolved within search range"
4,0.5,"DML-IVQR","[-5,5]",-5,5,TRUE,FALSE,FALSE,TRUE,45,3,-4.6,5,0.200000000000003,0.673950384509103,401,0,FALSE,TRUE,FALSE,TRUE,7.98703269566696,6.67677573430042,3.73242982053441,2.14856572395633,"no acceptance near search boundary","tail unresolved within search range"
4,0.5,"DML-IVQR","[-10,10]",-10,10,TRUE,FALSE,FALSE,TRUE,74,8,-8,10,0.200000000000003,0.673950384509103,401,0,FALSE,TRUE,FALSE,TRUE,7.98703269566696,6.67677573430042,3.73242982053441,2.14856572395633,"no acceptance near search boundary","tail unresolved within search range"
4,0.5,"DML-IVQR","[-20,20]",-20,20,TRUE,FALSE,FALSE,TRUE,124,8,-8,20,0.200000000000003,0.673950384509103,401,0,FALSE,TRUE,FALSE,TRUE,7.98703269566696,6.67677573430042,3.73242982053441,2.14856572395633,"no acceptance near search boundary","tail unresolved within search range"
4,0.5,"DML-IVQR","[-40,40]",-40,40,TRUE,FALSE,FALSE,TRUE,224,8,-8,40,0.200000000000003,0.673950384509103,401,0,FALSE,TRUE,FALSE,TRUE,7.98703269566696,6.67677573430042,3.73242982053441,2.14856572395633,"no acceptance near search boundary","tail unresolved within search range"
4,0.9,"Oracle-GMM","[-3,5]",-3,5,TRUE,FALSE,FALSE,TRUE,40,1,-2.8,5,2,0.546374255334842,401,0,TRUE,TRUE,TRUE,TRUE,3.86751253302163,2.86689877355782,1.56161564442564,0.875356304557465,"tail unresolved within search range","tail unresolved within search range"
4,0.9,"Oracle-GMM","[-5,5]",-5,5,TRUE,FALSE,FALSE,TRUE,49,2,-4.8,5,2,0.546374255334842,401,0,TRUE,TRUE,TRUE,TRUE,3.86751253302163,2.86689877355782,1.56161564442564,0.875356304557465,"tail unresolved within search range","tail unresolved within search range"
4,0.9,"Oracle-GMM","[-10,10]",-10,10,TRUE,FALSE,TRUE,TRUE,96,5,-10,10,2,0.546374255334842,401,0,TRUE,TRUE,TRUE,TRUE,3.86751253302163,2.86689877355782,1.56161564442564,0.875356304557465,"tail unresolved within search range","tail unresolved within search range"
4,0.9,"Oracle-GMM","[-20,20]",-20,20,TRUE,FALSE,TRUE,TRUE,191,9,-20,20,2,0.546374255334842,401,0,TRUE,TRUE,TRUE,TRUE,3.86751253302163,2.86689877355782,1.56161564442564,0.875356304557465,"tail unresolved within search range","tail unresolved within search range"
4,0.9,"Oracle-GMM","[-40,40]",-40,40,TRUE,FALSE,TRUE,TRUE,390,10,-40,40,2,0.546374255334842,401,0,TRUE,TRUE,TRUE,TRUE,3.86751253302163,2.86689877355782,1.56161564442564,0.875356304557465,"tail unresolved within search range","tail unresolved within search range"
4,0.9,"Full-GMM","[-3,5]",-3,5,TRUE,FALSE,FALSE,TRUE,34,4,-2.8,5,17,0.000404447404801807,401,0,TRUE,TRUE,FALSE,FALSE,5.8846128704952,2.16237436848993,3.06130656115185,2.79421262470171,"tail unresolved within search range","tail unresolved within search range"
4,0.9,"Full-GMM","[-5,5]",-5,5,TRUE,FALSE,TRUE,TRUE,42,6,-5,5,17,0.000404447404801807,401,0,TRUE,TRUE,FALSE,FALSE,5.8846128704952,2.16237436848993,3.06130656115185,2.79421262470171,"tail unresolved within search range","tail unresolved within search range"
4,0.9,"Full-GMM","[-10,10]",-10,10,TRUE,FALSE,TRUE,TRUE,86,11,-10,10,17,0.000404447404801807,401,0,TRUE,TRUE,FALSE,FALSE,5.8846128704952,2.16237436848993,3.06130656115185,2.79421262470171,"tail unresolved within search range","tail unresolved within search range"
4,0.9,"Full-GMM","[-20,20]",-20,20,TRUE,FALSE,TRUE,TRUE,179,18,-20,20,17,0.000404447404801807,401,0,TRUE,TRUE,FALSE,FALSE,5.8846128704952,2.16237436848993,3.06130656115185,2.79421262470171,"tail unresolved within search range","tail unresolved within search range"
4,0.9,"Full-GMM","[-40,40]",-40,40,TRUE,FALSE,TRUE,TRUE,363,32,-40,40,17,0.000404447404801807,401,0,TRUE,TRUE,FALSE,FALSE,5.8846128704952,2.16237436848993,3.06130656115185,2.79421262470171,"tail unresolved within search range","tail unresolved within search range"
4,0.9,"DML-IVQR","[-3,5]",-3,5,TRUE,FALSE,TRUE,TRUE,40,2,-3,5,3,0.308834116331789,400,1,TRUE,TRUE,TRUE,TRUE,2.55380643725589,4.28660785124345,2.15397316101118,1.93011525794409,"tail unresolved within search range","tail unresolved within search range"
4,0.9,"DML-IVQR","[-5,5]",-5,5,TRUE,FALSE,TRUE,TRUE,50,2,-5,5,3,0.308834116331789,400,1,TRUE,TRUE,TRUE,TRUE,2.55380643725589,4.28660785124345,2.15397316101118,1.93011525794409,"tail unresolved within search range","tail unresolved within search range"
4,0.9,"DML-IVQR","[-10,10]",-10,10,TRUE,FALSE,TRUE,TRUE,99,3,-10,10,3,0.308834116331789,400,1,TRUE,TRUE,TRUE,TRUE,2.55380643725589,4.28660785124345,2.15397316101118,1.93011525794409,"tail unresolved within search range","tail unresolved within search range"
4,0.9,"DML-IVQR","[-20,20]",-20,20,TRUE,FALSE,TRUE,TRUE,196,6,-20,20,3,0.308834116331789,400,1,TRUE,TRUE,TRUE,TRUE,2.55380643725589,4.28660785124345,2.15397316101118,1.93011525794409,"tail unresolved within search range","tail unresolved within search range"
4,0.9,"DML-IVQR","[-40,40]",-40,40,TRUE,FALSE,TRUE,TRUE,396,6,-40,40,3,0.308834116331789,400,1,TRUE,TRUE,TRUE,TRUE,2.55380643725589,4.28660785124345,2.15397316101118,1.93011525794409,"tail unresolved within search range","tail unresolved within search range"
5,0.1,"Oracle-GMM","[-3,5]",-3,5,TRUE,TRUE,TRUE,TRUE,41,1,-3,5,-26.6,0.00188337853707723,401,0,TRUE,TRUE,TRUE,TRUE,0.271505603039025,0.829684879063217,0.549204464634913,0.42065832158776,"tail unresolved within search range","tail unresolved within search range"
5,0.1,"Oracle-GMM","[-5,5]",-5,5,TRUE,TRUE,TRUE,TRUE,51,1,-5,5,-26.6,0.00188337853707723,401,0,TRUE,TRUE,TRUE,TRUE,0.271505603039025,0.829684879063217,0.549204464634913,0.42065832158776,"tail unresolved within search range","tail unresolved within search range"
5,0.1,"Oracle-GMM","[-10,10]",-10,10,TRUE,TRUE,TRUE,TRUE,101,1,-10,10,-26.6,0.00188337853707723,401,0,TRUE,TRUE,TRUE,TRUE,0.271505603039025,0.829684879063217,0.549204464634913,0.42065832158776,"tail unresolved within search range","tail unresolved within search range"
5,0.1,"Oracle-GMM","[-20,20]",-20,20,TRUE,TRUE,TRUE,TRUE,201,1,-20,20,-26.6,0.00188337853707723,401,0,TRUE,TRUE,TRUE,TRUE,0.271505603039025,0.829684879063217,0.549204464634913,0.42065832158776,"tail unresolved within search range","tail unresolved within search range"
5,0.1,"Oracle-GMM","[-40,40]",-40,40,TRUE,TRUE,TRUE,TRUE,401,1,-40,40,-26.6,0.00188337853707723,401,0,TRUE,TRUE,TRUE,TRUE,0.271505603039025,0.829684879063217,0.549204464634913,0.42065832158776,"tail unresolved within search range","tail unresolved within search range"
5,0.1,"Full-GMM","[-3,5]",-3,5,TRUE,TRUE,TRUE,TRUE,41,1,-3,5,-7.2,0.00104465941078895,401,0,TRUE,TRUE,TRUE,TRUE,4.21673124012939,0.926207446563586,2.15886599725668,0.442784924292857,"tail unresolved within search range","tail unresolved within search range"
5,0.1,"Full-GMM","[-5,5]",-5,5,TRUE,TRUE,TRUE,TRUE,51,1,-5,5,-7.2,0.00104465941078895,401,0,TRUE,TRUE,TRUE,TRUE,4.21673124012939,0.926207446563586,2.15886599725668,0.442784924292857,"tail unresolved within search range","tail unresolved within search range"
5,0.1,"Full-GMM","[-10,10]",-10,10,TRUE,TRUE,TRUE,TRUE,101,1,-10,10,-7.2,0.00104465941078895,401,0,TRUE,TRUE,TRUE,TRUE,4.21673124012939,0.926207446563586,2.15886599725668,0.442784924292857,"tail unresolved within search range","tail unresolved within search range"
5,0.1,"Full-GMM","[-20,20]",-20,20,TRUE,FALSE,TRUE,TRUE,200,2,-20,20,-7.2,0.00104465941078895,401,0,TRUE,TRUE,TRUE,TRUE,4.21673124012939,0.926207446563586,2.15886599725668,0.442784924292857,"tail unresolved within search range","tail unresolved within search range"
5,0.1,"Full-GMM","[-40,40]",-40,40,TRUE,FALSE,TRUE,TRUE,400,2,-40,40,-7.2,0.00104465941078895,401,0,TRUE,TRUE,TRUE,TRUE,4.21673124012939,0.926207446563586,2.15886599725668,0.442784924292857,"tail unresolved within search range","tail unresolved within search range"
5,0.1,"DML-IVQR","[-3,5]",-3,5,TRUE,TRUE,TRUE,TRUE,41,1,-3,5,5.40000000000001,0.137934211597838,401,0,TRUE,TRUE,TRUE,TRUE,1.68884046848572,3.03602519967881,1.0146176975981,1.23526142630724,"tail unresolved within search range","tail unresolved within search range"
5,0.1,"DML-IVQR","[-5,5]",-5,5,TRUE,TRUE,TRUE,TRUE,51,1,-5,5,5.40000000000001,0.137934211597838,401,0,TRUE,TRUE,TRUE,TRUE,1.68884046848572,3.03602519967881,1.0146176975981,1.23526142630724,"tail unresolved within search range","tail unresolved within search range"
5,0.1,"DML-IVQR","[-10,10]",-10,10,TRUE,FALSE,TRUE,FALSE,100,1,-10,9.8,5.40000000000001,0.137934211597838,401,0,TRUE,TRUE,TRUE,TRUE,1.68884046848572,3.03602519967881,1.0146176975981,1.23526142630724,"tail unresolved within search range","tail unresolved within search range"
5,0.1,"DML-IVQR","[-20,20]",-20,20,TRUE,FALSE,TRUE,TRUE,189,6,-20,20,5.40000000000001,0.137934211597838,401,0,TRUE,TRUE,TRUE,TRUE,1.68884046848572,3.03602519967881,1.0146176975981,1.23526142630724,"tail unresolved within search range","tail unresolved within search range"
5,0.1,"DML-IVQR","[-40,40]",-40,40,TRUE,FALSE,TRUE,TRUE,379,12,-40,40,5.40000000000001,0.137934211597838,401,0,TRUE,TRUE,TRUE,TRUE,1.68884046848572,3.03602519967881,1.0146176975981,1.23526142630724,"tail unresolved within search range","tail unresolved within search range"
5,0.5,"Oracle-GMM","[-3,5]",-3,5,TRUE,TRUE,TRUE,TRUE,41,1,-3,5,0.600000000000001,0.2345540638533,401,0,TRUE,TRUE,TRUE,TRUE,0.956905618578349,1.06940339853444,0.990952529110915,0.418236191569416,"tail unresolved within search range","tail unresolved within search range"
5,0.5,"Oracle-GMM","[-5,5]",-5,5,TRUE,TRUE,TRUE,TRUE,51,1,-5,5,0.600000000000001,0.2345540638533,401,0,TRUE,TRUE,TRUE,TRUE,0.956905618578349,1.06940339853444,0.990952529110915,0.418236191569416,"tail unresolved within search range","tail unresolved within search range"
5,0.5,"Oracle-GMM","[-10,10]",-10,10,TRUE,TRUE,TRUE,TRUE,101,1,-10,10,0.600000000000001,0.2345540638533,401,0,TRUE,TRUE,TRUE,TRUE,0.956905618578349,1.06940339853444,0.990952529110915,0.418236191569416,"tail unresolved within search range","tail unresolved within search range"
5,0.5,"Oracle-GMM","[-20,20]",-20,20,TRUE,TRUE,TRUE,TRUE,201,1,-20,20,0.600000000000001,0.2345540638533,401,0,TRUE,TRUE,TRUE,TRUE,0.956905618578349,1.06940339853444,0.990952529110915,0.418236191569416,"tail unresolved within search range","tail unresolved within search range"
5,0.5,"Oracle-GMM","[-40,40]",-40,40,TRUE,TRUE,TRUE,TRUE,401,1,-40,40,0.600000000000001,0.2345540638533,401,0,TRUE,TRUE,TRUE,TRUE,0.956905618578349,1.06940339853444,0.990952529110915,0.418236191569416,"tail unresolved within search range","tail unresolved within search range"
5,0.5,"Full-GMM","[-3,5]",-3,5,TRUE,TRUE,TRUE,TRUE,41,1,-3,5,-39.2,0.00598230829459907,401,0,TRUE,TRUE,TRUE,TRUE,2.60762426018571,1.54354444693646,1.44940394289455,0.552499378445213,"tail unresolved within search range","tail unresolved within search range"
5,0.5,"Full-GMM","[-5,5]",-5,5,TRUE,TRUE,TRUE,TRUE,51,1,-5,5,-39.2,0.00598230829459907,401,0,TRUE,TRUE,TRUE,TRUE,2.60762426018571,1.54354444693646,1.44940394289455,0.552499378445213,"tail unresolved within search range","tail unresolved within search range"
5,0.5,"Full-GMM","[-10,10]",-10,10,TRUE,TRUE,TRUE,TRUE,101,1,-10,10,-39.2,0.00598230829459907,401,0,TRUE,TRUE,TRUE,TRUE,2.60762426018571,1.54354444693646,1.44940394289455,0.552499378445213,"tail unresolved within search range","tail unresolved within search range"
5,0.5,"Full-GMM","[-20,20]",-20,20,TRUE,TRUE,TRUE,TRUE,201,1,-20,20,-39.2,0.00598230829459907,401,0,TRUE,TRUE,TRUE,TRUE,2.60762426018571,1.54354444693646,1.44940394289455,0.552499378445213,"tail unresolved within search range","tail unresolved within search range"
5,0.5,"Full-GMM","[-40,40]",-40,40,TRUE,TRUE,TRUE,TRUE,401,1,-40,40,-39.2,0.00598230829459907,401,0,TRUE,TRUE,TRUE,TRUE,2.60762426018571,1.54354444693646,1.44940394289455,0.552499378445213,"tail unresolved within search range","tail unresolved within search range"
5,0.5,"DML-IVQR","[-3,5]",-3,5,TRUE,TRUE,TRUE,TRUE,41,1,-3,5,6.40000000000001,0.00307473410757233,401,0,TRUE,TRUE,FALSE,TRUE,5.57413410044024,5.82206790526569,0.408480671662661,4.2165928075441,"tail unresolved within search range","tail unresolved within search range"
5,0.5,"DML-IVQR","[-5,5]",-5,5,TRUE,FALSE,TRUE,TRUE,50,2,-5,5,6.40000000000001,0.00307473410757233,401,0,TRUE,TRUE,FALSE,TRUE,5.57413410044024,5.82206790526569,0.408480671662661,4.2165928075441,"tail unresolved within search range","tail unresolved within search range"
5,0.5,"DML-IVQR","[-10,10]",-10,10,TRUE,FALSE,FALSE,TRUE,95,5,-9.8,10,6.40000000000001,0.00307473410757233,401,0,TRUE,TRUE,FALSE,TRUE,5.57413410044024,5.82206790526569,0.408480671662661,4.2165928075441,"tail unresolved within search range","tail unresolved within search range"
5,0.5,"DML-IVQR","[-20,20]",-20,20,TRUE,FALSE,TRUE,TRUE,152,8,-20,20,6.40000000000001,0.00307473410757233,401,0,TRUE,TRUE,FALSE,TRUE,5.57413410044024,5.82206790526569,0.408480671662661,4.2165928075441,"tail unresolved within search range","tail unresolved within search range"
5,0.5,"DML-IVQR","[-40,40]",-40,40,TRUE,FALSE,TRUE,TRUE,336,15,-40,40,6.40000000000001,0.00307473410757233,401,0,TRUE,TRUE,FALSE,TRUE,5.57413410044024,5.82206790526569,0.408480671662661,4.2165928075441,"tail unresolved within search range","tail unresolved within search range"
5,0.9,"Oracle-GMM","[-3,5]",-3,5,TRUE,TRUE,TRUE,TRUE,41,1,-3,5,23,0.00145966148955919,401,0,TRUE,TRUE,TRUE,TRUE,1.36909796161293,0.331197867212428,0.114043359531267,0.502761890800711,"tail unresolved within search range","tail unresolved within search range"
5,0.9,"Oracle-GMM","[-5,5]",-5,5,TRUE,TRUE,TRUE,TRUE,51,1,-5,5,23,0.00145966148955919,401,0,TRUE,TRUE,TRUE,TRUE,1.36909796161293,0.331197867212428,0.114043359531267,0.502761890800711,"tail unresolved within search range","tail unresolved within search range"
5,0.9,"Oracle-GMM","[-10,10]",-10,10,TRUE,TRUE,TRUE,TRUE,101,1,-10,10,23,0.00145966148955919,401,0,TRUE,TRUE,TRUE,TRUE,1.36909796161293,0.331197867212428,0.114043359531267,0.502761890800711,"tail unresolved within search range","tail unresolved within search range"
5,0.9,"Oracle-GMM","[-20,20]",-20,20,TRUE,TRUE,TRUE,TRUE,201,1,-20,20,23,0.00145966148955919,401,0,TRUE,TRUE,TRUE,TRUE,1.36909796161293,0.331197867212428,0.114043359531267,0.502761890800711,"tail unresolved within search range","tail unresolved within search range"
5,0.9,"Oracle-GMM","[-40,40]",-40,40,TRUE,TRUE,TRUE,TRUE,401,1,-40,40,23,0.00145966148955919,401,0,TRUE,TRUE,TRUE,TRUE,1.36909796161293,0.331197867212428,0.114043359531267,0.502761890800711,"tail unresolved within search range","tail unresolved within search range"
5,0.9,"Full-GMM","[-3,5]",-3,5,TRUE,FALSE,TRUE,TRUE,38,3,-3,5,14,0.00618124603220632,401,0,TRUE,TRUE,TRUE,TRUE,2.22979424659988,0.990823514835851,1.0282035736014,0.414111912885068,"tail unresolved within search range","tail unresolved within search range"
5,0.9,"Full-GMM","[-5,5]",-5,5,TRUE,FALSE,TRUE,TRUE,47,4,-5,5,14,0.00618124603220632,401,0,TRUE,TRUE,TRUE,TRUE,2.22979424659988,0.990823514835851,1.0282035736014,0.414111912885068,"tail unresolved within search range","tail unresolved within search range"
5,0.9,"Full-GMM","[-10,10]",-10,10,TRUE,FALSE,TRUE,TRUE,97,4,-10,10,14,0.00618124603220632,401,0,TRUE,TRUE,TRUE,TRUE,2.22979424659988,0.990823514835851,1.0282035736014,0.414111912885068,"tail unresolved within search range","tail unresolved within search range"
5,0.9,"Full-GMM","[-20,20]",-20,20,TRUE,FALSE,TRUE,TRUE,197,4,-20,20,14,0.00618124603220632,401,0,TRUE,TRUE,TRUE,TRUE,2.22979424659988,0.990823514835851,1.0282035736014,0.414111912885068,"tail unresolved within search range","tail unresolved within search range"
5,0.9,"Full-GMM","[-40,40]",-40,40,TRUE,FALSE,TRUE,TRUE,397,4,-40,40,14,0.00618124603220632,401,0,TRUE,TRUE,TRUE,TRUE,2.22979424659988,0.990823514835851,1.0282035736014,0.414111912885068,"tail unresolved within search range","tail unresolved within search range"
5,0.9,"DML-IVQR","[-3,5]",-3,5,TRUE,FALSE,FALSE,TRUE,32,4,-2.2,5,11.4,0.0142901951309574,401,0,TRUE,TRUE,TRUE,TRUE,0.970776634744867,1.72649342067729,0.466017000910259,0.346422984107024,"tail unresolved within search range","tail unresolved within search range"
5,0.9,"DML-IVQR","[-5,5]",-5,5,TRUE,FALSE,TRUE,TRUE,33,5,-5,5,11.4,0.0142901951309574,401,0,TRUE,TRUE,TRUE,TRUE,0.970776634744867,1.72649342067729,0.466017000910259,0.346422984107024,"tail unresolved within search range","tail unresolved within search range"
5,0.9,"DML-IVQR","[-10,10]",-10,10,TRUE,FALSE,TRUE,TRUE,73,10,-10,10,11.4,0.0142901951309574,401,0,TRUE,TRUE,TRUE,TRUE,0.970776634744867,1.72649342067729,0.466017000910259,0.346422984107024,"tail unresolved within search range","tail unresolved within search range"
5,0.9,"DML-IVQR","[-20,20]",-20,20,TRUE,FALSE,TRUE,TRUE,173,10,-20,20,11.4,0.0142901951309574,401,0,TRUE,TRUE,TRUE,TRUE,0.970776634744867,1.72649342067729,0.466017000910259,0.346422984107024,"tail unresolved within search range","tail unresolved within search range"
5,0.9,"DML-IVQR","[-40,40]",-40,40,TRUE,FALSE,TRUE,TRUE,373,10,-40,40,11.4,0.0142901951309574,401,0,TRUE,TRUE,TRUE,TRUE,0.970776634744867,1.72649342067729,0.466017000910259,0.346422984107024,"tail unresolved within search range","tail unresolved within search range"
6,0.1,"Oracle-GMM","[-3,5]",-3,5,TRUE,FALSE,TRUE,TRUE,40,2,-3,5,18.4,0.0159246480132047,401,0,TRUE,TRUE,TRUE,TRUE,1.34215098981215,0.533442500342525,3.69703503404052,1.69816043269484,"tail unresolved within search range","tail unresolved within search range"
6,0.1,"Oracle-GMM","[-5,5]",-5,5,TRUE,FALSE,TRUE,TRUE,50,2,-5,5,18.4,0.0159246480132047,401,0,TRUE,TRUE,TRUE,TRUE,1.34215098981215,0.533442500342525,3.69703503404052,1.69816043269484,"tail unresolved within search range","tail unresolved within search range"
6,0.1,"Oracle-GMM","[-10,10]",-10,10,TRUE,FALSE,TRUE,TRUE,100,2,-10,10,18.4,0.0159246480132047,401,0,TRUE,TRUE,TRUE,TRUE,1.34215098981215,0.533442500342525,3.69703503404052,1.69816043269484,"tail unresolved within search range","tail unresolved within search range"
6,0.1,"Oracle-GMM","[-20,20]",-20,20,TRUE,FALSE,TRUE,TRUE,200,2,-20,20,18.4,0.0159246480132047,401,0,TRUE,TRUE,TRUE,TRUE,1.34215098981215,0.533442500342525,3.69703503404052,1.69816043269484,"tail unresolved within search range","tail unresolved within search range"
6,0.1,"Oracle-GMM","[-40,40]",-40,40,TRUE,FALSE,TRUE,TRUE,400,2,-40,40,18.4,0.0159246480132047,401,0,TRUE,TRUE,TRUE,TRUE,1.34215098981215,0.533442500342525,3.69703503404052,1.69816043269484,"tail unresolved within search range","tail unresolved within search range"
6,0.1,"Full-GMM","[-3,5]",-3,5,TRUE,FALSE,TRUE,TRUE,40,2,-3,5,28.8,0.0466977382280828,401,0,TRUE,TRUE,FALSE,FALSE,1.00772635484936,0.978533436284356,0.160607983441274,0.690666567498938,"tail unresolved within search range","tail unresolved within search range"
6,0.1,"Full-GMM","[-5,5]",-5,5,TRUE,FALSE,TRUE,TRUE,50,2,-5,5,28.8,0.0466977382280828,401,0,TRUE,TRUE,FALSE,FALSE,1.00772635484936,0.978533436284356,0.160607983441274,0.690666567498938,"tail unresolved within search range","tail unresolved within search range"
6,0.1,"Full-GMM","[-10,10]",-10,10,TRUE,FALSE,TRUE,TRUE,98,4,-10,10,28.8,0.0466977382280828,401,0,TRUE,TRUE,FALSE,FALSE,1.00772635484936,0.978533436284356,0.160607983441274,0.690666567498938,"tail unresolved within search range","tail unresolved within search range"
6,0.1,"Full-GMM","[-20,20]",-20,20,TRUE,FALSE,TRUE,FALSE,188,8,-20,18.8,28.8,0.0466977382280828,401,0,TRUE,TRUE,FALSE,FALSE,1.00772635484936,0.978533436284356,0.160607983441274,0.690666567498938,"tail unresolved within search range","tail unresolved within search range"
6,0.1,"Full-GMM","[-40,40]",-40,40,TRUE,FALSE,TRUE,TRUE,371,22,-40,40,28.8,0.0466977382280828,401,0,TRUE,TRUE,FALSE,FALSE,1.00772635484936,0.978533436284356,0.160607983441274,0.690666567498938,"tail unresolved within search range","tail unresolved within search range"
6,0.1,"DML-IVQR","[-3,5]",-3,5,TRUE,FALSE,FALSE,TRUE,34,1,-1.59999999999999,5,-0.599999999999994,0.174540476969081,401,0,FALSE,TRUE,FALSE,TRUE,27.6437360827155,23.8747523110858,3.81166239424788,4.27034362745836,"no acceptance near search boundary","tail unresolved within search range"
6,0.1,"DML-IVQR","[-5,5]",-5,5,TRUE,FALSE,FALSE,TRUE,34,1,-1.59999999999999,5,-0.599999999999994,0.174540476969081,401,0,FALSE,TRUE,FALSE,TRUE,27.6437360827155,23.8747523110858,3.81166239424788,4.27034362745836,"no acceptance near search boundary","tail unresolved within search range"
6,0.1,"DML-IVQR","[-10,10]",-10,10,TRUE,FALSE,FALSE,FALSE,47,3,-1.59999999999999,9.8,-0.599999999999994,0.174540476969081,401,0,FALSE,TRUE,FALSE,TRUE,27.6437360827155,23.8747523110858,3.81166239424788,4.27034362745836,"no acceptance near search boundary","tail unresolved within search range"
6,0.1,"DML-IVQR","[-20,20]",-20,20,TRUE,FALSE,FALSE,FALSE,47,3,-1.59999999999999,9.8,-0.599999999999994,0.174540476969081,401,0,FALSE,TRUE,FALSE,TRUE,27.6437360827155,23.8747523110858,3.81166239424788,4.27034362745836,"no acceptance near search boundary","tail unresolved within search range"
6,0.1,"DML-IVQR","[-40,40]",-40,40,TRUE,FALSE,FALSE,TRUE,144,5,-1.59999999999999,40,-0.599999999999994,0.174540476969081,401,0,FALSE,TRUE,FALSE,TRUE,27.6437360827155,23.8747523110858,3.81166239424788,4.27034362745836,"no acceptance near search boundary","tail unresolved within search range"
6,0.5,"Oracle-GMM","[-3,5]",-3,5,TRUE,TRUE,TRUE,TRUE,41,1,-3,5,3.2,0.025215858330831,401,0,TRUE,TRUE,TRUE,TRUE,2.20409765529041,2.64445806069962,2.64969963668741,2.70770668092293,"tail unresolved within search range","tail unresolved within search range"
6,0.5,"Oracle-GMM","[-5,5]",-5,5,TRUE,TRUE,TRUE,TRUE,51,1,-5,5,3.2,0.025215858330831,401,0,TRUE,TRUE,TRUE,TRUE,2.20409765529041,2.64445806069962,2.64969963668741,2.70770668092293,"tail unresolved within search range","tail unresolved within search range"
6,0.5,"Oracle-GMM","[-10,10]",-10,10,TRUE,TRUE,TRUE,TRUE,101,1,-10,10,3.2,0.025215858330831,401,0,TRUE,TRUE,TRUE,TRUE,2.20409765529041,2.64445806069962,2.64969963668741,2.70770668092293,"tail unresolved within search range","tail unresolved within search range"
6,0.5,"Oracle-GMM","[-20,20]",-20,20,TRUE,TRUE,TRUE,TRUE,201,1,-20,20,3.2,0.025215858330831,401,0,TRUE,TRUE,TRUE,TRUE,2.20409765529041,2.64445806069962,2.64969963668741,2.70770668092293,"tail unresolved within search range","tail unresolved within search range"
6,0.5,"Oracle-GMM","[-40,40]",-40,40,TRUE,TRUE,TRUE,TRUE,401,1,-40,40,3.2,0.025215858330831,401,0,TRUE,TRUE,TRUE,TRUE,2.20409765529041,2.64445806069962,2.64969963668741,2.70770668092293,"tail unresolved within search range","tail unresolved within search range"
6,0.5,"Full-GMM","[-3,5]",-3,5,TRUE,FALSE,TRUE,TRUE,37,4,-3,5,2.6,0.215592808917638,401,0,TRUE,TRUE,FALSE,FALSE,4.67844347606144,4.25185086416958,5.58990051080526,5.65324297642738,"tail unresolved within search range","tail unresolved within search range"
6,0.5,"Full-GMM","[-5,5]",-5,5,TRUE,FALSE,TRUE,TRUE,43,6,-5,5,2.6,0.215592808917638,401,0,TRUE,TRUE,FALSE,FALSE,4.67844347606144,4.25185086416958,5.58990051080526,5.65324297642738,"tail unresolved within search range","tail unresolved within search range"
6,0.5,"Full-GMM","[-10,10]",-10,10,TRUE,FALSE,FALSE,TRUE,64,15,-9.6,10,2.6,0.215592808917638,401,0,TRUE,TRUE,FALSE,FALSE,4.67844347606144,4.25185086416958,5.58990051080526,5.65324297642738,"tail unresolved within search range","tail unresolved within search range"
6,0.5,"Full-GMM","[-20,20]",-20,20,TRUE,FALSE,TRUE,FALSE,101,38,-20,19.2,2.6,0.215592808917638,401,0,TRUE,TRUE,FALSE,FALSE,4.67844347606144,4.25185086416958,5.58990051080526,5.65324297642738,"tail unresolved within search range","tail unresolved within search range"
6,0.5,"Full-GMM","[-40,40]",-40,40,TRUE,FALSE,TRUE,TRUE,222,87,-40,40,2.6,0.215592808917638,401,0,TRUE,TRUE,FALSE,FALSE,4.67844347606144,4.25185086416958,5.58990051080526,5.65324297642738,"tail unresolved within search range","tail unresolved within search range"
6,0.5,"DML-IVQR","[-3,5]",-3,5,TRUE,TRUE,TRUE,TRUE,41,1,-3,5,1.40000000000001,0.129393802972965,401,0,TRUE,TRUE,TRUE,TRUE,1.5914966261167,1.70563252220116,2.29519279863776,0.981188845226315,"tail unresolved within search range","tail unresolved within search range"
6,0.5,"DML-IVQR","[-5,5]",-5,5,TRUE,TRUE,TRUE,TRUE,51,1,-5,5,1.40000000000001,0.129393802972965,401,0,TRUE,TRUE,TRUE,TRUE,1.5914966261167,1.70563252220116,2.29519279863776,0.981188845226315,"tail unresolved within search range","tail unresolved within search range"
6,0.5,"DML-IVQR","[-10,10]",-10,10,TRUE,TRUE,TRUE,TRUE,101,1,-10,10,1.40000000000001,0.129393802972965,401,0,TRUE,TRUE,TRUE,TRUE,1.5914966261167,1.70563252220116,2.29519279863776,0.981188845226315,"tail unresolved within search range","tail unresolved within search range"
6,0.5,"DML-IVQR","[-20,20]",-20,20,TRUE,TRUE,TRUE,TRUE,201,1,-20,20,1.40000000000001,0.129393802972965,401,0,TRUE,TRUE,TRUE,TRUE,1.5914966261167,1.70563252220116,2.29519279863776,0.981188845226315,"tail unresolved within search range","tail unresolved within search range"
6,0.5,"DML-IVQR","[-40,40]",-40,40,TRUE,TRUE,TRUE,TRUE,401,1,-40,40,1.40000000000001,0.129393802972965,401,0,TRUE,TRUE,TRUE,TRUE,1.5914966261167,1.70563252220116,2.29519279863776,0.981188845226315,"tail unresolved within search range","tail unresolved within search range"
6,0.9,"Oracle-GMM","[-3,5]",-3,5,TRUE,TRUE,TRUE,TRUE,41,1,-3,5,4,0.11893381856632,401,0,TRUE,TRUE,TRUE,TRUE,2.67085691192398,3.88672480884689,1.98589142198707,2.11912540959344,"tail unresolved within search range","tail unresolved within search range"
6,0.9,"Oracle-GMM","[-5,5]",-5,5,TRUE,TRUE,TRUE,TRUE,51,1,-5,5,4,0.11893381856632,401,0,TRUE,TRUE,TRUE,TRUE,2.67085691192398,3.88672480884689,1.98589142198707,2.11912540959344,"tail unresolved within search range","tail unresolved within search range"
6,0.9,"Oracle-GMM","[-10,10]",-10,10,TRUE,TRUE,TRUE,TRUE,101,1,-10,10,4,0.11893381856632,401,0,TRUE,TRUE,TRUE,TRUE,2.67085691192398,3.88672480884689,1.98589142198707,2.11912540959344,"tail unresolved within search range","tail unresolved within search range"
6,0.9,"Oracle-GMM","[-20,20]",-20,20,TRUE,TRUE,TRUE,TRUE,201,1,-20,20,4,0.11893381856632,401,0,TRUE,TRUE,TRUE,TRUE,2.67085691192398,3.88672480884689,1.98589142198707,2.11912540959344,"tail unresolved within search range","tail unresolved within search range"
6,0.9,"Oracle-GMM","[-40,40]",-40,40,TRUE,TRUE,TRUE,TRUE,401,1,-40,40,4,0.11893381856632,401,0,TRUE,TRUE,TRUE,TRUE,2.67085691192398,3.88672480884689,1.98589142198707,2.11912540959344,"tail unresolved within search range","tail unresolved within search range"
6,0.9,"Full-GMM","[-3,5]",-3,5,TRUE,FALSE,TRUE,FALSE,38,3,-3,4.8,-9,0.0148003284239709,401,0,TRUE,TRUE,FALSE,FALSE,0.600426847340834,0.646233325007807,1.90906325678336,1.74692722878,"tail unresolved within search range","tail unresolved within search range"
6,0.9,"Full-GMM","[-5,5]",-5,5,TRUE,FALSE,TRUE,FALSE,48,3,-5,4.8,-9,0.0148003284239709,401,0,TRUE,TRUE,FALSE,FALSE,0.600426847340834,0.646233325007807,1.90906325678336,1.74692722878,"tail unresolved within search range","tail unresolved within search range"
6,0.9,"Full-GMM","[-10,10]",-10,10,TRUE,FALSE,FALSE,TRUE,93,6,-9.6,10,-9,0.0148003284239709,401,0,TRUE,TRUE,FALSE,FALSE,0.600426847340834,0.646233325007807,1.90906325678336,1.74692722878,"tail unresolved within search range","tail unresolved within search range"
6,0.9,"Full-GMM","[-20,20]",-20,20,TRUE,FALSE,TRUE,TRUE,190,10,-20,20,-9,0.0148003284239709,401,0,TRUE,TRUE,FALSE,FALSE,0.600426847340834,0.646233325007807,1.90906325678336,1.74692722878,"tail unresolved within search range","tail unresolved within search range"
6,0.9,"Full-GMM","[-40,40]",-40,40,TRUE,FALSE,TRUE,TRUE,376,23,-40,40,-9,0.0148003284239709,401,0,TRUE,TRUE,FALSE,FALSE,0.600426847340834,0.646233325007807,1.90906325678336,1.74692722878,"tail unresolved within search range","tail unresolved within search range"
6,0.9,"DML-IVQR","[-3,5]",-3,5,TRUE,TRUE,TRUE,TRUE,41,1,-3,5,-4.6,0.0552726359699447,401,0,TRUE,TRUE,TRUE,FALSE,1.27131140928932,1.53406734082981,4.85618470452742,6.28768966147531,"tail unresolved within search range","tail unresolved within search range"
6,0.9,"DML-IVQR","[-5,5]",-5,5,TRUE,TRUE,TRUE,TRUE,51,1,-5,5,-4.6,0.0552726359699447,401,0,TRUE,TRUE,TRUE,FALSE,1.27131140928932,1.53406734082981,4.85618470452742,6.28768966147531,"tail unresolved within search range","tail unresolved within search range"
6,0.9,"DML-IVQR","[-10,10]",-10,10,TRUE,TRUE,TRUE,TRUE,101,1,-10,10,-4.6,0.0552726359699447,401,0,TRUE,TRUE,TRUE,FALSE,1.27131140928932,1.53406734082981,4.85618470452742,6.28768966147531,"tail unresolved within search range","tail unresolved within search range"
6,0.9,"DML-IVQR","[-20,20]",-20,20,TRUE,TRUE,TRUE,TRUE,201,1,-20,20,-4.6,0.0552726359699447,401,0,TRUE,TRUE,TRUE,FALSE,1.27131140928932,1.53406734082981,4.85618470452742,6.28768966147531,"tail unresolved within search range","tail unresolved within search range"
6,0.9,"DML-IVQR","[-40,40]",-40,40,TRUE,FALSE,TRUE,FALSE,397,4,-40,39.8,-4.6,0.0552726359699447,401,0,TRUE,TRUE,TRUE,FALSE,1.27131140928932,1.53406734082981,4.85618470452742,6.28768966147531,"tail unresolved within search range","tail unresolved within search range"
7,0.1,"Oracle-GMM","[-3,5]",-3,5,TRUE,FALSE,TRUE,FALSE,24,3,-3,2.40000000000001,-27.4,0.00734936087988,401,0,TRUE,TRUE,TRUE,FALSE,0.40129315952686,0.909158829118525,6.34950875496968,6.48239414631275,"tail unresolved within search range","tail unresolved within search range"
7,0.1,"Oracle-GMM","[-5,5]",-5,5,TRUE,FALSE,TRUE,FALSE,34,3,-5,2.40000000000001,-27.4,0.00734936087988,401,0,TRUE,TRUE,TRUE,FALSE,0.40129315952686,0.909158829118525,6.34950875496968,6.48239414631275,"tail unresolved within search range","tail unresolved within search range"
7,0.1,"Oracle-GMM","[-10,10]",-10,10,TRUE,FALSE,TRUE,FALSE,68,9,-10,9.8,-27.4,0.00734936087988,401,0,TRUE,TRUE,TRUE,FALSE,0.40129315952686,0.909158829118525,6.34950875496968,6.48239414631275,"tail unresolved within search range","tail unresolved within search range"
7,0.1,"Oracle-GMM","[-20,20]",-20,20,TRUE,FALSE,TRUE,FALSE,124,14,-20,18,-27.4,0.00734936087988,401,0,TRUE,TRUE,TRUE,FALSE,0.40129315952686,0.909158829118525,6.34950875496968,6.48239414631275,"tail unresolved within search range","tail unresolved within search range"
7,0.1,"Oracle-GMM","[-40,40]",-40,40,TRUE,FALSE,TRUE,FALSE,266,30,-40,38.2,-27.4,0.00734936087988,401,0,TRUE,TRUE,TRUE,FALSE,0.40129315952686,0.909158829118525,6.34950875496968,6.48239414631275,"tail unresolved within search range","tail unresolved within search range"
7,0.1,"Full-GMM","[-3,5]",-3,5,TRUE,FALSE,TRUE,TRUE,40,2,-3,5,-20.2,0.000524045666216549,401,0,TRUE,TRUE,TRUE,FALSE,0.705128099898049,0.0914288429429902,4.92873394590566,2.31459400187401,"tail unresolved within search range","tail unresolved within search range"
7,0.1,"Full-GMM","[-5,5]",-5,5,TRUE,FALSE,TRUE,TRUE,50,2,-5,5,-20.2,0.000524045666216549,401,0,TRUE,TRUE,TRUE,FALSE,0.705128099898049,0.0914288429429902,4.92873394590566,2.31459400187401,"tail unresolved within search range","tail unresolved within search range"
7,0.1,"Full-GMM","[-10,10]",-10,10,TRUE,FALSE,TRUE,TRUE,99,3,-10,10,-20.2,0.000524045666216549,401,0,TRUE,TRUE,TRUE,FALSE,0.705128099898049,0.0914288429429902,4.92873394590566,2.31459400187401,"tail unresolved within search range","tail unresolved within search range"
7,0.1,"Full-GMM","[-20,20]",-20,20,TRUE,FALSE,TRUE,TRUE,196,6,-20,20,-20.2,0.000524045666216549,401,0,TRUE,TRUE,TRUE,FALSE,0.705128099898049,0.0914288429429902,4.92873394590566,2.31459400187401,"tail unresolved within search range","tail unresolved within search range"
7,0.1,"Full-GMM","[-40,40]",-40,40,TRUE,FALSE,TRUE,TRUE,383,14,-40,40,-20.2,0.000524045666216549,401,0,TRUE,TRUE,TRUE,FALSE,0.705128099898049,0.0914288429429902,4.92873394590566,2.31459400187401,"tail unresolved within search range","tail unresolved within search range"
7,0.1,"DML-IVQR","[-3,5]",-3,5,TRUE,TRUE,TRUE,TRUE,41,1,-3,5,-0.399999999999999,0.111927276181968,401,0,TRUE,TRUE,TRUE,TRUE,1.44007562244074,1.42466251464779,2.33216837084273,3.08177321362161,"tail unresolved within search range","tail unresolved within search range"
7,0.1,"DML-IVQR","[-5,5]",-5,5,TRUE,TRUE,TRUE,TRUE,51,1,-5,5,-0.399999999999999,0.111927276181968,401,0,TRUE,TRUE,TRUE,TRUE,1.44007562244074,1.42466251464779,2.33216837084273,3.08177321362161,"tail unresolved within search range","tail unresolved within search range"
7,0.1,"DML-IVQR","[-10,10]",-10,10,TRUE,TRUE,TRUE,TRUE,101,1,-10,10,-0.399999999999999,0.111927276181968,401,0,TRUE,TRUE,TRUE,TRUE,1.44007562244074,1.42466251464779,2.33216837084273,3.08177321362161,"tail unresolved within search range","tail unresolved within search range"
7,0.1,"DML-IVQR","[-20,20]",-20,20,TRUE,TRUE,TRUE,TRUE,201,1,-20,20,-0.399999999999999,0.111927276181968,401,0,TRUE,TRUE,TRUE,TRUE,1.44007562244074,1.42466251464779,2.33216837084273,3.08177321362161,"tail unresolved within search range","tail unresolved within search range"
7,0.1,"DML-IVQR","[-40,40]",-40,40,TRUE,TRUE,TRUE,TRUE,401,1,-40,40,-0.399999999999999,0.111927276181968,401,0,TRUE,TRUE,TRUE,TRUE,1.44007562244074,1.42466251464779,2.33216837084273,3.08177321362161,"tail unresolved within search range","tail unresolved within search range"
7,0.5,"Oracle-GMM","[-3,5]",-3,5,TRUE,FALSE,FALSE,FALSE,24,1,-1.4,3.2,0.600000000000001,0.128217607747348,401,0,FALSE,FALSE,FALSE,FALSE,9.53645020770296,10.8893429793587,8.07482903761723,9.55601630743311,"no acceptance near search boundary","no acceptance near search boundary"
7,0.5,"Oracle-GMM","[-5,5]",-5,5,TRUE,FALSE,FALSE,FALSE,24,1,-1.4,3.2,0.600000000000001,0.128217607747348,401,0,FALSE,FALSE,FALSE,FALSE,9.53645020770296,10.8893429793587,8.07482903761723,9.55601630743311,"no acceptance near search boundary","no acceptance near search boundary"
7,0.5,"Oracle-GMM","[-10,10]",-10,10,TRUE,FALSE,FALSE,FALSE,24,1,-1.4,3.2,0.600000000000001,0.128217607747348,401,0,FALSE,FALSE,FALSE,FALSE,9.53645020770296,10.8893429793587,8.07482903761723,9.55601630743311,"no acceptance near search boundary","no acceptance near search boundary"
7,0.5,"Oracle-GMM","[-20,20]",-20,20,TRUE,FALSE,FALSE,FALSE,24,1,-1.4,3.2,0.600000000000001,0.128217607747348,401,0,FALSE,FALSE,FALSE,FALSE,9.53645020770296,10.8893429793587,8.07482903761723,9.55601630743311,"no acceptance near search boundary","no acceptance near search boundary"
7,0.5,"Oracle-GMM","[-40,40]",-40,40,TRUE,FALSE,FALSE,FALSE,24,1,-1.4,3.2,0.600000000000001,0.128217607747348,401,0,FALSE,FALSE,FALSE,FALSE,9.53645020770296,10.8893429793587,8.07482903761723,9.55601630743311,"no acceptance near search boundary","no acceptance near search boundary"
7,0.5,"Full-GMM","[-3,5]",-3,5,TRUE,FALSE,TRUE,FALSE,30,6,-3,4.6,1.40000000000001,0.141768017537572,401,0,TRUE,TRUE,FALSE,FALSE,4.98579788503173,6.37611352272165,7.15894963730788,4.0860915574058,"tail unresolved within search range","tail unresolved within search range"
7,0.5,"Full-GMM","[-5,5]",-5,5,TRUE,FALSE,TRUE,FALSE,40,6,-5,4.6,1.40000000000001,0.141768017537572,401,0,TRUE,TRUE,FALSE,FALSE,4.98579788503173,6.37611352272165,7.15894963730788,4.0860915574058,"tail unresolved within search range","tail unresolved within search range"
7,0.5,"Full-GMM","[-10,10]",-10,10,TRUE,FALSE,TRUE,FALSE,74,14,-10,9.2,1.40000000000001,0.141768017537572,401,0,TRUE,TRUE,FALSE,FALSE,4.98579788503173,6.37611352272165,7.15894963730788,4.0860915574058,"tail unresolved within search range","tail unresolved within search range"
7,0.5,"Full-GMM","[-20,20]",-20,20,TRUE,FALSE,TRUE,TRUE,156,23,-20,20,1.40000000000001,0.141768017537572,401,0,TRUE,TRUE,FALSE,FALSE,4.98579788503173,6.37611352272165,7.15894963730788,4.0860915574058,"tail unresolved within search range","tail unresolved within search range"
7,0.5,"Full-GMM","[-40,40]",-40,40,TRUE,FALSE,TRUE,TRUE,338,37,-40,40,1.40000000000001,0.141768017537572,401,0,TRUE,TRUE,FALSE,FALSE,4.98579788503173,6.37611352272165,7.15894963730788,4.0860915574058,"tail unresolved within search range","tail unresolved within search range"
7,0.5,"DML-IVQR","[-3,5]",-3,5,TRUE,FALSE,FALSE,TRUE,32,1,-1.2,5,0.800000000000004,0.0195855236679052,401,0,FALSE,TRUE,FALSE,TRUE,11.4265845383665,11.4986483016182,1.68601968758284,3.60328369205129,"no acceptance near search boundary","tail unresolved within search range"
7,0.5,"DML-IVQR","[-5,5]",-5,5,TRUE,FALSE,FALSE,TRUE,32,1,-1.2,5,0.800000000000004,0.0195855236679052,401,0,FALSE,TRUE,FALSE,TRUE,11.4265845383665,11.4986483016182,1.68601968758284,3.60328369205129,"no acceptance near search boundary","tail unresolved within search range"
7,0.5,"DML-IVQR","[-10,10]",-10,10,TRUE,FALSE,FALSE,TRUE,57,1,-1.2,10,0.800000000000004,0.0195855236679052,401,0,FALSE,TRUE,FALSE,TRUE,11.4265845383665,11.4986483016182,1.68601968758284,3.60328369205129,"no acceptance near search boundary","tail unresolved within search range"
7,0.5,"DML-IVQR","[-20,20]",-20,20,TRUE,FALSE,FALSE,TRUE,107,1,-1.2,20,0.800000000000004,0.0195855236679052,401,0,FALSE,TRUE,FALSE,TRUE,11.4265845383665,11.4986483016182,1.68601968758284,3.60328369205129,"no acceptance near search boundary","tail unresolved within search range"
7,0.5,"DML-IVQR","[-40,40]",-40,40,TRUE,FALSE,FALSE,TRUE,207,1,-1.2,40,0.800000000000004,0.0195855236679052,401,0,FALSE,TRUE,FALSE,TRUE,11.4265845383665,11.4986483016182,1.68601968758284,3.60328369205129,"no acceptance near search boundary","tail unresolved within search range"
7,0.9,"Oracle-GMM","[-3,5]",-3,5,TRUE,FALSE,FALSE,TRUE,31,8,-2.8,5,28,0.0594866711114766,401,0,TRUE,TRUE,FALSE,TRUE,5.70700475225598,4.29141900209389,1.30224570235041,0.493195434087342,"tail unresolved within search range","tail unresolved within search range"
7,0.9,"Oracle-GMM","[-5,5]",-5,5,TRUE,FALSE,FALSE,TRUE,33,9,-3.8,5,28,0.0594866711114766,401,0,TRUE,TRUE,FALSE,TRUE,5.70700475225598,4.29141900209389,1.30224570235041,0.493195434087342,"tail unresolved within search range","tail unresolved within search range"
7,0.9,"Oracle-GMM","[-10,10]",-10,10,TRUE,FALSE,TRUE,TRUE,78,11,-10,10,28,0.0594866711114766,401,0,TRUE,TRUE,FALSE,TRUE,5.70700475225598,4.29141900209389,1.30224570235041,0.493195434087342,"tail unresolved within search range","tail unresolved within search range"
7,0.9,"Oracle-GMM","[-20,20]",-20,20,TRUE,FALSE,TRUE,TRUE,175,14,-20,20,28,0.0594866711114766,401,0,TRUE,TRUE,FALSE,TRUE,5.70700475225598,4.29141900209389,1.30224570235041,0.493195434087342,"tail unresolved within search range","tail unresolved within search range"
7,0.9,"Oracle-GMM","[-40,40]",-40,40,TRUE,FALSE,TRUE,TRUE,369,20,-40,40,28,0.0594866711114766,401,0,TRUE,TRUE,FALSE,TRUE,5.70700475225598,4.29141900209389,1.30224570235041,0.493195434087342,"tail unresolved within search range","tail unresolved within search range"
7,0.9,"Full-GMM","[-3,5]",-3,5,TRUE,TRUE,TRUE,TRUE,41,1,-3,5,35.8,0.00704944977986047,401,0,TRUE,TRUE,FALSE,TRUE,3.70755216856451,1.09353463046119,0.0497827103058642,0.854646967584895,"tail unresolved within search range","tail unresolved within search range"
7,0.9,"Full-GMM","[-5,5]",-5,5,TRUE,TRUE,TRUE,TRUE,51,1,-5,5,35.8,0.00704944977986047,401,0,TRUE,TRUE,FALSE,TRUE,3.70755216856451,1.09353463046119,0.0497827103058642,0.854646967584895,"tail unresolved within search range","tail unresolved within search range"
7,0.9,"Full-GMM","[-10,10]",-10,10,TRUE,FALSE,TRUE,TRUE,100,2,-10,10,35.8,0.00704944977986047,401,0,TRUE,TRUE,FALSE,TRUE,3.70755216856451,1.09353463046119,0.0497827103058642,0.854646967584895,"tail unresolved within search range","tail unresolved within search range"
7,0.9,"Full-GMM","[-20,20]",-20,20,TRUE,FALSE,TRUE,TRUE,198,4,-20,20,35.8,0.00704944977986047,401,0,TRUE,TRUE,FALSE,TRUE,3.70755216856451,1.09353463046119,0.0497827103058642,0.854646967584895,"tail unresolved within search range","tail unresolved within search range"
7,0.9,"Full-GMM","[-40,40]",-40,40,TRUE,FALSE,TRUE,TRUE,392,10,-40,40,35.8,0.00704944977986047,401,0,TRUE,TRUE,FALSE,TRUE,3.70755216856451,1.09353463046119,0.0497827103058642,0.854646967584895,"tail unresolved within search range","tail unresolved within search range"
7,0.9,"DML-IVQR","[-3,5]",-3,5,TRUE,FALSE,FALSE,TRUE,28,5,-2,5,3.2,0.0111855460688218,401,0,FALSE,TRUE,FALSE,TRUE,10.1310032971305,10.3383460610381,1.27270064351081,1.28843632400499,"no acceptance near search boundary","tail unresolved within search range"
7,0.9,"DML-IVQR","[-5,5]",-5,5,TRUE,FALSE,FALSE,TRUE,29,6,-4.8,5,3.2,0.0111855460688218,401,0,FALSE,TRUE,FALSE,TRUE,10.1310032971305,10.3383460610381,1.27270064351081,1.28843632400499,"no acceptance near search boundary","tail unresolved within search range"
7,0.9,"DML-IVQR","[-10,10]",-10,10,TRUE,FALSE,FALSE,TRUE,64,8,-7.2,10,3.2,0.0111855460688218,401,0,FALSE,TRUE,FALSE,TRUE,10.1310032971305,10.3383460610381,1.27270064351081,1.28843632400499,"no acceptance near search boundary","tail unresolved within search range"
7,0.9,"DML-IVQR","[-20,20]",-20,20,TRUE,FALSE,FALSE,TRUE,114,8,-7.2,20,3.2,0.0111855460688218,401,0,FALSE,TRUE,FALSE,TRUE,10.1310032971305,10.3383460610381,1.27270064351081,1.28843632400499,"no acceptance near search boundary","tail unresolved within search range"
7,0.9,"DML-IVQR","[-40,40]",-40,40,TRUE,FALSE,FALSE,TRUE,214,8,-7.2,40,3.2,0.0111855460688218,401,0,FALSE,TRUE,FALSE,TRUE,10.1310032971305,10.3383460610381,1.27270064351081,1.28843632400499,"no acceptance near search boundary","tail unresolved within search range"
8,0.1,"Oracle-GMM","[-3,5]",-3,5,TRUE,TRUE,TRUE,TRUE,41,1,-3,5,0,0.0388322327775332,401,0,TRUE,TRUE,TRUE,TRUE,0.801631300467651,1.49037814291399,0.809235479964667,0.178647819483925,"tail unresolved within search range","tail unresolved within search range"
8,0.1,"Oracle-GMM","[-5,5]",-5,5,TRUE,TRUE,TRUE,TRUE,51,1,-5,5,0,0.0388322327775332,401,0,TRUE,TRUE,TRUE,TRUE,0.801631300467651,1.49037814291399,0.809235479964667,0.178647819483925,"tail unresolved within search range","tail unresolved within search range"
8,0.1,"Oracle-GMM","[-10,10]",-10,10,TRUE,TRUE,TRUE,TRUE,101,1,-10,10,0,0.0388322327775332,401,0,TRUE,TRUE,TRUE,TRUE,0.801631300467651,1.49037814291399,0.809235479964667,0.178647819483925,"tail unresolved within search range","tail unresolved within search range"
8,0.1,"Oracle-GMM","[-20,20]",-20,20,TRUE,TRUE,TRUE,TRUE,201,1,-20,20,0,0.0388322327775332,401,0,TRUE,TRUE,TRUE,TRUE,0.801631300467651,1.49037814291399,0.809235479964667,0.178647819483925,"tail unresolved within search range","tail unresolved within search range"
8,0.1,"Oracle-GMM","[-40,40]",-40,40,TRUE,TRUE,TRUE,TRUE,401,1,-40,40,0,0.0388322327775332,401,0,TRUE,TRUE,TRUE,TRUE,0.801631300467651,1.49037814291399,0.809235479964667,0.178647819483925,"tail unresolved within search range","tail unresolved within search range"
8,0.1,"Full-GMM","[-3,5]",-3,5,TRUE,TRUE,TRUE,TRUE,41,1,-3,5,38.8,0.000835414303627755,401,0,TRUE,TRUE,TRUE,TRUE,0.733152415007647,0.885182191415219,1.59176632860978,2.85413042015703,"tail unresolved within search range","tail unresolved within search range"
8,0.1,"Full-GMM","[-5,5]",-5,5,TRUE,TRUE,TRUE,TRUE,51,1,-5,5,38.8,0.000835414303627755,401,0,TRUE,TRUE,TRUE,TRUE,0.733152415007647,0.885182191415219,1.59176632860978,2.85413042015703,"tail unresolved within search range","tail unresolved within search range"
8,0.1,"Full-GMM","[-10,10]",-10,10,TRUE,TRUE,TRUE,TRUE,101,1,-10,10,38.8,0.000835414303627755,401,0,TRUE,TRUE,TRUE,TRUE,0.733152415007647,0.885182191415219,1.59176632860978,2.85413042015703,"tail unresolved within search range","tail unresolved within search range"
8,0.1,"Full-GMM","[-20,20]",-20,20,TRUE,TRUE,TRUE,TRUE,201,1,-20,20,38.8,0.000835414303627755,401,0,TRUE,TRUE,TRUE,TRUE,0.733152415007647,0.885182191415219,1.59176632860978,2.85413042015703,"tail unresolved within search range","tail unresolved within search range"
8,0.1,"Full-GMM","[-40,40]",-40,40,TRUE,TRUE,TRUE,TRUE,401,1,-40,40,38.8,0.000835414303627755,401,0,TRUE,TRUE,TRUE,TRUE,0.733152415007647,0.885182191415219,1.59176632860978,2.85413042015703,"tail unresolved within search range","tail unresolved within search range"
8,0.1,"DML-IVQR","[-3,5]",-3,5,TRUE,FALSE,FALSE,TRUE,39,2,-2.8,5,13.8,0.0042784004799768,401,0,TRUE,FALSE,FALSE,FALSE,6.41961741289163,6.32954204419024,8.13921432619469,10.0784567937719,"tail unresolved within search range","no acceptance near search boundary"
8,0.1,"DML-IVQR","[-5,5]",-5,5,TRUE,FALSE,FALSE,TRUE,47,3,-4.6,5,13.8,0.0042784004799768,401,0,TRUE,FALSE,FALSE,FALSE,6.41961741289163,6.32954204419024,8.13921432619469,10.0784567937719,"tail unresolved within search range","no acceptance near search boundary"
8,0.1,"DML-IVQR","[-10,10]",-10,10,TRUE,FALSE,TRUE,TRUE,84,7,-10,10,13.8,0.0042784004799768,401,0,TRUE,FALSE,FALSE,FALSE,6.41961741289163,6.32954204419024,8.13921432619469,10.0784567937719,"tail unresolved within search range","no acceptance near search boundary"
8,0.1,"DML-IVQR","[-20,20]",-20,20,TRUE,FALSE,FALSE,TRUE,157,9,-15,20,13.8,0.0042784004799768,401,0,TRUE,FALSE,FALSE,FALSE,6.41961741289163,6.32954204419024,8.13921432619469,10.0784567937719,"tail unresolved within search range","no acceptance near search boundary"
8,0.1,"DML-IVQR","[-40,40]",-40,40,TRUE,FALSE,FALSE,FALSE,183,16,-35.8,28.8,13.8,0.0042784004799768,401,0,TRUE,FALSE,FALSE,FALSE,6.41961741289163,6.32954204419024,8.13921432619469,10.0784567937719,"tail unresolved within search range","no acceptance near search boundary"
8,0.5,"Oracle-GMM","[-3,5]",-3,5,TRUE,TRUE,TRUE,TRUE,41,1,-3,5,0.200000000000003,0.00120572884356764,401,0,TRUE,TRUE,TRUE,TRUE,0.278386789143019,0.206560273416209,0.700232242580284,0.297583217775704,"tail unresolved within search range","tail unresolved within search range"
8,0.5,"Oracle-GMM","[-5,5]",-5,5,TRUE,TRUE,TRUE,TRUE,51,1,-5,5,0.200000000000003,0.00120572884356764,401,0,TRUE,TRUE,TRUE,TRUE,0.278386789143019,0.206560273416209,0.700232242580284,0.297583217775704,"tail unresolved within search range","tail unresolved within search range"
8,0.5,"Oracle-GMM","[-10,10]",-10,10,TRUE,TRUE,TRUE,TRUE,101,1,-10,10,0.200000000000003,0.00120572884356764,401,0,TRUE,TRUE,TRUE,TRUE,0.278386789143019,0.206560273416209,0.700232242580284,0.297583217775704,"tail unresolved within search range","tail unresolved within search range"
8,0.5,"Oracle-GMM","[-20,20]",-20,20,TRUE,TRUE,TRUE,TRUE,201,1,-20,20,0.200000000000003,0.00120572884356764,401,0,TRUE,TRUE,TRUE,TRUE,0.278386789143019,0.206560273416209,0.700232242580284,0.297583217775704,"tail unresolved within search range","tail unresolved within search range"
8,0.5,"Oracle-GMM","[-40,40]",-40,40,TRUE,TRUE,TRUE,TRUE,401,1,-40,40,0.200000000000003,0.00120572884356764,401,0,TRUE,TRUE,TRUE,TRUE,0.278386789143019,0.206560273416209,0.700232242580284,0.297583217775704,"tail unresolved within search range","tail unresolved within search range"
8,0.5,"Full-GMM","[-3,5]",-3,5,TRUE,FALSE,TRUE,TRUE,38,3,-3,5,-32.4,0.025456370136761,401,0,TRUE,TRUE,TRUE,TRUE,1.21288053035011,1.23573803926234,1.19467801178335,2.01372265431582,"tail unresolved within search range","tail unresolved within search range"
8,0.5,"Full-GMM","[-5,5]",-5,5,TRUE,FALSE,TRUE,TRUE,48,3,-5,5,-32.4,0.025456370136761,401,0,TRUE,TRUE,TRUE,TRUE,1.21288053035011,1.23573803926234,1.19467801178335,2.01372265431582,"tail unresolved within search range","tail unresolved within search range"
8,0.5,"Full-GMM","[-10,10]",-10,10,TRUE,FALSE,TRUE,TRUE,96,5,-10,10,-32.4,0.025456370136761,401,0,TRUE,TRUE,TRUE,TRUE,1.21288053035011,1.23573803926234,1.19467801178335,2.01372265431582,"tail unresolved within search range","tail unresolved within search range"
8,0.5,"Full-GMM","[-20,20]",-20,20,TRUE,FALSE,TRUE,TRUE,196,5,-20,20,-32.4,0.025456370136761,401,0,TRUE,TRUE,TRUE,TRUE,1.21288053035011,1.23573803926234,1.19467801178335,2.01372265431582,"tail unresolved within search range","tail unresolved within search range"
8,0.5,"Full-GMM","[-40,40]",-40,40,TRUE,FALSE,TRUE,TRUE,396,5,-40,40,-32.4,0.025456370136761,401,0,TRUE,TRUE,TRUE,TRUE,1.21288053035011,1.23573803926234,1.19467801178335,2.01372265431582,"tail unresolved within search range","tail unresolved within search range"
8,0.5,"DML-IVQR","[-3,5]",-3,5,TRUE,TRUE,TRUE,TRUE,41,1,-3,5,0,0.35319897599791,401,0,TRUE,TRUE,FALSE,TRUE,7.70810854519367,5.23178040751772,1.55878914312442,1.40976559899821,"tail unresolved within search range","tail unresolved within search range"
8,0.5,"DML-IVQR","[-5,5]",-5,5,TRUE,FALSE,FALSE,TRUE,50,1,-4.8,5,0,0.35319897599791,401,0,TRUE,TRUE,FALSE,TRUE,7.70810854519367,5.23178040751772,1.55878914312442,1.40976559899821,"tail unresolved within search range","tail unresolved within search range"
8,0.5,"DML-IVQR","[-10,10]",-10,10,TRUE,FALSE,FALSE,TRUE,81,5,-8.8,10,0,0.35319897599791,401,0,TRUE,TRUE,FALSE,TRUE,7.70810854519367,5.23178040751772,1.55878914312442,1.40976559899821,"tail unresolved within search range","tail unresolved within search range"
8,0.5,"DML-IVQR","[-20,20]",-20,20,TRUE,FALSE,FALSE,TRUE,131,5,-8.8,20,0,0.35319897599791,401,0,TRUE,TRUE,FALSE,TRUE,7.70810854519367,5.23178040751772,1.55878914312442,1.40976559899821,"tail unresolved within search range","tail unresolved within search range"
8,0.5,"DML-IVQR","[-40,40]",-40,40,TRUE,FALSE,FALSE,TRUE,251,16,-30.6,40,0,0.35319897599791,401,0,TRUE,TRUE,FALSE,TRUE,7.70810854519367,5.23178040751772,1.55878914312442,1.40976559899821,"tail unresolved within search range","tail unresolved within search range"
8,0.9,"Oracle-GMM","[-3,5]",-3,5,TRUE,TRUE,TRUE,TRUE,41,1,-3,5,-6.2,7.46038888894748e-05,401,0,TRUE,TRUE,TRUE,TRUE,2.22866605077876,2.45564430179523,0.636557275626317,0.312018306775557,"tail unresolved within search range","tail unresolved within search range"
8,0.9,"Oracle-GMM","[-5,5]",-5,5,TRUE,TRUE,TRUE,TRUE,51,1,-5,5,-6.2,7.46038888894748e-05,401,0,TRUE,TRUE,TRUE,TRUE,2.22866605077876,2.45564430179523,0.636557275626317,0.312018306775557,"tail unresolved within search range","tail unresolved within search range"
8,0.9,"Oracle-GMM","[-10,10]",-10,10,TRUE,TRUE,TRUE,TRUE,101,1,-10,10,-6.2,7.46038888894748e-05,401,0,TRUE,TRUE,TRUE,TRUE,2.22866605077876,2.45564430179523,0.636557275626317,0.312018306775557,"tail unresolved within search range","tail unresolved within search range"
8,0.9,"Oracle-GMM","[-20,20]",-20,20,TRUE,TRUE,TRUE,TRUE,201,1,-20,20,-6.2,7.46038888894748e-05,401,0,TRUE,TRUE,TRUE,TRUE,2.22866605077876,2.45564430179523,0.636557275626317,0.312018306775557,"tail unresolved within search range","tail unresolved within search range"
8,0.9,"Oracle-GMM","[-40,40]",-40,40,TRUE,TRUE,TRUE,TRUE,401,1,-40,40,-6.2,7.46038888894748e-05,401,0,TRUE,TRUE,TRUE,TRUE,2.22866605077876,2.45564430179523,0.636557275626317,0.312018306775557,"tail unresolved within search range","tail unresolved within search range"
8,0.9,"Full-GMM","[-3,5]",-3,5,TRUE,FALSE,TRUE,TRUE,39,3,-3,5,-34.6,0.00476123415891946,401,0,TRUE,TRUE,TRUE,TRUE,0.538052218896279,0.23564578724445,0.974544320455855,3.83252399116501,"tail unresolved within search range","tail unresolved within search range"
8,0.9,"Full-GMM","[-5,5]",-5,5,TRUE,FALSE,TRUE,TRUE,49,3,-5,5,-34.6,0.00476123415891946,401,0,TRUE,TRUE,TRUE,TRUE,0.538052218896279,0.23564578724445,0.974544320455855,3.83252399116501,"tail unresolved within search range","tail unresolved within search range"
8,0.9,"Full-GMM","[-10,10]",-10,10,TRUE,FALSE,TRUE,TRUE,99,3,-10,10,-34.6,0.00476123415891946,401,0,TRUE,TRUE,TRUE,TRUE,0.538052218896279,0.23564578724445,0.974544320455855,3.83252399116501,"tail unresolved within search range","tail unresolved within search range"
8,0.9,"Full-GMM","[-20,20]",-20,20,TRUE,FALSE,TRUE,TRUE,199,3,-20,20,-34.6,0.00476123415891946,401,0,TRUE,TRUE,TRUE,TRUE,0.538052218896279,0.23564578724445,0.974544320455855,3.83252399116501,"tail unresolved within search range","tail unresolved within search range"
8,0.9,"Full-GMM","[-40,40]",-40,40,TRUE,FALSE,TRUE,TRUE,399,3,-40,40,-34.6,0.00476123415891946,401,0,TRUE,TRUE,TRUE,TRUE,0.538052218896279,0.23564578724445,0.974544320455855,3.83252399116501,"tail unresolved within search range","tail unresolved within search range"
8,0.9,"DML-IVQR","[-3,5]",-3,5,TRUE,TRUE,TRUE,TRUE,41,1,-3,5,4.2,0.0571403682350023,401,0,TRUE,TRUE,FALSE,TRUE,4.41664868314931,4.05063312093466,0.981154290273767,1.00654946160522,"tail unresolved within search range","tail unresolved within search range"
8,0.9,"DML-IVQR","[-5,5]",-5,5,TRUE,TRUE,TRUE,TRUE,51,1,-5,5,4.2,0.0571403682350023,401,0,TRUE,TRUE,FALSE,TRUE,4.41664868314931,4.05063312093466,0.981154290273767,1.00654946160522,"tail unresolved within search range","tail unresolved within search range"
8,0.9,"DML-IVQR","[-10,10]",-10,10,TRUE,TRUE,TRUE,TRUE,101,1,-10,10,4.2,0.0571403682350023,401,0,TRUE,TRUE,FALSE,TRUE,4.41664868314931,4.05063312093466,0.981154290273767,1.00654946160522,"tail unresolved within search range","tail unresolved within search range"
8,0.9,"DML-IVQR","[-20,20]",-20,20,TRUE,TRUE,TRUE,TRUE,201,1,-20,20,4.2,0.0571403682350023,401,0,TRUE,TRUE,FALSE,TRUE,4.41664868314931,4.05063312093466,0.981154290273767,1.00654946160522,"tail unresolved within search range","tail unresolved within search range"
8,0.9,"DML-IVQR","[-40,40]",-40,40,TRUE,FALSE,TRUE,TRUE,400,2,-40,40,4.2,0.0571403682350023,401,0,TRUE,TRUE,FALSE,TRUE,4.41664868314931,4.05063312093466,0.981154290273767,1.00654946160522,"tail unresolved within search range","tail unresolved within search range"
9,0.1,"Oracle-GMM","[-3,5]",-3,5,TRUE,FALSE,TRUE,TRUE,37,4,-3,5,35.4,0.00370254308130922,401,0,TRUE,TRUE,FALSE,TRUE,3.05421044239886,5.883952900755,0.937185649610344,0.0134286753919976,"tail unresolved within search range","tail unresolved within search range"
9,0.1,"Oracle-GMM","[-5,5]",-5,5,TRUE,FALSE,TRUE,TRUE,45,6,-5,5,35.4,0.00370254308130922,401,0,TRUE,TRUE,FALSE,TRUE,3.05421044239886,5.883952900755,0.937185649610344,0.0134286753919976,"tail unresolved within search range","tail unresolved within search range"
9,0.1,"Oracle-GMM","[-10,10]",-10,10,TRUE,FALSE,TRUE,TRUE,95,6,-10,10,35.4,0.00370254308130922,401,0,TRUE,TRUE,FALSE,TRUE,3.05421044239886,5.883952900755,0.937185649610344,0.0134286753919976,"tail unresolved within search range","tail unresolved within search range"
9,0.1,"Oracle-GMM","[-20,20]",-20,20,TRUE,FALSE,TRUE,TRUE,193,8,-20,20,35.4,0.00370254308130922,401,0,TRUE,TRUE,FALSE,TRUE,3.05421044239886,5.883952900755,0.937185649610344,0.0134286753919976,"tail unresolved within search range","tail unresolved within search range"
9,0.1,"Oracle-GMM","[-40,40]",-40,40,TRUE,FALSE,TRUE,TRUE,386,14,-40,40,35.4,0.00370254308130922,401,0,TRUE,TRUE,FALSE,TRUE,3.05421044239886,5.883952900755,0.937185649610344,0.0134286753919976,"tail unresolved within search range","tail unresolved within search range"
9,0.1,"Full-GMM","[-3,5]",-3,5,TRUE,TRUE,TRUE,TRUE,41,1,-3,5,9.2,0.000857528698741041,401,0,TRUE,TRUE,TRUE,TRUE,0.57872732734476,2.42544033556759,1.84358226790219,1.63540776971045,"tail unresolved within search range","tail unresolved within search range"
9,0.1,"Full-GMM","[-5,5]",-5,5,TRUE,TRUE,TRUE,TRUE,51,1,-5,5,9.2,0.000857528698741041,401,0,TRUE,TRUE,TRUE,TRUE,0.57872732734476,2.42544033556759,1.84358226790219,1.63540776971045,"tail unresolved within search range","tail unresolved within search range"
9,0.1,"Full-GMM","[-10,10]",-10,10,TRUE,TRUE,TRUE,TRUE,101,1,-10,10,9.2,0.000857528698741041,401,0,TRUE,TRUE,TRUE,TRUE,0.57872732734476,2.42544033556759,1.84358226790219,1.63540776971045,"tail unresolved within search range","tail unresolved within search range"
9,0.1,"Full-GMM","[-20,20]",-20,20,TRUE,FALSE,TRUE,TRUE,200,2,-20,20,9.2,0.000857528698741041,401,0,TRUE,TRUE,TRUE,TRUE,0.57872732734476,2.42544033556759,1.84358226790219,1.63540776971045,"tail unresolved within search range","tail unresolved within search range"
9,0.1,"Full-GMM","[-40,40]",-40,40,TRUE,FALSE,TRUE,TRUE,400,2,-40,40,9.2,0.000857528698741041,401,0,TRUE,TRUE,TRUE,TRUE,0.57872732734476,2.42544033556759,1.84358226790219,1.63540776971045,"tail unresolved within search range","tail unresolved within search range"
9,0.1,"DML-IVQR","[-3,5]",-3,5,TRUE,FALSE,FALSE,TRUE,35,2,-2,5,27.8,0.386694322759909,401,0,FALSE,TRUE,FALSE,TRUE,9.54259564283196,9.44789470308849,1.27883757671467,0.663010935825602,"no acceptance near search boundary","tail unresolved within search range"
9,0.1,"DML-IVQR","[-5,5]",-5,5,TRUE,FALSE,FALSE,TRUE,35,2,-2,5,27.8,0.386694322759909,401,0,FALSE,TRUE,FALSE,TRUE,9.54259564283196,9.44789470308849,1.27883757671467,0.663010935825602,"no acceptance near search boundary","tail unresolved within search range"
9,0.1,"DML-IVQR","[-10,10]",-10,10,TRUE,FALSE,FALSE,FALSE,55,4,-2,9.40000000000001,27.8,0.386694322759909,401,0,FALSE,TRUE,FALSE,TRUE,9.54259564283196,9.44789470308849,1.27883757671467,0.663010935825602,"no acceptance near search boundary","tail unresolved within search range"
9,0.1,"DML-IVQR","[-20,20]",-20,20,TRUE,FALSE,FALSE,TRUE,74,6,-2,20,27.8,0.386694322759909,401,0,FALSE,TRUE,FALSE,TRUE,9.54259564283196,9.44789470308849,1.27883757671467,0.663010935825602,"no acceptance near search boundary","tail unresolved within search range"
9,0.1,"DML-IVQR","[-40,40]",-40,40,TRUE,FALSE,FALSE,TRUE,174,6,-2,40,27.8,0.386694322759909,401,0,FALSE,TRUE,FALSE,TRUE,9.54259564283196,9.44789470308849,1.27883757671467,0.663010935825602,"no acceptance near search boundary","tail unresolved within search range"
9,0.5,"Oracle-GMM","[-3,5]",-3,5,TRUE,TRUE,TRUE,TRUE,41,1,-3,5,24.4,0.000461167114863873,401,0,TRUE,TRUE,TRUE,TRUE,0.0229180111107948,0.017086525894382,0.00111750205468741,0.0187327905125305,"tail unresolved within search range","tail unresolved within search range"
9,0.5,"Oracle-GMM","[-5,5]",-5,5,TRUE,TRUE,TRUE,TRUE,51,1,-5,5,24.4,0.000461167114863873,401,0,TRUE,TRUE,TRUE,TRUE,0.0229180111107948,0.017086525894382,0.00111750205468741,0.0187327905125305,"tail unresolved within search range","tail unresolved within search range"
9,0.5,"Oracle-GMM","[-10,10]",-10,10,TRUE,TRUE,TRUE,TRUE,101,1,-10,10,24.4,0.000461167114863873,401,0,TRUE,TRUE,TRUE,TRUE,0.0229180111107948,0.017086525894382,0.00111750205468741,0.0187327905125305,"tail unresolved within search range","tail unresolved within search range"
9,0.5,"Oracle-GMM","[-20,20]",-20,20,TRUE,TRUE,TRUE,TRUE,201,1,-20,20,24.4,0.000461167114863873,401,0,TRUE,TRUE,TRUE,TRUE,0.0229180111107948,0.017086525894382,0.00111750205468741,0.0187327905125305,"tail unresolved within search range","tail unresolved within search range"
9,0.5,"Oracle-GMM","[-40,40]",-40,40,TRUE,TRUE,TRUE,TRUE,401,1,-40,40,24.4,0.000461167114863873,401,0,TRUE,TRUE,TRUE,TRUE,0.0229180111107948,0.017086525894382,0.00111750205468741,0.0187327905125305,"tail unresolved within search range","tail unresolved within search range"
9,0.5,"Full-GMM","[-3,5]",-3,5,TRUE,TRUE,TRUE,TRUE,41,1,-3,5,-12.2,6.92590184845784e-05,401,0,TRUE,TRUE,TRUE,TRUE,1.6855727354834,0.130322926292413,1.38120027148354,0.608943535214301,"tail unresolved within search range","tail unresolved within search range"
9,0.5,"Full-GMM","[-5,5]",-5,5,TRUE,TRUE,TRUE,TRUE,51,1,-5,5,-12.2,6.92590184845784e-05,401,0,TRUE,TRUE,TRUE,TRUE,1.6855727354834,0.130322926292413,1.38120027148354,0.608943535214301,"tail unresolved within search range","tail unresolved within search range"
9,0.5,"Full-GMM","[-10,10]",-10,10,TRUE,TRUE,TRUE,TRUE,101,1,-10,10,-12.2,6.92590184845784e-05,401,0,TRUE,TRUE,TRUE,TRUE,1.6855727354834,0.130322926292413,1.38120027148354,0.608943535214301,"tail unresolved within search range","tail unresolved within search range"
9,0.5,"Full-GMM","[-20,20]",-20,20,TRUE,TRUE,TRUE,TRUE,201,1,-20,20,-12.2,6.92590184845784e-05,401,0,TRUE,TRUE,TRUE,TRUE,1.6855727354834,0.130322926292413,1.38120027148354,0.608943535214301,"tail unresolved within search range","tail unresolved within search range"
9,0.5,"Full-GMM","[-40,40]",-40,40,TRUE,TRUE,TRUE,TRUE,401,1,-40,40,-12.2,6.92590184845784e-05,401,0,TRUE,TRUE,TRUE,TRUE,1.6855727354834,0.130322926292413,1.38120027148354,0.608943535214301,"tail unresolved within search range","tail unresolved within search range"
9,0.5,"DML-IVQR","[-3,5]",-3,5,TRUE,TRUE,TRUE,TRUE,41,1,-3,5,-2.4,0.00829792077497946,401,0,TRUE,TRUE,TRUE,TRUE,1.99639922660448,0.991058965749296,0.739617214384273,0.274452931715319,"tail unresolved within search range","tail unresolved within search range"
9,0.5,"DML-IVQR","[-5,5]",-5,5,TRUE,TRUE,TRUE,TRUE,51,1,-5,5,-2.4,0.00829792077497946,401,0,TRUE,TRUE,TRUE,TRUE,1.99639922660448,0.991058965749296,0.739617214384273,0.274452931715319,"tail unresolved within search range","tail unresolved within search range"
9,0.5,"DML-IVQR","[-10,10]",-10,10,TRUE,TRUE,TRUE,TRUE,101,1,-10,10,-2.4,0.00829792077497946,401,0,TRUE,TRUE,TRUE,TRUE,1.99639922660448,0.991058965749296,0.739617214384273,0.274452931715319,"tail unresolved within search range","tail unresolved within search range"
9,0.5,"DML-IVQR","[-20,20]",-20,20,TRUE,TRUE,TRUE,TRUE,201,1,-20,20,-2.4,0.00829792077497946,401,0,TRUE,TRUE,TRUE,TRUE,1.99639922660448,0.991058965749296,0.739617214384273,0.274452931715319,"tail unresolved within search range","tail unresolved within search range"
9,0.5,"DML-IVQR","[-40,40]",-40,40,TRUE,TRUE,TRUE,TRUE,401,1,-40,40,-2.4,0.00829792077497946,401,0,TRUE,TRUE,TRUE,TRUE,1.99639922660448,0.991058965749296,0.739617214384273,0.274452931715319,"tail unresolved within search range","tail unresolved within search range"
9,0.9,"Oracle-GMM","[-3,5]",-3,5,TRUE,FALSE,TRUE,TRUE,40,2,-3,5,-10.2,0.00248878033072793,401,0,TRUE,TRUE,TRUE,FALSE,0.668383626488816,1.37701764361832,2.73656868542768,5.28732114056891,"tail unresolved within search range","tail unresolved within search range"
9,0.9,"Oracle-GMM","[-5,5]",-5,5,TRUE,FALSE,TRUE,TRUE,50,2,-5,5,-10.2,0.00248878033072793,401,0,TRUE,TRUE,TRUE,FALSE,0.668383626488816,1.37701764361832,2.73656868542768,5.28732114056891,"tail unresolved within search range","tail unresolved within search range"
9,0.9,"Oracle-GMM","[-10,10]",-10,10,TRUE,FALSE,TRUE,TRUE,98,4,-10,10,-10.2,0.00248878033072793,401,0,TRUE,TRUE,TRUE,FALSE,0.668383626488816,1.37701764361832,2.73656868542768,5.28732114056891,"tail unresolved within search range","tail unresolved within search range"
9,0.9,"Oracle-GMM","[-20,20]",-20,20,TRUE,FALSE,TRUE,TRUE,196,6,-20,20,-10.2,0.00248878033072793,401,0,TRUE,TRUE,TRUE,FALSE,0.668383626488816,1.37701764361832,2.73656868542768,5.28732114056891,"tail unresolved within search range","tail unresolved within search range"
9,0.9,"Oracle-GMM","[-40,40]",-40,40,TRUE,FALSE,TRUE,TRUE,387,15,-40,40,-10.2,0.00248878033072793,401,0,TRUE,TRUE,TRUE,FALSE,0.668383626488816,1.37701764361832,2.73656868542768,5.28732114056891,"tail unresolved within search range","tail unresolved within search range"
9,0.9,"Full-GMM","[-3,5]",-3,5,TRUE,FALSE,TRUE,TRUE,39,3,-3,5,8.8,0.00232031410149825,401,0,TRUE,TRUE,FALSE,FALSE,1.26375866850212,2.25246390460089,1.01566328314666,1.15621698486126,"tail unresolved within search range","tail unresolved within search range"
9,0.9,"Full-GMM","[-5,5]",-5,5,TRUE,FALSE,TRUE,TRUE,49,3,-5,5,8.8,0.00232031410149825,401,0,TRUE,TRUE,FALSE,FALSE,1.26375866850212,2.25246390460089,1.01566328314666,1.15621698486126,"tail unresolved within search range","tail unresolved within search range"
9,0.9,"Full-GMM","[-10,10]",-10,10,TRUE,FALSE,TRUE,TRUE,99,3,-10,10,8.8,0.00232031410149825,401,0,TRUE,TRUE,FALSE,FALSE,1.26375866850212,2.25246390460089,1.01566328314666,1.15621698486126,"tail unresolved within search range","tail unresolved within search range"
9,0.9,"Full-GMM","[-20,20]",-20,20,TRUE,FALSE,TRUE,TRUE,199,3,-20,20,8.8,0.00232031410149825,401,0,TRUE,TRUE,FALSE,FALSE,1.26375866850212,2.25246390460089,1.01566328314666,1.15621698486126,"tail unresolved within search range","tail unresolved within search range"
9,0.9,"Full-GMM","[-40,40]",-40,40,TRUE,FALSE,TRUE,TRUE,393,9,-40,40,8.8,0.00232031410149825,401,0,TRUE,TRUE,FALSE,FALSE,1.26375866850212,2.25246390460089,1.01566328314666,1.15621698486126,"tail unresolved within search range","tail unresolved within search range"
9,0.9,"DML-IVQR","[-3,5]",-3,5,TRUE,TRUE,TRUE,TRUE,41,1,-3,5,2.2,0.187162850324033,401,0,TRUE,TRUE,FALSE,TRUE,5.14605400970925,4.74155959839174,1.08274380864869,1.09664628205226,"tail unresolved within search range","tail unresolved within search range"
9,0.9,"DML-IVQR","[-5,5]",-5,5,TRUE,TRUE,TRUE,TRUE,51,1,-5,5,2.2,0.187162850324033,401,0,TRUE,TRUE,FALSE,TRUE,5.14605400970925,4.74155959839174,1.08274380864869,1.09664628205226,"tail unresolved within search range","tail unresolved within search range"
9,0.9,"DML-IVQR","[-10,10]",-10,10,TRUE,TRUE,TRUE,TRUE,101,1,-10,10,2.2,0.187162850324033,401,0,TRUE,TRUE,FALSE,TRUE,5.14605400970925,4.74155959839174,1.08274380864869,1.09664628205226,"tail unresolved within search range","tail unresolved within search range"
9,0.9,"DML-IVQR","[-20,20]",-20,20,TRUE,TRUE,TRUE,TRUE,201,1,-20,20,2.2,0.187162850324033,401,0,TRUE,TRUE,FALSE,TRUE,5.14605400970925,4.74155959839174,1.08274380864869,1.09664628205226,"tail unresolved within search range","tail unresolved within search range"
9,0.9,"DML-IVQR","[-40,40]",-40,40,TRUE,FALSE,TRUE,TRUE,399,3,-40,40,2.2,0.187162850324033,401,0,TRUE,TRUE,FALSE,TRUE,5.14605400970925,4.74155959839174,1.08274380864869,1.09664628205226,"tail unresolved within search range","tail unresolved within search range"
10,0.1,"Oracle-GMM","[-3,5]",-3,5,TRUE,TRUE,TRUE,TRUE,41,1,-3,5,-2,0.0130555892148535,401,0,TRUE,TRUE,TRUE,TRUE,0.809039553806029,0.828047190462402,1.34244936720532,0.69339023090902,"tail unresolved within search range","tail unresolved within search range"
10,0.1,"Oracle-GMM","[-5,5]",-5,5,TRUE,TRUE,TRUE,TRUE,51,1,-5,5,-2,0.0130555892148535,401,0,TRUE,TRUE,TRUE,TRUE,0.809039553806029,0.828047190462402,1.34244936720532,0.69339023090902,"tail unresolved within search range","tail unresolved within search range"
10,0.1,"Oracle-GMM","[-10,10]",-10,10,TRUE,TRUE,TRUE,TRUE,101,1,-10,10,-2,0.0130555892148535,401,0,TRUE,TRUE,TRUE,TRUE,0.809039553806029,0.828047190462402,1.34244936720532,0.69339023090902,"tail unresolved within search range","tail unresolved within search range"
10,0.1,"Oracle-GMM","[-20,20]",-20,20,TRUE,TRUE,TRUE,TRUE,201,1,-20,20,-2,0.0130555892148535,401,0,TRUE,TRUE,TRUE,TRUE,0.809039553806029,0.828047190462402,1.34244936720532,0.69339023090902,"tail unresolved within search range","tail unresolved within search range"
10,0.1,"Oracle-GMM","[-40,40]",-40,40,TRUE,TRUE,TRUE,TRUE,401,1,-40,40,-2,0.0130555892148535,401,0,TRUE,TRUE,TRUE,TRUE,0.809039553806029,0.828047190462402,1.34244936720532,0.69339023090902,"tail unresolved within search range","tail unresolved within search range"
10,0.1,"Full-GMM","[-3,5]",-3,5,TRUE,TRUE,TRUE,TRUE,41,1,-3,5,-14,0.00322451629722795,401,0,TRUE,TRUE,FALSE,TRUE,0.355596826893147,0.469428004347125,1.71780426905242,2.24702250263072,"tail unresolved within search range","tail unresolved within search range"
10,0.1,"Full-GMM","[-5,5]",-5,5,TRUE,TRUE,TRUE,TRUE,51,1,-5,5,-14,0.00322451629722795,401,0,TRUE,TRUE,FALSE,TRUE,0.355596826893147,0.469428004347125,1.71780426905242,2.24702250263072,"tail unresolved within search range","tail unresolved within search range"
10,0.1,"Full-GMM","[-10,10]",-10,10,TRUE,TRUE,TRUE,TRUE,101,1,-10,10,-14,0.00322451629722795,401,0,TRUE,TRUE,FALSE,TRUE,0.355596826893147,0.469428004347125,1.71780426905242,2.24702250263072,"tail unresolved within search range","tail unresolved within search range"
10,0.1,"Full-GMM","[-20,20]",-20,20,TRUE,FALSE,TRUE,TRUE,200,2,-20,20,-14,0.00322451629722795,401,0,TRUE,TRUE,FALSE,TRUE,0.355596826893147,0.469428004347125,1.71780426905242,2.24702250263072,"tail unresolved within search range","tail unresolved within search range"
10,0.1,"Full-GMM","[-40,40]",-40,40,TRUE,FALSE,TRUE,TRUE,398,4,-40,40,-14,0.00322451629722795,401,0,TRUE,TRUE,FALSE,TRUE,0.355596826893147,0.469428004347125,1.71780426905242,2.24702250263072,"tail unresolved within search range","tail unresolved within search range"
10,0.1,"DML-IVQR","[-3,5]",-3,5,TRUE,FALSE,TRUE,TRUE,38,2,-3,5,0.600000000000001,0.326092015897635,401,0,FALSE,TRUE,FALSE,FALSE,10.4216913725652,9.52359174950565,2.52162881991819,3.59584782436704,"no acceptance near search boundary","tail unresolved within search range"
10,0.1,"DML-IVQR","[-5,5]",-5,5,TRUE,FALSE,FALSE,TRUE,44,3,-4.4,5,0.600000000000001,0.326092015897635,401,0,FALSE,TRUE,FALSE,FALSE,10.4216913725652,9.52359174950565,2.52162881991819,3.59584782436704,"no acceptance near search boundary","tail unresolved within search range"
10,0.1,"DML-IVQR","[-10,10]",-10,10,TRUE,FALSE,FALSE,TRUE,70,4,-6,10,0.600000000000001,0.326092015897635,401,0,FALSE,TRUE,FALSE,FALSE,10.4216913725652,9.52359174950565,2.52162881991819,3.59584782436704,"no acceptance near search boundary","tail unresolved within search range"
10,0.1,"DML-IVQR","[-20,20]",-20,20,TRUE,FALSE,FALSE,TRUE,120,4,-6,20,0.600000000000001,0.326092015897635,401,0,FALSE,TRUE,FALSE,FALSE,10.4216913725652,9.52359174950565,2.52162881991819,3.59584782436704,"no acceptance near search boundary","tail unresolved within search range"
10,0.1,"DML-IVQR","[-40,40]",-40,40,TRUE,FALSE,FALSE,TRUE,221,6,-26.4,40,0.600000000000001,0.326092015897635,401,0,FALSE,TRUE,FALSE,FALSE,10.4216913725652,9.52359174950565,2.52162881991819,3.59584782436704,"no acceptance near search boundary","tail unresolved within search range"
10,0.5,"Oracle-GMM","[-3,5]",-3,5,TRUE,TRUE,TRUE,TRUE,41,1,-3,5,1.2,0.0991840092947932,401,0,TRUE,TRUE,TRUE,TRUE,2.35360946100294,1.40764699291831,1.66693928648138,1.32618846155183,"tail unresolved within search range","tail unresolved within search range"
10,0.5,"Oracle-GMM","[-5,5]",-5,5,TRUE,TRUE,TRUE,TRUE,51,1,-5,5,1.2,0.0991840092947932,401,0,TRUE,TRUE,TRUE,TRUE,2.35360946100294,1.40764699291831,1.66693928648138,1.32618846155183,"tail unresolved within search range","tail unresolved within search range"
10,0.5,"Oracle-GMM","[-10,10]",-10,10,TRUE,TRUE,TRUE,TRUE,101,1,-10,10,1.2,0.0991840092947932,401,0,TRUE,TRUE,TRUE,TRUE,2.35360946100294,1.40764699291831,1.66693928648138,1.32618846155183,"tail unresolved within search range","tail unresolved within search range"
10,0.5,"Oracle-GMM","[-20,20]",-20,20,TRUE,TRUE,TRUE,TRUE,201,1,-20,20,1.2,0.0991840092947932,401,0,TRUE,TRUE,TRUE,TRUE,2.35360946100294,1.40764699291831,1.66693928648138,1.32618846155183,"tail unresolved within search range","tail unresolved within search range"
10,0.5,"Oracle-GMM","[-40,40]",-40,40,TRUE,TRUE,TRUE,TRUE,401,1,-40,40,1.2,0.0991840092947932,401,0,TRUE,TRUE,TRUE,TRUE,2.35360946100294,1.40764699291831,1.66693928648138,1.32618846155183,"tail unresolved within search range","tail unresolved within search range"
10,0.5,"Full-GMM","[-3,5]",-3,5,TRUE,FALSE,TRUE,TRUE,39,3,-3,5,-8.8,0.00725857271438605,401,0,TRUE,TRUE,FALSE,FALSE,1.02087301882283,6.62690359490507,2.78414504050466,3.65372801830862,"tail unresolved within search range","tail unresolved within search range"
10,0.5,"Full-GMM","[-5,5]",-5,5,TRUE,FALSE,TRUE,TRUE,49,3,-5,5,-8.8,0.00725857271438605,401,0,TRUE,TRUE,FALSE,FALSE,1.02087301882283,6.62690359490507,2.78414504050466,3.65372801830862,"tail unresolved within search range","tail unresolved within search range"
10,0.5,"Full-GMM","[-10,10]",-10,10,TRUE,FALSE,TRUE,TRUE,97,5,-10,10,-8.8,0.00725857271438605,401,0,TRUE,TRUE,FALSE,FALSE,1.02087301882283,6.62690359490507,2.78414504050466,3.65372801830862,"tail unresolved within search range","tail unresolved within search range"
10,0.5,"Full-GMM","[-20,20]",-20,20,TRUE,FALSE,TRUE,TRUE,178,18,-20,20,-8.8,0.00725857271438605,401,0,TRUE,TRUE,FALSE,FALSE,1.02087301882283,6.62690359490507,2.78414504050466,3.65372801830862,"tail unresolved within search range","tail unresolved within search range"
10,0.5,"Full-GMM","[-40,40]",-40,40,TRUE,FALSE,TRUE,TRUE,336,51,-40,40,-8.8,0.00725857271438605,401,0,TRUE,TRUE,FALSE,FALSE,1.02087301882283,6.62690359490507,2.78414504050466,3.65372801830862,"tail unresolved within search range","tail unresolved within search range"
10,0.5,"DML-IVQR","[-3,5]",-3,5,TRUE,FALSE,FALSE,TRUE,39,2,-2.8,5,1.6,0.125185234623069,401,0,TRUE,TRUE,FALSE,TRUE,8.22392012710239,6.12730660084513,2.29924808567759,2.24873404402166,"tail unresolved within search range","tail unresolved within search range"
10,0.5,"DML-IVQR","[-5,5]",-5,5,TRUE,FALSE,FALSE,TRUE,46,3,-4.8,5,1.6,0.125185234623069,401,0,TRUE,TRUE,FALSE,TRUE,8.22392012710239,6.12730660084513,2.29924808567759,2.24873404402166,"tail unresolved within search range","tail unresolved within search range"
10,0.5,"DML-IVQR","[-10,10]",-10,10,TRUE,FALSE,FALSE,TRUE,76,4,-6.2,10,1.6,0.125185234623069,401,0,TRUE,TRUE,FALSE,TRUE,8.22392012710239,6.12730660084513,2.29924808567759,2.24873404402166,"tail unresolved within search range","tail unresolved within search range"
10,0.5,"DML-IVQR","[-20,20]",-20,20,TRUE,FALSE,FALSE,TRUE,126,4,-6.2,20,1.6,0.125185234623069,401,0,TRUE,TRUE,FALSE,TRUE,8.22392012710239,6.12730660084513,2.29924808567759,2.24873404402166,"tail unresolved within search range","tail unresolved within search range"
10,0.5,"DML-IVQR","[-40,40]",-40,40,TRUE,FALSE,FALSE,TRUE,230,8,-38,40,1.6,0.125185234623069,401,0,TRUE,TRUE,FALSE,TRUE,8.22392012710239,6.12730660084513,2.29924808567759,2.24873404402166,"tail unresolved within search range","tail unresolved within search range"
10,0.9,"Oracle-GMM","[-3,5]",-3,5,TRUE,TRUE,TRUE,TRUE,41,1,-3,5,-7.2,0.127770054450397,401,0,TRUE,TRUE,TRUE,TRUE,3.53125686711962,4.35610164547361,0.541672327778089,0.962221289397628,"tail unresolved within search range","tail unresolved within search range"
10,0.9,"Oracle-GMM","[-5,5]",-5,5,TRUE,TRUE,TRUE,TRUE,51,1,-5,5,-7.2,0.127770054450397,401,0,TRUE,TRUE,TRUE,TRUE,3.53125686711962,4.35610164547361,0.541672327778089,0.962221289397628,"tail unresolved within search range","tail unresolved within search range"
10,0.9,"Oracle-GMM","[-10,10]",-10,10,TRUE,TRUE,TRUE,TRUE,101,1,-10,10,-7.2,0.127770054450397,401,0,TRUE,TRUE,TRUE,TRUE,3.53125686711962,4.35610164547361,0.541672327778089,0.962221289397628,"tail unresolved within search range","tail unresolved within search range"
10,0.9,"Oracle-GMM","[-20,20]",-20,20,TRUE,TRUE,TRUE,TRUE,201,1,-20,20,-7.2,0.127770054450397,401,0,TRUE,TRUE,TRUE,TRUE,3.53125686711962,4.35610164547361,0.541672327778089,0.962221289397628,"tail unresolved within search range","tail unresolved within search range"
10,0.9,"Oracle-GMM","[-40,40]",-40,40,TRUE,TRUE,TRUE,TRUE,401,1,-40,40,-7.2,0.127770054450397,401,0,TRUE,TRUE,TRUE,TRUE,3.53125686711962,4.35610164547361,0.541672327778089,0.962221289397628,"tail unresolved within search range","tail unresolved within search range"
10,0.9,"Full-GMM","[-3,5]",-3,5,TRUE,TRUE,TRUE,TRUE,41,1,-3,5,36,0.0062494820405138,401,0,TRUE,TRUE,FALSE,TRUE,0.860246349295085,1.89938035049315,1.12644000993195,0.0229199255601845,"tail unresolved within search range","tail unresolved within search range"
10,0.9,"Full-GMM","[-5,5]",-5,5,TRUE,TRUE,TRUE,TRUE,51,1,-5,5,36,0.0062494820405138,401,0,TRUE,TRUE,FALSE,TRUE,0.860246349295085,1.89938035049315,1.12644000993195,0.0229199255601845,"tail unresolved within search range","tail unresolved within search range"
10,0.9,"Full-GMM","[-10,10]",-10,10,TRUE,FALSE,TRUE,TRUE,100,2,-10,10,36,0.0062494820405138,401,0,TRUE,TRUE,FALSE,TRUE,0.860246349295085,1.89938035049315,1.12644000993195,0.0229199255601845,"tail unresolved within search range","tail unresolved within search range"
10,0.9,"Full-GMM","[-20,20]",-20,20,TRUE,FALSE,TRUE,TRUE,200,2,-20,20,36,0.0062494820405138,401,0,TRUE,TRUE,FALSE,TRUE,0.860246349295085,1.89938035049315,1.12644000993195,0.0229199255601845,"tail unresolved within search range","tail unresolved within search range"
10,0.9,"Full-GMM","[-40,40]",-40,40,TRUE,FALSE,TRUE,TRUE,397,4,-40,40,36,0.0062494820405138,401,0,TRUE,TRUE,FALSE,TRUE,0.860246349295085,1.89938035049315,1.12644000993195,0.0229199255601845,"tail unresolved within search range","tail unresolved within search range"
10,0.9,"DML-IVQR","[-3,5]",-3,5,TRUE,TRUE,TRUE,TRUE,41,1,-3,5,-0.199999999999996,0.153881734223003,401,0,TRUE,TRUE,FALSE,TRUE,3.74249935780435,6.4144863359287,4.42373452168113,5.30529539306628,"tail unresolved within search range","tail unresolved within search range"
10,0.9,"DML-IVQR","[-5,5]",-5,5,TRUE,TRUE,TRUE,TRUE,51,1,-5,5,-0.199999999999996,0.153881734223003,401,0,TRUE,TRUE,FALSE,TRUE,3.74249935780435,6.4144863359287,4.42373452168113,5.30529539306628,"tail unresolved within search range","tail unresolved within search range"
10,0.9,"DML-IVQR","[-10,10]",-10,10,TRUE,FALSE,FALSE,TRUE,92,4,-9.6,10,-0.199999999999996,0.153881734223003,401,0,TRUE,TRUE,FALSE,TRUE,3.74249935780435,6.4144863359287,4.42373452168113,5.30529539306628,"tail unresolved within search range","tail unresolved within search range"
10,0.9,"DML-IVQR","[-20,20]",-20,20,TRUE,FALSE,FALSE,TRUE,131,11,-13.4,20,-0.199999999999996,0.153881734223003,401,0,TRUE,TRUE,FALSE,TRUE,3.74249935780435,6.4144863359287,4.42373452168113,5.30529539306628,"tail unresolved within search range","tail unresolved within search range"
10,0.9,"DML-IVQR","[-40,40]",-40,40,TRUE,FALSE,TRUE,TRUE,230,21,-40,40,-0.199999999999996,0.153881734223003,401,0,TRUE,TRUE,FALSE,TRUE,3.74249935780435,6.4144863359287,4.42373452168113,5.30529539306628,"tail unresolved within search range","tail unresolved within search range"
